METER_DATE,actual,prediction,residual
2023-11-12 22:00:00,85.1073927492482,82.76179765886273,2.3455950903854728
2023-11-12 23:00:00,76.81597885196454,78.07458167330687,-1.258602821342322
2023-11-13 00:00:00,63.62456495467579,74.42625000000005,-10.801685045324263
2023-11-13 01:00:00,59.50315105739857,56.34009259259252,3.163058464806049
2023-11-13 02:00:00,49.2017371601247,46.236501501501465,2.965235658623236
2023-11-13 03:00:00,41.08032326284202,38.80761762189895,2.272705640943073
2023-11-13 04:00:00,38.55890936555789,38.80761762189895,-0.24870825634106097
2023-11-13 05:00:00,37.20749546827929,38.80761762189895,-1.6001221536196581
2023-11-13 06:00:00,38.23608157099534,38.80761762189895,-0.5715360509036103
2023-11-13 07:00:00,50.424667673722155,63.28547901821038,-12.860811344488226
2023-11-13 08:00:00,58.383253776434856,60.15088501291983,-1.7676312364849736
2023-11-13 09:00:00,62.43183987915316,55.27402735562298,7.157812523530183
2023-11-13 10:00:00,55.650425981874264,50.16126096491208,5.489165016962183
2023-11-13 11:00:00,49.29901208459293,50.16126096491208,-0.8622488803191501
2023-11-13 12:00:00,48.40759818731164,60.15088501291983,-11.743286825608187
2023-11-13 13:00:00,53.226184290022196,50.16126096491208,3.064923325110115
2023-11-13 14:00:00,47.72477039275214,50.16126096491208,-2.43649057215994
2023-11-13 15:00:00,45.35335649547129,45.929207650273156,-0.5758511548018674
2023-11-13 16:00:00,56.8319425981817,45.929207650273156,10.902734947908542
2023-11-13 17:00:00,57.71052870091539,67.02585714285696,-9.315328441941574
2023-11-13 18:00:00,79.75911480362005,86.14636363636444,-6.38724883274439
2023-11-13 19:00:00,88.05770090635382,82.50281786941558,5.554883036938236
2023-11-13 20:00:00,89.56628700905942,87.95446451096825,1.611822498091172
2023-11-13 21:00:00,91.93487311177563,87.95446451096825,3.9804086008073796
2023-11-13 22:00:00,94.81345921450387,82.76179765886273,12.051661555641132
2023-11-13 23:00:00,79.81204531722108,82.76179765886273,-2.9497523416416556
2023-11-14 00:00:00,62.480631419938355,65.576530612245,-3.0958991923066392
2023-11-14 01:00:00,54.92921752265812,55.62387605850626,-0.6946585358481414
2023-11-14 02:00:00,49.897803625381044,38.80761762189895,11.090186003482096
2023-11-14 03:00:00,40.606389728095564,38.80761762189895,1.7987721061966155
2023-11-14 04:00:00,42.88497583081161,38.80761762189895,4.077358208912663
2023-11-14 05:00:00,36.46356193352966,38.80761762189895,-2.344055688369288
2023-11-14 06:00:00,37.57214803625837,38.80761762189895,-1.2354695856405797
2023-11-14 07:00:00,48.32073413897376,49.156562499999964,-0.8358283610262021
2023-11-14 08:00:00,58.14932024169364,60.15088501291983,-2.0015647712261924
2023-11-14 09:00:00,57.297906344409576,55.62387605850626,1.6740302859033136
2023-11-14 10:00:00,51.35649244712719,55.62387605850626,-4.267383611379074
2023-11-14 11:00:00,54.24507854985747,50.272458143074495,3.9726204067829727
2023-11-14 12:00:00,50.27366465257806,50.22175824175773,0.05190641082032954
2023-11-14 13:00:00,45.30225075529047,50.16126096491208,-4.859010209621609
2023-11-14 14:00:00,43.28083685800088,55.27402735562298,-11.993190497622095
2023-11-14 15:00:00,46.88942296072777,50.16126096491208,-3.2718380041843105
2023-11-14 16:00:00,45.46800906344582,52.69040706605195,-7.222398002606127
2023-11-14 17:00:00,63.20659516616464,52.69040706605195,10.516188100112693
2023-11-14 18:00:00,70.9251812688803,66.22589108910881,4.699290179771481
2023-11-14 19:00:00,84.79376737159922,82.50281786941558,2.2909495021836364
2023-11-14 20:00:00,87.4223534743229,87.95446451096825,-0.5321110366453468
2023-11-14 21:00:00,90.89093957703855,82.50281786941558,8.388121707622972
2023-11-14 22:00:00,84.95952567975638,78.07458167330687,6.8849440064495155
2023-11-14 23:00:00,79.06811178248054,78.07458167330687,0.9935301091736761
2023-11-15 00:00:00,66.15669788519699,61.313378378378005,4.843319506818986
2023-11-15 01:00:00,56.75528398791366,61.313378378378005,-4.558094390464348
2023-11-15 02:00:00,46.188870090629905,38.80761762189895,7.381252468730956
2023-11-15 03:00:00,43.94245619335132,38.80761762189895,5.13483857145237
2023-11-15 04:00:00,42.691042296073995,38.80761762189895,3.883424674175046
2023-11-15 05:00:00,37.07962839879335,38.80761762189895,-1.7279892231055953
2023-11-15 06:00:00,38.7182145015118,38.80761762189895,-0.08940312038714637
2023-11-15 07:00:00,47.666800604223376,63.28547901821038,-15.618678413987006
2023-11-15 08:00:00,67.85538670695657,67.02585714285696,0.8295295640996017
2023-11-15 09:00:00,63.49397280966501,55.62387605850626,7.870096751158748
2023-11-15 10:00:00,57.01255891238448,55.62387605850626,1.3886828538782154
2023-11-15 11:00:00,52.85114501510729,64.12281250000024,-11.271667484892944
2023-11-15 12:00:00,52.379731117830616,50.22175824175773,2.1579728760728827
2023-11-15 13:00:00,52.46831722053524,50.22175824175773,2.2465589787775073
2023-11-15 14:00:00,52.78690332326217,50.22175824175773,2.56514508150444
2023-11-15 15:00:00,57.98548942598194,52.69040706605195,5.295082359929992
2023-11-15 16:00:00,59.4840755287046,52.69040706605195,6.793668462652654
2023-11-15 17:00:00,59.7226616314125,60.58367713004438,-0.861015498631879
2023-11-15 18:00:00,77.01124773414787,68.28390243902432,8.727345295123556
2023-11-15 19:00:00,82.88983383685701,82.76179765886273,0.12803617799427514
2023-11-15 20:00:00,90.14841993957808,87.95446451096825,2.1939554286098257
2023-11-15 21:00:00,85.65700604228459,87.95446451096825,-2.297458468683658
2023-11-15 22:00:00,84.84559214501414,87.95446451096825,-3.108872365954113
2023-11-15 23:00:00,80.4041782477363,82.76179765886273,-2.3576194111264357
2023-11-16 00:00:00,67.05276435045587,67.41005477988763,-0.3572904294317567
2023-11-16 01:00:00,57.73135045317429,63.28547901821038,-5.554128565036095
2023-11-16 02:00:00,45.0099365558767,37.78384615384651,7.226090402030188
2023-11-16 03:00:00,43.158522658618104,62.49401515151501,-19.335492492896904
2023-11-16 04:00:00,42.20710876133368,38.80761762189895,3.39949113943473
2023-11-16 05:00:00,38.54569486404286,44.97774671052643,-6.432051846483574
2023-11-16 06:00:00,42.654280966773385,53.59877358490583,-10.944492618132443
2023-11-16 07:00:00,56.33286706948452,53.59877358490583,2.7340934845786933
2023-11-16 08:00:00,60.291453172208136,64.87049079754566,-4.57903762533752
2023-11-16 09:00:00,58.21003927492269,60.58367713004438,-2.373637855121686
2023-11-16 10:00:00,57.508625377639184,55.27402735562298,2.2345980220162076
2023-11-16 11:00:00,56.467211480369166,50.22175824175773,6.245453238611432
2023-11-16 12:00:00,53.305797583083795,55.27402735562298,-1.968229772539182
2023-11-16 13:00:00,59.21438368580268,50.22175824175773,8.992625444044947
2023-11-16 14:00:00,54.832969788515236,52.69040706605195,2.142562722463289
2023-11-16 15:00:00,54.83155589124246,52.69040706605195,2.1411488251905126
2023-11-16 16:00:00,60.52014199396109,52.69040706605195,7.8297349279091435
2023-11-16 17:00:00,63.82872809666961,63.28547901821038,0.5432490784592261
2023-11-16 18:00:00,75.57731419939864,66.22589108910881,9.35142311028983
2023-11-16 19:00:00,81.59590030212175,82.50281786941558,-0.9069175672938314
2023-11-16 20:00:00,89.44448640483296,82.76179765886273,6.682688745970225
2023-11-16 21:00:00,94.75307250755239,87.95446451096825,6.798607996584138
2023-11-16 22:00:00,91.08165861027771,82.76179765886273,8.31986095141498
2023-11-16 23:00:00,81.49024471299023,78.07458167330687,3.4156630396833663
2023-11-17 00:00:00,72.95883081571226,63.28547901821038,9.67335179750188
2023-11-17 01:00:00,57.84741691843526,61.313378378378005,-3.465961459942747
2023-11-17 02:00:00,48.206003021146685,44.97774671052643,3.228256310620253
2023-11-17 03:00:00,44.73458912387183,63.28547901821038,-18.550889894338553
2023-11-17 04:00:00,44.34317522657962,44.97774671052643,-0.6345714839468144
2023-11-17 05:00:00,39.78176132931098,38.80761762189895,0.9741437074120327
2023-11-17 06:00:00,41.35034743202972,38.80761762189895,2.5427298101307727
2023-11-17 07:00:00,49.12893353474578,62.49401515151501,-13.365081616769231
2023-11-17 08:00:00,64.72751963746154,79.24227272727342,-14.514753089811876
2023-11-17 09:00:00,64.12610574018112,65.576530612245,-1.450424872063877
2023-11-17 10:00:00,57.23469184290255,60.15088501291983,-2.91619317001728
2023-11-17 11:00:00,52.74327794561907,50.22175824175773,2.521519703861337
2023-11-17 12:00:00,48.686864048340084,50.80142011834344,-2.1145560700033528
2023-11-17 13:00:00,55.160450151058114,63.28547901821038,-8.125028867152267
2023-11-17 14:00:00,52.1590362537726,50.16126096491208,1.9977752888605167
2023-11-17 15:00:00,50.077622356501706,65.576530612245,-15.498908255743288
2023-11-17 16:00:00,58.176208459204275,65.576530612245,-7.400322153040719
2023-11-17 17:00:00,55.274794561941405,67.41005477988763,-12.135260217946225
2023-11-17 18:00:00,75.94338066464596,66.22589108910881,9.717489575537144
2023-11-17 19:00:00,79.63196676737277,82.76179765886273,-3.1298308914899593
2023-11-17 20:00:00,88.0405528700944,82.76179765886273,5.278755211231669
2023-11-17 21:00:00,82.16913897281172,82.76179765886273,-0.5926586860510099
2023-11-17 22:00:00,78.81272507552028,82.76179765886273,-3.9490725833424563
2023-11-17 23:00:00,86.34631117825644,82.76179765886273,3.5845135193937097
2023-11-18 00:00:00,68.95489728096332,63.28547901821038,5.6694182627529415
2023-11-18 01:00:00,69.16348338368694,63.28547901821038,5.878004365476556
2023-11-18 02:00:00,49.11206948640397,63.28547901821038,-14.173409531806413
2023-11-18 03:00:00,43.47065558911903,63.28547901821038,-19.814823429091348
2023-11-18 04:00:00,39.799241691843456,38.80761762189895,0.9916240699445069
2023-11-18 05:00:00,38.47782779456278,38.80761762189895,-0.329789827336171
2023-11-18 06:00:00,38.39141389727905,38.80761762189895,-0.41620372461989774
2023-11-18 07:00:00,42.675000000000665,44.97774671052643,-2.302746710525767
2023-11-18 08:00:00,48.79358610272777,63.28547901821038,-14.491892915482609
2023-11-18 09:00:00,56.902172205432834,60.58367713004438,-3.681504924611545
2023-11-18 10:00:00,71.41075830815572,66.61909591194944,4.791662396206277
2023-11-18 11:00:00,72.40934441087748,64.87049079754566,7.538853613331824
2023-11-18 12:00:00,62.35793051359269,64.87049079754566,-2.512560283952965
2023-11-18 13:00:00,68.86651661631649,64.87049079754566,3.996025818770832
2023-11-18 14:00:00,68.75510271903585,60.15088501291983,8.604217706116017
2023-11-18 15:00:00,63.863688821753655,67.41005477988763,-3.5463659581339755
2023-11-18 16:00:00,59.75227492447028,64.87049079754566,-5.118215873075378
2023-11-18 17:00:00,67.03086102719088,67.02585714285696,0.005003884333916631
2023-11-18 18:00:00,80.0594471299133,68.28390243902432,11.775544690888978
2023-11-18 19:00:00,88.02803323262712,78.07458167330687,9.953451559320257
2023-11-18 20:00:00,91.41661933535194,78.07458167330687,13.342037662045072
2023-11-18 21:00:00,89.6052054380633,78.07458167330687,11.530623764756427
2023-11-18 22:00:00,79.35379154078505,78.07458167330687,1.2792098674781869
2023-11-18 23:00:00,78.23237764349966,82.76179765886273,-4.529420015363073
2023-11-19 00:00:00,69.53096374622706,63.28547901821038,6.245484728016677
2023-11-19 01:00:00,61.469549848942954,67.02585714285696,-5.55630729391401
2023-11-19 02:00:00,53.28813595166534,63.28547901821038,-9.997343066545042
2023-11-19 03:00:00,45.796722054374584,63.28547901821038,-17.488756963835797
2023-11-19 04:00:00,39.785308157099756,38.80761762189895,0.9776905352008072
2023-11-19 05:00:00,39.023894259819485,38.80761762189895,0.21627663792053653
2023-11-19 06:00:00,40.39248036253477,38.80761762189895,1.5848627406358204
2023-11-19 07:00:00,40.43106646526195,42.99379120879128,-2.56272474352933
2023-11-19 08:00:00,47.63965256797101,42.99379120879128,4.645861359179733
2023-11-19 09:00:00,57.42823867069638,64.87049079754566,-7.442252126849276
2023-11-19 10:00:00,61.746824773423306,53.59877358490583,8.148051188517478
2023-11-19 11:00:00,70.06541087613203,67.41005477988763,2.655356096244404
2023-11-19 12:00:00,72.8339969788506,62.49401515151501,10.339981827335599
2023-11-19 13:00:00,74.21258308156975,64.87049079754566,9.34209228402409
2023-11-19 14:00:00,72.6911691842938,66.61909591194944,6.072073272344355
2023-11-19 15:00:00,69.9397552870001,42.99379120879128,26.945964078208817
2023-11-19 16:00:00,77.52834138973292,58.709999999999475,18.81834138973344
2023-11-19 17:00:00,71.17692749244887,63.28547901821038,7.891448474238487
2023-11-19 18:00:00,81.4855135951683,74.32023076923082,7.1652828259374814
2023-11-19 19:00:00,90.28409969788478,95.0277177384544,-4.743618040569615
2023-11-19 20:00:00,95.03268580060382,87.95446451096825,7.0782212896355645
2023-11-19 21:00:00,94.79127190331761,89.81362745098025,4.977644452337358
2023-11-19 22:00:00,84.77985800603915,87.95446451096825,-3.174606504929102
2023-11-19 23:00:00,84.3484441087688,82.76179765886273,1.5866464499060697
2023-11-20 00:00:00,67.85703021148169,63.28547901821038,4.571551193271304
2023-11-20 01:00:00,59.875616314195696,63.83023809523874,-3.954621781043045
2023-11-20 02:00:00,49.064202416916146,38.80761762189895,10.256584795017197
2023-11-20 03:00:00,44.72278851963594,38.80761762189895,5.915170897736992
2023-11-20 04:00:00,38.46137462235612,38.80761762189895,-0.3462429995428309
2023-11-20 05:00:00,39.31996072507528,38.80761762189895,0.5123431031763346
2023-11-20 06:00:00,42.02854682779253,38.80761762189895,3.220929205893583
2023-11-20 07:00:00,49.10713293051695,50.22175824175773,-1.1146253112407862
2023-11-20 08:00:00,60.11571903323165,60.15088501291983,-0.03516597968818047
2023-11-20 09:00:00,65.86430513595523,60.15088501291983,5.713420123035405
2023-11-20 10:00:00,57.85289123867041,60.15088501291983,-2.29799377424942
2023-11-20 11:00:00,53.831477341387185,50.80142011834344,3.030057223043748
2023-11-20 12:00:00,58.26006344410287,50.16126096491208,8.098802479190788
2023-11-20 13:00:00,59.198649546830595,50.16126096491208,9.037388581918513
2023-11-20 14:00:00,56.4972356495489,50.16126096491208,6.335974684636817
2023-11-20 15:00:00,49.9858217522659,50.16126096491208,-0.17543921264618234
2023-11-20 16:00:00,51.30440785498463,52.69040706605195,-1.3859992110673147
2023-11-20 17:00:00,52.512993957706435,63.28547901821038,-10.772485060503946
2023-11-20 18:00:00,73.02158006042706,71.70444444444364,1.3171356159834176
2023-11-20 19:00:00,85.54016616313697,82.76179765886273,2.7783685042742405
2023-11-20 20:00:00,87.01875226586466,82.50281786941558,4.515934396449083
2023-11-20 21:00:00,83.94733836858398,82.50281786941558,1.444520499168405
2023-11-20 22:00:00,81.32592447129676,82.76179765886273,-1.4358731875659743
2023-11-20 23:00:00,73.56451057401648,82.76179765886273,-9.197287084846252
2023-11-21 00:00:00,69.13309667674068,63.28547901821038,5.847617658530297
2023-11-21 01:00:00,54.481682779454616,56.34009259259252,-1.8584098131379037
2023-11-21 02:00:00,46.62026888217489,44.97774671052643,1.6425221716484586
2023-11-21 03:00:00,46.40885498489752,38.80761762189895,7.6012373629985746
2023-11-21 04:00:00,40.2474410876167,38.80761762189895,1.439823465717751
2023-11-21 05:00:00,41.45602719032577,38.80761762189895,2.648409568426821
2023-11-21 06:00:00,40.004613293057716,46.236501501501465,-6.231888208443749
2023-11-21 07:00:00,50.72319939576609,50.22175824175773,0.5014411540083543
2023-11-21 08:00:00,63.531785498494614,67.02585714285696,-3.49407164436235
2023-11-21 09:00:00,65.74037160121095,60.15088501291983,5.589486588291123
2023-11-21 10:00:00,50.65895770392278,50.16126096491208,0.4976967390106992
2023-11-21 11:00:00,47.25754380664946,50.80142011834344,-3.543876311693978
2023-11-21 12:00:00,55.08612990936205,50.80142011834344,4.284709791018614
2023-11-21 13:00:00,51.75471601209207,53.59877358490583,-1.8440575728137603
2023-11-21 14:00:00,51.19330211479614,50.80142011834344,0.39188199645270316
2023-11-21 15:00:00,50.16188821753272,50.22175824175773,-0.059870024225013196
2023-11-21 16:00:00,44.860474320240655,55.62387605850626,-10.763401738265607
2023-11-21 17:00:00,49.68906042294961,52.69040706605195,-3.0013466431023375
2023-11-21 18:00:00,70.23764652568428,66.22589108910881,4.01175543657547
2023-11-21 19:00:00,82.32623262840255,82.76179765886273,-0.43556503046018236
2023-11-21 20:00:00,85.30481873111114,82.76179765886273,2.5430210722484077
2023-11-21 21:00:00,89.22340483384389,82.76179765886273,6.461607174981154
2023-11-21 22:00:00,84.67199093655182,82.76179765886273,1.910193277689089
2023-11-21 23:00:00,79.77057703927304,82.76179765886273,-2.991220619589697
2023-11-22 00:00:00,70.90916314199696,67.02585714285696,3.883305999139992
2023-11-22 01:00:00,66.18774924470937,61.313378378378005,4.874370866331361
2023-11-22 02:00:00,48.37633534743436,38.80761762189895,9.568717725535414
2023-11-22 03:00:00,45.67492145014994,38.80761762189895,6.867303828250989
2023-11-22 04:00:00,38.84350755285813,38.80761762189895,0.03588993095917914
2023-11-22 05:00:00,37.80209365558811,38.80761762189895,-1.0055239663108395
2023-11-22 06:00:00,38.3056797583118,46.236501501501465,-7.930821743189668
2023-11-22 07:00:00,49.88926586103359,50.22175824175773,-0.33249238072414045
2023-11-22 08:00:00,59.8678519637431,60.15088501291983,-0.2830330491767299
2023-11-22 09:00:00,67.71643806646887,60.15088501291983,7.5655530535490385
2023-11-22 10:00:00,53.085024169180514,50.272458143074495,2.812566026106019
2023-11-22 11:00:00,50.38361027191154,55.62387605850626,-5.240265786594719
2023-11-22 12:00:00,55.342196374615156,50.80142011834344,4.5407762562717195
2023-11-22 13:00:00,50.29078247734856,50.80142011834344,-0.5106376409948794
2023-11-22 14:00:00,48.10936858006366,52.69040706605195,-4.581038485988287
2023-11-22 15:00:00,52.54795468277865,50.272458143074495,2.2754965397041573
2023-11-22 16:00:00,54.94654078550096,52.69040706605195,2.2561337194490108
2023-11-22 17:00:00,56.005126888225846,88.47410256410228,-32.468975675876436
2023-11-22 18:00:00,77.32371299093367,66.22589108910881,11.097821901824858
2023-11-22 19:00:00,85.57229909365816,82.50281786941558,3.0694812242425797
2023-11-22 20:00:00,86.72088519637411,82.76179765886273,3.9590875375113797
2023-11-22 21:00:00,89.66447129909149,87.95446451096825,1.7100067881232377
2023-11-22 22:00:00,81.4280574018213,82.76179765886273,-1.333740257041427
2023-11-22 23:00:00,76.56664350453521,82.76179765886273,-6.1951541543275255
2023-11-23 00:00:00,69.94522960725071,60.58367713004438,9.361552477206331
2023-11-23 01:00:00,55.733815709965164,52.69040706605195,3.0434086439132173
2023-11-23 02:00:00,50.52240181268598,53.59877358490583,-3.0763717722198507
2023-11-23 03:00:00,49.06098791541406,44.97774671052643,4.083241204887628
2023-11-23 04:00:00,40.26957401812767,38.80761762189895,1.4619563962287216
2023-11-23 05:00:00,38.038160120845326,46.236501501501465,-8.198341380656139
2023-11-23 06:00:00,40.54674622356821,38.80761762189895,1.7391286016692646
2023-11-23 07:00:00,48.29533232628725,49.156562499999964,-0.8612301737127126
2023-11-23 08:00:00,64.15391842900686,60.58367713004438,3.570241298962486
2023-11-23 09:00:00,61.862504531722294,55.27402735562298,6.5884771760993175
2023-11-23 10:00:00,56.26109063444551,55.27402735562298,0.9870632788225322
2023-11-23 11:00:00,49.02967673716316,53.59877358490583,-4.569096847742671
2023-11-23 12:00:00,48.088262839873494,53.59877358490583,-5.5105107450323345
2023-11-23 13:00:00,54.17684894259268,53.59877358490583,0.5780753576868491
2023-11-23 14:00:00,55.08543504532157,50.22175824175773,4.863676803563834
2023-11-23 15:00:00,49.834021148029684,50.16126096491208,-0.3272398168823969
2023-11-23 16:00:00,53.77260725075195,52.69040706605195,1.0822001847000067
2023-11-23 17:00:00,62.69119335347925,52.69040706605195,10.000786287427303
2023-11-23 18:00:00,73.49977945617958,66.22589108910881,7.273888367070768
2023-11-23 19:00:00,89.40836555891484,82.50281786941558,6.905547689499258
2023-11-23 20:00:00,88.35695166163005,87.95446451096825,0.4024871506617984
2023-11-23 21:00:00,92.58553776434864,82.76179765886273,9.82374010548591
2023-11-23 22:00:00,95.82412386708657,82.76179765886273,13.062326208223837
2023-11-23 23:00:00,81.54270996977857,78.07458167330687,3.468128296471704
2023-11-24 00:00:00,74.63129607250593,60.58367713004438,14.047618942461554
2023-11-24 01:00:00,58.70988217522944,63.28547901821038,-4.575596842980943
2023-11-24 02:00:00,48.308468277949736,44.97774671052643,3.3307215674233035
2023-11-24 03:00:00,45.17705438066503,38.80761762189895,6.369436758766078
2023-11-24 04:00:00,40.24564048337922,38.80761762189895,1.4380228614802704
2023-11-24 05:00:00,41.97422658610964,38.80761762189895,3.1666089642106883
2023-11-24 06:00:00,44.50281268882114,38.80761762189895,5.695195066922189
2023-11-24 07:00:00,50.151398791540714,63.28547901821038,-13.134080226669667
2023-11-24 08:00:00,61.02998489425349,67.02585714285696,-5.995872248603476
2023-11-24 09:00:00,64.08857099698383,64.87049079754566,-0.7819198005618233
2023-11-24 10:00:00,55.317157099699706,50.16126096491208,5.155896134787625
2023-11-24 11:00:00,53.985743202411534,50.16126096491208,3.8244822374994527
2023-11-24 12:00:00,49.659329305132566,50.16126096491208,-0.5019316597795154
2023-11-24 13:00:00,50.53291540785706,50.16126096491208,0.37165444294497973
2023-11-24 14:00:00,52.59150151056467,50.16126096491208,2.4302405456525875
2023-11-24 15:00:00,55.510087613298325,50.16126096491208,5.348826648386243
2023-11-24 16:00:00,51.31867371601048,55.62387605850626,-4.305202342495782
2023-11-24 17:00:00,56.49725981873162,63.28547901821038,-6.78821919947876
2023-11-24 18:00:00,73.68584592144934,68.28390243902432,5.401943482425025
2023-11-24 19:00:00,77.83443202417348,82.50281786941558,-4.668385845242099
2023-11-24 20:00:00,83.57301812689411,82.76179765886273,0.8112204680313795
2023-11-24 21:00:00,86.4316042296119,82.76179765886273,3.6698065707491736
2023-11-24 22:00:00,90.55019033231719,82.76179765886273,7.788392673454453
2023-11-24 23:00:00,83.26877643505193,82.76179765886273,0.5069787761892002
2023-11-25 00:00:00,76.97736253776736,63.28547901821038,13.691883519556981
2023-11-25 01:00:00,61.27594864047839,63.83023809523874,-2.554289454760351
2023-11-25 02:00:00,53.78453474319855,44.97774671052643,8.806788032672117
2023-11-25 03:00:00,46.68312084593268,38.80761762189895,7.875503224033729
2023-11-25 04:00:00,39.53170694863661,38.80761762189895,0.724089326737662
2023-11-25 05:00:00,39.5802930513631,38.80761762189895,0.7726754294641509
2023-11-25 06:00:00,38.088879154089625,38.80761762189895,-0.7187384678093238
2023-11-25 07:00:00,39.48746525679738,42.99379120879128,-3.506325951993901
2023-11-25 08:00:00,50.69605135951554,60.15088501291983,-9.454833653404286
2023-11-25 09:00:00,59.65463746223643,64.87049079754566,-5.215853335309227
2023-11-25 10:00:00,71.9132235649566,82.5966666666654,-10.683443101708804
2023-11-25 11:00:00,72.8918096676761,82.5966666666654,-9.7048569989893
2023-11-25 12:00:00,69.53039577038909,67.41005477988763,2.120340990501461
2023-11-25 13:00:00,80.78898187311016,63.28547901821038,17.50350285489978
2023-11-25 14:00:00,61.517567975826026,63.28547901821038,-1.7679110423843554
2023-11-25 15:00:00,63.06615407854615,68.94038066465276,-5.874226586106616
2023-11-25 16:00:00,64.38474018126763,66.61909591194944,-2.2343557306818127
2023-11-25 17:00:00,65.26332628399678,60.58367713004438,4.679649153952397
2023-11-25 18:00:00,74.65191238670704,83.20980769230846,-8.55789530560142
2023-11-25 19:00:00,83.20049848943535,89.81362745098025,-6.613128961544902
2023-11-25 20:00:00,98.25908459214841,82.76179765886273,15.497286933285679
2023-11-25 21:00:00,85.82767069485897,82.76179765886273,3.0658730359962334
2023-11-25 22:00:00,82.29625679757552,82.50281786941558,-0.20656107184005634
2023-11-25 23:00:00,79.04484290029546,82.50281786941558,-3.457974969120116
2023-11-26 00:00:00,72.05342900303017,67.41005477988763,4.643374223142544
2023-11-26 01:00:00,67.0020151057372,63.83023809523874,3.1717770104984595
2023-11-26 02:00:00,47.80060120846096,63.28547901821038,-15.48487780974942
2023-11-26 03:00:00,45.939187311183964,53.59877358490583,-7.659586273721864
2023-11-26 04:00:00,40.827773413897866,38.80761762189895,2.020155791998917
2023-11-26 05:00:00,38.61635951661777,38.80761762189895,-0.19125810528117881
2023-11-26 06:00:00,37.47494561934193,38.80761762189895,-1.3326720025570182
2023-11-26 07:00:00,40.70353172205144,42.99379120879128,-2.290259486739842
2023-11-26 08:00:00,48.672117824767085,42.99379120879128,5.678326615975806
2023-11-26 09:00:00,56.850703927489135,67.41005477988763,-10.559350852398495
2023-11-26 10:00:00,70.02929003021846,67.41005477988763,2.6192352503308314
2023-11-26 11:00:00,69.78787613292045,67.41005477988763,2.3778213530328145
2023-11-26 12:00:00,68.22646223565272,64.87049079754566,3.355971438107062
2023-11-26 13:00:00,72.48504833836924,60.15088501291983,12.33416332544941
2023-11-26 14:00:00,72.883634441087,65.576530612245,7.307103828842003
2023-11-26 15:00:00,78.99222054380752,62.49401515151501,16.498205392292512
2023-11-26 16:00:00,72.99080664652564,66.61909591194944,6.371710734576197
2023-11-26 17:00:00,76.97939274925264,79.83074468085213,-2.8513519315994955
2023-11-26 18:00:00,94.43797885196079,74.32023076923082,20.117748082729975
2023-11-26 19:00:00,105.78656495468655,82.50281786941558,23.283747085270974
2023-11-26 20:00:00,110.15515105740548,87.95446451096825,22.200686546437225
2023-11-26 21:00:00,93.5537371601105,87.95446451096825,5.59927264914225
2023-11-26 22:00:00,89.36232326284176,82.50281786941558,6.859505393426176
2023-11-26 23:00:00,83.70090936555093,82.50281786941558,1.1980914961353477
2023-11-27 00:00:00,70.0294954682899,67.02585714285696,3.003638325432931
2023-11-27 01:00:00,61.858081570980666,63.28547901821038,-1.4273974472297155
2023-11-27 02:00:00,48.246667673716395,38.80761762189895,9.439050051817446
2023-11-27 03:00:00,49.87525377643645,38.80761762189895,11.067636154537503
2023-11-27 04:00:00,40.16383987916318,63.28547901821038,-23.121639139047204
2023-11-27 05:00:00,39.14242598187131,38.80761762189895,0.3348083599723637
2023-11-27 06:00:00,39.381012084591035,38.80761762189895,0.5733944626920859
2023-11-27 07:00:00,51.059598187313995,49.156562499999964,1.9030356873140306
2023-11-27 08:00:00,60.898184290027714,63.28547901821038,-2.387294728182667
2023-11-27 09:00:00,63.96677039276829,60.15088501291983,3.81588537984846
2023-11-27 10:00:00,58.915356495459854,55.62387605850626,3.2914804369535915
2023-11-27 11:00:00,53.29394259818446,50.80142011834344,2.4925224798410213
2023-11-27 12:00:00,56.07252870091324,62.096249999999756,-6.023721299086517
2023-11-27 13:00:00,53.6911148036267,60.15088501291983,-6.459770209293133
2023-11-27 14:00:00,52.674700906342224,50.16126096491208,2.5134399414301427
2023-11-27 15:00:00,54.578287009066,61.29555555555591,-6.717268546489905
2023-11-27 16:00:00,56.876873111785216,60.58367713004438,-3.706804018259163
2023-11-27 17:00:00,57.45545921451236,70.17681818181848,-12.721358967306116
2023-11-27 18:00:00,81.81404531721378,74.32023076923082,7.493814547982964
2023-11-27 19:00:00,91.38263141993798,82.76179765886273,8.620833761075247
2023-11-27 20:00:00,106.09121752265705,87.95446451096825,18.136753011688796
2023-11-27 21:00:00,95.93980362537826,87.95446451096825,7.98533911441001
2023-11-27 22:00:00,89.43838972810185,87.95446451096825,1.4839252171336028
2023-11-27 23:00:00,82.12697583080775,82.76179765886273,-0.6348218280549816
2023-11-28 00:00:00,69.93556193354173,67.41005477988763,2.525507153654104
2023-11-28 01:00:00,62.92414803625236,61.313378378378005,1.610769657874357
2023-11-28 02:00:00,50.82273413897194,44.97774671052643,5.844987428445506
2023-11-28 03:00:00,47.98132024170265,38.80761762189895,9.173702619803699
2023-11-28 04:00:00,40.379906344403125,38.80761762189895,1.572288722504176
2023-11-28 05:00:00,39.628492447125794,38.80761762189895,0.820874825226845
2023-11-28 06:00:00,40.77707854985356,63.28547901821038,-22.508400468356818
2023-11-28 07:00:00,54.26566465256601,62.49401515151501,-8.228350498948998
2023-11-28 08:00:00,62.664250755298326,60.15088501291983,2.5133657423784967
2023-11-28 09:00:00,58.89283685799873,60.15088501291983,-1.2580481549210987
2023-11-28 10:00:00,52.91142296073639,45.929207650273156,6.982215310463232
2023-11-28 11:00:00,48.880009063434755,50.272458143074495,-1.3924490796397393
2023-11-28 12:00:00,48.918595166162845,50.22175824175773,-1.3031630755948882
2023-11-28 13:00:00,48.87718126888328,50.16126096491208,-1.2840796960288046
2023-11-28 14:00:00,44.095767371607565,50.16126096491208,-6.065493593304517
2023-11-28 15:00:00,46.01435347431667,55.62387605850626,-9.609522584189591
2023-11-28 16:00:00,49.31293957704134,52.69040706605195,-3.3774674890106056
2023-11-28 17:00:00,57.83152567976354,70.17681818181848,-12.345292502054939
2023-11-28 18:00:00,66.91011178247794,66.22589108910881,0.6842206933691273
2023-11-28 19:00:00,84.86869788519247,82.76179765886273,2.106900226329742
2023-11-28 20:00:00,86.42728398791463,82.76179765886273,3.6654863290519017
2023-11-28 21:00:00,90.45587009063705,82.76179765886273,7.694072431774316
2023-11-28 22:00:00,89.96445619334993,82.76179765886273,7.202658534487199
2023-11-28 23:00:00,80.55304229607366,82.76179765886273,-2.208755362789077
2023-11-29 00:00:00,70.27162839879114,67.02585714285696,3.245771255934173
2023-11-29 01:00:00,64.1102145015185,63.28547901821038,0.8247354833081175
2023-11-29 02:00:00,51.16880060423065,63.28547901821038,-12.116678413979734
2023-11-29 03:00:00,46.73738670694301,44.97774671052643,1.7596399964165812
2023-11-29 04:00:00,40.685972809670055,63.28547901821038,-22.599506208540326
2023-11-29 05:00:00,44.06455891238192,38.80761762189895,5.25694129048297
2023-11-29 06:00:00,42.64314501510543,38.80761762189895,3.8355273932064833
2023-11-29 07:00:00,56.50173111781868,49.156562499999964,7.3451686178187146
2023-11-29 08:00:00,61.93031722054255,60.15088501291983,1.779432207622719
2023-11-29 09:00:00,59.988903323269255,45.929207650273156,14.0596956729961
2023-11-29 10:00:00,51.827489425981156,60.15088501291983,-8.323395586938673
2023-11-29 11:00:00,49.406075528691936,55.62387605850626,-6.217800529814326
2023-11-29 12:00:00,46.614661631425555,55.62387605850626,-9.009214427080707
2023-11-29 13:00:00,53.81324773413804,50.16126096491208,3.6519867692259567
2023-11-29 14:00:00,51.65183383685994,50.16126096491208,1.4905728719478617
2023-11-29 15:00:00,51.43041993957782,63.28547901821038,-11.855059078632564
2023-11-29 16:00:00,53.30900604229332,52.69040706605195,0.6185989762413726
2023-11-29 17:00:00,59.00759214502217,52.69040706605195,6.317185078970226
2023-11-29 18:00:00,70.3061782477332,66.22589108910881,4.080287158624387
2023-11-29 19:00:00,81.53476435044999,87.95446451096825,-6.419700160518261
2023-11-29 20:00:00,92.73335045317248,87.95446451096825,4.7788859422042265
2023-11-29 21:00:00,89.46193655589289,87.95446451096825,1.50747204492464
2023-11-29 22:00:00,90.79052265860184,82.76179765886273,8.028724999739111
2023-11-29 23:00:00,82.38910876134307,78.07458167330687,4.3145270880362006
2023-11-30 00:00:00,77.84769486404122,67.02585714285696,10.821837721184252
2023-11-30 01:00:00,62.80628096677029,120.10499999999887,-57.29871903322858
2023-11-30 02:00:00,53.8248670694843,63.28547901821038,-9.460611948726083
2023-11-30 03:00:00,47.34345317219922,38.80761762189895,8.53583555030027
2023-11-30 04:00:00,42.46203927492178,38.80761762189895,3.6544216530228297
2023-11-30 05:00:00,43.03062537763961,45.929207650273156,-2.898582272633547
2023-11-30 06:00:00,45.53421148037239,42.119999999998875,3.414211480373517
2023-11-30 07:00:00,55.537797583081534,62.49401515151501,-6.956217568433473
2023-11-30 08:00:00,60.90638368580136,67.02585714285696,-6.119473457055605
2023-11-30 09:00:00,65.4849697885085,67.41005477988763,-1.925084991379137
2023-11-30 10:00:00,54.07355589124405,63.28547901821038,-9.211923126966333
2023-11-30 11:00:00,54.242141993953155,63.28547901821038,-9.043337024257227
2023-11-30 12:00:00,53.99072809667673,50.80142011834344,3.1893079783332965
2023-11-30 13:00:00,53.18931419939649,55.62387605850626,-2.4345618591097704
2023-11-30 14:00:00,48.397900302105555,53.59877358490583,-5.2008732828002735
2023-11-30 15:00:00,50.296486404838774,55.62387605850626,-5.327389653667488
2023-11-30 16:00:00,50.655072507542926,52.69040706605195,-2.035334558509021
2023-11-30 17:00:00,62.55365861027433,52.69040706605195,9.863251544222386
2023-11-30 18:00:00,75.08224471299857,68.28390243902432,6.7983422739742565
2023-11-30 19:00:00,82.87083081570847,82.76179765886273,0.10903315684574011
2023-11-30 20:00:00,91.28941691843303,82.76179765886273,8.5276192595703
2023-11-30 21:00:00,94.23800302114643,87.95446451096825,6.283538510178175
2023-11-30 22:00:00,90.20658912386571,82.76179765886273,7.444791465002979
2023-11-30 23:00:00,88.27517522658809,82.76179765886273,5.513377567725357
2023-12-01 00:00:00,77.61376132930272,61.313378378378005,16.300382950924714
2023-12-01 01:00:00,60.38234743202946,63.28547901821038,-2.903131586180919
2023-12-01 02:00:00,48.6409335347378,44.97774671052643,3.6631868242113654
2023-12-01 03:00:00,47.06951963745894,38.80761762189895,8.26190201555999
2023-12-01 04:00:00,42.22810574018329,38.80761762189895,3.4204881182843394
2023-12-01 05:00:00,42.276691842897044,38.80761762189895,3.4690742209980954
2023-12-01 06:00:00,46.155277945616184,38.80761762189895,7.3476603237172355
2023-12-01 07:00:00,50.183864048339515,62.49401515151501,-12.310151103175492
2023-12-01 08:00:00,61.10245015105498,67.02585714285696,-5.923406991801983
2023-12-01 09:00:00,65.68103625377849,53.59877358490583,12.082262668872659
2023-12-01 10:00:00,52.319622356498755,50.16126096491208,2.1583613915866735
2023-12-01 11:00:00,55.98820845921422,53.59877358490583,2.3894348743083924
2023-12-01 12:00:00,52.57679456192976,50.16126096491208,2.415533597017678
2023-12-01 13:00:00,49.5853806646481,55.62387605850626,-6.038495393858163
2023-12-01 14:00:00,58.07396676736874,53.59877358490583,4.47519318246291
2023-12-01 15:00:00,47.85255287009024,50.22175824175773,-2.3692053716674906
2023-12-01 16:00:00,50.92113897281444,50.80142011834344,0.11971885447100306
2023-12-01 17:00:00,58.55972507553017,62.482767857142946,-3.9230427816127786
2023-12-01 18:00:00,85.77831117824401,74.32023076923082,11.458080409013192
2023-12-01 19:00:00,78.4168972809679,82.50281786941558,-4.085920588447678
2023-12-01 20:00:00,84.63548338368355,82.50281786941558,2.13266551426797
2023-12-01 21:00:00,90.56406948640287,82.76179765886273,7.802271827540139
2023-12-01 22:00:00,91.59265558913076,78.07458167330687,13.51807391582389
2023-12-01 23:00:00,82.3812416918352,78.07458167330687,4.3066600185283335
2023-12-02 00:00:00,73.35982779454832,70.17681818181848,3.1830096127298475
2023-12-02 01:00:00,70.11841389729304,61.313378378378005,8.805035518915034
2023-12-02 02:00:00,50.366999999995706,44.97774671052643,5.3892532894692735
2023-12-02 03:00:00,47.94558610272376,44.97774671052643,2.9678393921973267
2023-12-02 04:00:00,46.55417220543701,44.97774671052643,1.5764254949105805
2023-12-02 05:00:00,43.65275830815186,63.28547901821038,-19.63272071005852
2023-12-02 06:00:00,47.431344410877,38.80761762189895,8.623726788978054
2023-12-02 07:00:00,45.649930513601745,63.28547901821038,-17.635548504608636
2023-12-02 08:00:00,50.73851661631774,60.15088501291983,-9.41236839660209
2023-12-02 09:00:00,60.81710271903897,70.17681818181848,-9.359715462779505
2023-12-02 10:00:00,73.53568882175009,67.41005477988763,6.125634041862455
2023-12-02 11:00:00,83.58427492447112,59.536310343676305,24.04796458079481
2023-12-02 12:00:00,74.77286102718975,67.41005477988763,7.362806247302117
2023-12-02 13:00:00,75.27144712990787,67.41005477988763,7.861392350020239
2023-12-02 14:00:00,70.38003323262839,67.34121951219487,3.0388137204335237
2023-12-02 15:00:00,69.58861933535474,67.02585714285696,2.5627621924977717
2023-12-02 16:00:00,72.50720543805474,50.80142011834344,21.705785319711303
2023-12-02 17:00:00,71.05579154079305,63.28547901821038,7.770312522582671
2023-12-02 18:00:00,87.37437764350634,68.28390243902432,19.09047520448202
2023-12-02 19:00:00,79.2829637462134,82.50281786941558,-3.2198541232021824
2023-12-02 20:00:00,89.58154984893716,78.07458167330687,11.506968175630291
2023-12-02 21:00:00,83.38013595167001,78.07458167330687,5.305554278363147
2023-12-02 22:00:00,81.1087220543686,78.07458167330687,3.0341403810617322
2023-12-02 23:00:00,75.11730815710149,78.07458167330687,-2.957273516205376
2023-12-03 00:00:00,74.06589425982035,70.17681818181848,3.889076078001878
2023-12-03 01:00:00,68.06448036253757,60.58367713004438,7.480803232493187
2023-12-03 02:00:00,49.29306646525707,63.28547901821038,-13.992412552953311
2023-12-03 03:00:00,50.781652567974064,38.80761762189895,11.974034946075115
2023-12-03 04:00:00,43.80023867069626,38.80761762189895,4.992621048797311
2023-12-03 05:00:00,40.618824773404995,38.80761762189895,1.8112071515060464
2023-12-03 06:00:00,40.9474108761285,38.80761762189895,2.139793254229552
2023-12-03 07:00:00,42.96599697885525,42.99379120879128,-0.027794229936027648
2023-12-03 08:00:00,51.44458308156384,63.28547901821038,-11.84089593664654
2023-12-03 09:00:00,62.21316918429332,60.58367713004438,1.6294920542489422
2023-12-03 10:00:00,68.73175528700824,82.5966666666654,-13.864911379657158
2023-12-03 11:00:00,68.86034138972829,67.41005477988763,1.45028660984066
2023-12-03 12:00:00,72.75892749244514,67.41005477988763,5.348872712557508
2023-12-03 13:00:00,73.38751359516337,82.5966666666654,-9.20915307150203
2023-12-03 14:00:00,72.2960996978868,71.26639999999978,1.0296996978870254
2023-12-03 15:00:00,69.88468580060143,55.65875000000006,14.22593580060137
2023-12-03 16:00:00,70.64327190331795,67.02585714285696,3.6174147604609885
2023-12-03 17:00:00,69.7918580060448,71.26639999999978,-1.474541993954972
2023-12-03 18:00:00,88.10044410876151,74.32023076923082,13.78021333953069
2023-12-03 19:00:00,94.40903021147913,82.50281786941558,11.906212342063554
2023-12-03 20:00:00,94.79761631419576,82.76179765886273,12.035818655333031
2023-12-03 21:00:00,94.60620241692156,82.76179765886273,11.844404758058829
2023-12-03 22:00:00,89.48478851963979,87.95446451096825,1.530324008671542
2023-12-03 23:00:00,80.62337462236097,78.07458167330687,2.5487929490541035
2023-12-04 00:00:00,70.71196072507105,67.41005477988763,3.301905945183421
2023-12-04 01:00:00,63.590546827800196,61.313378378378005,2.2771684494221915
2023-12-04 02:00:00,49.16913293050551,44.97774671052643,4.19138621997908
2023-12-04 03:00:00,49.30771903324125,38.80761762189895,10.5001014113423
2023-12-04 04:00:00,41.9663051359474,38.80761762189895,3.1586875140484523
2023-12-04 05:00:00,42.78489123866614,38.80761762189895,3.9772736167671923
2023-12-04 06:00:00,44.23347734139772,38.80761762189895,5.425859719498774
2023-12-04 07:00:00,50.98206344410676,50.22175824175773,0.7603052023490235
2023-12-04 08:00:00,57.0906495468291,53.59877358490583,3.49187596192327
2023-12-04 09:00:00,62.799235649548166,60.15088501291983,2.6483506366283365
2023-12-04 10:00:00,58.367821752266906,55.62387605850626,2.7439456937606437
2023-12-04 11:00:00,50.26640785499012,50.22175824175773,0.04464961323238725
2023-12-04 12:00:00,59.33499395769886,50.22175824175773,9.11323571594113
2023-12-04 13:00:00,53.003580060421605,53.59877358490583,-0.5951935244842232
2023-12-04 14:00:00,54.52216616314107,53.59877358490583,0.9233925782352443
2023-12-04 15:00:00,53.09075226586164,50.22175824175773,2.8689940241039054
2023-12-04 16:00:00,48.71933836858078,50.16126096491208,-1.4419225963313025
2023-12-04 17:00:00,61.01292447130034,77.46020833333316,-16.44728386203282
2023-12-04 18:00:00,80.00651057401517,86.14636363636444,-6.139853062349275
2023-12-04 19:00:00,86.51509667673987,82.50281786941558,4.012278807324293
2023-12-04 20:00:00,88.47368277944712,82.76179765886273,5.711885120584384
2023-12-04 21:00:00,93.26226888218795,82.76179765886273,10.50047122332522
2023-12-04 22:00:00,89.78085498488832,78.07458167330687,11.706273311581455
2023-12-04 23:00:00,79.20944108761037,78.07458167330687,1.1348594143035058
2023-12-05 00:00:00,67.1280271903322,60.58367713004438,6.544350060287826
2023-12-05 01:00:00,56.33661329305582,63.28547901821038,-6.948865725154562
2023-12-05 02:00:00,45.165199395766585,44.97774671052643,0.18745268524015302
2023-12-05 03:00:00,44.273785498488934,44.97774671052643,-0.7039612120374983
2023-12-05 04:00:00,42.34237160121086,63.28547901821038,-20.943107416999524
2023-12-05 05:00:00,43.36095770392532,38.80761762189895,4.553340082026374
2023-12-05 06:00:00,40.43954380664246,38.80761762189895,1.631926184743513
2023-12-05 07:00:00,45.86812990936815,63.28547901821038,-17.41734910884223
2023-12-05 08:00:00,64.62671601208558,60.58367713004438,4.043038882041202
2023-12-05 09:00:00,62.215302114802945,60.15088501291983,2.064417101883116
2023-12-05 10:00:00,53.41388821752816,60.15088501291983,-6.7369967953916685
2023-12-05 11:00:00,54.162474320236285,50.16126096491208,4.001213355324204
2023-12-05 12:00:00,52.53106042296248,50.22175824175773,2.3093021812047496
2023-12-05 13:00:00,53.0900392749228,55.62387605850626,-2.5338367835834603
2023-12-05 14:00:00,50.67500000000244,50.22175824175773,0.45324175824470814
2023-12-05 15:00:00,47.00999999999448,50.22175824175773,-3.211758241763256
2023-12-05 16:00:00,48.57000000000114,50.22175824175773,-1.6517582417565961
2023-12-05 17:00:00,57.38000000000085,63.28547901821038,-5.905479018209533
2023-12-05 18:00:00,70.06999999999758,68.28390243902432,1.7860975609732606
2023-12-05 19:00:00,84.0900000000006,82.76179765886273,1.3282023411378674
2023-12-05 20:00:00,81.23999999999884,82.76179765886273,-1.521797658863889
2023-12-05 21:00:00,84.39999999999938,82.76179765886273,1.6382023411366475
2023-12-05 22:00:00,92.00000000000368,78.07458167330687,13.925418326696814
2023-12-05 23:00:00,78.59999999999047,78.07458167330687,0.5254183266836066
2023-12-06 00:00:00,73.46000000000164,67.02585714285696,6.434142857144678
2023-12-06 01:00:00,63.400000000004596,56.34009259259252,7.0599074074120765
2023-12-06 02:00:00,35.54000000000354,44.97774671052643,-9.437746710522894
2023-12-06 03:00:00,41.22999999999015,44.97774671052643,-3.7477467105362834
2023-12-06 04:00:00,39.15000000000706,38.80761762189895,0.34238237810811256
2023-12-06 05:00:00,38.39999999999117,52.69040706605195,-14.29040706606078
2023-12-06 06:00:00,38.18500000000485,38.80761762189895,-0.6226176218941006
2023-12-06 07:00:00,49.349999999997095,50.22175824175773,-0.871758241760638
2023-12-06 08:00:00,70.73000000000656,67.02585714285696,3.7041428571495914
2023-12-06 09:00:00,59.88000000000717,55.62387605850626,4.25612394150091
2023-12-06 10:00:00,55.37999999999506,62.096249999999756,-6.716250000004699
2023-12-06 11:00:00,53.68999999999701,63.28547901821038,-9.595479018213368
2023-12-06 12:00:00,50.820000000002736,63.28547901821038,-12.465479018207645
2023-12-06 13:00:00,57.43999999999444,63.28547901821038,-5.84547901821594
2023-12-06 14:00:00,57.490000000003754,52.69040706605195,4.799592933951807
2023-12-06 15:00:00,65.39000000000074,52.69040706605195,12.699592933948793
2023-12-06 16:00:00,63.319999999999496,62.482767857142946,0.8372321428565499
2023-12-06 17:00:00,70.07999999999979,52.69040706605195,17.38959293394784
2023-12-06 18:00:00,75.67000000000215,66.22589108910881,9.444108910893334
2023-12-06 19:00:00,86.54999999998947,113.10999999999997,-26.560000000010504
2023-12-06 20:00:00,92.83000000000517,82.50281786941558,10.327182130589591
2023-12-06 21:00:00,91.78000000000004,87.95446451096825,3.825535489031793
2023-12-06 22:00:00,89.71000000000336,82.76179765886273,6.948202341140629
2023-12-06 23:00:00,87.34999999999593,78.07458167330687,9.275418326689064
2023-12-07 00:00:00,72.82999999999477,66.61909591194944,6.210904088045325
2023-12-07 01:00:00,61.95000000000612,63.28547901821038,-1.3354790182042606
2023-12-07 02:00:00,50.05000000000612,63.28547901821038,-13.23547901820426
2023-12-07 03:00:00,42.77999999999648,38.80761762189895,3.972382378097528
2023-12-07 04:00:00,39.24000000000332,38.80761762189895,0.4323823781043714
2023-12-07 05:00:00,39.51000000000012,38.80761762189895,0.70238237810117
2023-12-07 06:00:00,42.72000000000426,38.80761762189895,3.9123823781053133
2023-12-07 07:00:00,49.530000000000115,62.49401515151501,-12.964015151514893
2023-12-07 08:00:00,63.58999999999164,60.15088501291983,3.439114987071811
2023-12-07 09:00:00,59.88999999999441,60.15088501291983,-0.26088501292542077
2023-12-07 10:00:00,53.48999999999623,60.15088501291983,-6.6608850129236
2023-12-07 11:00:00,50.300000000007536,50.22175824175773,0.07824175824980273
2023-12-07 12:00:00,51.299999999994114,50.22175824175773,1.0782417582363806
2023-12-07 13:00:00,48.260000000003245,50.22175824175773,-1.961758241754488
2023-12-07 14:00:00,44.64500000000898,50.22175824175773,-5.576758241748756
2023-12-07 15:00:00,52.52999999999692,50.16126096491208,2.368739035084836
2023-12-07 16:00:00,51.3000000000079,50.16126096491208,1.138739035095817
2023-12-07 17:00:00,55.219999999994,52.69040706605195,2.5295929339420553
2023-12-07 18:00:00,70.56000000000286,66.22589108910881,4.334108910894045
2023-12-07 19:00:00,75.88999999999416,82.76179765886273,-6.871797658868573
2023-12-07 20:00:00,84.01000000000492,82.76179765886273,1.2482023411421892
2023-12-07 21:00:00,83.59999999999626,82.76179765886273,0.838202341133524
2023-12-07 22:00:00,84.16000000000558,82.76179765886273,1.3982023411428486
2023-12-07 23:00:00,85.46000000000194,82.76179765886273,2.6982023411392078
2023-12-08 00:00:00,69.799999999988,74.42625000000005,-4.62625000001205
2023-12-08 01:00:00,70.82000000000758,53.04376033057825,17.77623966942933
2023-12-08 02:00:00,48.829999999994406,44.97774671052643,3.852253289467974
2023-12-08 03:00:00,43.93000000000339,44.97774671052643,-1.0477467105230431
2023-12-08 04:00:00,39.600000000001174,38.80761762189895,0.792382378102225
2023-12-08 05:00:00,37.90500000000598,44.97774671052643,-7.072746710520455
2023-12-08 06:00:00,39.79000000000164,38.80761762189895,0.9823823781026917
2023-12-08 07:00:00,50.439999999998555,62.49401515151501,-12.054015151516452
2023-12-08 08:00:00,65.02999999999237,67.02585714285696,-1.995857142864594
2023-12-08 09:00:00,62.95000000000816,45.929207650273156,17.020792349735004
2023-12-08 10:00:00,47.23999999999266,53.04376033057825,-5.80376033058559
2023-12-08 11:00:00,49.90000000000292,55.62387605850626,-5.723876058503343
2023-12-08 12:00:00,49.26999999999943,50.22175824175773,-0.9517582417583057
2023-12-08 13:00:00,45.87999999999859,50.22175824175773,-4.341758241759145
2023-12-08 14:00:00,48.6700000000031,50.22175824175773,-1.5517582417546336
2023-12-08 15:00:00,51.2049999999967,50.16126096491208,1.04373903508462
2023-12-08 16:00:00,55.730000000009326,55.62387605850626,0.10612394150306415
2023-12-08 17:00:00,59.900000000004844,66.61909591194944,-6.719095911944599
2023-12-08 18:00:00,74.67000000000067,66.22589108910881,8.444108910891856
2023-12-08 19:00:00,82.44000000000295,82.76179765886273,-0.3217976588597793
2023-12-08 20:00:00,83.07000000000042,82.76179765886273,0.30820234113768663
2023-12-08 21:00:00,84.7600000000019,87.95446451096825,-3.1944645109663554
2023-12-08 22:00:00,84.95999999999651,87.95446451096825,-2.9944645109717385
2023-12-08 23:00:00,79.35000000000954,82.50281786941558,-3.152817869406036
2023-12-09 00:00:00,72.41999999999517,70.17681818181848,2.2431818181766943
2023-12-09 01:00:00,67.19000000001016,61.313378378378005,5.876621621632154
2023-12-09 02:00:00,53.14000000000172,63.28547901821038,-10.145479018208661
2023-12-09 03:00:00,48.36999999999942,44.97774671052643,3.3922532894729898
2023-12-09 04:00:00,41.73000000000314,38.80761762189895,2.9223823781041887
2023-12-09 05:00:00,40.02999999999582,38.80761762189895,1.2223823780968743
2023-12-09 06:00:00,42.689999999994285,38.80761762189895,3.882382378095336
2023-12-09 07:00:00,41.73000000000401,42.99379120879128,-1.2637912087872678
2023-12-09 08:00:00,46.80499999999924,42.99379120879128,3.81120879120796
2023-12-09 09:00:00,57.02000000000514,45.929207650273156,11.090792349731984
2023-12-09 10:00:00,68.97000000000043,67.41005477988763,1.5599452201127946
2023-12-09 11:00:00,73.72999999999685,67.41005477988763,6.3199452201092186
2023-12-09 12:00:00,79.45999999999877,59.536310343676305,19.923689656322466
2023-12-09 13:00:00,77.3499999999971,67.02585714285696,10.324142857140131
2023-12-09 14:00:00,68.88000000000474,60.58367713004438,8.296322869960363
2023-12-09 15:00:00,60.129999999999896,67.02585714285696,-6.895857142857068
2023-12-09 16:00:00,65.2399999999943,74.42625000000005,-9.186250000005757
2023-12-09 17:00:00,64.26999999999822,74.42625000000005,-10.156250000001833
2023-12-09 18:00:00,79.90000000000379,68.28390243902432,11.616097560979469
2023-12-09 19:00:00,95.01000000000005,78.07458167330687,16.93541832669318
2023-12-09 20:00:00,83.92500000000027,78.07458167330687,5.850418326693401
2023-12-09 21:00:00,83.04999999999168,78.07458167330687,4.975418326684817
2023-12-09 22:00:00,86.52000000000398,78.07458167330687,8.445418326697109
2023-12-09 23:00:00,78.71000000000063,82.76179765886273,-4.0517976588621
2023-12-10 00:00:00,71.82000000000005,74.42625000000005,-2.606250000000003
2023-12-10 01:00:00,71.10000000000518,53.04376033057825,18.05623966942693
2023-12-10 02:00:00,49.16999999999692,44.97774671052643,4.192253289470486
2023-12-10 03:00:00,46.07000000000154,44.97774671052643,1.09225328947511
2023-12-10 04:00:00,43.55000000000361,38.80761762189895,4.742382378104658
2023-12-10 05:00:00,38.29499999999908,38.80761762189895,-0.5126176218998708
2023-12-10 06:00:00,39.720000000003175,38.80761762189895,0.9123823781042262
2023-12-10 07:00:00,40.17999999999415,42.99379120879128,-2.8137912087971273
2023-12-10 08:00:00,44.53000000001306,42.99379120879128,1.5362087912217817
2023-12-10 09:00:00,56.11999999999604,60.58367713004438,-4.463677130048339
2023-12-10 10:00:00,68.639999999998,61.29555555555591,7.3444444444420895
2023-12-10 11:00:00,78.82000000000227,67.41005477988763,11.409945220114636
2023-12-10 12:00:00,81.65999999999761,60.15088501291983,21.50911498707778
2023-12-10 13:00:00,80.08000000000885,60.15088501291983,19.929114987089022
2023-12-10 14:00:00,74.02000000000045,60.15088501291983,13.869114987080621
2023-12-10 15:00:00,66.07999999999973,67.02585714285696,-0.9458571428572355
2023-12-10 16:00:00,70.9600000000026,63.28547901821038,7.674520981792213
2023-12-10 17:00:00,79.33000000000048,71.09200000000047,8.238000000000014
2023-12-10 18:00:00,86.77999999999764,74.32023076923082,12.459769230766824
2023-12-10 19:00:00,98.65999999999444,87.95446451096825,10.70553548902619
2023-12-10 20:00:00,103.44000000000383,87.95446451096825,15.485535489035584
2023-12-10 21:00:00,90.02000000000166,87.95446451096825,2.065535489033408
2023-12-10 22:00:00,87.67999999999742,87.95446451096825,-0.27446451097083013
2023-12-10 23:00:00,83.48000000001198,78.07458167330687,5.405418326705117
2023-12-11 00:00:00,69.28999999999121,67.02585714285696,2.264142857134246
2023-12-11 01:00:00,58.93000000000452,63.28547901821038,-4.3554790182058625
2023-12-11 02:00:00,47.53000000000709,44.97774671052643,2.55225328948066
2023-12-11 03:00:00,50.209999999996626,38.80761762189895,11.402382378097677
2023-12-11 04:00:00,41.81999999999666,63.28547901821038,-21.46547901821372
2023-12-11 05:00:00,38.73499999999981,38.80761762189895,-0.07261762189914123
2023-12-11 06:00:00,41.04999999999957,38.80761762189895,2.242382378100622
2023-12-11 07:00:00,47.57000000000867,63.28547901821038,-15.715479018201712
2023-12-11 08:00:00,62.049999999992984,67.02585714285696,-4.97585714286398
2023-12-11 09:00:00,66.94000000000015,50.22175824175773,16.71824175824242
2023-12-11 10:00:00,58.239999999998915,50.272458143074495,7.96754185692442
2023-12-11 11:00:00,54.57999999999944,53.59877358490583,0.9812264150936088
2023-12-11 12:00:00,53.1300000000012,50.22175824175773,2.90824175824347
2023-12-11 13:00:00,62.26000000000263,62.096249999999756,0.16375000000287088
2023-12-11 14:00:00,61.019999999993004,50.272458143074495,10.74754185691851
2023-12-11 15:00:00,51.159999999999755,55.27402735562298,-4.114027355623222
2023-12-11 16:00:00,64.8500000000059,60.15088501291983,4.699114987086077
2023-12-11 17:00:00,65.2099999999987,67.41005477988763,-2.20005477988893
2023-12-11 18:00:00,78.76000000000977,86.14636363636444,-7.386363636354673
2023-12-11 19:00:00,87.31999999999637,82.76179765886273,4.5582023411336365
2023-12-11 20:00:00,102.55999999999824,82.76179765886273,19.798202341135507
2023-12-11 21:00:00,89.95499999999777,82.50281786941558,7.452182130582187
2023-12-11 22:00:00,89.69999999999692,82.76179765886273,6.938202341134186
2023-12-11 23:00:00,80.44000000000565,82.76179765886273,-2.3217976588570792
2023-12-12 00:00:00,72.04000000000033,67.02585714285696,5.014142857143369
2023-12-12 01:00:00,62.54000000001154,53.04376033057825,9.496239669433287
2023-12-12 02:00:00,47.469999999993895,44.97774671052643,2.492253289467463
2023-12-12 03:00:00,47.88999999998619,44.97774671052643,2.9122532894597555
2023-12-12 04:00:00,40.34999999999317,38.80761762189895,1.5423823780942243
2023-12-12 05:00:00,40.5300000000087,38.80761762189895,1.7223823781097494
2023-12-12 06:00:00,39.500000000000846,63.28547901821038,-23.785479018209536
2023-12-12 07:00:00,50.02999999999968,62.49401515151501,-12.464015151515326
2023-12-12 08:00:00,70.88000000000216,60.15088501291983,10.729114987082326
2023-12-12 09:00:00,63.95999999999481,60.58367713004438,3.376322869950428
2023-12-12 10:00:00,58.40000000000168,50.272458143074495,8.127541856927188
2023-12-12 11:00:00,52.34000000000466,53.59877358490583,-1.2587735849011708
2023-12-12 12:00:00,56.96999999999474,50.16126096491208,6.8087390350826595
2023-12-12 13:00:00,51.19000000000487,50.272458143074495,0.9175418569303773
2023-12-12 14:00:00,51.93999999999572,50.272458143074495,1.6675418569212255
2023-12-12 15:00:00,49.68499999999963,50.272458143074495,-0.587458143074862
2023-12-12 16:00:00,49.10999999999578,52.69040706605195,-3.5804070660561678
2023-12-12 17:00:00,51.53000000000645,52.69040706605195,-1.1604070660454937
2023-12-12 18:00:00,71.89000000000004,74.32023076923082,-2.430230769230775
2023-12-12 19:00:00,87.91999999999535,82.76179765886273,5.158202341132622
2023-12-12 20:00:00,87.18000000000262,82.76179765886273,4.418202341139889
2023-12-12 21:00:00,88.73999999999997,87.95446451096825,0.7855354890317159
2023-12-12 22:00:00,83.42999999999728,82.76179765886273,0.6682023411345455
2023-12-12 23:00:00,80.9599999999963,82.76179765886273,-1.801797658866434
2023-12-13 00:00:00,72.12000000000782,60.15088501291983,11.969114987087991
2023-12-13 01:00:00,56.75999999999303,63.28547901821038,-6.525479018217354
2023-12-13 02:00:00,45.559999999999064,44.97774671052643,0.5822532894726322
2023-12-13 03:00:00,42.84000000000441,38.80761762189895,4.03238237810546
2023-12-13 04:00:00,40.449999999993636,38.80761762189895,1.6423823780946876
2023-12-13 05:00:00,37.82000000000619,38.80761762189895,-0.9876176218927597
2023-12-13 06:00:00,39.97499999999657,38.80761762189895,1.1673823780976207
2023-12-13 07:00:00,47.19000000000696,63.28547901821038,-16.09547901820342
2023-12-13 08:00:00,64.56000000000142,67.02585714285696,-2.4658571428555405
2023-12-13 09:00:00,68.20999999999837,50.272458143074495,17.93754185692388
2023-12-13 10:00:00,55.67999999999735,63.28547901821038,-7.605479018213032
2023-12-13 11:00:00,53.35999999999281,50.272458143074495,3.087541856918314
2023-12-13 12:00:00,52.50000000000939,50.272458143074495,2.2275418569348986
2023-12-13 13:00:00,59.45999999999877,50.272458143074495,9.187541856924277
2023-12-13 14:00:00,62.39000000000456,50.22175824175773,12.168241758246829
2023-12-13 15:00:00,51.135000000001014,50.22175824175773,0.9132417582432808
2023-12-13 16:00:00,54.380000000003434,50.22175824175773,4.158241758245701
2023-12-13 17:00:00,56.14999999999637,67.41005477988763,-11.260054779891263
2023-12-13 18:00:00,71.25999999999932,66.22589108910881,5.0341089108905095
2023-12-13 19:00:00,81.3099999999964,82.50281786941558,-1.192817869419173
2023-12-13 20:00:00,86.70999999999991,82.50281786941558,4.207182130584329
2023-12-13 21:00:00,86.31000000000525,82.76179765886273,3.548202341142513
2023-12-13 22:00:00,90.75999999999532,82.76179765886273,7.998202341132583
2023-12-13 23:00:00,81.98000000000616,82.76179765886273,-0.7817976588565756
2023-12-14 00:00:00,69.00999999999422,60.15088501291983,8.859114987074392
2023-12-14 01:00:00,60.77000000000106,63.83023809523874,-3.060238095237679
2023-12-14 02:00:00,45.70000000000012,44.97774671052643,0.7222532894736844
2023-12-14 03:00:00,42.48999999999927,44.97774671052643,-2.487746710527162
2023-12-14 04:00:00,39.629999999997096,38.80761762189895,0.8223823780981476
2023-12-14 05:00:00,39.82000000000005,38.80761762189895,1.0123823781011012
2023-12-14 06:00:00,40.589999999993395,38.80761762189895,1.7823823780944466
2023-12-14 07:00:00,48.410000000012886,49.156562499999964,-0.7465624999870784
2023-12-14 08:00:00,58.190000000000154,60.58367713004438,-2.3936771300442246
2023-12-14 09:00:00,67.79999999999316,60.15088501291983,7.649114987073332
2023-12-14 10:00:00,57.27000000001074,45.929207650273156,11.340792349737583
2023-12-14 11:00:00,50.59000000000802,50.272458143074495,0.31754185693352355
2023-12-14 12:00:00,49.799999999995535,50.272458143074495,-0.47245814307895984
2023-12-14 13:00:00,48.23000000000346,55.62387605850626,-7.393876058502805
2023-12-14 14:00:00,54.37999999999637,50.22175824175773,4.158241758238638
2023-12-14 15:00:00,47.409999999995854,50.272458143074495,-2.8624581430786407
2023-12-14 16:00:00,50.44000000000332,52.69040706605195,-2.2504070660486235
2023-12-14 17:00:00,57.92999999999907,52.69040706605195,5.239592933947122
2023-12-14 18:00:00,72.1099999999948,66.22589108910881,5.884108910885985
2023-12-14 19:00:00,84.24000000001332,82.50281786941558,1.7371821305977448
2023-12-14 20:00:00,90.33999999999618,82.50281786941558,7.837182130580601
2023-12-14 21:00:00,96.0200000000039,82.50281786941558,13.517182130588324
2023-12-14 22:00:00,82.58000000000517,102.43238095238,-19.85238095237483
2023-12-14 23:00:00,83.82000000000689,102.43238095238,-18.612380952373115
2023-12-15 00:00:00,75.84000000000215,67.02585714285696,8.814142857145185
2023-12-15 01:00:00,66.0200000000074,63.28547901821038,2.7345209817970186
2023-12-15 02:00:00,48.799999999991286,44.97774671052643,3.8222532894648538
2023-12-15 03:00:00,43.50000000000328,63.28547901821038,-19.7854790182071
2023-12-15 04:00:00,41.80000000000415,63.28547901821038,-21.485479018206235
2023-12-15 05:00:00,40.58999999999048,63.28547901821038,-22.6954790182199
2023-12-15 06:00:00,43.64000000000637,38.80761762189895,4.832382378107418
2023-12-15 07:00:00,46.60999999999869,50.22175824175773,-3.6117582417590413
2023-12-15 08:00:00,61.370000000002875,73.448541666667,-12.078541666664123
2023-12-15 09:00:00,68.75999999998659,60.15088501291983,8.60911498706676
2023-12-15 10:00:00,58.56000000001045,55.62387605850626,2.936123941504185
2023-12-15 11:00:00,52.739999999995675,50.16126096491208,2.5787390350835935
2023-12-15 12:00:00,55.08000000000554,50.16126096491208,4.918739035093459
2023-12-15 13:00:00,58.11999999999732,55.62387605850626,2.4961239414910565
2023-12-15 14:00:00,61.220000000004845,50.272458143074495,10.94754185693035
2023-12-15 15:00:00,60.18999999999437,55.27402735562298,4.915972644371394
2023-12-15 16:00:00,61.90000000000437,52.69040706605195,9.209592933952422
2023-12-15 17:00:00,65.69999999999753,52.69040706605195,13.009592933945584
2023-12-15 18:00:00,74.55000000000659,66.22589108910881,8.324108910897777
2023-12-15 19:00:00,83.03999999999819,82.76179765886273,0.2782023411354544
2023-12-15 20:00:00,86.91000000000034,82.76179765886273,4.148202341137605
2023-12-15 21:00:00,92.30999999999729,82.50281786941558,9.807182130581708
2023-12-15 22:00:00,86.139999999992,82.76179765886273,3.378202341129267
2023-12-15 23:00:00,80.63000000000656,82.76179765886273,-2.131797658856172
2023-12-16 00:00:00,77.99999999999768,74.42625000000005,3.5737499999976308
2023-12-16 01:00:00,77.23000000000492,67.02585714285696,10.204142857147957
2023-12-16 02:00:00,51.21999999999717,44.97774671052643,6.242253289470739
2023-12-16 03:00:00,46.250000000006295,38.80761762189895,7.442382378107347
2023-12-16 04:00:00,42.42999999999816,38.80761762189895,3.6223823780992106
2023-12-16 05:00:00,40.20999999999994,38.80761762189895,1.402382378100988
2023-12-16 06:00:00,41.839999999999606,38.80761762189895,3.0323823781006567
2023-12-16 07:00:00,43.83000000000324,62.096249999999756,-18.266249999996518
2023-12-16 08:00:00,50.110000000000994,60.58367713004438,-10.473677130043384
2023-12-16 09:00:00,59.809999999999135,60.15088501291983,-0.34088501292069395
2023-12-16 10:00:00,69.72999999999826,60.15088501291983,9.579114987078427
2023-12-16 11:00:00,76.19999999999762,60.15088501291983,16.049114987077786
2023-12-16 12:00:00,80.92999999999033,60.15088501291983,20.7791149870705
2023-12-16 13:00:00,80.2600000000047,53.04376033057825,27.216239669426443
2023-12-16 14:00:00,79.08999999999779,45.929207650273156,33.16079234972463
2023-12-16 15:00:00,77.67999999999431,60.15088501291983,17.52911498707448
2023-12-16 16:00:00,75.5600000000017,60.15088501291983,15.409114987081864
2023-12-16 17:00:00,73.50000000000622,67.02585714285696,6.4741428571492605
2023-12-16 18:00:00,81.17999999999819,74.32023076923082,6.85976923076737
2023-12-16 19:00:00,92.81000000000128,78.07458167330687,14.735418326694415
2023-12-16 20:00:00,89.55999999999793,82.76179765886273,6.798202341135195
2023-12-16 21:00:00,88.57000000000707,87.95446451096825,0.6155354890388196
2023-12-16 22:00:00,87.61000000000291,98.8733333333347,-11.263333333331786
2023-12-16 23:00:00,85.87500000000642,78.07458167330687,7.800418326699557
2023-12-17 00:00:00,76.0499999999923,67.02585714285696,9.024142857135331
2023-12-17 01:00:00,65.84999999999157,56.443749999999035,9.406249999992532
2023-12-17 02:00:00,54.56000000000911,38.80761762189895,15.752382378110163
2023-12-17 03:00:00,47.599999999997635,38.80761762189895,8.792382378098687
2023-12-17 04:00:00,43.10000000000579,38.80761762189895,4.2923823781068435
2023-12-17 05:00:00,43.39999999999091,63.28547901821038,-19.88547901821947
2023-12-17 06:00:00,44.390000000002516,38.80761762189895,5.582382378103567
2023-12-17 07:00:00,44.83000000000304,42.99379120879128,1.8362087912117602
2023-12-17 08:00:00,48.55999999999897,63.28547901821038,-14.72547901821141
2023-12-17 09:00:00,66.04999999999855,59.536310343676305,6.513689656322242
2023-12-17 10:00:00,73.36999999999856,67.41005477988763,5.959945220110924
2023-12-17 11:00:00,79.37999999999863,60.58367713004438,18.796322869954253
2023-12-17 12:00:00,84.79999999999659,63.28547901821038,21.514520981786205
2023-12-17 13:00:00,76.83000000000149,67.34121951219487,9.488780487806622
2023-12-17 14:00:00,73.47000000000521,89.0079999999997,-15.537999999994483
2023-12-17 15:00:00,78.87999999999488,61.29555555555591,17.584444444438972
2023-12-17 16:00:00,76.02000000000434,61.29555555555591,14.724444444448437
2023-12-17 17:00:00,74.01999999999884,67.41005477988763,6.609945220111214
2023-12-17 18:00:00,86.94999999999851,86.14636363636444,0.8036363636340695
2023-12-17 19:00:00,98.0500000000007,82.76179765886273,15.28820234113796
2023-12-17 20:00:00,95.70000000000343,87.95446451096825,7.745535489035177
2023-12-17 21:00:00,93.36000000000664,87.95446451096825,5.405535489038385
2023-12-17 22:00:00,93.33999999999287,82.50281786941558,10.83718213057729
2023-12-17 23:00:00,83.70000000000259,78.07458167330687,5.625418326695723
2023-12-18 00:00:00,70.63000000000449,88.47410256410228,-17.844102564097795
2023-12-18 01:00:00,70.11999999999881,60.15088501291983,9.969114987078981
2023-12-18 02:00:00,49.93999999999997,44.97774671052643,4.962253289473537
2023-12-18 03:00:00,44.739999999999455,50.272458143074495,-5.53245814307504
2023-12-18 04:00:00,42.08999999999456,38.80761762189895,3.282382378095612
2023-12-18 05:00:00,41.82000000000663,50.272458143074495,-8.452458143067865
2023-12-18 06:00:00,44.93000000000616,38.80761762189895,6.122382378107211
2023-12-18 07:00:00,55.21999999999291,63.28547901821038,-8.065479018217474
2023-12-18 08:00:00,63.5199999999835,66.61909591194944,-3.0990959119659465
2023-12-18 09:00:00,63.22000000001056,50.16126096491208,13.058739035098476
2023-12-18 10:00:00,51.97999999999625,50.16126096491208,1.818739035084171
2023-12-18 11:00:00,51.780000000001465,55.62387605850626,-3.8438760585047973
2023-12-18 12:00:00,52.38999999999223,50.16126096491208,2.228739035080146
2023-12-18 13:00:00,55.850000000009246,50.16126096491208,5.688739035097164
2023-12-18 14:00:00,55.70999999999768,50.16126096491208,5.548739035085596
2023-12-18 15:00:00,57.090000000002235,53.59877358490583,3.4912264150964063
2023-12-18 16:00:00,63.87000000000397,55.27402735562298,8.595972644380993
2023-12-18 17:00:00,62.839999999997104,52.69040706605195,10.149592933945158
2023-12-18 18:00:00,83.24000000000197,68.28390243902432,14.956097560977653
2023-12-18 19:00:00,94.74000000000309,82.76179765886273,11.97820234114036
2023-12-18 20:00:00,92.67000000001028,82.50281786941558,10.167182130594696
2023-12-18 21:00:00,91.80999999998647,87.95446451096825,3.855535489018223
2023-12-18 22:00:00,89.44000000000324,82.50281786941558,6.937182130587658
2023-12-18 23:00:00,86.16999999999969,78.07458167330687,8.095418326692823
2023-12-19 00:00:00,70.25000000000145,60.15088501291983,10.09911498708162
2023-12-19 01:00:00,63.659999999993715,63.28547901821038,0.37452098178333415
2023-12-19 02:00:00,50.45000000000502,63.28547901821038,-12.835479018205362
2023-12-19 03:00:00,48.21999999999544,38.80761762189895,9.412382378096488
2023-12-19 04:00:00,43.67000000000152,38.80761762189895,4.8623823781025735
2023-12-19 05:00:00,43.710000000006914,38.80761762189895,4.902382378107966
2023-12-19 06:00:00,42.04999999999529,46.236501501501465,-4.1865015015061715
2023-12-19 07:00:00,53.15000000000356,50.22175824175773,2.928241758245825
2023-12-19 08:00:00,65.01999999999967,60.58367713004438,4.436322869955291
2023-12-19 09:00:00,60.620000000009014,55.62387605850626,4.996123941502752
2023-12-19 10:00:00,57.479999999998654,55.62387605850626,1.8561239414923918
2023-12-19 11:00:00,48.59000000000276,55.62387605850626,-7.033876058503502
2023-12-19 12:00:00,55.45999999999373,55.62387605850626,-0.1638760585125354
2023-12-19 13:00:00,59.15000000000754,55.62387605850626,3.5261239415012753
2023-12-19 14:00:00,61.249999999995566,55.62387605850626,5.626123941489304
2023-12-19 15:00:00,56.02000000000527,55.62387605850626,0.3961239414990061
2023-12-19 16:00:00,59.120000000000076,63.28547901821038,-4.165479018210306
2023-12-19 17:00:00,67.41000000000258,63.28547901821038,4.124520981792202
2023-12-19 18:00:00,80.75999999999249,86.14636363636444,-5.386363636371954
2023-12-19 19:00:00,84.43000000000708,87.95446451096825,-3.5244645109611668
2023-12-19 20:00:00,99.09000000000435,82.50281786941558,16.587182130588772
2023-12-19 21:00:00,90.8499999999917,82.76179765886273,8.088202341128962
2023-12-19 22:00:00,93.80000000000516,82.76179765886273,11.038202341142423
2023-12-19 23:00:00,83.78999999999687,78.07458167330687,5.715418326689999
2023-12-20 00:00:00,75.06000000000364,63.28547901821038,11.774520981793259
2023-12-20 01:00:00,62.99999999999088,61.313378378378005,1.686621621612872
2023-12-20 02:00:00,49.31000000000188,44.97774671052643,4.332253289475446
2023-12-20 03:00:00,46.23999999999374,44.97774671052643,1.26225328946731
2023-12-20 04:00:00,43.459999999997166,44.97774671052643,-1.5177467105292664
2023-12-20 05:00:00,42.47000000000125,44.97774671052643,-2.5077467105251827
2023-12-20 06:00:00,45.12000000000606,63.28547901821038,-18.165479018204323
2023-12-20 07:00:00,53.419999999995866,53.59877358490583,-0.17877358490996187
2023-12-20 08:00:00,62.59000000000188,60.15088501291983,2.43911498708205
2023-12-20 09:00:00,65.17999999999299,55.62387605850626,9.556123941486725
2023-12-20 10:00:00,55.129999999991185,55.62387605850626,-0.49387605851507743
2023-12-20 11:00:00,53.890000000012265,50.16126096491208,3.7287390351001832
2023-12-20 12:00:00,53.95999999999839,50.16126096491208,3.7987390350863066
2023-12-20 13:00:00,54.850000000002325,55.62387605850626,-0.7738760585039373
2023-12-20 14:00:00,54.31999999999917,53.04376033057825,1.2762396694209173
2023-12-20 15:00:00,54.869999999997475,66.61909591194944,-11.749095911951969
2023-12-20 16:00:00,61.82000000000204,52.69040706605195,9.129592933950093
2023-12-20 17:00:00,74.95000000000121,63.28547901821038,11.66452098179083
2023-12-20 18:00:00,85.24999999999284,71.70444444444364,13.5455555555492
2023-12-20 19:00:00,92.13000000000238,87.95446451096825,4.175535489034132
2023-12-20 20:00:00,95.21000000000433,82.50281786941558,12.707182130588748
2023-12-20 21:00:00,95.36999999999631,82.50281786941558,12.86718213058073
2023-12-20 22:00:00,89.01999999999995,82.50281786941558,6.517182130584374
2023-12-20 23:00:00,82.8499999999975,82.50281786941558,0.3471821305819134
2023-12-21 00:00:00,70.68000000000129,60.15088501291983,10.529114987081456
2023-12-21 01:00:00,64.55000000000646,63.83023809523874,0.7197619047677222
2023-12-21 02:00:00,52.73000000000391,44.97774671052643,7.75225328947748
2023-12-21 03:00:00,52.360000000003424,44.97774671052643,7.382253289476992
2023-12-21 04:00:00,45.98999999999921,44.97774671052643,1.0122532894727811
2023-12-21 05:00:00,44.960000000000804,63.28547901821038,-18.325479018209577
2023-12-21 06:00:00,46.97000000000173,63.28547901821038,-16.31547901820865
2023-12-21 07:00:00,59.139999999991545,60.15088501291983,-1.0108850129282843
2023-12-21 08:00:00,64.48000000000212,64.87049079754566,-0.390490797543535
2023-12-21 09:00:00,66.05000000000166,60.15088501291983,5.8991149870818305
2023-12-21 10:00:00,56.50000000000412,53.04376033057825,3.4562396694258695
2023-12-21 11:00:00,52.08999999999892,60.15088501291983,-8.060885012920906
2023-12-21 12:00:00,53.84999999999613,62.096249999999756,-8.246250000003627
2023-12-21 13:00:00,56.23000000000076,62.096249999999756,-5.866249999998999
2023-12-21 14:00:00,61.98999999999859,67.02585714285696,-5.035857142858376
2023-12-21 15:00:00,56.46000000000217,60.15088501291983,-3.6908850129176614
2023-12-21 16:00:00,49.750000000004476,60.15088501291983,-10.400885012915353
2023-12-21 17:00:00,60.129999999993174,67.41005477988763,-7.280054779894456
2023-12-21 18:00:00,72.8599999999999,71.70444444444364,1.155555555556262
2023-12-21 19:00:00,82.28000000000137,82.50281786941558,-0.22281786941421444
2023-12-21 20:00:00,90.93000000000387,82.50281786941558,8.427182130588292
2023-12-21 21:00:00,89.40999999999886,82.76179765886273,6.648202341136127
2023-12-21 22:00:00,92.20999999999833,82.76179765886273,9.448202341135598
2023-12-21 23:00:00,85.64000000000468,82.76179765886273,2.878202341141943
2023-12-22 00:00:00,75.21999999999713,74.42625000000005,0.7937499999970754
2023-12-22 01:00:00,71.36999999998386,61.313378378378005,10.056621621605856
2023-12-22 02:00:00,52.29999999999967,38.80761762189895,13.492382378100721
2023-12-22 03:00:00,51.04999999999029,38.80761762189895,12.242382378091342
2023-12-22 04:00:00,45.230000000004395,38.80761762189895,6.422382378105446
2023-12-22 05:00:00,46.01000000000403,38.80761762189895,7.202382378105078
2023-12-22 06:00:00,46.27999999999997,37.78384615384651,8.496153846153462
2023-12-22 07:00:00,51.929999999999126,49.156562499999964,2.7734374999991616
2023-12-22 08:00:00,66.90000000000222,60.15088501291983,6.749114987082393
2023-12-22 09:00:00,68.52000000000001,71.26639999999978,-2.746399999999767
2023-12-22 10:00:00,58.27000000000163,53.04376033057825,5.226239669423379
2023-12-22 11:00:00,59.3699999999956,60.58367713004438,-1.2136771300487794
2023-12-22 12:00:00,54.270000000004416,60.58367713004438,-6.313677130039963
2023-12-22 13:00:00,57.19000000000659,66.61909591194944,-9.429095911942852
2023-12-22 14:00:00,57.5699999999957,50.272458143074495,7.297541856921207
2023-12-22 15:00:00,57.11000000000706,50.272458143074495,6.837541856932567
2023-12-22 16:00:00,56.9800000000003,67.41005477988763,-10.430054779887328
2023-12-22 17:00:00,68.51999999999464,67.41005477988763,1.109945220107008
2023-12-22 18:00:00,76.94000000001009,74.32023076923082,2.6197692307792693
2023-12-22 19:00:00,85.43999999999397,82.76179765886273,2.6782023411312395
2023-12-22 20:00:00,88.09999999999218,82.76179765886273,5.3382023411294455
2023-12-22 21:00:00,91.77000000000365,82.50281786941558,9.267182130588068
2023-12-22 22:00:00,90.85999999999811,82.50281786941558,8.35718213058253
2023-12-22 23:00:00,81.53000000000219,82.50281786941558,-0.9728178694133902
2023-12-23 00:00:00,80.90999999999548,67.41005477988763,13.499945220107847
2023-12-23 01:00:00,67.27500000000359,67.02585714285696,0.249142857146623
2023-12-23 02:00:00,56.19999999999513,44.97774671052643,11.222253289468696
2023-12-23 03:00:00,54.77000000000197,60.58367713004438,-5.813677130042407
2023-12-23 04:00:00,52.62999999999664,63.28547901821038,-10.65547901821374
2023-12-23 05:00:00,48.35000000000596,44.97774671052643,3.3722532894795307
2023-12-23 06:00:00,46.11000000000598,44.97774671052643,1.13225328947955
2023-12-23 07:00:00,44.53999999999539,53.59877358490583,-9.05877358491044
2023-12-23 08:00:00,55.259999999998826,60.58367713004438,-5.323677130045553
2023-12-23 09:00:00,63.40999999999286,67.41005477988763,-4.000054779894768
2023-12-23 10:00:00,72.79000000000002,60.15088501291983,12.639114987080191
2023-12-23 11:00:00,75.89999999999782,53.04376033057825,22.856239669419566
2023-12-23 12:00:00,75.68000000000043,71.26639999999978,4.413600000000656
2023-12-23 13:00:00,71.04999999999865,64.87049079754566,6.179509202452991
2023-12-23 14:00:00,72.10000000000775,64.87049079754566,7.229509202462097
2023-12-23 15:00:00,66.20999999999577,62.49401515151501,3.7159848484807654
2023-12-23 16:00:00,75.87000000000688,63.28547901821038,12.584520981796501
2023-12-23 17:00:00,66.89999999999915,59.536310343676305,7.3636896563228476
2023-12-23 18:00:00,81.80999999999489,74.32023076923082,7.489769230764068
2023-12-23 19:00:00,81.77000000000174,82.76179765886273,-0.9917976588609889
2023-12-23 20:00:00,80.2600000000009,82.76179765886273,-2.5017976588618325
2023-12-23 21:00:00,90.30999999999548,82.76179765886273,7.54820234113275
2023-12-23 22:00:00,84.00000000000477,87.95446451096825,-3.9544645109634757
2023-12-23 23:00:00,79.98999999999435,87.95446451096825,-7.964464510973897
2023-12-24 00:00:00,75.95000000000243,60.15088501291983,15.799114987082604
2023-12-24 01:00:00,73.79000000000221,60.15088501291983,13.63911498708238
2023-12-24 02:00:00,54.119999999997496,60.58367713004438,-6.463677130046882
2023-12-24 03:00:00,51.59000000000245,44.97774671052643,6.6122532894760155
2023-12-24 04:00:00,45.63999999999186,44.97774671052643,0.6622532894654256
2023-12-24 05:00:00,43.68000000000242,44.97774671052643,-1.2977467105240095
2023-12-24 06:00:00,44.509999999996495,44.97774671052643,-0.4677467105299371
2023-12-24 07:00:00,46.15000000000481,44.97774671052643,1.1722532894783768
2023-12-24 08:00:00,53.809999999995625,52.69040706605195,1.1195929339436788
2023-12-24 09:00:00,64.85999999999981,67.41005477988763,-2.550054779887816
2023-12-24 10:00:00,70.50999999999533,53.04376033057825,17.466239669417078
2023-12-24 11:00:00,75.14999999999782,53.04376033057825,22.106239669419566
2023-12-24 12:00:00,73.06000000000208,54.84070175438577,18.219298245616308
2023-12-24 13:00:00,85.78000000000628,91.83200000000177,-6.051999999995488
2023-12-24 14:00:00,99.76000000000164,88.47410256410228,11.285897435899358
2023-12-24 15:00:00,83.15999999999389,53.59877358490583,29.561226415088058
2023-12-24 16:00:00,85.95000000000195,50.80142011834344,35.14857988165851
2023-12-24 17:00:00,79.86000000000334,95.27322580645057,-15.41322580644723
2023-12-24 18:00:00,80.20999999999754,68.28390243902432,11.926097560973218
2023-12-24 19:00:00,101.73000000000577,82.76179765886273,18.96820234114304
2023-12-24 20:00:00,90.83999999999949,82.76179765886273,8.078202341136759
2023-12-24 21:00:00,90.5599999999996,87.95446451096825,2.605535489031354
2023-12-24 22:00:00,83.77999999999861,87.95446451096825,-4.174464510969642
2023-12-24 23:00:00,81.12999999999968,82.50281786941558,-1.372817869415897
2023-12-25 00:00:00,74.56999999999792,63.28547901821038,11.284520981787537
2023-12-25 01:00:00,63.009999999995586,63.83023809523874,-0.8202380952431554
2023-12-25 02:00:00,53.0499999999991,44.97774671052643,8.07225328947267
2023-12-25 03:00:00,47.72999999999746,44.97774671052643,2.752253289471028
2023-12-25 04:00:00,46.04000000001008,63.28547901821038,-17.2454790182003
2023-12-25 05:00:00,43.12000000000546,44.97774671052643,-1.8577467105209706
2023-12-25 06:00:00,46.30999999999574,44.97774671052643,1.3322532894693069
2023-12-25 07:00:00,44.76999999999592,53.04376033057825,-8.273760330582334
2023-12-25 08:00:00,51.28999999999792,53.04376033057825,-1.7537603305803344
2023-12-25 09:00:00,63.91000000000736,53.04376033057825,10.866239669429106
2023-12-25 10:00:00,77.569999999998,67.41005477988763,10.159945220110373
2023-12-25 11:00:00,75.76000000000437,62.096249999999756,13.663750000004612
2023-12-25 12:00:00,75.11000000000195,62.096249999999756,13.01375000000219
2023-12-25 13:00:00,81.70000000000388,60.58367713004438,21.116322869959504
2023-12-25 14:00:00,82.50999999999414,64.12281250000024,18.3871874999939
2023-12-25 15:00:00,79.51000000000113,53.59877358490583,25.9112264150953
2023-12-25 16:00:00,82.87999999999622,50.80142011834344,32.07857988165278
2023-12-25 17:00:00,81.37000000000273,67.34121951219487,14.028780487807865
2023-12-25 18:00:00,95.54999999999649,74.32023076923082,21.22976923076567
2023-12-25 19:00:00,108.16000000000096,82.76179765886273,25.39820234113823
2023-12-25 20:00:00,96.44000000000344,82.76179765886273,13.678202341140704
2023-12-25 21:00:00,96.22000000000787,87.95446451096825,8.265535489039621
2023-12-25 22:00:00,91.14000000000209,87.95446451096825,3.185535489033839
2023-12-25 23:00:00,81.26000000000502,82.50281786941558,-1.2428178694105583
2023-12-26 00:00:00,76.14999999999714,80.11149999999958,-3.961500000002445
2023-12-26 01:00:00,67.36999999999918,61.313378378378005,6.056621621621176
2023-12-26 02:00:00,52.67000000000348,44.97774671052643,7.692253289477051
2023-12-26 03:00:00,46.76000000000221,44.97774671052643,1.7822532894757757
2023-12-26 04:00:00,41.87999999999889,44.97774671052643,-3.097746710527545
2023-12-26 05:00:00,39.66999999999746,44.97774671052643,-5.307746710528974
2023-12-26 06:00:00,42.88000000000642,44.97774671052643,-2.0977467105200134
2023-12-26 07:00:00,54.36999999999102,53.59877358490583,0.7712264150851951
2023-12-26 08:00:00,65.17000000000309,64.12281250000024,1.047187500002849
2023-12-26 09:00:00,69.02999999999273,55.62387605850626,13.406123941486463
2023-12-26 10:00:00,62.42000000000553,55.62387605850626,6.796123941499268
2023-12-26 11:00:00,55.94000000000179,62.096249999999756,-6.156249999997968
2023-12-26 12:00:00,62.79999999999674,55.62387605850626,7.176123941490481
2023-12-26 13:00:00,54.24999999998485,60.15088501291983,-5.900885012934978
2023-12-26 14:00:00,52.35999999999524,55.62387605850626,-3.2638760585110234
2023-12-26 15:00:00,56.520000000001914,60.58367713004438,-4.063677130042464
2023-12-26 16:00:00,57.16000000000142,70.17681818181848,-13.016818181817058
2023-12-26 17:00:00,71.01999999999654,63.28547901821038,7.7345209817861615
2023-12-26 18:00:00,72.29999999999504,66.22589108910881,6.074108910886224
2023-12-26 19:00:00,85.23000000000943,82.76179765886273,2.468202341146693
2023-12-26 20:00:00,92.13999999998416,82.76179765886273,9.378202341121423
2023-12-26 21:00:00,89.90000000000336,82.76179765886273,7.138202341140627
2023-12-26 22:00:00,90.71000000000734,78.07458167330687,12.635418326700474
2023-12-26 23:00:00,77.98999999999572,78.07458167330687,-0.08458167331114907
2023-12-27 00:00:00,68.48999999999671,67.02585714285696,1.4641428571397483
2023-12-27 01:00:00,63.51000000001065,67.02585714285696,-3.515857142846315
2023-12-27 02:00:00,48.10000000000008,44.97774671052643,3.1222532894736474
2023-12-27 03:00:00,45.2500000000006,44.97774671052643,0.2722532894741647
2023-12-27 04:00:00,43.29999999999714,44.97774671052643,-1.6777467105292914
2023-12-27 05:00:00,40.04000000000096,44.97774671052643,-4.937746710525474
2023-12-27 06:00:00,42.800000000007344,53.59877358490583,-10.798773584898484
2023-12-27 07:00:00,48.60999999999541,62.49401515151501,-13.884015151519598
2023-12-27 08:00:00,61.37999999999883,60.15088501291983,1.2291149870790008
2023-12-27 09:00:00,63.62000000000248,45.929207650273156,17.69079234972932
2023-12-27 10:00:00,60.89999999999549,63.28547901821038,-2.3854790182148946
2023-12-27 11:00:00,53.760000000005675,53.59877358490583,0.16122641509984703
2023-12-27 12:00:00,55.78999999999306,53.59877358490583,2.191226415087229
2023-12-27 13:00:00,58.070000000002864,63.28547901821038,-5.2154790182075175
2023-12-27 14:00:00,54.89000000000641,60.58367713004438,-5.693677130037969
2023-12-27 15:00:00,53.959999999993784,50.16126096491208,3.7987390350817023
2023-12-27 16:00:00,54.67000000000007,55.62387605850626,-0.9538760585061894
2023-12-27 17:00:00,66.23000000000653,63.28547901821038,2.9445209817961455
2023-12-27 18:00:00,80.70999999999427,68.28390243902432,12.42609756096995
2023-12-27 19:00:00,94.61000000000905,82.76179765886273,11.848202341146319
2023-12-27 20:00:00,89.69999999999109,87.95446451096825,1.745535489022842
2023-12-27 21:00:00,89.48000000000647,87.95446451096825,1.5255354890382193
2023-12-27 22:00:00,89.97999999999627,82.50281786941558,7.477182130580687
2023-12-27 23:00:00,84.28000000000509,78.07458167330687,6.205418326698222
2023-12-28 00:00:00,72.119999999991,67.02585714285696,5.094142857134031
2023-12-28 01:00:00,65.70999999999674,61.313378378378005,4.396621621618735
2023-12-28 02:00:00,47.609999999998536,38.80761762189895,8.802382378099587
2023-12-28 03:00:00,44.079999999999444,38.80761762189895,5.272382378100495
2023-12-28 04:00:00,38.58999999999051,38.80761762189895,-0.21761762190843825
2023-12-28 05:00:00,38.1200000000014,44.97774671052643,-6.857746710525035
2023-12-28 06:00:00,39.12999999999687,38.80761762189895,0.32238237809792025
2023-12-28 07:00:00,47.31000000000583,60.15088501291983,-12.840885012914
2023-12-28 08:00:00,61.43999999999252,66.61909591194944,-5.179095911956921
2023-12-28 09:00:00,67.67000000000348,70.17681818181848,-2.5068181818149924
2023-12-28 10:00:00,57.09000000000199,60.15088501291983,-3.0608850129178364
2023-12-28 11:00:00,54.76999999999995,60.15088501291983,-5.380885012919876
2023-12-28 12:00:00,51.04999999998867,63.28547901821038,-12.23547901822171
2023-12-28 13:00:00,53.540000000000276,50.22175824175773,3.318241758242543
2023-12-28 14:00:00,50.24000000000379,50.22175824175773,0.018241758246055895
2023-12-28 15:00:00,52.079999999999615,62.482767857142946,-10.402767857143331
2023-12-28 16:00:00,52.21999999999426,62.482767857142946,-10.262767857148688
2023-12-28 17:00:00,62.37000000000688,63.28547901821038,-0.9154790182034986
2023-12-28 18:00:00,73.81000000001427,68.28390243902432,5.526097560989953
2023-12-28 19:00:00,89.57999999999083,82.76179765886273,6.818202341128099
2023-12-28 20:00:00,89.9799999999999,82.76179765886273,7.218202341137172
2023-12-28 21:00:00,90.36999999999804,82.76179765886273,7.608202341135311
2023-12-28 22:00:00,83.98000000000283,82.76179765886273,1.218202341140099
2023-12-28 23:00:00,76.6300000000004,78.07458167330687,-1.4445816733064731
2023-12-29 00:00:00,68.03000000000102,67.02585714285696,1.0041428571440605
2023-12-29 01:00:00,55.19499999999448,63.28547901821038,-8.090479018215902
2023-12-29 02:00:00,48.33000000001215,63.28547901821038,-14.955479018198233
2023-12-29 03:00:00,44.93999999998155,38.80761762189895,6.132382378082603
2023-12-29 04:00:00,42.68000000000998,38.80761762189895,3.872382378111034
2023-12-29 05:00:00,40.09999999999343,38.80761762189895,1.29238237809448
2023-12-29 06:00:00,40.46999999999838,38.80761762189895,1.66238237809943
2023-12-29 07:00:00,47.00000000000182,50.22175824175773,-3.2217582417559143
2023-12-29 08:00:00,61.26999999999637,60.15088501291983,1.1191149870765429
2023-12-29 09:00:00,63.30000000001246,55.27402735562298,8.025972644389483
2023-12-29 10:00:00,52.26999999999228,50.16126096491208,2.108739035080198
2023-12-29 11:00:00,53.45999999999813,50.16126096491208,3.298739035086051
2023-12-29 12:00:00,57.3000000000103,55.65875000000006,1.6412500000102384
2023-12-29 13:00:00,55.994999999999095,55.65875000000006,0.3362499999990334
2023-12-29 14:00:00,57.93999999999747,63.28547901821038,-5.345479018212913
2023-12-29 15:00:00,68.20000000000655,52.69040706605195,15.509592933954607
2023-12-29 16:00:00,55.07999999999598,62.482767857142946,-7.402767857146969
2023-12-29 17:00:00,64.4800000000088,60.58367713004438,3.896322869964422
2023-12-29 18:00:00,77.77000000000177,68.28390243902432,9.486097560977456
2023-12-29 19:00:00,97.36000000000541,82.76179765886273,14.598202341142681
2023-12-29 20:00:00,94.2899999999942,87.95446451096825,6.335535489025943
2023-12-29 21:00:00,85.73000000000147,82.76179765886273,2.968202341138735
2023-12-29 22:00:00,86.41999999999604,82.76179765886273,3.658202341133304
2023-12-29 23:00:00,81.50000000000574,82.76179765886273,-1.2617976588569917
2023-12-30 00:00:00,73.07999999999339,67.02585714285696,6.054142857136426
2023-12-30 01:00:00,70.92000000001934,67.02585714285696,3.894142857162379
2023-12-30 02:00:00,53.18999999999676,38.80761762189895,14.382382378097809
2023-12-30 03:00:00,46.07999999999538,38.80761762189895,7.272382378096431
2023-12-30 04:00:00,43.000000000001876,38.80761762189895,4.192382378102927
2023-12-30 05:00:00,41.05999999999244,38.80761762189895,2.2523823780934933
2023-12-30 06:00:00,39.93000000000612,38.80761762189895,1.1223823781071687
2023-12-30 07:00:00,41.7799999999982,42.99379120879128,-1.2137912087930758
2023-12-30 08:00:00,46.40999999999798,45.929207650273156,0.48079234972482254
2023-12-30 09:00:00,62.010000000003316,61.29555555555591,0.714444444447409
2023-12-30 10:00:00,71.89999999999557,70.17681818181848,1.7231818181770961
2023-12-30 11:00:00,76.51000000000371,82.5966666666654,-6.086666666661685
2023-12-30 12:00:00,78.34999999999783,79.12358333333353,-0.7735833333356936
2023-12-30 13:00:00,87.02999999999918,66.61909591194944,20.410904088049733
2023-12-30 14:00:00,80.52000000000743,71.26639999999978,9.253600000007651
2023-12-30 15:00:00,81.10999999998796,73.79000000000539,7.319999999982571
2023-12-30 16:00:00,78.80000000001095,74.42625000000005,4.373750000010901
2023-12-30 17:00:00,84.74000000000024,66.61909591194944,18.120904088050793
2023-12-30 18:00:00,89.34000000000103,86.14636363636444,3.1936363636365854
2023-12-30 19:00:00,90.77000000000095,82.76179765886273,8.008202341138215
2023-12-30 20:00:00,91.55000000000388,82.76179765886273,8.788202341141144
2023-12-30 21:00:00,87.48999999999094,82.76179765886273,4.72820234112821
2023-12-30 22:00:00,87.940000000006,87.95446451096825,-0.014464510962255872
2023-12-30 23:00:00,76.29500000000999,78.07458167330687,-1.7795816732968746
2023-12-31 00:00:00,72.50000000000162,67.02585714285696,5.474142857144656
2023-12-31 01:00:00,70.20999999999592,56.443749999999035,13.76624999999688
2023-12-31 02:00:00,52.06999999999948,38.80761762189895,13.262382378100533
2023-12-31 03:00:00,44.93999999999957,38.80761762189895,6.132382378100623
2023-12-31 04:00:00,42.320000000007155,45.929207650273156,-3.6092076502660007
2023-12-31 05:00:00,39.53999999999783,53.04376033057825,-13.50376033058042
2023-12-31 06:00:00,38.2299999999976,45.929207650273156,-7.699207650275554
2023-12-31 07:00:00,42.10000000000443,63.28547901821038,-21.185479018205953
2023-12-31 08:00:00,44.97000000000377,42.99379120879128,1.9762087912124926
2023-12-31 09:00:00,57.16999999999888,66.61909591194944,-9.449095911950565
2023-12-31 10:00:00,68.22000000000634,67.41005477988763,0.8099452201187063
2023-12-31 11:00:00,79.03000000001092,59.536310343676305,19.49368965633461
2023-12-31 12:00:00,78.68999999999545,68.94038066465276,9.749619335342686
2023-12-31 13:00:00,72.24000000000544,60.15088501291983,12.089114987085608
2023-12-31 14:00:00,75.34999999999224,60.15088501291983,15.199114987072406
2023-12-31 15:00:00,77.61000000000533,63.28547901821038,14.324520981794947
2023-12-31 16:00:00,78.64999999999446,63.28547901821038,15.364520981784082
2023-12-31 17:00:00,77.71000000000225,63.28547901821038,14.424520981791872
2023-12-31 18:00:00,86.47999999999979,66.22589108910881,20.254108910890977
2023-12-31 19:00:00,87.8400000000048,82.50281786941558,5.337182130589227
2023-12-31 20:00:00,89.25000000000017,87.95446451096825,1.29553548903192
2023-12-31 21:00:00,85.08000000000229,82.50281786941558,2.5771821305867064
2023-12-31 22:00:00,87.34000000000202,82.50281786941558,4.8371821305864415
2023-12-31 23:00:00,81.0599999999979,82.76179765886273,-1.7017976588648338
2024-01-01 00:00:00,80.0700000000019,67.02585714285696,13.044142857144934
2024-01-01 01:00:00,72.41999999998836,67.02585714285696,5.394142857131399
2024-01-01 02:00:00,55.610000000005385,60.15088501291983,-4.540885012914444
2024-01-01 03:00:00,47.12000000000077,44.97774671052643,2.14225328947434
2024-01-01 04:00:00,43.7200000000054,38.80761762189895,4.91238237810645
2024-01-01 05:00:00,39.989999999993046,63.28547901821038,-23.295479018217335
2024-01-01 06:00:00,39.43000000000162,52.69040706605195,-13.260407066050327
2024-01-01 07:00:00,40.19999999999928,52.69040706605195,-12.490407066052668
2024-01-01 08:00:00,41.24999999999622,45.929207650273156,-4.679207650276936
2024-01-01 09:00:00,57.39999999999574,59.536310343676305,-2.136310343680563
2024-01-01 10:00:00,69.56999999999758,82.5966666666654,-13.026666666667822
2024-01-01 11:00:00,71.35000000000443,50.64750000000012,20.702500000004306
2024-01-01 12:00:00,79.06999999999326,53.59877358490583,25.47122641508743
2024-01-01 13:00:00,83.30000000000572,63.28547901821038,20.014520981795343
2024-01-01 14:00:00,78.42999999999691,63.28547901821038,15.144520981786528
2024-01-01 15:00:00,80.12000000000396,60.15088501291983,19.969114987084126
2024-01-01 16:00:00,76.59000000000069,64.87049079754566,11.71950920245503
2024-01-01 17:00:00,81.61000000000135,120.4336363636388,-38.82363636363745
2024-01-01 18:00:00,91.10000000000102,74.32023076923082,16.7797692307702
2024-01-01 19:00:00,93.5999999999959,82.76179765886273,10.838202341133169
2024-01-01 20:00:00,92.24999999999827,82.50281786941558,9.747182130582686
2024-01-01 21:00:00,100.24000000000385,82.76179765886273,17.478202341141113
2024-01-01 22:00:00,104.94999999999263,82.76179765886273,22.188202341129895
2024-01-01 23:00:00,81.47999999999033,78.07458167330687,3.40541832668346
2024-01-02 00:00:00,67.830000000007,68.94038066465276,-1.11038066464576
2024-01-02 01:00:00,61.390000000005415,63.28547901821038,-1.8954790182049663
2024-01-02 02:00:00,47.099999999998175,38.80761762189895,8.292382378099227
2024-01-02 03:00:00,43.11000000000067,38.80761762189895,4.3023823781017185
2024-01-02 04:00:00,40.990000000004414,55.27402735562298,-14.284027355618562
2024-01-02 05:00:00,38.14999999999682,38.80761762189895,-0.6576176219021264
2024-01-02 06:00:00,38.67999999999378,38.80761762189895,-0.12761762190516635
2024-01-02 07:00:00,51.32000000001389,50.22175824175773,1.098241758256158
2024-01-02 08:00:00,56.179999999995545,60.58367713004438,-4.403677130048834
2024-01-02 09:00:00,58.61000000000743,55.27402735562298,3.335972644384455
2024-01-02 10:00:00,56.37000000000083,63.28547901821038,-6.9154790182095525
2024-01-02 11:00:00,58.799999999999415,62.49401515151501,-3.6940151515155932
2024-01-02 12:00:00,63.03999999999721,53.59877358490583,9.441226415091378
2024-01-02 13:00:00,63.950000000003314,50.80142011834344,13.148579881659877
2024-01-02 14:00:00,59.43999999999372,50.80142011834344,8.63857988165028
2024-01-02 15:00:00,58.6800000000039,60.58367713004438,-1.903677130040478
2024-01-02 16:00:00,58.01499999999717,52.69040706605195,5.324592933945226
2024-01-02 17:00:00,63.02999999999324,63.28547901821038,-0.25547901821714447
2024-01-02 18:00:00,70.30000000000913,74.32023076923082,-4.020230769221683
2024-01-02 19:00:00,90.15999999999295,82.76179765886273,7.398202341130215
2024-01-02 20:00:00,86.7600000000069,87.95446451096825,-1.1944645109613532
2024-01-02 21:00:00,88.35999999999805,82.76179765886273,5.59820234113532
2024-01-02 22:00:00,87.95999999999643,78.07458167330687,9.88541832668956
2024-01-02 23:00:00,79.19999999999467,78.07458167330687,1.1254183266878073
2024-01-03 00:00:00,71.25000000000531,60.15088501291983,11.099114987085485
2024-01-03 01:00:00,66.38000000000406,61.313378378378005,5.066621621626055
2024-01-03 02:00:00,48.55999999999878,44.97774671052643,3.582253289472348
2024-01-03 03:00:00,42.370000000010265,44.97774671052643,-2.6077467105161674
2024-01-03 04:00:00,40.30999999999389,38.80761762189895,1.5023823780949428
2024-01-03 05:00:00,39.87999999999934,38.80761762189895,1.072382378100393
2024-01-03 06:00:00,38.47000000000102,63.28547901821038,-24.81547901820936
2024-01-03 07:00:00,46.82000000000065,50.22175824175773,-3.4017582417570864
2024-01-03 08:00:00,57.72000000000364,67.34121951219487,-9.621219512191232
2024-01-03 09:00:00,66.21000000000416,86.48833333333249,-20.278333333328334
2024-01-03 10:00:00,61.389999999997514,63.28547901821038,-1.8954790182128676
2024-01-03 11:00:00,56.299999999999415,63.28547901821038,-6.985479018210967
2024-01-03 12:00:00,58.7200000000079,63.28547901821038,-4.565479018202481
2024-01-03 13:00:00,63.50000000000321,55.62387605850626,7.8761239414969495
2024-01-03 14:00:00,63.11999999999793,55.62387605850626,7.496123941491668
2024-01-03 15:00:00,62.469999999994485,63.28547901821038,-0.8154790182158962
2024-01-03 16:00:00,59.970000000006024,50.80142011834344,9.168579881662588
2024-01-03 17:00:00,60.649999999997675,53.59877358490583,7.051226415091847
2024-01-03 18:00:00,75.8599999999997,66.22589108910881,9.634108910890888
2024-01-03 19:00:00,87.8800000000052,82.76179765886273,5.118202341142464
2024-01-03 20:00:00,94.54999999999549,82.76179765886273,11.78820234113276
2024-01-03 21:00:00,95.32000000000792,82.76179765886273,12.55820234114519
2024-01-03 22:00:00,84.76999999999757,82.76179765886273,2.008202341134833
2024-01-03 23:00:00,79.13999999999638,82.76179765886273,-3.621797658866356
2024-01-04 00:00:00,70.5000000000039,67.02585714285696,3.47414285714693
2024-01-04 01:00:00,55.35999999999461,63.83023809523874,-8.470238095244127
2024-01-04 02:00:00,48.80999999999946,38.80761762189895,10.002382378100513
2024-01-04 03:00:00,48.900000000003644,38.80761762189895,10.092382378104695
2024-01-04 04:00:00,41.3499999999984,38.80761762189895,2.542382378099454
2024-01-04 05:00:00,40.66999999999152,38.80761762189895,1.862382378092569
2024-01-04 06:00:00,40.54000000000448,63.28547901821038,-22.7454790182059
2024-01-04 07:00:00,52.80999999999844,62.49401515151501,-9.684015151516569
2024-01-04 08:00:00,58.53000000001052,60.58367713004438,-2.0536771300338614
2024-01-04 09:00:00,60.06999999999627,60.15088501291983,-0.08088501292355943
2024-01-04 10:00:00,59.389999999998935,63.28547901821038,-3.8954790182114465
2024-01-04 11:00:00,58.18000000000157,50.22175824175773,7.958241758243837
2024-01-04 12:00:00,46.820000000000505,63.28547901821038,-16.465479018209876
2024-01-04 13:00:00,51.97999999999601,55.62387605850626,-3.6438760585102514
2024-01-04 14:00:00,50.29999999999936,55.62387605850626,-5.3238760585069045
2024-01-04 15:00:00,54.10000000000227,50.22175824175773,3.8782417582445348
2024-01-04 16:00:00,59.8600000000059,52.69040706605195,7.16959293395395
2024-01-04 17:00:00,58.449999999991775,52.69040706605195,5.759592933939828
2024-01-04 18:00:00,66.92000000000237,66.22589108910881,0.6941089108935614
2024-01-04 19:00:00,76.20000000000786,78.07458167330687,-1.874581673299005
2024-01-04 20:00:00,77.90999999999516,78.07458167330687,-0.1645816733117016
2024-01-04 21:00:00,82.18999999999826,78.07458167330687,4.1154183266913975
2024-01-04 22:00:00,86.46000000000222,82.76179765886273,3.698202341139492
2024-01-04 23:00:00,75.46999999999574,78.07458167330687,-2.604581673311131
2024-01-05 00:00:00,71.1799999999927,67.02585714285696,4.154142857135739
2024-01-05 01:00:00,61.600000000009686,61.313378378378005,0.2866216216316815
2024-01-05 02:00:00,48.05000000000152,44.97774671052643,3.0722532894750856
2024-01-05 03:00:00,43.58999999999875,44.97774671052643,-1.3877467105276793
2024-01-05 04:00:00,39.33999999999892,38.80761762189895,0.5323823780999746
2024-01-05 05:00:00,41.79999999999623,38.80761762189895,2.9923823780972825
2024-01-05 06:00:00,41.94000000000253,38.80761762189895,3.1323823781035784
2024-01-05 07:00:00,38.07000000000485,62.49401515151501,-24.424015151510154
2024-01-05 08:00:00,55.97999999999817,67.41005477988763,-11.43005477988946
2024-01-05 09:00:00,75.30999999999787,63.28547901821038,12.02452098178749
2024-01-05 10:00:00,68.89000000000166,55.62387605850626,13.266123941495401
2024-01-05 11:00:00,57.199999999996095,55.62387605850626,1.5761239414898327
2024-01-05 12:00:00,57.41999999999629,50.80142011834344,6.618579881652856
2024-01-05 13:00:00,62.29000000000397,52.69040706605195,9.599592933952025
2024-01-05 14:00:00,53.87000000000384,52.69040706605195,1.179592933951895
2024-01-05 15:00:00,64.33999999999602,55.27402735562298,9.065972644373048
2024-01-05 16:00:00,59.47999999999698,55.27402735562298,4.205972644374
2024-01-05 17:00:00,60.54000000000073,66.61909591194944,-6.079095911948713
2024-01-05 18:00:00,73.91000000001063,68.40999999999983,5.5000000000108
2024-01-05 19:00:00,81.84000000000967,78.07458167330687,3.7654183267028003
2024-01-05 20:00:00,81.59999999998641,78.07458167330687,3.5254183266795422
2024-01-05 21:00:00,91.61999999999458,78.07458167330687,13.54541832668771
2024-01-05 22:00:00,89.03000000001336,78.07458167330687,10.955418326706493
2024-01-05 23:00:00,84.13000000000542,78.07458167330687,6.0554183266985575
2024-01-06 00:00:00,71.67999999999537,80.11149999999958,-8.431500000004206
2024-01-06 01:00:00,63.74500000000515,53.04376033057825,10.701239669426897
2024-01-06 02:00:00,50.72999999999527,44.97774671052643,5.75225328946884
2024-01-06 03:00:00,46.79999999999623,63.28547901821038,-16.48547901821415
2024-01-06 04:00:00,45.3200000000015,38.80761762189895,6.512382378102551
2024-01-06 05:00:00,38.939999999997184,38.80761762189895,0.13238237809823516
2024-01-06 06:00:00,41.15999999999431,38.80761762189895,2.3523823780953634
2024-01-06 07:00:00,45.949999999998255,42.99379120879128,2.9562087912069757
2024-01-06 08:00:00,53.409999999999826,60.15088501291983,-6.740885012920003
2024-01-06 09:00:00,63.63999999999001,64.87049079754566,-1.230490797555646
2024-01-06 10:00:00,63.29000000000249,60.15088501291983,3.139114987082664
2024-01-06 11:00:00,65.64000000000098,70.17681818181848,-4.536818181817495
2024-01-06 12:00:00,80.39000000000041,71.26639999999978,9.123600000000636
2024-01-06 13:00:00,75.52999999999625,60.58367713004438,14.94632286995187
2024-01-06 14:00:00,73.18000000000424,67.02585714285696,6.154142857147278
2024-01-06 15:00:00,69.43999999999485,66.61909591194944,2.8209040880454097
2024-01-06 16:00:00,69.05000000000379,63.28547901821038,5.76452098179341
2024-01-06 17:00:00,63.74000000000936,88.47410256410228,-24.73410256409292
2024-01-06 18:00:00,74.46499999998858,74.32023076923082,0.14476923075775971
2024-01-06 19:00:00,85.51999999999836,78.07458167330687,7.445418326691495
2024-01-06 20:00:00,96.01000000000207,82.50281786941558,13.507182130586486
2024-01-06 21:00:00,96.3000000000051,78.07458167330687,18.225418326698232
2024-01-06 22:00:00,84.96000000000433,78.07458167330687,6.885418326697462
2024-01-06 23:00:00,81.6849999999994,78.07458167330687,3.610418326692539
2024-01-07 00:00:00,75.30000000000021,67.02585714285696,8.274142857143246
2024-01-07 01:00:00,64.09000000000415,60.15088501291983,3.9391149870843236
2024-01-07 02:00:00,50.07999999999109,38.80761762189895,11.27238237809214
2024-01-07 03:00:00,46.420000000006695,38.80761762189895,7.612382378107746
2024-01-07 04:00:00,44.16999999999669,38.80761762189895,5.362382378097742
2024-01-07 05:00:00,39.14000000000382,38.80761762189895,0.3323823781048745
2024-01-07 06:00:00,39.75999999999394,60.15088501291983,-20.390885012925892
2024-01-07 07:00:00,40.16000000000011,42.99379120879128,-2.833791208791169
2024-01-07 08:00:00,47.76000000000502,45.929207650273156,1.8307923497318654
2024-01-07 09:00:00,63.4799999999955,60.15088501291983,3.3291149870756698
2024-01-07 10:00:00,67.18999999999468,60.15088501291983,7.0391149870748535
2024-01-07 11:00:00,71.99000000000868,63.28547901821038,8.704520981798296
2024-01-07 12:00:00,80.7600000000003,70.17681818181848,10.583181818181828
2024-01-07 13:00:00,82.84999999999471,67.41005477988763,15.439945220107077
2024-01-07 14:00:00,75.33000000000501,55.27402735562298,20.055972644382038
2024-01-07 15:00:00,72.85000000000159,42.99379120879128,29.856208791210307
2024-01-07 16:00:00,72.40999999999568,52.69040706605195,19.71959293394373
2024-01-07 17:00:00,67.24000000000572,71.26639999999978,-4.026399999994055
2024-01-07 18:00:00,78.48999999999236,66.22589108910881,12.26410891088355
2024-01-07 19:00:00,93.26999999999853,82.50281786941558,10.767182130582952
2024-01-07 20:00:00,90.89000000000325,87.95446451096825,2.9355354890350043
2024-01-07 21:00:00,89.53999999999414,87.95446451096825,1.5855354890258866
2024-01-07 22:00:00,85.08000000000735,82.76179765886273,2.3182023411446124
2024-01-07 23:00:00,80.40999999999414,82.76179765886273,-2.351797658868591
2024-01-08 00:00:00,67.99000000000441,64.87049079754566,3.119509202458758
2024-01-08 01:00:00,60.82499999998598,53.04376033057825,7.781239669407725
2024-01-08 02:00:00,47.84000000000955,44.97774671052643,2.862253289483121
2024-01-08 03:00:00,42.230000000001695,60.58367713004438,-18.353677130042684
2024-01-08 04:00:00,41.17000000000135,38.80761762189895,2.362382378102403
2024-01-08 05:00:00,40.869999999988664,38.80761762189895,2.0623823780897155
2024-01-08 06:00:00,42.00999999999746,38.80761762189895,3.2023823780985126
2024-01-08 07:00:00,44.840000000000515,50.22175824175773,-5.381758241757218
2024-01-08 08:00:00,59.210000000003134,67.02585714285696,-7.8158571428538295
2024-01-08 09:00:00,60.820000000005535,60.15088501291983,0.669114987085706
2024-01-08 10:00:00,60.18999999999684,50.22175824175773,9.96824175823911
2024-01-08 11:00:00,54.975000000004314,50.22175824175773,4.753241758246581
2024-01-08 12:00:00,46.72999999999931,63.28547901821038,-16.555479018211074
2024-01-08 13:00:00,67.24999999999997,50.22175824175773,17.02824175824224
2024-01-08 14:00:00,59.97000000000858,55.27402735562298,4.695972644385606
2024-01-08 15:00:00,63.520000000004615,60.15088501291983,3.369114987084785
2024-01-08 16:00:00,57.38999999999814,55.27402735562298,2.1159726443751623
2024-01-08 17:00:00,55.13999999999564,71.26639999999978,-16.12640000000414
2024-01-08 18:00:00,77.6500000000016,71.70444444444364,5.945555555557959
2024-01-08 19:00:00,81.77000000000331,82.76179765886273,-0.9917976588594257
2024-01-08 20:00:00,100.28999999999527,87.95446451096825,12.335535489027023
2024-01-08 21:00:00,89.49999999999594,82.76179765886273,6.738202341133203
2024-01-08 22:00:00,84.7999999999956,82.76179765886273,2.038202341132873
2024-01-08 23:00:00,77.31000000000412,82.76179765886273,-5.4517976588586095
2024-01-09 00:00:00,64.68000000000646,67.41005477988763,-2.730054779881172
2024-01-09 01:00:00,61.53000000000182,53.04376033057825,8.486239669423568
2024-01-09 02:00:00,45.27000000000149,44.97774671052643,0.292253289475056
2024-01-09 03:00:00,42.03000000000057,38.80761762189895,3.2223823781016208
2024-01-09 04:00:00,41.41999999999817,38.80761762189895,2.6123823780992197
2024-01-09 05:00:00,39.9799999999976,38.80761762189895,1.1723823780986535
2024-01-09 06:00:00,41.569999999996384,38.80761762189895,2.762382378097435
2024-01-09 07:00:00,48.180000000004185,49.156562499999964,-0.9765624999957794
2024-01-09 08:00:00,57.17499999999947,60.58367713004438,-3.4086771300449072
2024-01-09 09:00:00,62.97000000000227,60.15088501291983,2.8191149870824432
2024-01-09 10:00:00,58.43999999999775,60.15088501291983,-1.710885012922077
2024-01-09 11:00:00,50.93999999999451,50.22175824175773,0.718241758236779
2024-01-09 12:00:00,57.22000000000756,53.59877358490583,3.621226415101731
2024-01-09 13:00:00,57.39999999999256,63.28547901821038,-5.885479018217822
2024-01-09 14:00:00,60.18000000000498,60.15088501291983,0.029114987085151256
2024-01-09 15:00:00,63.80999999999298,63.28547901821038,0.5245209817826009
2024-01-09 16:00:00,62.080000000006436,52.69040706605195,9.38959293395449
2024-01-09 17:00:00,62.37999999999627,52.69040706605195,9.689592933944326
2024-01-09 18:00:00,75.15999999999721,66.22589108910881,8.934108910888398
2024-01-09 19:00:00,87.48000000001807,82.76179765886273,4.718202341155333
2024-01-09 20:00:00,93.89999999999131,82.76179765886273,11.138202341128576
2024-01-09 21:00:00,87.9100000000009,82.76179765886273,5.148202341138173
2024-01-09 22:00:00,83.41000000000824,82.76179765886273,0.648202341145506
2024-01-09 23:00:00,85.48999999999504,78.07458167330687,7.415418326688169
2024-01-10 00:00:00,67.74999999999775,88.47410256410228,-20.724102564104527
2024-01-10 01:00:00,59.33000000002093,60.15088501291983,-0.8208850128988985
2024-01-10 02:00:00,47.209999999996995,63.28547901821038,-16.075479018213386
2024-01-10 03:00:00,46.97999999999038,52.69040706605195,-5.710407066061563
2024-01-10 04:00:00,40.43999999999792,38.80761762189895,1.6323823780989741
2024-01-10 05:00:00,39.73999999999873,52.69040706605195,-12.950407066053216
2024-01-10 06:00:00,40.91000000000187,38.80761762189895,2.1023823781029236
2024-01-10 07:00:00,52.95000000000286,60.58367713004438,-7.633677130041519
2024-01-10 08:00:00,58.73000000000397,60.58367713004438,-1.8536771300404098
2024-01-10 09:00:00,61.43999999999349,60.15088501291983,1.2891149870736598
2024-01-10 10:00:00,63.68000000000339,60.15088501291983,3.5291149870835596
2024-01-10 11:00:00,55.35999999999942,63.28547901821038,-7.9254790182109645
2024-01-10 12:00:00,60.24999999999832,53.59877358490583,6.651226415092495
2024-01-10 13:00:00,62.05000000000476,60.15088501291983,1.8991149870849284
2024-01-10 14:00:00,63.48000000000158,50.22175824175773,13.258241758243848
2024-01-10 15:00:00,62.92999999999901,60.15088501291983,2.7791149870791827
2024-01-10 16:00:00,64.0599999999969,55.27402735562298,8.785972644373928
2024-01-10 17:00:00,62.7999999999939,68.94038066465276,-6.1403806646588635
2024-01-10 18:00:00,74.15000000000279,119.55000000000146,-45.39999999999867
2024-01-10 19:00:00,92.54000000000141,82.50281786941558,10.037182130585833
2024-01-10 20:00:00,107.08999999999625,82.76179765886273,24.32820234113352
2024-01-10 21:00:00,95.53999999999681,87.95446451096825,7.585535489028558
2024-01-10 22:00:00,91.01999999999802,82.50281786941558,8.517182130582441
2024-01-10 23:00:00,88.31999999999815,82.50281786941558,5.817182130582566
2024-01-11 00:00:00,70.12999999998587,67.02585714285696,3.104142857128906
2024-01-11 01:00:00,62.74000000000089,53.04376033057825,9.696239669422638
2024-01-11 02:00:00,44.56999999999985,44.97774671052643,-0.40774671052658107
2024-01-11 03:00:00,46.29999999999828,44.97774671052643,1.3222532894718455
2024-01-11 04:00:00,42.92499999999987,63.28547901821038,-20.360479018210512
2024-01-11 05:00:00,40.11000000000237,38.80761762189895,1.3023823781034238
2024-01-11 06:00:00,42.729999999993964,63.28547901821038,-20.555479018216417
2024-01-11 07:00:00,49.22000000000772,49.156562499999964,0.06343750000775827
2024-01-11 08:00:00,56.01500000000729,60.58367713004438,-4.568677130037088
2024-01-11 09:00:00,59.529999999996136,55.27402735562298,4.255972644373159
2024-01-11 10:00:00,59.86999999999867,55.27402735562298,4.595972644375692
2024-01-11 11:00:00,51.54999999999504,64.87049079754566,-13.320490797550619
2024-01-11 12:00:00,54.219999999998805,64.87049079754566,-10.650490797546851
2024-01-11 13:00:00,58.949999999999505,55.27402735562298,3.675972644376529
2024-01-11 14:00:00,52.29999999999259,60.15088501291983,-7.850885012927236
2024-01-11 15:00:00,58.30000000001033,52.69040706605195,5.609592933958382
2024-01-11 16:00:00,56.49000000000021,95.27322580645057,-38.78322580645036
2024-01-11 17:00:00,66.86000000000124,71.26639999999978,-4.406399999998541
2024-01-11 18:00:00,71.00000000000026,66.22589108910881,4.774108910891442
2024-01-11 19:00:00,82.86999999999804,87.95446451096825,-5.084464510970207
2024-01-11 20:00:00,94.78000000000313,82.76179765886273,12.018202341140395
2024-01-11 21:00:00,84.56000000000304,87.95446451096825,-3.394464510965207
2024-01-11 22:00:00,87.45000000000161,78.07458167330687,9.375418326694742
2024-01-11 23:00:00,83.60999999999999,78.07458167330687,5.535418326693119
2024-01-12 00:00:00,70.5100000000007,67.41005477988763,3.099945220113071
2024-01-12 01:00:00,62.26499999999723,67.02585714285696,-4.760857142859734
2024-01-12 02:00:00,48.13999999999126,52.69040706605195,-4.550407066060686
2024-01-12 03:00:00,41.45000000000087,52.69040706605195,-11.240407066051077
2024-01-12 04:00:00,43.30000000000754,52.69040706605195,-9.390407066044403
2024-01-12 05:00:00,38.83499999999415,52.69040706605195,-13.855407066057793
2024-01-12 06:00:00,43.53999999999601,63.28547901821038,-19.74547901821437
2024-01-12 07:00:00,49.69000000000105,62.096249999999756,-12.406249999998707
2024-01-12 08:00:00,54.60999999998589,67.41005477988763,-12.800054779901743
2024-01-12 09:00:00,56.48999999999816,63.28547901821038,-6.79547901821222
2024-01-12 10:00:00,62.81000000000452,63.28547901821038,-0.4754790182058599
2024-01-12 11:00:00,53.28000000000472,63.28547901821038,-10.005479018205662
2024-01-12 12:00:00,58.97999999999618,50.80142011834344,8.178579881652745
2024-01-12 13:00:00,61.70000000000837,50.80142011834344,10.898579881664936
2024-01-12 14:00:00,56.11999999999958,63.28547901821038,-7.165479018210803
2024-01-12 15:00:00,59.669999999994246,63.28547901821038,-3.615479018216135
2024-01-12 16:00:00,66.89000000000064,63.28547901821038,3.604520981790259
2024-01-12 17:00:00,67.34000000000574,67.02585714285696,0.31414285714878076
2024-01-12 18:00:00,80.01999999998921,68.28390243902432,11.736097560964893
2024-01-12 19:00:00,90.43000000001123,121.03777777777944,-30.607777777768206
2024-01-12 20:00:00,89.2499999999977,82.76179765886273,6.488202341134965
2024-01-12 21:00:00,86.01999999999745,82.76179765886273,3.2582023411347194
2024-01-12 22:00:00,82.14000000000746,82.76179765886273,-0.6217976588552716
2024-01-12 23:00:00,80.01999999999916,82.76179765886273,-2.7417976588635753
2024-01-13 00:00:00,80.19999999999854,67.02585714285696,13.174142857141575
2024-01-13 01:00:00,68.38000000000156,76.22500000000124,-7.844999999999686
2024-01-13 02:00:00,50.440000000003664,44.97774671052643,5.462253289477232
2024-01-13 03:00:00,45.19999999999871,44.97774671052643,0.22225328947227752
2024-01-13 04:00:00,42.200000000002916,38.80761762189895,3.3923823781039673
2024-01-13 05:00:00,38.12000000000572,38.80761762189895,-0.6876176218932315
2024-01-13 06:00:00,40.77999999999744,38.80761762189895,1.9723823780984944
2024-01-13 07:00:00,43.45999999999927,42.99379120879128,0.46620879120798975
2024-01-13 08:00:00,51.92999999999935,45.929207650273156,6.000792349726197
2024-01-13 09:00:00,57.4399999999994,60.15088501291983,-2.7108850129204285
2024-01-13 10:00:00,63.10000000000409,59.536310343676305,3.5636896563277816
2024-01-13 11:00:00,65.1400000000007,64.87049079754566,0.2695092024550405
2024-01-13 12:00:00,66.31999999999337,67.41005477988763,-1.0900547798942597
2024-01-13 13:00:00,67.73000000000283,82.5966666666654,-14.866666666662567
2024-01-13 14:00:00,71.41999999999862,88.47410256410228,-17.05410256410366
2024-01-13 15:00:00,70.80999999999997,66.61909591194944,4.19090408805053
2024-01-13 16:00:00,68.03999999999914,68.94038066465276,-0.9003806646536248
2024-01-13 17:00:00,65.23000000000403,88.47410256410228,-23.244102564098256
2024-01-13 18:00:00,72.68000000000197,71.70444444444364,0.97555555555833
2024-01-13 19:00:00,84.63000000000093,82.50281786941558,2.1271821305853535
2024-01-13 20:00:00,84.31000000000537,87.95446451096825,-3.6444645109628766
2024-01-13 21:00:00,87.69999999999746,87.95446451096825,-0.2544645109707915
2024-01-13 22:00:00,90.58000000000041,87.95446451096825,2.62553548903216
2024-01-13 23:00:00,77.16999999999243,78.07458167330687,-0.9045816733144392
2024-01-14 00:00:00,71.6600000000004,60.15088501291983,11.509114987080565
2024-01-14 01:00:00,62.310000000003726,60.15088501291983,2.159114987083896
2024-01-14 02:00:00,49.589999999992216,63.28547901821038,-13.695479018218165
2024-01-14 03:00:00,42.43999999999883,63.28547901821038,-20.84547901821155
2024-01-14 04:00:00,39.9500000000061,38.80761762189895,1.1423823781071505
2024-01-14 05:00:00,39.239999999996684,38.80761762189895,0.43238237809773494
2024-01-14 06:00:00,37.63999999999905,44.97774671052643,-7.337746710527384
2024-01-14 07:00:00,38.57000000000257,44.97774671052643,-6.40774671052386
2024-01-14 08:00:00,43.80000000000061,42.99379120879128,0.806208791209329
2024-01-14 09:00:00,55.01000000000417,60.58367713004438,-5.57367713004021
2024-01-14 10:00:00,62.739999999992875,82.5966666666654,-19.856666666672524
2024-01-14 11:00:00,75.4800000000046,59.536310343676305,15.943689656328289
2024-01-14 12:00:00,73.98999999999617,88.47410256410228,-14.48410256410611
2024-01-14 13:00:00,83.91000000001142,91.83200000000177,-7.921999999990348
2024-01-14 14:00:00,82.01999999999256,66.61909591194944,15.40090408804312
2024-01-14 15:00:00,79.22000000000102,82.5966666666654,-3.376666666664377
2024-01-14 16:00:00,80.78999999999652,63.28547901821038,17.504520981786143
2024-01-14 17:00:00,80.20000000000888,60.58367713004438,19.616322869964506
2024-01-14 18:00:00,84.23999999998827,74.32023076923082,9.919769230757453
2024-01-14 19:00:00,92.97000000000466,82.50281786941558,10.46718213058908
2024-01-14 20:00:00,98.41999999999976,87.95446451096825,10.46553548903151
2024-01-14 21:00:00,92.25999999999763,87.95446451096825,4.305535489029381
2024-01-14 22:00:00,87.17000000000078,87.95446451096825,-0.7844645109674673
2024-01-14 23:00:00,78.05000000000175,82.50281786941558,-4.452817869413835
2024-01-15 00:00:00,66.4699999999967,60.58367713004438,5.886322869952323
2024-01-15 01:00:00,64.14999999999989,60.58367713004438,3.5663228699555134
2024-01-15 02:00:00,45.57999999999734,60.58367713004438,-15.003677130047038
2024-01-15 03:00:00,40.01999999999739,38.80761762189895,1.2123823780984395
2024-01-15 04:00:00,38.19999999999814,38.80761762189895,-0.6076176219008076
2024-01-15 05:00:00,35.910000000002725,38.80761762189895,-2.8976176218962237
2024-01-15 06:00:00,40.879999999993544,38.80761762189895,2.072382378094595
2024-01-15 07:00:00,45.44999999999655,62.49401515151501,-17.044015151518458
2024-01-15 08:00:00,54.559999999994744,67.02585714285696,-12.46585714286222
2024-01-15 09:00:00,67.93000000000362,60.58367713004438,7.346322869959238
2024-01-15 10:00:00,56.63000000000207,60.15088501291983,-3.520885012917759
2024-01-15 11:00:00,50.604999999998796,63.28547901821038,-12.680479018211585
2024-01-15 12:00:00,56.55999999999645,63.28547901821038,-6.725479018213932
2024-01-15 13:00:00,65.58999999999813,63.28547901821038,2.3045209817877463
2024-01-15 14:00:00,59.44000000001577,63.28547901821038,-3.8454790181946095
2024-01-15 15:00:00,64.1400000000007,63.28547901821038,0.8545209817903157
2024-01-15 16:00:00,61.71999999999261,45.929207650273156,15.790792349719453
2024-01-15 17:00:00,59.34000000000023,88.47410256410228,-29.13410256410205
2024-01-15 18:00:00,70.31000000000628,68.28390243902432,2.0260975609819667
2024-01-15 19:00:00,87.72999999999607,82.76179765886273,4.968202341133335
2024-01-15 20:00:00,88.31999999999877,82.76179765886273,5.558202341136038
2024-01-15 21:00:00,88.54999999999191,82.76179765886273,5.788202341129178
2024-01-15 22:00:00,83.72000000000244,82.76179765886273,0.9582023411397103
2024-01-15 23:00:00,75.4300000000006,82.76179765886273,-7.331797658862129
2024-01-16 00:00:00,67.15999999999283,67.02585714285696,0.13414285713587049
2024-01-16 01:00:00,68.13999999999649,63.28547901821038,4.854520981786109
2024-01-16 02:00:00,46.519999999992905,38.80761762189895,7.712382378093956
2024-01-16 03:00:00,40.97000000000557,38.80761762189895,2.1623823781066207
2024-01-16 04:00:00,37.50000000000463,38.80761762189895,-1.307617621894316
2024-01-16 05:00:00,38.50999999999786,38.80761762189895,-0.29761762190108954
2024-01-16 06:00:00,38.92000000000084,38.80761762189895,0.11238237810189133
2024-01-16 07:00:00,42.73999999999788,73.448541666667,-30.70854166666912
2024-01-16 08:00:00,60.05000000000612,67.02585714285696,-6.975857142850842
2024-01-16 09:00:00,53.30999999998997,59.536310343676305,-6.226310343686336
2024-01-16 10:00:00,54.15000000001024,63.28547901821038,-9.135479018200144
2024-01-16 11:00:00,53.52999999999784,63.28547901821038,-9.75547901821254
2024-01-16 12:00:00,55.31000000000441,63.28547901821038,-7.975479018205974
2024-01-16 13:00:00,54.719999999994485,60.15088501291983,-5.430885012925344
2024-01-16 14:00:00,53.150000000004326,63.28547901821038,-10.135479018206055
2024-01-16 15:00:00,61.919999999995156,62.096249999999756,-0.17625000000460034
2024-01-16 16:00:00,57.54999999999367,63.28547901821038,-5.735479018216708
2024-01-16 17:00:00,54.7299999999976,52.69040706605195,2.0395929339456558
2024-01-16 18:00:00,70.5599999999944,66.22589108910881,4.33410891088559
2024-01-16 19:00:00,90.40000000000154,87.95446451096825,2.44553548903329
2024-01-16 20:00:00,80.400000000002,87.95446451096825,-7.554464510966255
2024-01-16 21:00:00,79.34999999999926,82.50281786941558,-3.1528178694163245
2024-01-16 22:00:00,87.37000000000111,82.50281786941558,4.867182130585533
2024-01-16 23:00:00,76.45000000000019,78.07458167330687,-1.624581673306679
2024-01-17 00:00:00,67.06999999998922,60.58367713004438,6.486322869944843
2024-01-17 01:00:00,65.350000000005,60.15088501291983,5.199114987085167
2024-01-17 02:00:00,47.160000000005226,67.02585714285696,-19.865857142851738
2024-01-17 03:00:00,47.95000000000178,38.80761762189895,9.14238237810283
2024-01-17 04:00:00,40.92999999999378,38.80761762189895,2.1223823780948337
2024-01-17 05:00:00,36.97000000000125,38.80761762189895,-1.8376176218976994
2024-01-17 06:00:00,40.86999999999816,38.80761762189895,2.0623823780992083
2024-01-17 07:00:00,44.7000000000028,50.22175824175773,-5.521758241754931
2024-01-17 08:00:00,53.090000000000856,67.02585714285696,-13.935857142856108
2024-01-17 09:00:00,64.23999999999987,64.87049079754566,-0.6304907975457894
2024-01-17 10:00:00,59.069999999999226,50.22175824175773,8.848241758241493
2024-01-17 11:00:00,52.53999999999857,65.576530612245,-13.036530612246423
2024-01-17 12:00:00,60.370000000006684,63.28547901821038,-2.9154790182036976
2024-01-17 13:00:00,59.34000000000478,63.28547901821038,-3.945479018205603
2024-01-17 14:00:00,62.32999999999706,63.28547901821038,-0.9554790182133246
2024-01-17 15:00:00,65.7199999999942,63.28547901821038,2.4345209817838196
2024-01-17 16:00:00,64.4600000000024,64.87049079754566,-0.410490797543261
2024-01-17 17:00:00,68.50000000000423,63.28547901821038,5.214520981793854
2024-01-17 18:00:00,85.29999999999646,68.28390243902432,17.016097560972142
2024-01-17 19:00:00,89.79000000000886,82.76179765886273,7.028202341146127
2024-01-17 20:00:00,90.47999999999124,82.76179765886273,7.718202341128503
2024-01-17 21:00:00,90.82500000000064,82.76179765886273,8.06320234113791
2024-01-17 22:00:00,89.27000000000712,87.95446451096825,1.315535489038865
2024-01-17 23:00:00,90.0500000000014,87.95446451096825,2.0955354890331535
2024-01-18 00:00:00,68.9099999999921,67.02585714285696,1.8841428571351315
2024-01-18 01:00:00,59.11000000000317,63.83023809523874,-4.7202380952355725
2024-01-18 02:00:00,44.85999999999572,60.15088501291983,-15.290885012924107
2024-01-18 03:00:00,40.41999999999561,38.80761762189895,1.6123823780966617
2024-01-18 04:00:00,42.250000000011454,38.80761762189895,3.442382378112505
2024-01-18 05:00:00,37.7799999999971,38.80761762189895,-1.0276176219018467
2024-01-18 06:00:00,38.75000000001168,38.80761762189895,-0.05761762188726749
2024-01-18 07:00:00,45.5499999999964,62.49401515151501,-16.944015151518606
2024-01-18 08:00:00,61.869999999996736,66.61909591194944,-4.749095911952708
2024-01-18 09:00:00,59.109999999993335,62.096249999999756,-2.9862500000064216
2024-01-18 10:00:00,58.53000000000159,67.41005477988763,-8.880054779886038
2024-01-18 11:00:00,60.04999999999254,50.80142011834344,9.2485798816491
2024-01-18 12:00:00,60.60999999999879,63.28547901821038,-2.6754790182115897
2024-01-18 13:00:00,59.00000000000219,50.80142011834344,8.198579881658752
2024-01-18 14:00:00,58.43999999999804,70.17681818181848,-11.73681818182044
2024-01-18 15:00:00,57.57999999999342,60.15088501291983,-2.5708850129264107
2024-01-18 16:00:00,61.400000000002734,60.15088501291983,1.2491149870829048
2024-01-18 17:00:00,61.92999999999378,60.58367713004438,1.3463228699494039
2024-01-18 18:00:00,75.23000000000658,66.22589108910881,9.00410891089777
2024-01-18 19:00:00,85.13000000000048,95.39399999999978,-10.2639999999993
2024-01-18 20:00:00,83.93999999999855,87.95446451096825,-4.014464510969702
2024-01-18 21:00:00,85.46999999999869,87.95446451096825,-2.484464510969559
2024-01-18 22:00:00,85.4900000000035,82.50281786941558,2.987182130587925
2024-01-18 23:00:00,76.51999999999563,82.76179765886273,-6.2417976588671
2024-01-19 00:00:00,71.59000000000444,67.02585714285696,4.564142857147473
2024-01-19 01:00:00,58.180000000000376,67.02585714285696,-8.845857142856588
2024-01-19 02:00:00,51.550000000001745,38.80761762189895,12.742382378102796
2024-01-19 03:00:00,43.2000000000036,38.80761762189895,4.392382378104649
2024-01-19 04:00:00,41.579999999999615,38.80761762189895,2.772382378100666
2024-01-19 05:00:00,38.43999999999633,38.80761762189895,-0.3676176219026175
2024-01-19 06:00:00,40.9000000000008,44.97774671052643,-4.077746710525631
2024-01-19 07:00:00,46.90999999999892,44.97774671052643,1.9322532894724844
2024-01-19 08:00:00,55.529999999995795,60.58367713004438,-5.053677130048584
2024-01-19 09:00:00,59.97999999999146,53.04376033057825,6.936239669413212
2024-01-19 10:00:00,61.26000000001105,60.15088501291983,1.1091149870912176
2024-01-19 11:00:00,63.82999999999916,63.28547901821038,0.5445209817887786
2024-01-19 12:00:00,58.94999999999865,67.41005477988763,-8.460054779888978
2024-01-19 13:00:00,64.02000000000348,63.28547901821038,0.7345209817930964
2024-01-19 14:00:00,61.42000000000442,52.69040706605195,8.729592933952475
2024-01-19 15:00:00,65.70000000000002,63.28547901821038,2.414520981789636
2024-01-19 16:00:00,59.97999999999067,52.69040706605195,7.289592933938721
2024-01-19 17:00:00,58.710000000000804,52.69040706605195,6.019592933948857
2024-01-19 18:00:00,68.7600000000086,68.28390243902432,0.4760975609842859
2024-01-19 19:00:00,84.13999999999928,82.76179765886273,1.378202341136543
2024-01-19 20:00:00,83.95000000000883,82.76179765886273,1.188202341146095
2024-01-19 21:00:00,80.68999999999872,82.76179765886273,-2.071797658864014
2024-01-19 22:00:00,92.37000000000407,82.76179765886273,9.608202341141336
2024-01-19 23:00:00,81.28999999999641,82.76179765886273,-1.471797658866322
2024-01-20 00:00:00,76.81000000000577,67.41005477988763,9.399945220118141
2024-01-20 01:00:00,62.899999999996425,61.313378378378005,1.58662162161842
2024-01-20 02:00:00,48.320000000006445,44.97774671052643,3.3422532894800128
2024-01-20 03:00:00,47.629999999994624,44.97774671052643,2.6522532894681916
2024-01-20 04:00:00,40.770000000002625,38.80761762189895,1.9623823781036762
2024-01-20 05:00:00,38.619999999988885,38.80761762189895,-0.18761762191006426
2024-01-20 06:00:00,37.91000000000432,52.69040706605195,-14.78040706604763
2024-01-20 07:00:00,41.56000000000117,42.99379120879128,-1.4337912087901117
2024-01-20 08:00:00,47.87999999999655,60.15088501291983,-12.27088501292328
2024-01-20 09:00:00,55.38000000000389,64.87049079754566,-9.490490797541767
2024-01-20 10:00:00,68.93999999999252,64.87049079754566,4.069509202446866
2024-01-20 11:00:00,65.52999999999335,95.27322580645057,-29.743225806457218
2024-01-20 12:00:00,70.06000000000543,70.17681818181848,-0.11681818181304493
2024-01-20 13:00:00,73.40000000000103,70.17681818181848,3.223181818182553
2024-01-20 14:00:00,68.22999999999789,67.41005477988763,0.819945220110256
2024-01-20 15:00:00,69.3500000000009,67.41005477988763,1.9399452201132732
2024-01-20 16:00:00,75.37000000000236,67.41005477988763,7.959945220114733
2024-01-20 17:00:00,68.03999999998885,67.02585714285696,1.014142857131887
2024-01-20 18:00:00,76.39000000000172,68.28390243902432,8.106097560977403
2024-01-20 19:00:00,90.51000000000917,82.76179765886273,7.748202341146438
2024-01-20 20:00:00,89.45999999999779,82.50281786941558,6.957182130582211
2024-01-20 21:00:00,92.35000000000022,82.50281786941558,9.847182130584642
2024-01-20 22:00:00,91.11999999999423,82.50281786941558,8.617182130578655
2024-01-20 23:00:00,80.50000000000048,82.76179765886273,-2.2617976588622497
2024-01-21 00:00:00,69.54000000000306,70.17681818181848,-0.6368181818154142
2024-01-21 01:00:00,59.98000000000732,60.15088501291983,-0.1708850129125068
2024-01-21 02:00:00,47.65000000000029,60.15088501291983,-12.50088501291954
2024-01-21 03:00:00,43.04999999999765,38.80761762189895,4.2423823780987036
2024-01-21 04:00:00,38.84000000000415,38.80761762189895,0.03238237810520417
2024-01-21 05:00:00,37.34000000000324,38.80761762189895,-1.4676176218957053
2024-01-21 06:00:00,38.38000000000622,44.97774671052643,-6.597746710520212
2024-01-21 07:00:00,39.749999999996334,42.99379120879128,-3.2437912087949456
2024-01-21 08:00:00,43.209999999996874,60.15088501291983,-16.940885012922955
2024-01-21 09:00:00,56.77000000000348,67.02585714285696,-10.255857142853486
2024-01-21 10:00:00,70.29999999999316,64.87049079754566,5.429509202447505
2024-01-21 11:00:00,71.86000000001215,64.87049079754566,6.989509202466493
2024-01-21 12:00:00,76.44999999999689,67.41005477988763,9.03994522010926
2024-01-21 13:00:00,81.279999999995,67.41005477988763,13.869945220107368
2024-01-21 14:00:00,79.4700000000091,67.41005477988763,12.059945220121463
2024-01-21 15:00:00,72.7599999999974,63.28547901821038,9.474520981787023
2024-01-21 16:00:00,75.13999999999223,74.42625000000005,0.7137499999921744
2024-01-21 17:00:00,85.82000000000428,74.42625000000005,11.393750000004232
2024-01-21 18:00:00,92.15999999999602,74.32023076923082,17.8397692307652
2024-01-21 19:00:00,96.88000000000895,82.50281786941558,14.377182130593368
2024-01-21 20:00:00,99.77999999999386,82.76179765886273,17.01820234113113
2024-01-21 21:00:00,88.91999999999635,82.50281786941558,6.41718213058077
2024-01-21 22:00:00,91.98000000000056,82.50281786941558,9.477182130584978
2024-01-21 23:00:00,90.20000000000604,82.50281786941558,7.697182130590463
2024-01-22 00:00:00,75.23000000000073,53.04376033057825,22.186239669422477
2024-01-22 01:00:00,57.93000000000333,61.313378378378005,-3.3833783783746725
2024-01-22 02:00:00,47.819999999997805,44.97774671052643,2.8422532894713726
2024-01-22 03:00:00,42.510000000002634,44.97774671052643,-2.467746710523798
2024-01-22 04:00:00,43.94000000000014,38.80761762189895,5.132382378101191
2024-01-22 05:00:00,39.31000000000253,38.80761762189895,0.502382378103583
2024-01-22 06:00:00,38.83000000000479,38.80761762189895,0.02238237810583854
2024-01-22 07:00:00,44.93999999998968,62.096249999999756,-17.156250000010075
2024-01-22 08:00:00,55.18000000000015,60.15088501291983,-4.97088501291968
2024-01-22 09:00:00,53.80000000000743,60.15088501291983,-6.3508850129124
2024-01-22 10:00:00,50.78999999999323,63.28547901821038,-12.495479018217154
2024-01-22 11:00:00,49.250000000004974,50.22175824175773,-0.9717582417527595
2024-01-22 12:00:00,56.579999999994214,53.59877358490583,2.9812264150883863
2024-01-22 13:00:00,61.44999999999882,63.28547901821038,-1.835479018211558
2024-01-22 14:00:00,66.49000000000885,63.28547901821038,3.204520981798467
2024-01-22 15:00:00,62.349999999992605,62.096249999999756,0.25374999999284853
2024-01-22 16:00:00,62.99999999999781,64.87049079754566,-1.8704907975478449
2024-01-22 17:00:00,64.07000000000122,68.94038066465276,-4.870380664651549
2024-01-22 18:00:00,77.1000000000021,68.28390243902432,8.81609756097778
2024-01-22 19:00:00,87.73999999999907,82.76179765886273,4.978202341136338
2024-01-22 20:00:00,95.38999999999825,82.76179765886273,12.62820234113552
2024-01-22 21:00:00,88.8299999999966,82.76179765886273,6.068202341133869
2024-01-22 22:00:00,92.600000000003,82.50281786941558,10.097182130587427
2024-01-22 23:00:00,84.7400000000118,78.07458167330687,6.665418326704938
2024-01-23 00:00:00,75.20999999999938,70.17681818181848,5.033181818180907
2024-01-23 01:00:00,63.379999999991384,60.15088501291983,3.2291149870715543
2024-01-23 02:00:00,51.01999999999819,60.58367713004438,-9.563677130046187
2024-01-23 03:00:00,37.109999999996575,38.80761762189895,-1.6976176219023742
2024-01-23 04:00:00,42.280000000004605,38.80761762189895,3.4723823781056566
2024-01-23 05:00:00,46.23999999999583,38.80761762189895,7.432382378096882
2024-01-23 06:00:00,43.69999999999769,38.80761762189895,4.892382378098738
2024-01-23 07:00:00,49.199999999996315,49.156562499999964,0.04343749999635094
2024-01-23 08:00:00,55.08000000000189,55.27402735562298,-0.1940273556210883
2024-01-23 09:00:00,57.569999999996554,60.15088501291983,-2.580885012923275
2024-01-23 10:00:00,56.979999999998284,53.04376033057825,3.936239669420033
2024-01-23 11:00:00,55.90999999999829,45.929207650273156,9.980792349725135
2024-01-23 12:00:00,52.95000000000752,67.41005477988763,-14.46005477988011
2024-01-23 13:00:00,62.22999999999453,67.41005477988763,-5.180054779893098
2024-01-23 14:00:00,65.10000000000562,67.41005477988763,-2.310054779882009
2024-01-23 15:00:00,55.45000000000314,60.15088501291983,-4.700885012916686
2024-01-23 16:00:00,59.229999999998796,60.15088501291983,-0.9208850129210333
2024-01-23 17:00:00,67.22999999999828,67.41005477988763,-0.18005477988934615
2024-01-23 18:00:00,73.18999999999161,68.28390243902432,4.9060975609672965
2024-01-23 19:00:00,87.84000000000887,82.76179765886273,5.078202341146138
2024-01-23 20:00:00,88.36999999999617,87.95446451096825,0.41553548902791704
2024-01-23 21:00:00,91.79000000000454,82.76179765886273,9.028202341141807
2024-01-23 22:00:00,83.3699999999948,82.50281786941558,0.8671821305792236
2024-01-23 23:00:00,75.41999999999692,82.50281786941558,-7.082817869418662
2024-01-24 00:00:00,73.06999999998172,67.02585714285696,6.044142857124754
2024-01-24 01:00:00,67.18999999999798,63.28547901821038,3.9045209817875985
2024-01-24 02:00:00,51.989999999995376,44.97774671052643,7.012253289468944
2024-01-24 03:00:00,44.79000000000328,38.80761762189895,5.982382378104333
2024-01-24 04:00:00,42.4499999999924,38.80761762189895,3.6423823780934512
2024-01-24 05:00:00,41.03999999999692,63.28547901821038,-22.24547901821346
2024-01-24 06:00:00,42.97999999999652,38.80761762189895,4.1723823780975735
2024-01-24 07:00:00,48.30500000000629,50.22175824175773,-1.9167582417514453
2024-01-24 08:00:00,57.30000000000538,60.15088501291983,-2.8508850129144463
2024-01-24 09:00:00,56.32999999999166,67.41005477988763,-11.080054779895974
2024-01-24 10:00:00,56.89000000000297,60.15088501291983,-3.2608850129168587
2024-01-24 11:00:00,52.940000000001675,63.28547901821038,-10.345479018208707
2024-01-24 12:00:00,52.05999999999838,60.15088501291983,-8.090885012921447
2024-01-24 13:00:00,53.21999999999994,67.41005477988763,-14.190054779887689
2024-01-24 14:00:00,56.00999999999428,67.41005477988763,-11.400054779893352
2024-01-24 15:00:00,52.93999999999372,60.15088501291983,-7.210885012926113
2024-01-24 16:00:00,57.06999999999968,66.61909591194944,-9.549095911949763
2024-01-24 17:00:00,56.07999999999478,60.15088501291983,-4.0708850129250465
2024-01-24 18:00:00,67.55000000000055,68.28390243902432,-0.7339024390237654
2024-01-24 19:00:00,82.55000000000533,82.76179765886273,-0.21179765885740665
2024-01-24 20:00:00,85.15999999999005,82.76179765886273,2.398202341127316
2024-01-24 21:00:00,87.3800000000031,82.50281786941558,4.877182130587514
2024-01-24 22:00:00,93.44999999999814,82.50281786941558,10.947182130582561
2024-01-24 23:00:00,79.5599999999977,82.76179765886273,-3.2017976588650328
2024-01-25 00:00:00,72.03000000000142,67.41005477988763,4.619945220113792
2024-01-25 01:00:00,67.49999999999105,63.28547901821038,4.214520981780666
2024-01-25 02:00:00,48.12999999999735,63.28547901821038,-15.155479018213029
2024-01-25 03:00:00,43.71000000000382,38.80761762189895,4.902382378104868
2024-01-25 04:00:00,41.55000000000009,38.80761762189895,2.7423823781011407
2024-01-25 05:00:00,43.40999999999727,38.80761762189895,4.602382378098319
2024-01-25 06:00:00,44.87999999999815,38.80761762189895,6.072382378099199
2024-01-25 07:00:00,38.57000000000639,49.156562499999964,-10.586562499993576
2024-01-25 08:00:00,53.75999999999917,60.58367713004438,-6.823677130045212
2024-01-25 09:00:00,60.8899999999999,60.15088501291983,0.7391149870800717
2024-01-25 10:00:00,55.55999999998923,60.58367713004438,-5.023677130055148
2024-01-25 11:00:00,52.71999999999801,62.096249999999756,-9.376250000001747
2024-01-25 12:00:00,51.59000000000671,60.15088501291983,-8.560885012913118
2024-01-25 13:00:00,59.79999999999998,62.096249999999756,-2.296249999999773
2024-01-25 14:00:00,59.169999999997486,50.22175824175773,8.948241758239753
2024-01-25 15:00:00,62.20000000000303,62.482767857142946,-0.28276785713991615
2024-01-25 16:00:00,61.44000000000298,50.80142011834344,10.638579881659545
2024-01-25 17:00:00,64.43999999999423,50.80142011834344,13.638579881650791
2024-01-25 18:00:00,70.88999999998984,71.70444444444364,-0.8144444444537982
2024-01-25 19:00:00,87.41000000000545,82.76179765886273,4.648202341142721
2024-01-25 20:00:00,91.72000000000483,82.76179765886273,8.958202341142098
2024-01-25 21:00:00,91.32000000000059,82.76179765886273,8.558202341137857
2024-01-25 22:00:00,90.62999999999514,82.76179765886273,7.8682023411324025
2024-01-25 23:00:00,85.23000000000152,82.76179765886273,2.4682023411387917
2024-01-26 00:00:00,77.55000000000675,67.02585714285696,10.524142857149783
2024-01-26 01:00:00,60.949999999990354,60.15088501291983,0.7991149870705243
2024-01-26 02:00:00,51.01000000000087,44.97774671052643,6.03225328947444
2024-01-26 03:00:00,41.53000000000881,38.80761762189895,2.722382378109863
2024-01-26 04:00:00,38.88000000000048,38.80761762189895,0.07238237810152981
2024-01-26 05:00:00,37.77999999999801,38.80761762189895,-1.0276176219009372
2024-01-26 06:00:00,41.85000000000045,50.272458143074495,-8.422458143074046
2024-01-26 07:00:00,46.95000000000593,63.28547901821038,-16.335479018204452
2024-01-26 08:00:00,56.72000000000415,63.28547901821038,-6.565479018206233
2024-01-26 09:00:00,58.58000000000172,45.929207650273156,12.650792349728562
2024-01-26 10:00:00,54.1399999999978,60.15088501291983,-6.0108850129220315
2024-01-26 11:00:00,55.3400000000012,60.15088501291983,-4.810885012918632
2024-01-26 12:00:00,53.67999999999287,67.41005477988763,-13.730054779894758
2024-01-26 13:00:00,64.8499999999951,52.69040706605195,12.15959293394316
2024-01-26 14:00:00,70.36999999999702,50.80142011834344,19.568579881653584
2024-01-26 15:00:00,72.20000000000172,52.69040706605195,19.509592933949776
2024-01-26 16:00:00,68.95999999999796,63.28547901821038,5.67452098178758
2024-01-26 17:00:00,63.539999999990044,67.34121951219487,-3.801219512204824
2024-01-26 18:00:00,78.30000000000447,119.55000000000146,-41.24999999999699
2024-01-26 19:00:00,91.31999999999547,82.76179765886273,8.558202341132741
2024-01-26 20:00:00,92.15999999999573,82.76179765886273,9.398202341133
2024-01-26 21:00:00,85.04000000000494,82.76179765886273,2.2782023411422045
2024-01-26 22:00:00,83.71000000000285,82.76179765886273,0.9482023411401173
2024-01-26 23:00:00,79.96000000000217,82.76179765886273,-2.801797658860565
2024-01-27 00:00:00,65.91000000000165,80.11149999999958,-14.201499999997935
2024-01-27 01:00:00,66.17000000000016,60.15088501291983,6.019114987080329
2024-01-27 02:00:00,50.50000000001452,44.97774671052643,5.522253289488091
2024-01-27 03:00:00,47.00999999998996,44.97774671052643,2.032253289463526
2024-01-27 04:00:00,41.560000000005374,38.80761762189895,2.752382378106425
2024-01-27 05:00:00,39.510000000012354,38.80761762189895,0.7023823781134055
2024-01-27 06:00:00,40.93999999999434,38.80761762189895,2.132382378095393
2024-01-27 07:00:00,45.57000000000059,52.69040706605195,-7.1204070660513565
2024-01-27 08:00:00,51.22000000000625,60.58367713004438,-9.363677130038127
2024-01-27 09:00:00,61.00999999999257,64.87049079754566,-3.8604907975530836
2024-01-27 10:00:00,67.77000000000518,67.34121951219487,0.4287804878103145
2024-01-27 11:00:00,65.58999999998727,68.94038066465276,-3.3503806646654937
2024-01-27 12:00:00,77.09000000000671,63.28547901821038,13.80452098179633
2024-01-27 13:00:00,75.03000000000142,67.02585714285696,8.004142857144458
2024-01-27 14:00:00,70.56000000000378,73.448541666667,-2.8885416666632153
2024-01-27 15:00:00,68.14999999999688,67.02585714285696,1.1241428571399155
2024-01-27 16:00:00,70.89999999999256,67.02585714285696,3.8741428571355954
2024-01-27 17:00:00,66.15000000000677,67.02585714285696,-0.8758571428501938
2024-01-27 18:00:00,72.2499999999985,68.28390243902432,3.966097560974177
2024-01-27 19:00:00,83.21000000000387,82.50281786941558,0.7071821305882935
2024-01-27 20:00:00,82.88000000000099,87.95446451096825,-5.07446451096726
2024-01-27 21:00:00,89.90999999999516,82.76179765886273,7.148202341132432
2024-01-27 22:00:00,91.94000000000435,82.76179765886273,9.178202341141613
2024-01-27 23:00:00,79.09999999999545,82.76179765886273,-3.661797658867286
2024-01-28 00:00:00,72.7200000000008,60.15088501291983,12.569114987080965
2024-01-28 01:00:00,71.62000000000316,60.15088501291983,11.46911498708333
2024-01-28 02:00:00,54.749999999989626,53.04376033057825,1.7062396694113744
2024-01-28 03:00:00,45.86999999999827,44.97774671052643,0.8922532894718387
2024-01-28 04:00:00,39.72000000002285,44.97774671052643,-5.257746710503582
2024-01-28 05:00:00,38.90000000000046,38.80761762189895,0.09238237810151162
2024-01-28 06:00:00,36.05000000000311,38.80761762189895,-2.7576176218958395
2024-01-28 07:00:00,37.76999999999859,42.99379120879128,-5.22379120879269
2024-01-28 08:00:00,45.390000000005074,42.99379120879128,2.3962087912137946
2024-01-28 09:00:00,61.779999999997216,42.99379120879128,18.786208791205937
2024-01-28 10:00:00,71.56999999999582,60.15088501291983,11.419114987075986
2024-01-28 11:00:00,72.06000000000503,64.87049079754566,7.1895092024593765
2024-01-28 12:00:00,79.17999999999503,63.28547901821038,15.894520981784652
2024-01-28 13:00:00,79.12000000000077,67.41005477988763,11.709945220113141
2024-01-28 14:00:00,75.88000000000395,62.096249999999756,13.78375000000419
2024-01-28 15:00:00,71.95000000000275,79.12358333333353,-7.173583333330782
2024-01-28 16:00:00,76.23999999999134,63.28547901821038,12.95452098178096
2024-01-28 17:00:00,67.489999999996,62.096249999999756,5.3937499999962455
2024-01-28 18:00:00,84.74000000000328,66.22589108910881,18.514108910894464
2024-01-28 19:00:00,88.31999999999752,82.50281786941558,5.817182130581941
2024-01-28 20:00:00,90.90000000000211,82.76179765886273,8.138202341139376
2024-01-28 21:00:00,94.41999999999959,87.95446451096825,6.465535489031339
2024-01-28 22:00:00,101.27999999999778,87.95446451096825,13.325535489029534
2024-01-28 23:00:00,81.33000000000217,82.50281786941558,-1.1728178694134073
2024-01-29 00:00:00,66.69999999999433,60.15088501291983,6.549114987074503
2024-01-29 01:00:00,56.84000000000432,63.28547901821038,-6.445479018206058
2024-01-29 02:00:00,53.309999999996734,44.97774671052643,8.332253289470302
2024-01-29 03:00:00,44.86000000001181,63.28547901821038,-18.425479018198573
2024-01-29 04:00:00,40.739999999996115,38.80761762189895,1.9323823780971665
2024-01-29 05:00:00,40.81000000000333,38.80761762189895,2.002382378104379
2024-01-29 06:00:00,39.86999999999679,38.80761762189895,1.062382378097844
2024-01-29 07:00:00,48.94999999999672,50.22175824175773,-1.2717582417610132
2024-01-29 08:00:00,56.03000000000131,62.096249999999756,-6.066249999998448
2024-01-29 09:00:00,51.42999999999503,60.15088501291983,-8.720885012924796
2024-01-29 10:00:00,58.43000000000481,45.929207650273156,12.500792349731654
2024-01-29 11:00:00,50.46000000000353,67.02585714285696,-16.56585714285343
2024-01-29 12:00:00,58.56999999999138,50.80142011834344,7.768579881647945
2024-01-29 13:00:00,72.34999999999556,63.28547901821038,9.06452098178518
2024-01-29 14:00:00,60.939999999998435,63.28547901821038,-2.3454790182119467
2024-01-29 15:00:00,63.179999999993555,60.15088501291983,3.0291149870737257
2024-01-29 16:00:00,59.98000000000238,50.22175824175773,9.758241758244644
2024-01-29 17:00:00,62.60000000000363,68.94038066465276,-6.340380664649132
2024-01-29 18:00:00,81.43999999999366,68.28390243902432,13.156097560969343
2024-01-29 19:00:00,90.54000000000164,82.76179765886273,7.778202341138908
2024-01-29 20:00:00,90.23000000000363,82.50281786941558,7.727182130588048
2024-01-29 21:00:00,90.55000000000106,82.50281786941558,8.047182130585483
2024-01-29 22:00:00,85.99000000000021,82.50281786941558,3.4871821305846282
2024-01-29 23:00:00,76.94000000000048,82.50281786941558,-5.562817869415099
2024-01-30 00:00:00,66.74999999999463,67.02585714285696,-0.27585714286233554
2024-01-30 01:00:00,61.47999999999976,67.02585714285696,-5.545857142857201
2024-01-30 02:00:00,48.900000000000745,60.15088501291983,-11.250885012919085
2024-01-30 03:00:00,43.02000000000052,44.97774671052643,-1.9577467105259103
2024-01-30 04:00:00,42.64999999999688,44.97774671052643,-2.327746710529553
2024-01-30 05:00:00,38.56999999999809,44.97774671052643,-6.407746710528343
2024-01-30 06:00:00,38.210000000005806,52.69040706605195,-14.48040706604614
2024-01-30 07:00:00,46.42000000000266,50.22175824175773,-3.801758241755074
2024-01-30 08:00:00,54.82000000000343,55.27402735562298,-0.45402735561954444
2024-01-30 09:00:00,59.69999999999638,55.27402735562298,4.425972644373402
2024-01-30 10:00:00,55.04500000000027,55.27402735562298,-0.22902735562270493
2024-01-30 11:00:00,50.57999999999819,52.69040706605195,-2.110407066053753
2024-01-30 12:00:00,51.13500000000235,50.80142011834344,0.3335798816589133
2024-01-30 13:00:00,57.529999999998466,67.41005477988763,-9.880054779889164
2024-01-30 14:00:00,56.089999999996365,50.80142011834344,5.288579881652929
2024-01-30 15:00:00,57.439999999998435,59.536310343676305,-2.096310343677871
2024-01-30 16:00:00,61.99000000000066,63.28547901821038,-1.2954790182097184
2024-01-30 17:00:00,60.38000000000656,63.28547901821038,-2.9054790182038204
2024-01-30 18:00:00,70.5299999999963,68.28390243902432,2.2460975609719895
2024-01-30 19:00:00,91.30000000000072,82.76179765886273,8.538202341137989
2024-01-30 20:00:00,83.55999999999605,87.95446451096825,-4.394464510972199
2024-01-30 21:00:00,84.0400000000088,82.76179765886273,1.27820234114607
2024-01-30 22:00:00,84.21999999999852,82.76179765886273,1.458202341135788
2024-01-30 23:00:00,77.64000000000439,82.76179765886273,-5.121797658858341
2024-01-31 00:00:00,72.88000000000929,67.02585714285696,5.8541428571523255
2024-01-31 01:00:00,70.90999999999346,67.02585714285696,3.8841428571364958
2024-01-31 02:00:00,49.96000000000183,53.04376033057825,-3.0837603305764247
2024-01-31 03:00:00,47.71999999999477,45.929207650273156,1.7907923497216132
2024-01-31 04:00:00,44.590000000002505,38.80761762189895,5.782382378103556
2024-01-31 05:00:00,37.65999999999397,38.80761762189895,-1.1476176219049776
2024-01-31 06:00:00,41.07999999999808,38.80761762189895,2.272382378099131
2024-01-31 07:00:00,44.0599999999973,50.22175824175773,-6.161758241760431
2024-01-31 08:00:00,53.47000000000591,60.15088501291983,-6.680885012913919
2024-01-31 09:00:00,57.699999999994674,60.15088501291983,-2.4508850129251556
2024-01-31 10:00:00,54.789999999998685,63.28547901821038,-8.495479018211697
2024-01-31 11:00:00,55.98999999999123,60.15088501291983,-4.160885012928603
2024-01-31 12:00:00,54.11000000000317,63.28547901821038,-9.175479018207213
2024-01-31 13:00:00,52.250000000000995,63.28547901821038,-11.035479018209386
2024-01-31 14:00:00,56.73000000000579,60.15088501291983,-3.4208850129140416
2024-01-31 15:00:00,57.690000000003096,70.17681818181848,-12.48681818181538
2024-01-31 16:00:00,58.249999999983025,60.15088501291983,-1.9008850129368042
2024-01-31 17:00:00,53.290000000007325,55.27402735562298,-1.9840273556156518
2024-01-31 18:00:00,65.02999999999517,66.22589108910881,-1.195891089113644
2024-01-31 19:00:00,86.26000000001395,82.76179765886273,3.498202341151213
2024-01-31 20:00:00,89.54999999998901,82.50281786941558,7.047182130573432
2024-01-31 21:00:00,84.5400000000005,82.76179765886273,1.7782023411377708
2024-01-31 22:00:00,82.47000000000193,82.50281786941558,-0.03281786941364828
2024-01-31 23:00:00,77.30999999999321,82.50281786941558,-5.19281786942237
2024-02-01 00:00:00,68.98999999999702,79.83074468085213,-10.84074468085511
2024-02-01 01:00:00,67.92000000000277,53.04376033057825,14.876239669424521
2024-02-01 02:00:00,45.99999999999724,44.97774671052643,1.022253289470811
2024-02-01 03:00:00,41.61000000000601,53.04376033057825,-11.433760330572241
2024-02-01 04:00:00,38.23999999999418,60.58367713004438,-22.343677130050196
2024-02-01 05:00:00,37.269999999995974,52.69040706605195,-15.420407066055972
2024-02-01 06:00:00,43.50000000000907,38.80761762189895,4.692382378110118
2024-02-01 07:00:00,46.03999999999982,49.156562499999964,-3.1165625000001427
2024-02-01 08:00:00,53.59999999999772,60.58367713004438,-6.983677130046658
2024-02-01 09:00:00,56.45000000000434,60.58367713004438,-4.1336771300400414
2024-02-01 10:00:00,59.05999999999548,55.62387605850626,3.436123941489221
2024-02-01 11:00:00,53.29999999999447,63.28547901821038,-9.985479018215912
2024-02-01 12:00:00,60.92000000000664,63.28547901821038,-2.365479018203743
2024-02-01 13:00:00,65.85000000000272,63.28547901821038,2.5645209817923416
2024-02-01 14:00:00,65.22000000000023,63.28547901821038,1.934520981789845
2024-02-01 15:00:00,53.39999999999006,63.28547901821038,-9.885479018220323
2024-02-01 16:00:00,58.12000000000771,52.69040706605195,5.42959293395576
2024-02-01 17:00:00,60.899999999997675,52.69040706605195,8.209592933945729
2024-02-01 18:00:00,65.250000000001,68.28390243902432,-3.033902439023322
2024-02-01 19:00:00,78.27999999999403,82.76179765886273,-4.4817976588687
2024-02-01 20:00:00,88.17000000000459,82.76179765886273,5.408202341141859
2024-02-01 21:00:00,84.51000000000747,82.76179765886273,1.748202341144733
2024-02-01 22:00:00,81.40000000000234,82.76179765886273,-1.3617976588603966
2024-02-01 23:00:00,78.06999999999081,82.76179765886273,-4.69179765887192
2024-02-02 00:00:00,70.84999999998965,67.41005477988763,3.439945220102018
2024-02-02 01:00:00,63.56000000000844,63.28547901821038,0.2745209817980623
2024-02-02 02:00:00,46.51999999999734,63.28547901821038,-16.765479018213043
2024-02-02 03:00:00,41.88000000000406,63.28547901821038,-21.40547901820632
2024-02-02 04:00:00,38.399999999995515,63.28547901821038,-24.885479018214866
2024-02-02 05:00:00,41.76999999999484,38.80761762189895,2.9623823780958887
2024-02-02 06:00:00,41.10000000000204,38.80761762189895,2.292382378103092
2024-02-02 07:00:00,43.72000000000148,49.156562499999964,-5.436562499998487
2024-02-02 08:00:00,56.09999999999772,60.15088501291983,-4.050885012922109
2024-02-02 09:00:00,59.45000000000445,60.15088501291983,-0.7008850129153785
2024-02-02 10:00:00,54.469999999994315,45.929207650273156,8.540792349721158
2024-02-02 11:00:00,55.26999999999836,55.62387605850626,-0.3538760585079004
2024-02-02 12:00:00,55.54999999999572,63.28547901821038,-7.7354790182146616
2024-02-02 13:00:00,65.57000000000582,60.58367713004438,4.986322869961441
2024-02-02 14:00:00,61.789999999995274,52.69040706605195,9.099592933943327
2024-02-02 15:00:00,59.10999999999942,55.27402735562298,3.83597264437644
2024-02-02 16:00:00,58.47000000000034,60.15088501291983,-1.6808850129194894
2024-02-02 17:00:00,64.05999999999764,52.69040706605195,11.369592933945697
2024-02-02 18:00:00,64.2600000000019,66.22589108910881,-1.9658910891069183
2024-02-02 19:00:00,79.30000000000334,82.76179765886273,-3.461797658859396
2024-02-02 20:00:00,85.89000000000144,82.50281786941558,3.387182130585856
2024-02-02 21:00:00,80.19000000001162,82.76179765886273,-2.5717976588511107
2024-02-02 22:00:00,78.82000000000309,82.76179765886273,-3.9417976588596417
2024-02-02 23:00:00,77.35999999999089,82.76179765886273,-5.401797658871843
2024-02-03 00:00:00,69.70000000000434,60.15088501291983,9.549114987084508
2024-02-03 01:00:00,72.44000000000071,60.15088501291983,12.289114987080879
2024-02-03 02:00:00,56.7399999999993,60.15088501291983,-3.410885012920531
2024-02-03 03:00:00,51.77999999999153,67.41005477988763,-15.6300547798961
2024-02-03 04:00:00,45.75000000000668,38.80761762189895,6.94238237810773
2024-02-03 05:00:00,40.28000000000665,38.80761762189895,1.472382378107703
2024-02-03 06:00:00,41.97999999999964,38.80761762189895,3.172382378100693
2024-02-03 07:00:00,42.1999999999974,42.99379120879128,-0.793791208793877
2024-02-03 08:00:00,48.42999999999856,42.99379120879128,5.436208791207278
2024-02-03 09:00:00,58.54000000000198,63.28547901821038,-4.7454790182084
2024-02-03 10:00:00,59.64999999999904,64.87049079754566,-5.220490797546617
2024-02-03 11:00:00,59.78000000000006,64.87049079754566,-5.090490797545598
2024-02-03 12:00:00,64.6099999999968,68.94038066465276,-4.330380664655962
2024-02-03 13:00:00,62.930000000008675,63.28547901821038,-0.3554790182017058
2024-02-03 14:00:00,75.31000000000071,82.5966666666654,-7.286666666664686
2024-02-03 15:00:00,68.37999999999565,67.34121951219487,1.0387804878007785
2024-02-03 16:00:00,67.29000000000516,61.29555555555591,5.9944444444492575
2024-02-03 17:00:00,62.88999999999575,68.94038066465276,-6.050380664657013
2024-02-03 18:00:00,76.4099999999971,66.22589108910881,10.184108910888284
2024-02-03 19:00:00,84.55000000000663,82.76179765886273,1.7882023411439008
2024-02-03 20:00:00,91.85999999999521,82.76179765886273,9.098202341132477
2024-02-03 21:00:00,78.88999999999803,82.76179765886273,-3.8717976588647076
2024-02-03 22:00:00,82.46999999999613,82.76179765886273,-0.29179765886659936
2024-02-03 23:00:00,76.13000000000406,82.76179765886273,-6.631797658858673
2024-02-04 00:00:00,71.41999999999607,60.15088501291983,11.269114987076236
2024-02-04 01:00:00,72.68000000000242,62.482767857142946,10.197232142859477
2024-02-04 02:00:00,50.08999999999864,53.04376033057825,-2.9537603305796125
2024-02-04 03:00:00,45.129999999994624,38.80761762189895,6.322382378095675
2024-02-04 04:00:00,40.150000000005974,38.80761762189895,1.3423823781070254
2024-02-04 05:00:00,37.389999999997,38.80761762189895,-1.4176176219019467
2024-02-04 06:00:00,38.2799999999954,38.80761762189895,-0.527617621903552
2024-02-04 07:00:00,38.45000000000343,52.69040706605195,-14.240407066048519
2024-02-04 08:00:00,48.72999999999749,50.80142011834344,-2.071420118345948
2024-02-04 09:00:00,55.29000000000448,63.28547901821038,-7.995479018205899
2024-02-04 10:00:00,66.11000000000226,63.28547901821038,2.8245209817918777
2024-02-04 11:00:00,67.40999999999812,67.41005477988763,-5.477988950985946e-05
2024-02-04 12:00:00,66.29999999999959,64.87049079754566,1.4295092024539287
2024-02-04 13:00:00,74.73999999999964,60.15088501291983,14.58911498707981
2024-02-04 14:00:00,72.5599999999981,60.15088501291983,12.409114987078269
2024-02-04 15:00:00,66.46999999999682,68.94038066465276,-2.4703806646559485
2024-02-04 16:00:00,76.14000000000394,67.41005477988763,8.729945220116306
2024-02-04 17:00:00,82.7099999999908,95.27322580645057,-12.56322580645977
2024-02-04 18:00:00,94.8400000000133,95.0277177384544,-0.18771773844109418
2024-02-04 19:00:00,92.3700000000018,87.95446451096825,4.4155354890335445
2024-02-04 20:00:00,95.02000000000268,87.95446451096825,7.065535489034431
2024-02-04 21:00:00,98.59999999999181,87.95446451096825,10.645535489023558
2024-02-04 22:00:00,90.0899999999991,87.95446451096825,2.1355354890308433
2024-02-04 23:00:00,76.21000000001058,82.76179765886273,-6.551797658852152
2024-02-05 00:00:00,68.68999999999127,80.11149999999958,-11.421500000008308
2024-02-05 01:00:00,65.82000000000218,60.15088501291983,5.669114987082352
2024-02-05 02:00:00,45.22999999999578,63.28547901821038,-18.055479018214598
2024-02-05 03:00:00,41.420000000002545,52.69040706605195,-11.270407066049401
2024-02-05 04:00:00,41.19000000000946,38.80761762189895,2.3823823781105133
2024-02-05 05:00:00,39.94999999999172,38.80761762189895,1.142382378092769
2024-02-05 06:00:00,38.449999999995356,38.80761762189895,-0.3576176219035929
2024-02-05 07:00:00,46.000000000004405,60.15088501291983,-14.150885012915424
2024-02-05 08:00:00,57.8700000000002,50.80142011834344,7.068579881656767
2024-02-05 09:00:00,55.26999999999882,60.15088501291983,-4.880885012921013
2024-02-05 10:00:00,64.39999999999642,60.15088501291983,4.249114987076595
2024-02-05 11:00:00,55.050000000004474,67.41005477988763,-12.360054779883157
2024-02-05 12:00:00,67.24999999999952,67.41005477988763,-0.16005477988811379
2024-02-05 13:00:00,68.01999999998665,67.41005477988763,0.6099452200990214
2024-02-05 14:00:00,64.09999999999863,63.28547901821038,0.8145209817882488
2024-02-05 15:00:00,60.709999999994665,60.15088501291983,0.5591149870748353
2024-02-05 16:00:00,62.34000000000762,55.27402735562298,7.065972644384644
2024-02-05 17:00:00,61.78000000000392,82.5966666666654,-20.816666666661476
2024-02-05 18:00:00,71.4999999999911,74.32023076923082,-2.820230769239714
2024-02-05 19:00:00,85.08999999999489,82.76179765886273,2.3282023411321546
2024-02-05 20:00:00,91.87000000000077,82.76179765886273,9.108202341138039
2024-02-05 21:00:00,88.1999999999999,87.95446451096825,0.2455354890316528
2024-02-05 22:00:00,85.45999999999637,82.76179765886273,2.698202341133637
2024-02-05 23:00:00,81.50000000000361,82.76179765886273,-1.2617976588591233
2024-02-06 00:00:00,70.77999999999722,67.41005477988763,3.369945220109585
2024-02-06 01:00:00,62.55499999999424,67.41005477988763,-4.855054779893393
2024-02-06 02:00:00,46.28000000000915,38.80761762189895,7.472382378110204
2024-02-06 03:00:00,33.54999999999504,38.80761762189895,-5.257617621903911
2024-02-06 04:00:00,38.15999999999846,38.80761762189895,-0.647617621900487
2024-02-06 05:00:00,41.59000000000023,38.80761762189895,2.782382378101282
2024-02-06 06:00:00,40.17999999999856,38.80761762189895,1.3723823780996085
2024-02-06 07:00:00,48.67000000000323,49.156562499999964,-0.4865624999967366
2024-02-06 08:00:00,60.560000000005374,60.15088501291983,0.4091149870855446
2024-02-06 09:00:00,57.310000000000706,68.94038066465276,-11.630380664652058
2024-02-06 10:00:00,60.70999999999876,60.15088501291983,0.559114987078928
2024-02-06 11:00:00,59.05000000000402,67.41005477988763,-8.360054779883612
2024-02-06 12:00:00,61.42000000000277,63.28547901821038,-1.8654790182076084
2024-02-06 13:00:00,64.50000000000372,63.28547901821038,1.214520981793342
2024-02-06 14:00:00,63.55999999998605,63.28547901821038,0.274520981775666
2024-02-06 15:00:00,60.770000000017575,55.27402735562298,5.495972644394598
2024-02-06 16:00:00,59.55999999999344,52.69040706605195,6.86959293394149
2024-02-06 17:00:00,62.17000000000493,63.28547901821038,-1.1154790182054484
2024-02-06 18:00:00,70.07000000000116,68.28390243902432,1.7860975609768417
2024-02-06 19:00:00,80.82500000000343,82.76179765886273,-1.9367976588593052
2024-02-06 20:00:00,89.19000000000503,82.50281786941558,6.6871821305894485
2024-02-06 21:00:00,90.17000000000573,82.50281786941558,7.667182130590149
2024-02-06 22:00:00,86.58999999999205,82.76179765886273,3.8282023411293125
2024-02-06 23:00:00,84.04999999999538,82.76179765886273,1.2882023411326458
2024-02-07 00:00:00,73.62000000000737,60.15088501291983,13.469114987087536
2024-02-07 01:00:00,79.80000000000595,60.15088501291983,19.649114987086122
2024-02-07 02:00:00,58.920000000003455,52.69040706605195,6.229592933951508
2024-02-07 03:00:00,42.84000000000137,38.80761762189895,4.032382378102419
2024-02-07 04:00:00,37.619999999993496,38.80761762189895,-1.1876176219054528
2024-02-07 05:00:00,37.04999999999936,38.80761762189895,-1.7576176218995911
2024-02-07 06:00:00,43.470000000004546,38.80761762189895,4.6623823781055975
2024-02-07 07:00:00,43.98000000000806,50.22175824175773,-6.241758241749672
2024-02-07 08:00:00,57.63999999999473,62.096249999999756,-4.456250000005028
2024-02-07 09:00:00,57.4000000000087,60.15088501291983,-2.7508850129111266
2024-02-07 10:00:00,57.36999999999975,59.536310343676305,-2.1663103436765567
2024-02-07 11:00:00,54.330000000002514,59.536310343676305,-5.206310343673792
2024-02-07 12:00:00,50.87999999999565,63.28547901821038,-12.405479018214734
2024-02-07 13:00:00,59.17999999999833,60.15088501291983,-0.9708850129214994
2024-02-07 14:00:00,55.78999999999732,63.28547901821038,-7.495479018213061
2024-02-07 15:00:00,53.75000000000577,63.28547901821038,-9.535479018204612
2024-02-07 16:00:00,56.370000000006456,52.69040706605195,3.6795929339545097
2024-02-07 17:00:00,57.039999999993114,52.69040706605195,4.349592933941167
2024-02-07 18:00:00,76.70999999999887,66.22589108910881,10.484108910890058
2024-02-07 19:00:00,81.76000000000735,82.76179765886273,-1.0017976588553807
2024-02-07 20:00:00,87.60999999999919,82.50281786941558,5.10718213058361
2024-02-07 21:00:00,89.30999999999821,87.95446451096825,1.3555354890299611
2024-02-07 22:00:00,89.96000000000342,82.50281786941558,7.457182130587839
2024-02-07 23:00:00,81.59000000001137,82.76179765886273,-1.1717976588513608
2024-02-08 00:00:00,71.61999999999452,67.02585714285696,4.594142857137555
2024-02-08 01:00:00,65.32000000000195,56.443749999999035,8.87625000000292
2024-02-08 02:00:00,45.28000000000017,38.80761762189895,6.472382378101223
2024-02-08 03:00:00,44.64999999999847,38.80761762189895,5.842382378099522
2024-02-08 04:00:00,40.49000000000703,38.80761762189895,1.6823823781080804
2024-02-08 05:00:00,44.38999999999609,63.28547901821038,-18.89547901821429
2024-02-08 06:00:00,43.560000000001395,38.80761762189895,4.752382378102446
2024-02-08 07:00:00,46.4250000000055,50.22175824175773,-3.7967582417522365
2024-02-08 08:00:00,55.0400000000013,60.58367713004438,-5.543677130043079
2024-02-08 09:00:00,61.799999999996174,66.61909591194944,-4.819095911953269
2024-02-08 10:00:00,55.1899999999948,66.61909591194944,-11.429095911954647
2024-02-08 11:00:00,56.16000000000551,50.80142011834344,5.358579881662074
2024-02-08 12:00:00,57.25999999999917,50.80142011834344,6.45857988165573
2024-02-08 13:00:00,64.6499999999912,67.41005477988763,-2.7600547798964357
2024-02-08 14:00:00,57.04500000000243,67.41005477988763,-10.365054779885199
2024-02-08 15:00:00,59.060000000000485,70.17681818181848,-11.11681818181799
2024-02-08 16:00:00,57.44999999999172,55.27402735562298,2.1759726443687413
2024-02-08 17:00:00,60.90999999999539,60.15088501291983,0.7591149870755629
2024-02-08 18:00:00,69.34999999999988,66.22589108910881,3.124108910891067
2024-02-08 19:00:00,91.46999999999386,82.76179765886273,8.708202341131127
2024-02-08 20:00:00,86.95000000000229,82.76179765886273,4.188202341139558
2024-02-08 21:00:00,80.39999999999324,82.76179765886273,-2.3617976588694916
2024-02-08 22:00:00,82.25000000000395,82.76179765886273,-0.5117976588587823
2024-02-08 23:00:00,87.97999999999112,82.76179765886273,5.218202341128389
2024-02-09 00:00:00,74.16999999999572,67.02585714285696,7.14414285713876
2024-02-09 01:00:00,61.70000000001377,60.15088501291983,1.5491149870939438
2024-02-09 02:00:00,48.80999999998547,60.15088501291983,-11.340885012934358
2024-02-09 03:00:00,49.560000000001274,38.80761762189895,10.752382378102325
2024-02-09 04:00:00,40.09999999999101,38.80761762189895,1.2923823780920642
2024-02-09 05:00:00,40.93000000000731,38.80761762189895,2.1223823781083624
2024-02-09 06:00:00,42.71000000000046,38.80761762189895,3.902382378101514
2024-02-09 07:00:00,40.42999999999196,50.22175824175773,-9.79175824176577
2024-02-09 08:00:00,46.40000000000495,49.156562499999964,-2.756562499995013
2024-02-09 09:00:00,57.82999999999524,45.929207650273156,11.900792349722082
2024-02-09 10:00:00,71.56000000000344,45.929207650273156,25.630792349730285
2024-02-09 11:00:00,61.58999999999375,54.84070175438577,6.7492982456079815
2024-02-09 12:00:00,60.26000000000258,63.28547901821038,-3.025479018207804
2024-02-09 13:00:00,66.6599999999963,50.16126096491208,16.49873903508422
2024-02-09 14:00:00,64.60000000000466,50.16126096491208,14.438739035092574
2024-02-09 15:00:00,62.56999999999877,50.16126096491208,12.40873903508669
2024-02-09 16:00:00,56.69000000000365,61.29555555555591,-4.605555555552257
2024-02-09 17:00:00,53.79000000000164,60.15088501291983,-6.360885012918189
2024-02-09 18:00:00,65.77999999999642,74.32023076923082,-8.540230769234398
2024-02-09 19:00:00,86.82999999999763,78.07458167330687,8.755418326690759
2024-02-09 20:00:00,80.87000000000225,78.07458167330687,2.7954183266953834
2024-02-09 21:00:00,71.62000000001328,78.07458167330687,-6.454581673293589
2024-02-09 22:00:00,75.63999999999905,82.76179765886273,-7.121797658863684
2024-02-09 23:00:00,73.66999999999288,78.07458167330687,-4.404581673313984
2024-02-10 00:00:00,62.250000000005315,60.15088501291983,2.0991149870854855
2024-02-10 01:00:00,59.78999999999505,60.15088501291983,-0.3608850129247827
2024-02-10 02:00:00,42.730000000001695,60.15088501291983,-17.420885012918134
2024-02-10 03:00:00,43.319999999999794,38.80761762189895,4.512382378100845
2024-02-10 04:00:00,38.960000000009785,38.80761762189895,0.15238237811083621
2024-02-10 05:00:00,35.53000000000483,38.80761762189895,-3.277617621894116
2024-02-10 06:00:00,40.560000000006056,46.236501501501465,-5.676501501495409
2024-02-10 07:00:00,40.55000000000322,42.99379120879128,-2.4437912087880562
2024-02-10 08:00:00,48.34000000000023,63.28547901821038,-14.94547901821015
2024-02-10 09:00:00,57.95000000000024,63.28547901821038,-5.335479018210144
2024-02-10 10:00:00,54.319999999996725,61.29555555555591,-6.975555555559183
2024-02-10 11:00:00,56.57999999999865,67.41005477988763,-10.830054779888982
2024-02-10 12:00:00,49.51999999999984,67.41005477988763,-17.89005477988779
2024-02-10 13:00:00,54.29000000000164,61.29555555555591,-7.005555555554267
2024-02-10 14:00:00,50.55000000001141,58.709999999999475,-8.159999999988067
2024-02-10 15:00:00,53.75999999999223,58.709999999999475,-4.950000000007243
2024-02-10 16:00:00,50.81000000000503,45.929207650273156,4.880792349731877
2024-02-10 17:00:00,51.269999999993814,60.15088501291983,-8.880885012926015
2024-02-10 18:00:00,55.34999999999908,83.20980769230846,-27.85980769230938
2024-02-10 19:00:00,68.01999999999734,78.07458167330687,-10.054581673309528
2024-02-10 20:00:00,67.5800000000041,78.07458167330687,-10.494581673302761
2024-02-10 21:00:00,71.07999999998978,83.20980769230846,-12.129807692318678
2024-02-10 22:00:00,68.62000000000486,82.76179765886273,-14.141797658857868
2024-02-10 23:00:00,73.0399999999971,82.76179765886273,-9.72179765886564
2024-02-11 00:00:00,62.079999999997284,53.04376033057825,9.036239669419032
2024-02-11 01:00:00,54.05000000000777,53.04376033057825,1.0062396694295188
2024-02-11 02:00:00,45.759999999998485,60.58367713004438,-14.823677130045894
2024-02-11 03:00:00,40.654999999997784,38.80761762189895,1.8473823780988354
2024-02-11 04:00:00,37.24999999999997,38.80761762189895,-1.5576176218989772
2024-02-11 05:00:00,35.740000000008735,45.929207650273156,-10.189207650264422
2024-02-11 06:00:00,35.14999999999017,45.929207650273156,-10.779207650282984
2024-02-11 07:00:00,33.410000000005276,42.99379120879128,-9.583791208786003
2024-02-11 08:00:00,41.0699999999932,63.28547901821038,-22.21547901821718
2024-02-11 09:00:00,49.89000000000586,55.62387605850626,-5.7338760585004
2024-02-11 10:00:00,57.78000000000131,55.62387605850626,2.1561239414950464
2024-02-11 11:00:00,65.44999999999445,62.096249999999756,3.3537499999946903
2024-02-11 12:00:00,70.79000000000505,61.29555555555591,9.494444444449144
2024-02-11 13:00:00,67.78999999999607,66.61909591194944,1.1709040880466262
2024-02-11 14:00:00,73.46000000000899,45.929207650273156,27.530792349735833
2024-02-11 15:00:00,64.3799999999845,45.929207650273156,18.45079234971135
2024-02-11 16:00:00,62.549999999997524,45.929207650273156,16.62079234972437
2024-02-11 17:00:00,64.3700000000027,60.15088501291983,4.219114987082875
2024-02-11 18:00:00,77.04999999999481,71.70444444444364,5.345555555551172
2024-02-11 19:00:00,76.66000000000153,82.76179765886273,-6.1017976588612015
2024-02-11 20:00:00,80.58000000000467,87.95446451096825,-7.374464510963577
2024-02-11 21:00:00,76.1499999999904,82.76179765886273,-6.611797658872334
2024-02-11 22:00:00,77.99000000000248,82.76179765886273,-4.771797658860251
2024-02-11 23:00:00,79.30000000000129,82.76179765886273,-3.4617976588614425
2024-02-12 00:00:00,71.95999999999682,60.58367713004438,11.376322869952446
2024-02-12 01:00:00,60.680000000005265,53.04376033057825,7.636239669427013
2024-02-12 02:00:00,48.51999999998483,45.929207650273156,2.590792349711677
2024-02-12 03:00:00,43.72000000000864,50.272458143074495,-6.552458143065856
2024-02-12 04:00:00,37.879999999996784,63.28547901821038,-25.405479018213597
2024-02-12 05:00:00,41.22000000000398,38.80761762189895,2.412382378105029
2024-02-12 06:00:00,38.379999999991895,38.80761762189895,-0.42761762190705355
2024-02-12 07:00:00,44.50999999999485,50.22175824175773,-5.711758241762887
2024-02-12 08:00:00,47.38999999999871,50.22175824175773,-2.831758241759026
2024-02-12 09:00:00,54.67999999999094,60.15088501291983,-5.470885012928889
2024-02-12 10:00:00,72.3900000000094,67.02585714285696,5.36414285715243
2024-02-12 11:00:00,81.7500000000002,67.02585714285696,14.724142857143235
2024-02-12 12:00:00,72.29999999999436,67.02585714285696,5.274142857137392
2024-02-12 13:00:00,76.74000000000373,60.58367713004438,16.156322869959354
2024-02-12 14:00:00,73.16999999998981,53.59877358490583,19.571226415083984
2024-02-12 15:00:00,76.55000000000936,65.576530612245,10.973469387764368
2024-02-12 16:00:00,61.5400000000096,71.26639999999978,-9.726399999990178
2024-02-12 17:00:00,70.20999999999876,88.47410256410228,-18.264102564103524
2024-02-12 18:00:00,81.92000000000357,71.70444444444364,10.21555555555993
2024-02-12 19:00:00,79.52499999999665,82.50281786941558,-2.977817869418928
2024-02-12 20:00:00,93.87000000000498,82.50281786941558,11.367182130589399
2024-02-12 21:00:00,96.48000000000044,82.76179765886273,13.718202341137712
2024-02-12 22:00:00,87.97999999999999,82.76179765886273,5.218202341137257
2024-02-12 23:00:00,79.63999999999723,82.76179765886273,-3.1217976588655034
2024-02-13 00:00:00,73.06000000000435,66.61909591194944,6.440904088054907
2024-02-13 01:00:00,61.7950000000105,60.15088501291983,1.6441149870906742
2024-02-13 02:00:00,47.53999999999971,44.97774671052643,2.5622532894732757
2024-02-13 03:00:00,42.30999999999821,44.97774671052643,-2.6677467105282204
2024-02-13 04:00:00,40.0599999999981,38.80761762189895,1.2523823780991492
2024-02-13 05:00:00,38.41000000000403,38.80761762189895,-0.39761762189491634
2024-02-13 06:00:00,44.03000000000267,38.80761762189895,5.222382378103724
2024-02-13 07:00:00,45.39000000000132,50.22175824175773,-4.831758241756411
2024-02-13 08:00:00,57.40000000000177,60.15088501291983,-2.7508850129180615
2024-02-13 09:00:00,56.870000000006115,55.27402735562298,1.5959726443831386
2024-02-13 10:00:00,61.83999999998568,68.94038066465276,-7.100380664667085
2024-02-13 11:00:00,63.720000000001704,63.28547901821038,0.4345209817913229
2024-02-13 12:00:00,56.84999999999522,50.80142011834344,6.048579881651783
2024-02-13 13:00:00,57.97999999999465,50.80142011834344,7.17857988165121
2024-02-13 14:00:00,60.33000000000149,60.15088501291983,0.17911498708166107
2024-02-13 15:00:00,63.50000000000577,64.87049079754566,-1.3704907975398868
2024-02-13 16:00:00,57.03000000000563,63.28547901821038,-6.255479018204753
2024-02-13 17:00:00,58.550000000002086,63.28547901821038,-4.735479018208295
2024-02-13 18:00:00,66.08999999999762,66.22589108910881,-0.13589108911119752
2024-02-13 19:00:00,85.02999999999881,82.50281786941558,2.5271821305832276
2024-02-13 20:00:00,99.8300000000074,87.95446451096825,11.875535489039152
2024-02-13 21:00:00,95.27999999999437,82.76179765886273,12.51820234113164
2024-02-13 22:00:00,90.27999999999165,82.76179765886273,7.518202341128912
2024-02-13 23:00:00,77.25000000000247,82.76179765886273,-5.51179765886026
2024-02-14 00:00:00,70.6700000000013,60.58367713004438,10.086322869956916
2024-02-14 01:00:00,56.92000000000061,56.34009259259252,0.5799074074080934
2024-02-14 02:00:00,47.469999999990904,44.97774671052643,2.4922532894644718
2024-02-14 03:00:00,44.019999999999044,38.80761762189895,5.212382378100095
2024-02-14 04:00:00,40.29000000000005,38.80761762189895,1.4823823781011
2024-02-14 05:00:00,38.280000000003014,38.80761762189895,-0.527617621895935
2024-02-14 06:00:00,40.93000000000333,38.80761762189895,2.1223823781043833
2024-02-14 07:00:00,50.85499999999908,50.22175824175773,0.633241758241347
2024-02-14 08:00:00,54.63000000000463,66.61909591194944,-11.989095911944815
2024-02-14 09:00:00,63.4199999999955,55.27402735562298,8.14597264437252
2024-02-14 10:00:00,58.159999999998234,60.15088501291983,-1.990885012921595
2024-02-14 11:00:00,54.84000000001569,55.27402735562298,-0.43402735560728445
2024-02-14 12:00:00,51.749999999997016,55.27402735562298,-3.524027355625961
2024-02-14 13:00:00,59.41000000000437,52.69040706605195,6.719592933952427
2024-02-14 14:00:00,62.82999999999558,50.22175824175773,12.608241758237845
2024-02-14 15:00:00,55.020000000009276,60.15088501291983,-5.130885012910554
2024-02-14 16:00:00,55.31999999999661,63.28547901821038,-7.96547901821377
2024-02-14 17:00:00,57.48000000000363,50.22175824175773,7.2582417582458945
2024-02-14 18:00:00,62.929999999998444,66.22589108910881,-3.29589108911037
2024-02-14 19:00:00,78.21999999999227,82.76179765886273,-4.541797658870465
2024-02-14 20:00:00,85.7700000000045,82.76179765886273,3.008202341141768
2024-02-14 21:00:00,88.75999999999712,82.76179765886273,5.998202341134387
2024-02-14 22:00:00,84.3799999999961,82.76179765886273,1.6182023411333688
2024-02-14 23:00:00,86.46000000000615,78.07458167330687,8.38541832669928
2024-02-15 00:00:00,72.75999999998984,70.17681818181848,2.5831818181713686
2024-02-15 01:00:00,64.62000000000634,60.15088501291983,4.469114987086513
2024-02-15 02:00:00,48.43999999999821,44.97774671052643,3.462253289471775
2024-02-15 03:00:00,43.55000000000584,38.80761762189895,4.742382378106889
2024-02-15 04:00:00,38.47999999999668,38.80761762189895,-0.3276176219022702
2024-02-15 05:00:00,38.23999999999759,38.80761762189895,-0.5676176219013556
2024-02-15 06:00:00,39.100000000001245,38.80761762189895,0.29238237810229606
2024-02-15 07:00:00,45.2299999999976,50.22175824175773,-4.991758241760131
2024-02-15 08:00:00,57.88999999999746,60.58367713004438,-2.6936771300469218
2024-02-15 09:00:00,57.52000000000757,67.41005477988763,-9.89005477988006
2024-02-15 10:00:00,59.2599999999903,60.15088501291983,-0.8908850129295303
2024-02-15 11:00:00,57.40499999999881,68.94038066465276,-11.535380664653957
2024-02-15 12:00:00,58.860000000007034,68.94038066465276,-10.08038066464573
2024-02-15 13:00:00,63.609999999999076,63.28547901821038,0.3245209817886945
2024-02-15 14:00:00,73.46999999999738,63.28547901821038,10.184520981787003
2024-02-15 15:00:00,63.2800000000004,52.69040706605195,10.589592933948452
2024-02-15 16:00:00,62.11000000001158,52.69040706605195,9.419592933959635
2024-02-15 17:00:00,59.32999999999558,67.41005477988763,-8.080054779892052
2024-02-15 18:00:00,78.34999999999613,66.22589108910881,12.124108910887315
2024-02-15 19:00:00,80.47000000000409,82.76179765886273,-2.2917976588586413
2024-02-15 20:00:00,92.88999999999677,82.50281786941558,10.387182130581195
2024-02-15 21:00:00,83.94000000000787,87.95446451096825,-4.01446451096038
2024-02-15 22:00:00,82.86000000000487,82.76179765886273,0.09820234114214088
2024-02-15 23:00:00,79.40999999999994,82.50281786941558,-3.09281786941564
2024-02-16 00:00:00,69.64000000000132,67.41005477988763,2.2299452201136916
2024-02-16 01:00:00,58.08999999999091,60.58367713004438,-2.49367713005347
2024-02-16 02:00:00,48.10000000000625,44.97774671052643,3.122253289479815
2024-02-16 03:00:00,40.98999999999691,38.80761762189895,2.1823823780979623
2024-02-16 04:00:00,38.750000000002586,45.929207650273156,-7.17920765027057
2024-02-16 05:00:00,40.14000000000132,38.80761762189895,1.3323823781023734
2024-02-16 06:00:00,37.78999999999607,38.80761762189895,-1.017617621902879
2024-02-16 07:00:00,46.62999999999894,63.28547901821038,-16.655479018211444
2024-02-16 08:00:00,57.190000000004005,50.22175824175773,6.968241758246272
2024-02-16 09:00:00,58.19999999999956,60.15088501291983,-1.950885012920267
2024-02-16 10:00:00,53.43999999998911,50.16126096491208,3.278739035077031
2024-02-16 11:00:00,54.73000000000022,60.15088501291983,-5.420885012919612
2024-02-16 12:00:00,55.38999999999871,60.15088501291983,-4.760885012921122
2024-02-16 13:00:00,65.02999999999642,63.28547901821038,1.7445209817860388
2024-02-16 14:00:00,59.83999999999875,55.62387605850626,4.216123941492491
2024-02-16 15:00:00,53.21000000000217,55.62387605850626,-2.413876058504094
2024-02-16 16:00:00,51.519999999999726,55.62387605850626,-4.103876058506536
2024-02-16 17:00:00,57.219999999993746,55.62387605850626,1.596123941487484
2024-02-16 18:00:00,64.61000000000999,66.22589108910881,-1.6158910890988238
2024-02-16 19:00:00,73.95000000000309,82.76179765886273,-8.811797658859646
2024-02-16 20:00:00,86.65999999998778,82.76179765886273,3.8982023411250424
2024-02-16 21:00:00,86.28000000000517,82.50281786941558,3.777182130589594
2024-02-16 22:00:00,81.14000000000178,82.76179765886273,-1.621797658860956
2024-02-16 23:00:00,71.82000000000036,82.76179765886273,-10.94179765886237
2024-02-17 00:00:00,72.47999999999192,67.02585714285696,5.454142857134954
2024-02-17 01:00:00,66.41000000000494,65.576530612245,0.8334693877599477
2024-02-17 02:00:00,50.42999999999923,55.65875000000006,-5.228750000000829
2024-02-17 03:00:00,41.9349999999956,55.62387605850626,-13.688876058510665
2024-02-17 04:00:00,44.37000000000509,55.62387605850626,-11.25387605850117
2024-02-17 05:00:00,40.0200000000153,50.272458143074495,-10.252458143059194
2024-02-17 06:00:00,40.55000000000038,38.80761762189895,1.742382378101432
2024-02-17 07:00:00,39.229999999993396,50.272458143074495,-11.042458143081099
2024-02-17 08:00:00,48.740000000003725,67.34121951219487,-18.601219512191143
2024-02-17 09:00:00,58.020000000005524,45.929207650273156,12.090792349732368
2024-02-17 10:00:00,71.33000000000331,68.94038066465276,2.3896193353505453
2024-02-17 11:00:00,68.66999999999538,60.15088501291983,8.519114987075554
2024-02-17 12:00:00,67.35000000000215,58.709999999999475,8.64000000000268
2024-02-17 13:00:00,68.83000000000263,65.576530612245,3.253469387757633
2024-02-17 14:00:00,72.9299999999972,63.28547901821038,9.644520981786812
2024-02-17 15:00:00,73.59999999999351,63.28547901821038,10.314520981783133
2024-02-17 16:00:00,64.39999999999858,60.58367713004438,3.816322869954206
2024-02-17 17:00:00,55.700000000000244,66.61909591194944,-10.9190959119492
2024-02-17 18:00:00,74.54999999999492,68.28390243902432,6.266097560970607
2024-02-17 19:00:00,79.29999999999367,87.95446451096825,-8.654464510974577
2024-02-17 20:00:00,77.96999999999454,87.95446451096825,-9.984464510973709
2024-02-17 21:00:00,77.17000000000391,87.95446451096825,-10.784464510964341
2024-02-17 22:00:00,83.22999999999203,87.95446451096825,-4.724464510976219
2024-02-17 23:00:00,78.41999999999516,82.76179765886273,-4.341797658867577
2024-02-18 00:00:00,79.53000000000688,68.94038066465276,10.589619335354115
2024-02-18 01:00:00,63.199999999996834,67.02585714285696,-3.82585714286013
2024-02-18 02:00:00,56.09000000000705,44.97774671052643,11.11225328948062
2024-02-18 03:00:00,42.6999999999924,38.80761762189895,3.8923823780934512
2024-02-18 04:00:00,39.24000000000271,38.80761762189895,0.43238237810376035
2024-02-18 05:00:00,36.63000000001509,38.80761762189895,-2.1776176218838614
2024-02-18 06:00:00,38.759999999992004,38.80761762189895,-0.04761762190694441
2024-02-18 07:00:00,36.8599999999885,42.99379120879128,-6.133791208802776
2024-02-18 08:00:00,46.51000000000087,45.929207650273156,0.5807923497277159
2024-02-18 09:00:00,56.409999999999144,67.02585714285696,-10.61585714285782
2024-02-18 10:00:00,66.33000000000752,68.94038066465276,-2.6103806646452483
2024-02-18 11:00:00,82.06999999999115,63.28547901821038,18.784520981780773
2024-02-18 12:00:00,81.11999999999736,62.49401515151501,18.625984848482354
2024-02-18 13:00:00,79.60999999999794,63.28547901821038,16.324520981787558
2024-02-18 14:00:00,73.53999999999948,60.15088501291983,13.389114987079651
2024-02-18 15:00:00,82.01000000000565,90.00141552511437,-7.991415525108721
2024-02-18 16:00:00,79.35999999999532,60.58367713004438,18.776322869950945
2024-02-18 17:00:00,74.17999999999537,74.42625000000005,-0.24625000000467878
2024-02-18 18:00:00,90.61999999999702,71.70444444444364,18.915555555553382
2024-02-18 19:00:00,90.72999999999828,82.50281786941558,8.227182130582705
2024-02-18 20:00:00,100.51000000000246,87.95446451096825,12.555535489034213
2024-02-18 21:00:00,92.4800000000092,87.95446451096825,4.525535489040948
2024-02-18 22:00:00,92.19000000000003,87.95446451096825,4.235535489031776
2024-02-18 23:00:00,90.0700000000007,82.76179765886273,7.308202341137971
2024-02-19 00:00:00,70.05999999999776,67.02585714285696,3.034142857140793
2024-02-19 01:00:00,57.220000000005456,60.15088501291983,-2.9308850129143735
2024-02-19 02:00:00,47.369999999999635,53.04376033057825,-5.673760330578617
2024-02-19 03:00:00,40.679999999999694,45.929207650273156,-5.249207650273462
2024-02-19 04:00:00,41.59000000000705,38.80761762189895,2.782382378108103
2024-02-19 05:00:00,36.32999999999137,38.80761762189895,-2.4776176219075765
2024-02-19 06:00:00,37.98000000000272,40.675381679389844,-2.6953816793871255
2024-02-19 07:00:00,45.0500000000022,63.28547901821038,-18.23547901820818
2024-02-19 08:00:00,57.010000000000076,66.61909591194944,-9.609095911949368
2024-02-19 09:00:00,51.56999999999218,55.27402735562298,-3.7040273556307994
2024-02-19 10:00:00,55.49000000000487,55.27402735562298,0.21597264438189256
2024-02-19 11:00:00,60.69999999999729,55.27402735562298,5.425972644374312
2024-02-19 12:00:00,65.63999999999723,55.27402735562298,10.365972644374253
2024-02-19 13:00:00,72.38999999999962,55.27402735562298,17.11597264437664
2024-02-19 14:00:00,63.70000000000002,60.15088501291983,3.5491149870801877
2024-02-19 15:00:00,61.16000000000108,60.15088501291983,1.0091149870812472
2024-02-19 16:00:00,58.940000000001504,55.27402735562298,3.6659726443785274
2024-02-19 17:00:00,68.98999999999975,60.15088501291983,8.839114987079924
2024-02-19 18:00:00,76.38999999999461,119.55000000000146,-43.160000000006846
2024-02-19 19:00:00,88.91000000001233,82.76179765886273,6.148202341149599
2024-02-19 20:00:00,105.25999999999053,82.76179765886273,22.498202341127794
2024-02-19 21:00:00,98.1699999999997,82.50281786941558,15.667182130584123
2024-02-19 22:00:00,89.44999999999638,82.76179765886273,6.688202341133646
2024-02-19 23:00:00,80.47000000000591,82.76179765886273,-2.2917976588568223
2024-02-20 00:00:00,75.85999999999726,70.17681818181848,5.683181818178781
2024-02-20 01:00:00,66.92000000000289,60.15088501291983,6.769114987083057
2024-02-20 02:00:00,44.76999999999677,63.28547901821038,-18.51547901821361
2024-02-20 03:00:00,41.540000000007325,63.28547901821038,-21.745479018203056
2024-02-20 04:00:00,41.209999999990686,63.28547901821038,-22.075479018219696
2024-02-20 05:00:00,40.059999999996734,38.80761762189895,1.252382378097785
2024-02-20 06:00:00,39.4000000000087,38.80761762189895,0.5923823781097539
2024-02-20 07:00:00,53.22999999998794,50.22175824175773,3.0082417582302057
2024-02-20 08:00:00,58.91000000001347,60.15088501291983,-1.2408850129063609
2024-02-20 09:00:00,57.5999999999959,60.15088501291983,-2.5508850129239278
2024-02-20 10:00:00,57.55999999999332,59.536310343676305,-1.9763103436829823
2024-02-20 11:00:00,55.900000000004496,60.15088501291983,-4.250885012915333
2024-02-20 12:00:00,57.530000000000626,67.41005477988763,-9.880054779887004
2024-02-20 13:00:00,57.9999999999919,60.15088501291983,-2.1508850129279296
2024-02-20 14:00:00,60.50999999999485,67.41005477988763,-6.900054779892784
2024-02-20 15:00:00,60.0999999999984,67.41005477988763,-7.310054779889228
2024-02-20 16:00:00,59.05999999999537,67.41005477988763,-8.350054779892261
2024-02-20 17:00:00,60.83000000001161,70.17681818181848,-9.346818181806867
2024-02-20 18:00:00,69.6199999999993,86.14636363636444,-16.526363636365147
2024-02-20 19:00:00,92.26000000000019,87.95446451096825,4.305535489031939
2024-02-20 20:00:00,88.21999999999989,87.95446451096825,0.2655354890316346
2024-02-20 21:00:00,93.48000000000681,82.76179765886273,10.718202341144078
2024-02-20 22:00:00,83.06000000000071,82.76179765886273,0.29820234113797994
2024-02-20 23:00:00,80.91999999999823,78.07458167330687,2.845418326691359
2024-02-21 00:00:00,75.12999999999974,67.02585714285696,8.104142857142776
2024-02-21 01:00:00,63.81000000001288,67.02585714285696,-3.2158571428440865
2024-02-21 02:00:00,50.429999999997534,38.80761762189895,11.622382378098585
2024-02-21 03:00:00,43.859999999999985,38.80761762189895,5.052382378101036
2024-02-21 04:00:00,40.32999999999433,38.80761762189895,1.5223823780953794
2024-02-21 05:00:00,39.30000000000277,38.80761762189895,0.49238237810381946
2024-02-21 06:00:00,38.4099999999988,38.80761762189895,-0.39761762190014593
2024-02-21 07:00:00,45.05000000000709,62.49401515151501,-17.44401515150792
2024-02-21 08:00:00,57.90999999999721,50.22175824175773,7.688241758239478
2024-02-21 09:00:00,52.68999999998741,53.04376033057825,-0.3537603305908448
2024-02-21 10:00:00,53.86000000000101,60.15088501291983,-6.290885012918821
2024-02-21 11:00:00,59.37000000000327,63.28547901821038,-3.915479018207108
2024-02-21 12:00:00,59.639999999997684,60.15088501291983,-0.5108850129221452
2024-02-21 13:00:00,70.58000000000797,60.15088501291983,10.429114987088141
2024-02-21 14:00:00,70.14000000000064,60.58367713004438,9.556322869956261
2024-02-21 15:00:00,64.02999999998971,60.15088501291983,3.879114987069883
2024-02-21 16:00:00,58.820000000006274,52.69040706605195,6.129592933954328
2024-02-21 17:00:00,58.7700000000053,63.28547901821038,-4.515479018205085
2024-02-21 18:00:00,73.23000000000408,68.28390243902432,4.946097560979766
2024-02-21 19:00:00,80.3499999999975,82.76179765886273,-2.4117976588652397
2024-02-21 20:00:00,100.49000000000578,87.95446451096825,12.535535489037528
2024-02-21 21:00:00,96.90000000001075,82.76179765886273,14.138202341148016
2024-02-21 22:00:00,89.14999999999733,82.50281786941558,6.647182130581754
2024-02-21 23:00:00,77.6999999999974,82.76179765886273,-5.061797658865331
2024-02-22 00:00:00,72.27999999999699,70.17681818181848,2.1031818181785127
2024-02-22 01:00:00,65.63000000000883,60.58367713004438,5.046322869964456
2024-02-22 02:00:00,46.74000000000407,53.59877358490583,-6.858773584901755
2024-02-22 03:00:00,42.150000000001086,38.80761762189895,3.342382378102137
2024-02-22 04:00:00,38.83000000000297,38.80761762189895,0.02238237810401955
2024-02-22 05:00:00,40.57000000000036,38.80761762189895,1.7623823781014138
2024-02-22 06:00:00,42.62999999999678,38.80761762189895,3.822382378097828
2024-02-22 07:00:00,46.76999999999711,49.156562499999964,-2.386562500002853
2024-02-22 08:00:00,58.26000000000644,67.41005477988763,-9.150054779881188
2024-02-22 09:00:00,58.86999999998815,60.15088501291983,-1.2808850129316767
2024-02-22 10:00:00,58.2499999999994,60.15088501291983,-1.9008850129204262
2024-02-22 11:00:00,57.60000000000852,55.62387605850626,1.9761239415022587
2024-02-22 12:00:00,57.509999999999394,60.15088501291983,-2.6408850129204353
2024-02-22 13:00:00,63.55000000000072,60.15088501291983,3.3991149870808925
2024-02-22 14:00:00,62.8699999999977,55.62387605850626,7.24612394149144
2024-02-22 15:00:00,68.19000000000128,70.17681818181848,-1.986818181817199
2024-02-22 16:00:00,57.15000000000802,63.28547901821038,-6.135479018202361
2024-02-22 17:00:00,65.07000000000036,50.80142011834344,14.268579881656926
2024-02-22 18:00:00,74.29999999999652,68.28390243902432,6.016097560972199
2024-02-22 19:00:00,80.99000000000908,82.76179765886273,-1.7717976588536573
2024-02-22 20:00:00,83.27999999999858,82.76179765886273,0.5182023411358472
2024-02-22 21:00:00,93.80999999999628,82.76179765886273,11.048202341133546
2024-02-22 22:00:00,85.48999999999339,82.76179765886273,2.728202341130654
2024-02-22 23:00:00,82.35999999999657,78.07458167330687,4.285418326689708
2024-02-23 00:00:00,76.18000000000242,70.17681818181848,6.003181818183947
2024-02-23 01:00:00,59.55000000000368,60.15088501291983,-0.6008850129161516
2024-02-23 02:00:00,45.700000000006725,44.97774671052643,0.7222532894802924
2024-02-23 03:00:00,41.9499999999982,63.28547901821038,-21.335479018212183
2024-02-23 04:00:00,41.6999999999949,44.97774671052643,-3.277746710531531
2024-02-23 05:00:00,38.050000000006975,44.97774671052643,-6.9277467105194575
2024-02-23 06:00:00,38.29999999999413,44.97774671052643,-6.677746710532304
2024-02-23 07:00:00,46.17999999999867,63.28547901821038,-17.10547901821171
2024-02-23 08:00:00,57.12999999999667,55.62387605850626,1.506123941490408
2024-02-23 09:00:00,58.579999999995806,63.28547901821038,-4.705479018214575
2024-02-23 10:00:00,58.92000000000516,67.41005477988763,-8.49005477988247
2024-02-23 11:00:00,55.17999999999696,67.41005477988763,-12.230054779890672
2024-02-23 12:00:00,53.19000000000196,63.28547901821038,-10.095479018208422
2024-02-23 13:00:00,54.87999999999769,60.15088501291983,-5.270885012922136
2024-02-23 14:00:00,60.379999999998375,60.15088501291983,0.22911498707854605
2024-02-23 15:00:00,60.1399999999945,53.04376033057825,7.096239669416249
2024-02-23 16:00:00,56.020000000002796,53.04376033057825,2.976239669424544
2024-02-23 17:00:00,56.11000000000203,63.28547901821038,-7.17547901820835
2024-02-23 18:00:00,65.74000000000282,66.22589108910881,-0.48589108910599066
2024-02-23 19:00:00,72.43999999999662,82.76179765886273,-10.321797658866117
2024-02-23 20:00:00,93.14999999999915,82.76179765886273,10.38820234113642
2024-02-23 21:00:00,88.66999999999709,87.95446451096825,0.7155354890288379
2024-02-23 22:00:00,83.66999999999891,82.76179765886273,0.9082023411361746
2024-02-23 23:00:00,81.39000000000189,82.76179765886273,-1.3717976588608423
2024-02-24 00:00:00,77.80000000000175,60.15088501291983,17.649114987081916
2024-02-24 01:00:00,66.82999999999637,60.15088501291983,6.679114987076545
2024-02-24 02:00:00,47.21000000000535,44.97774671052643,2.232253289478919
2024-02-24 03:00:00,45.869999999994405,44.97774671052643,0.8922532894679733
2024-02-24 04:00:00,41.05000000000231,38.80761762189895,2.2423823781033647
2024-02-24 05:00:00,39.289999999998116,52.69040706605195,-13.40040706605383
2024-02-24 06:00:00,42.240000000006575,63.28547901821038,-21.045479018203807
2024-02-24 07:00:00,44.36999999999793,49.156562499999964,-4.786562500002034
2024-02-24 08:00:00,55.7499999999919,52.69040706605195,3.0595929339399532
2024-02-24 09:00:00,60.140000000002686,64.87049079754566,-4.73049079754297
2024-02-24 10:00:00,62.809999999999576,64.87049079754566,-2.0604907975460804
2024-02-24 11:00:00,70.05999999999776,55.27402735562298,14.78597264437478
2024-02-24 12:00:00,65.41000000000972,67.34121951219487,-1.9312195121851516
2024-02-24 13:00:00,65.19999999999501,60.15088501291983,5.0491149870751855
2024-02-24 14:00:00,66.76000000000906,54.84070175438577,11.919298245623288
2024-02-24 15:00:00,59.210000000006254,55.27402735562298,3.935972644383277
2024-02-24 16:00:00,66.91999999998777,55.27402735562298,11.64597264436479
2024-02-24 17:00:00,66.37000000000111,52.69040706605195,13.679592933949166
2024-02-24 18:00:00,78.70999999999592,66.22589108910881,12.484108910887102
2024-02-24 19:00:00,80.32999999999592,78.07458167330687,2.2554183266890533
2024-02-24 20:00:00,85.02000000000075,78.07458167330687,6.945418326693883
2024-02-24 21:00:00,82.17999999999822,82.76179765886273,-0.5817976588645166
2024-02-24 22:00:00,78.31999999999866,82.76179765886273,-4.4417976588640755
2024-02-24 23:00:00,72.71999999999704,78.07458167330687,-5.3545816733098235
2024-02-25 00:00:00,71.43000000000549,55.27402735562298,16.155972644382516
2024-02-25 01:00:00,61.44000000000264,55.27402735562298,6.165972644379664
2024-02-25 02:00:00,49.609999999994756,45.929207650273156,3.6807923497215995
2024-02-25 03:00:00,42.849999999991006,38.80761762189895,4.042382378092057
2024-02-25 04:00:00,38.8500000000075,38.80761762189895,0.042382378108548835
2024-02-25 05:00:00,37.190000000000936,38.80761762189895,-1.6176176218980132
2024-02-25 06:00:00,35.599999999992946,45.929207650273156,-10.32920765028021
2024-02-25 07:00:00,37.080000000003196,45.929207650273156,-8.84920765026996
2024-02-25 08:00:00,49.969999999999544,45.929207650273156,4.040792349726388
2024-02-25 09:00:00,54.82999999999706,61.29555555555591,-6.465555555558851
2024-02-25 10:00:00,63.170000000003796,45.929207650273156,17.24079234973064
2024-02-25 11:00:00,69.36999999999816,61.29555555555591,8.07444444444225
2024-02-25 12:00:00,74.0199999999979,67.34121951219487,6.678780487803039
2024-02-25 13:00:00,77.15000000000006,64.87049079754566,12.279509202454406
2024-02-25 14:00:00,71.25999999999416,79.83074468085213,-8.57074468085797
2024-02-25 15:00:00,69.29000000000823,70.17681818181848,-0.8868181818102414
2024-02-25 16:00:00,77.82999999999285,70.17681818181848,7.6531818181743745
2024-02-25 17:00:00,68.80000000000777,70.17681818181848,-1.3768181818107053
2024-02-25 18:00:00,69.15999999999244,66.22589108910881,2.934108910883623
2024-02-25 19:00:00,86.5300000000037,82.50281786941558,4.027182130588116
2024-02-25 20:00:00,90.8899999999978,82.50281786941558,8.387182130582218
2024-02-25 21:00:00,88.97000000000591,87.95446451096825,1.01553548903766
2024-02-25 22:00:00,95.26999999999302,82.76179765886273,12.508202341130286
2024-02-25 23:00:00,79.24999999999417,82.76179765886273,-3.5117976588685593
2024-02-26 00:00:00,65.82999999999376,67.02585714285696,-1.195857142863204
2024-02-26 01:00:00,63.060000000005374,55.27402735562298,7.785972644382397
2024-02-26 02:00:00,47.089999999996934,55.27402735562298,-8.184027355626043
2024-02-26 03:00:00,43.559999999997416,38.80761762189895,4.752382378098467
2024-02-26 04:00:00,39.18000000001231,38.80761762189895,0.3723823781133646
2024-02-26 05:00:00,40.35000000000011,38.80761762189895,1.5423823781011592
2024-02-26 06:00:00,39.329999999995124,38.80761762189895,0.5223823780961752
2024-02-26 07:00:00,48.20999999999273,52.69040706605195,-4.480407066059215
2024-02-26 08:00:00,57.77000000000723,55.27402735562298,2.4959726443842527
2024-02-26 09:00:00,54.85000000000909,55.27402735562298,-0.4240273556138874
2024-02-26 10:00:00,55.73999999999509,55.27402735562298,0.4659726443721155
2024-02-26 11:00:00,57.249999999998266,55.27402735562298,1.9759726443752896
2024-02-26 12:00:00,57.37999999999701,65.576530612245,-8.196530612247983
2024-02-26 13:00:00,58.24999999999622,55.27402735562298,2.9759726443732433
2024-02-26 14:00:00,57.75999999999814,62.482767857142946,-4.722767857144802
2024-02-26 15:00:00,54.28000000000779,62.482767857142946,-8.202767857135157
2024-02-26 16:00:00,49.79999999999663,55.27402735562298,-5.4740273556263475
2024-02-26 17:00:00,56.18000000000072,67.41005477988763,-11.230054779886913
2024-02-26 18:00:00,65.47000000000091,68.28390243902432,-2.8139024390234084
2024-02-26 19:00:00,85.93999999999627,82.76179765886273,3.1782023411335416
2024-02-26 20:00:00,90.00000000000702,82.76179765886273,7.238202341144287
2024-02-26 21:00:00,86.97999999999203,87.95446451096825,-0.9744645109762189
2024-02-26 22:00:00,87.52999999999096,82.76179765886273,4.76820234112823
2024-02-26 23:00:00,77.68000000001004,78.07458167330687,-0.3945816732968268
2024-02-27 00:00:00,68.59000000000489,67.02585714285696,1.5641428571479281
2024-02-27 01:00:00,56.679999999992305,63.28547901821038,-6.605479018218077
2024-02-27 02:00:00,45.65000000000461,44.97774671052643,0.6722532894781779
2024-02-27 03:00:00,42.330000000005015,44.97774671052643,-2.6477467105214174
2024-02-27 04:00:00,42.07999999999808,38.80761762189895,3.272382378099131
2024-02-27 05:00:00,37.919999999990836,38.80761762189895,-0.8876176219081131
2024-02-27 06:00:00,35.62000000000009,38.80761762189895,-3.187617621898859
2024-02-27 07:00:00,42.879999999997466,62.49401515151501,-19.614015151517542
2024-02-27 08:00:00,55.800000000009135,55.27402735562298,0.5259726443861581
2024-02-27 09:00:00,52.69000000000969,60.15088501291983,-7.46088501291014
2024-02-27 10:00:00,56.01999999999609,60.15088501291983,-4.130885012923741
2024-02-27 11:00:00,50.42000000000482,60.15088501291983,-9.73088501291501
2024-02-27 12:00:00,52.97000000000773,60.15088501291983,-7.1808850129121
2024-02-27 13:00:00,60.075000000008316,60.15088501291983,-0.07588501291151317
2024-02-27 14:00:00,53.409999999992436,63.28547901821038,-9.875479018217945
2024-02-27 15:00:00,48.950000000011954,63.28547901821038,-14.335479018198427
2024-02-27 16:00:00,49.709999999992164,63.28547901821038,-13.575479018218218
2024-02-27 17:00:00,52.17999999999935,63.28547901821038,-11.105479018211028
2024-02-27 18:00:00,71.3100000000089,68.28390243902432,3.0260975609845815
2024-02-27 19:00:00,82.94999999998444,82.76179765886273,0.18820234112170908
2024-02-27 20:00:00,98.29000000000744,82.76179765886273,15.528202341144706
2024-02-27 21:00:00,85.55999999999412,82.76179765886273,2.798202341131386
2024-02-27 22:00:00,82.16000000000449,82.76179765886273,-0.6017976588582457
2024-02-27 23:00:00,78.36999999999634,82.76179765886273,-4.391797658866395
2024-02-28 00:00:00,73.549999999998,63.28547901821038,10.264520981787612
2024-02-28 01:00:00,66.9199999999905,63.28547901821038,3.6345209817801134
2024-02-28 02:00:00,47.10999999999885,63.28547901821038,-16.175479018211533
2024-02-28 03:00:00,41.87000000000327,52.69040706605195,-10.820407066048674
2024-02-28 04:00:00,38.989999999991454,38.80761762189895,0.18238237809250535
2024-02-28 05:00:00,37.74000000000828,38.80761762189895,-1.067617621890669
2024-02-28 06:00:00,37.9500000000115,52.69040706605195,-14.740407066040447
2024-02-28 07:00:00,45.89999999999574,63.28547901821038,-17.38547901821464
2024-02-28 08:00:00,57.92000000000118,50.272458143074495,7.647541856926686
2024-02-28 09:00:00,54.1400000000028,50.272458143074495,3.8675418569283053
2024-02-28 10:00:00,56.54999999999629,55.62387605850626,0.926123941490026
2024-02-28 11:00:00,54.50999999999689,50.16126096491208,4.348739035084812
2024-02-28 12:00:00,57.26999999998836,63.28547901821038,-6.015479018222024
2024-02-28 13:00:00,55.42000000001369,55.62387605850626,-0.2038760584925754
2024-02-28 14:00:00,54.829999999995465,60.15088501291983,-5.320885012924364
2024-02-28 15:00:00,59.16000000000017,63.28547901821038,-4.125479018210214
2024-02-28 16:00:00,58.32999999998944,62.49401515151501,-4.164015151525568
2024-02-28 17:00:00,59.78000000000506,62.482767857142946,-2.7027678571378857
2024-02-28 18:00:00,69.9500000000007,66.22589108910881,3.7241089108918857
2024-02-28 19:00:00,83.76999999999438,82.50281786941558,1.267182130578803
2024-02-28 20:00:00,84.11000000001044,82.50281786941558,1.6071821305948646
2024-02-28 21:00:00,85.0899999999991,82.50281786941558,2.587182130583514
2024-02-28 22:00:00,82.75999999999848,82.76179765886273,-0.0017976588642483193
2024-02-28 23:00:00,83.62000000000543,78.07458167330687,5.545418326698567
2024-02-29 00:00:00,65.38999999999291,63.28547901821038,2.104520981782528
2024-02-29 01:00:00,60.13999999998654,63.28547901821038,-3.1454790182238384
2024-02-29 02:00:00,48.81000000000071,44.97774671052643,3.8322532894742807
2024-02-29 03:00:00,39.54000000000187,44.97774671052643,-5.437746710524564
2024-02-29 04:00:00,37.78999999999732,38.80761762189895,-1.0176176219016284
2024-02-29 05:00:00,36.51000000000212,38.80761762189895,-2.2976176218968263
2024-02-29 06:00:00,36.35000000000284,38.80761762189895,-2.4576176218961123
2024-02-29 07:00:00,46.719999999995224,49.156562499999964,-2.43656250000474
2024-02-29 08:00:00,53.659999999998114,54.84070175438577,-1.1807017543876555
2024-02-29 09:00:00,53.93000000000424,55.27402735562298,-1.344027355618735
2024-02-29 10:00:00,55.659999999995506,60.15088501291983,-4.490885012924323
2024-02-29 11:00:00,55.06000000000128,52.69040706605195,2.3695929339493347
2024-02-29 12:00:00,54.36999999999918,52.69040706605195,1.6795929339472337
2024-02-29 13:00:00,57.26999999999802,60.15088501291983,-2.8808850129218087
2024-02-29 14:00:00,53.42999999999856,63.28547901821038,-9.855479018211824
2024-02-29 15:00:00,52.690000000001504,70.17681818181848,-17.48681818181697
2024-02-29 16:00:00,55.16000000000642,52.69040706605195,2.4695929339544733
2024-02-29 17:00:00,55.91000000000449,52.69040706605195,3.2195929339525406
2024-02-29 18:00:00,67.3299999999866,66.22589108910881,1.104108910877784
2024-02-29 19:00:00,74.62000000000327,82.76179765886273,-8.14179765885946
2024-02-29 20:00:00,74.33999999999182,82.76179765886273,-8.421797658870915
2024-02-29 21:00:00,78.28999999999994,82.76179765886273,-4.471797658862798
2024-02-29 22:00:00,78.91999999999527,87.95446451096825,-9.034464510972981
2024-02-29 23:00:00,77.59000000000364,78.07458167330687,-0.4845816733032251
2024-03-01 00:00:00,70.35000000000272,67.41005477988763,2.939945220115092
2024-03-01 01:00:00,67.86999999998679,63.28547901821038,4.584520981776407
2024-03-01 02:00:00,52.00999999999951,38.80761762189895,13.202382378100559
2024-03-01 03:00:00,46.640000000004505,38.80761762189895,7.832382378105557
2024-03-01 04:00:00,39.11999999999202,38.80761762189895,0.31238237809306924
2024-03-01 05:00:00,37.23000000001579,38.80761762189895,-1.5776176218831566
2024-03-01 06:00:00,37.7499999999861,38.80761762189895,-1.057617621912847
2024-03-01 07:00:00,44.20000000000536,50.22175824175773,-6.021758241752373
2024-03-01 08:00:00,49.82000000000332,45.929207650273156,3.8907923497301624
2024-03-01 09:00:00,59.52999999999585,60.58367713004438,-1.053677130048527
2024-03-01 10:00:00,65.08999999999466,67.02585714285696,-1.9358571428623037
2024-03-01 11:00:00,72.65000000000722,79.12358333333353,-6.473583333326303
2024-03-01 12:00:00,63.66999999999402,63.28547901821038,0.3845209817836377
2024-03-01 13:00:00,67.22999999999499,60.58367713004438,6.646322869950609
2024-03-01 14:00:00,61.23000000001363,71.26639999999978,-10.036399999986145
2024-03-01 15:00:00,69.19999999999786,63.28547901821038,5.914520981787476
2024-03-01 16:00:00,66.28999999999334,63.28547901821038,3.00452098178296
2024-03-01 17:00:00,64.57000000000684,60.15088501291983,4.4191149870870134
2024-03-01 18:00:00,62.84999999999272,86.14636363636444,-23.296363636371723
2024-03-01 19:00:00,89.27000000000109,82.76179765886273,6.508202341138357
2024-03-01 20:00:00,85.06999999999718,87.95446451096825,-2.884464510971071
2024-03-01 21:00:00,90.93999999999389,82.76179765886273,8.178202341131154
2024-03-01 22:00:00,76.07000000000855,82.76179765886273,-6.691797658854185
2024-03-01 23:00:00,80.6199999999919,82.76179765886273,-2.1417976588708285
2024-03-02 00:00:00,67.08000000000865,67.41005477988763,-0.3300547798789779
2024-03-02 01:00:00,61.609999999990094,63.28547901821038,-1.6754790182202868
2024-03-02 02:00:00,47.32000000000718,44.97774671052643,2.3422532894807446
2024-03-02 03:00:00,40.40999999998732,63.28547901821038,-22.87547901822306
2024-03-02 04:00:00,42.10000000001182,38.80761762189895,3.292382378112869
2024-03-02 05:00:00,37.940000000010706,38.80761762189895,-0.8676176218882432
2024-03-02 06:00:00,38.32999999999205,38.80761762189895,-0.4776176219069015
2024-03-02 07:00:00,41.18000000000333,52.69040706605195,-11.510407066048614
2024-03-02 08:00:00,48.44000000000025,52.69040706605195,-4.250407066051693
2024-03-02 09:00:00,55.919999999997316,60.15088501291983,-4.2308850129225135
2024-03-02 10:00:00,59.85999999999714,58.709999999999475,1.149999999997668
2024-03-02 11:00:00,62.9099999999996,63.28547901821038,-0.37547901821078256
2024-03-02 12:00:00,61.73000000000317,63.28547901821038,-1.5554790182072082
2024-03-02 13:00:00,66.05999999999707,63.28547901821038,2.7745209817866936
2024-03-02 14:00:00,70.47000000000125,63.28547901821038,7.184520981790868
2024-03-02 15:00:00,65.52999999999949,60.15088501291983,5.37911498707966
2024-03-02 16:00:00,66.00000000000566,63.28547901821038,2.7145209817952747
2024-03-02 17:00:00,66.49999999999258,63.28547901821038,3.2145209817822007
2024-03-02 18:00:00,69.09000000000057,74.32023076923082,-5.230230769230246
2024-03-02 19:00:00,78.23000000000329,82.76179765886273,-4.531797658859446
2024-03-02 20:00:00,80.40999999999596,87.95446451096825,-7.54446451097229
2024-03-02 21:00:00,78.89999999999904,82.76179765886273,-3.8617976588636935
2024-03-02 22:00:00,82.0100000000053,82.76179765886273,-0.7517976588574271
2024-03-02 23:00:00,76.19000000000298,82.76179765886273,-6.571797658859751
2024-03-03 00:00:00,66.15999999999232,88.47410256410228,-22.31410256410996
2024-03-03 01:00:00,66.40000000000302,63.28547901821038,3.114520981792637
2024-03-03 02:00:00,49.730000000002946,63.28547901821038,-13.555479018207436
2024-03-03 03:00:00,49.00999999999735,38.80761762189895,10.202382378098399
2024-03-03 04:00:00,40.120000000001454,38.80761762189895,1.3123823781025052
2024-03-03 05:00:00,36.21999999999193,38.80761762189895,-2.5876176219070217
2024-03-03 06:00:00,37.5400000000071,38.80761762189895,-1.2676176218918513
2024-03-03 07:00:00,36.620000000005085,42.99379120879128,-6.373791208786194
2024-03-03 08:00:00,46.189999999995706,63.28547901821038,-17.095479018214675
2024-03-03 09:00:00,62.16000000000608,60.58367713004438,1.5763228699617002
2024-03-03 10:00:00,70.64999999999824,53.04376033057825,17.606239669419992
2024-03-03 11:00:00,73.48000000000272,63.28547901821038,10.194520981792337
2024-03-03 12:00:00,73.91000000000074,60.15088501291983,13.759114987080906
2024-03-03 13:00:00,82.60999999999999,63.28547901821038,19.324520981789604
2024-03-03 14:00:00,72.36999999999816,68.94038066465276,3.429619335345393
2024-03-03 15:00:00,70.10000000000863,62.482767857142946,7.617232142865689
2024-03-03 16:00:00,69.24000000000544,62.49401515151501,6.74598484849043
2024-03-03 17:00:00,67.70999999999592,88.73985294117702,-21.029852941181105
2024-03-03 18:00:00,84.07999999999865,66.22589108910881,17.854108910889835
2024-03-03 19:00:00,94.9600000000132,82.76179765886273,12.198202341150463
2024-03-03 20:00:00,95.5799999999874,87.95446451096825,7.625535489019143
2024-03-03 21:00:00,92.30000000000538,87.95446451096825,4.3455354890371325
2024-03-03 22:00:00,92.13999999999575,82.76179765886273,9.378202341133019
2024-03-03 23:00:00,86.26000000000258,82.76179765886273,3.4982023411398444
2024-03-04 00:00:00,66.51000000000383,71.26639999999978,-4.756399999995949
2024-03-04 01:00:00,58.80000000000493,45.929207650273156,12.870792349731772
2024-03-04 02:00:00,42.83999999999136,62.096249999999756,-19.256250000008393
2024-03-04 03:00:00,39.44000000000685,38.80761762189895,0.6323823781078985
2024-03-04 04:00:00,40.399999999999714,38.80761762189895,1.5923823781007655
2024-03-04 05:00:00,39.15999999999755,38.80761762189895,0.3523823780986035
2024-03-04 06:00:00,38.1999999999999,45.929207650273156,-7.729207650273253
2024-03-04 07:00:00,47.85000000000488,53.59877358490583,-5.748773584900945
2024-03-04 08:00:00,74.5999999999951,60.58367713004438,14.016322869950727
2024-03-04 09:00:00,60.46999999999852,60.15088501291983,0.31911498707869157
2024-03-04 10:00:00,54.45000000000252,50.16126096491208,4.288739035090437
2024-03-04 11:00:00,46.47000000000273,55.62387605850626,-9.153876058503535
2024-03-04 12:00:00,41.18000000000117,50.272458143074495,-9.092458143073323
2024-03-04 13:00:00,48.19000000000173,50.272458143074495,-2.0824581430727633
2024-03-04 14:00:00,47.009999999994506,50.22175824175773,-3.2117582417632278
2024-03-04 15:00:00,48.380000000007016,50.16126096491208,-1.7812609649050657
2024-03-04 16:00:00,52.98999999999987,55.27402735562298,-2.2840273556231097
2024-03-04 17:00:00,56.2850000000021,55.27402735562298,1.0109726443791232
2024-03-04 18:00:00,70.97999999999362,66.22589108910881,4.75410891088481
2024-03-04 19:00:00,81.33000000000047,78.07458167330687,3.2554183266936008
2024-03-04 20:00:00,89.68999999999946,82.76179765886273,6.928202341136725
2024-03-04 21:00:00,88.38000000001327,82.76179765886273,5.6182023411505355
2024-03-04 22:00:00,80.26999999999688,78.07458167330687,2.1954183266900174
2024-03-04 23:00:00,80.26999999998836,78.07458167330687,2.195418326681491
2024-03-05 00:00:00,66.70000000000218,63.28547901821038,3.414520981791796
2024-03-05 01:00:00,60.37000000000657,61.313378378378005,-0.9433783783714347
2024-03-05 02:00:00,38.12999999999565,44.97774671052643,-6.847746710530785
2024-03-05 03:00:00,44.89999999999961,44.97774671052643,-0.07774671052682436
2024-03-05 04:00:00,39.2400000000076,38.80761762189895,0.4323823781086489
2024-03-05 05:00:00,37.32999999999603,44.97774671052643,-7.647746710530399
2024-03-05 06:00:00,39.549999999997084,44.97774671052643,-5.427746710529348
2024-03-05 07:00:00,51.100000000005224,53.59877358490583,-2.4987735849006043
2024-03-05 08:00:00,68.41000000000403,67.41005477988763,0.9999452201164019
2024-03-05 09:00:00,61.404999999994146,60.58367713004438,0.8213228699497677
2024-03-05 10:00:00,51.81999999999229,55.62387605850626,-3.8038760585139713
2024-03-05 11:00:00,50.78000000000404,55.62387605850626,-4.843876058502225
2024-03-05 12:00:00,45.47999999999794,55.62387605850626,-10.143876058508319
2024-03-05 13:00:00,44.95000000000263,50.22175824175773,-5.271758241755101
2024-03-05 14:00:00,46.44999999999854,50.22175824175773,-3.771758241759194
2024-03-05 15:00:00,52.669999999994474,50.16126096491208,2.5087390350823924
2024-03-05 16:00:00,48.8000000000105,55.62387605850626,-6.823876058495763
2024-03-05 17:00:00,49.9699999999884,67.41005477988763,-17.440054779899228
2024-03-05 18:00:00,62.06999999999218,68.28390243902432,-6.21390243903214
2024-03-05 19:00:00,82.86000000000828,78.07458167330687,4.785418326701418
2024-03-05 20:00:00,87.65999999999369,82.76179765886273,4.898202341130954
2024-03-05 21:00:00,87.86000000000226,82.76179765886273,5.098202341139526
2024-03-05 22:00:00,88.3900000000036,82.76179765886273,5.628202341140863
2024-03-05 23:00:00,78.43000000000094,82.76179765886273,-4.331797658861788
2024-03-06 00:00:00,65.98000000000022,67.02585714285696,-1.0458571428567467
2024-03-06 01:00:00,63.51000000001201,52.69040706605195,10.819592933960067
2024-03-06 02:00:00,41.489999999984065,38.80761762189895,2.6823823780851157
2024-03-06 03:00:00,38.71000000001092,38.80761762189895,-0.09761762188802692
2024-03-06 04:00:00,39.05009036142934,38.80761762189895,0.24247273953039183
2024-03-06 05:00:00,38.640307228927455,38.80761762189895,-0.16731039297149408
2024-03-06 06:00:00,39.73052409638224,38.80761762189895,0.9229064744832911
2024-03-06 07:00:00,48.09074096384794,60.15088501291983,-12.060144049071887
2024-03-06 08:00:00,66.61095783132076,53.59877358490583,13.012184246414932
2024-03-06 09:00:00,60.91117469879049,53.59877358490583,7.312401113884661
2024-03-06 10:00:00,54.666391566261396,55.62387605850626,-0.9574844922448662
2024-03-06 11:00:00,48.84160843372964,55.62387605850626,-6.7822676247766225
2024-03-06 12:00:00,50.44182530121,50.80142011834344,-0.3595948171334342
2024-03-06 13:00:00,50.47204216866156,55.62387605850626,-5.151833889844703
2024-03-06 14:00:00,49.822259036156254,55.62387605850626,-5.801617022350008
2024-03-06 15:00:00,45.33247590361851,50.16126096491208,-4.828785061293573
2024-03-06 16:00:00,47.80269277107353,50.16126096491208,-2.3585681938385505
2024-03-06 17:00:00,46.53290963855309,52.69040706605195,-6.157497427498853
2024-03-06 18:00:00,59.23312650602587,68.28390243902432,-9.050775932998448
2024-03-06 19:00:00,76.92334337349013,82.76179765886273,-5.838454285372606
2024-03-06 20:00:00,89.21356024096339,82.76179765886273,6.451762582100656
2024-03-06 21:00:00,85.58377710843158,82.76179765886273,2.8219794495688433
2024-03-06 22:00:00,84.7239939759078,82.76179765886273,1.9621963170450698
2024-03-06 23:00:00,78.35421084336474,78.07458167330687,0.27962917005787347
2024-03-07 00:00:00,69.99442771084131,67.02585714285696,2.9685705679843437
2024-03-07 01:00:00,62.414644578311034,52.69040706605195,9.724237512259087
2024-03-07 02:00:00,44.57486144578669,38.80761762189895,5.767243823887739
2024-03-07 03:00:00,40.87507831327562,38.80761762189895,2.0674606913766738
2024-03-07 04:00:00,38.305295180710445,38.80761762189895,-0.5023224411885039
2024-03-07 05:00:00,39.995512048192325,38.80761762189895,1.1878944262933757
2024-03-07 06:00:00,41.11572891566347,38.80761762189895,2.3081112937645187
2024-03-07 07:00:00,46.175945783140456,63.28547901821038,-17.109533235069925
2024-03-07 08:00:00,65.71616265060223,53.59877358490583,12.1173890656964
2024-03-07 09:00:00,59.91637951807148,60.15088501291983,-0.23450549484834937
2024-03-07 10:00:00,54.32659638553736,55.62387605850626,-1.2972796729689051
2024-03-07 11:00:00,56.496813253017095,60.15088501291983,-3.6540717599027346
2024-03-07 12:00:00,46.93703012047747,50.80142011834344,-3.8643899978659633
2024-03-07 13:00:00,44.57724698794178,50.22175824175773,-5.644511253815956
2024-03-07 14:00:00,47.14746385542661,50.22175824175773,-3.0742943863311254
2024-03-07 15:00:00,46.80768072288953,50.22175824175773,-3.414077518868204
2024-03-07 16:00:00,45.64789759035205,50.16126096491208,-4.513363374560029
2024-03-07 17:00:00,52.38811445782604,52.69040706605195,-0.30229260822590476
2024-03-07 18:00:00,60.4083313252942,74.32023076923082,-13.911899443936619
2024-03-07 19:00:00,73.90854819276865,82.76179765886273,-8.853249466094084
2024-03-07 20:00:00,75.03876506023238,82.76179765886273,-7.723032598630354
2024-03-07 21:00:00,87.85898192771596,82.76179765886273,5.097184268853226
2024-03-07 22:00:00,86.96919879518074,82.76179765886273,4.207401136318012
2024-03-07 23:00:00,76.83941566263925,78.07458167330687,-1.2351660106676121
2024-03-08 00:00:00,72.8796325301232,63.28547901821038,9.594153511912822
2024-03-08 01:00:00,56.37984939759127,63.28547901821038,-6.905629620619109
2024-03-08 02:00:00,50.35006626505538,38.80761762189895,11.542448643156433
2024-03-08 03:00:00,42.42028313253054,38.80761762189895,3.6126655106315937
2024-03-08 04:00:00,38.16049999999521,38.80761762189895,-0.6471176219037389
2024-03-08 05:00:00,37.360716867468895,38.80761762189895,-1.4469007544300538
2024-03-08 06:00:00,42.52093373494057,38.80761762189895,3.7133161130416212
2024-03-08 07:00:00,49.19115060240302,60.15088501291983,-10.959734410516809
2024-03-08 08:00:00,61.32136746988086,55.62387605850626,5.6974914113746
2024-03-08 09:00:00,58.79158433735294,63.28547901821038,-4.493894680857444
2024-03-08 10:00:00,49.13680120481921,50.22175824175773,-1.0849570369385262
2024-03-08 11:00:00,47.23201807228389,62.49401515151501,-15.261997079231115
2024-03-08 12:00:00,47.86223493976253,50.22175824175773,-2.3595233019952033
2024-03-08 13:00:00,45.5924518072239,50.22175824175773,-4.629306434533831
2024-03-08 14:00:00,45.562668674705975,50.16126096491208,-4.598592290206106
2024-03-08 15:00:00,44.642885542161466,55.62387605850626,-10.980990516344797
2024-03-08 16:00:00,46.4031024096368,55.62387605850626,-9.22077364886946
2024-03-08 17:00:00,49.82331927711108,62.482767857142946,-12.659448580031864
2024-03-08 18:00:00,57.81853614457676,71.70444444444364,-13.885908299866877
2024-03-08 19:00:00,74.05375301204825,82.76179765886273,-8.708044646814486
2024-03-08 20:00:00,79.59396987951071,82.50281786941558,-2.9088479899048707
2024-03-08 21:00:00,76.79418674698974,82.76179765886273,-5.967610911872995
2024-03-08 22:00:00,81.0744036144597,82.76179765886273,-1.6873940444030353
2024-03-08 23:00:00,76.01462048192055,78.07458167330687,-2.0599611913863214
2024-03-09 00:00:00,68.94483734939527,67.02585714285696,1.9189802065383077
2024-03-09 01:00:00,61.50505421685544,56.34009259259252,5.164961624262922
2024-03-09 02:00:00,47.015271084347035,44.97774671052643,2.0375243738206024
2024-03-09 03:00:00,40.03548795181429,38.80761762189895,1.2278703299153406
2024-03-09 04:00:00,37.73570481928001,38.80761762189895,-1.0719128026189395
2024-03-09 05:00:00,40.965921686742405,38.80761762189895,2.158304064843456
2024-03-09 06:00:00,39.856138554220124,38.80761762189895,1.0485209323211748
2024-03-09 07:00:00,39.99635542167806,45.929207650273156,-5.932852228595095
2024-03-09 08:00:00,48.836572289164344,60.15088501291983,-11.314312723755485
2024-03-09 09:00:00,62.32678915662401,67.41005477988763,-5.083265623263621
2024-03-09 10:00:00,62.127006024094186,53.04376033057825,9.083245693515934
2024-03-09 11:00:00,65.78722289156529,59.536310343676305,6.250912547888987
2024-03-09 12:00:00,63.99743975903317,62.096249999999756,1.9011897590334144
2024-03-09 13:00:00,67.52765662649949,63.28547901821038,4.242177608289111
2024-03-09 14:00:00,65.69787349396901,65.576530612245,0.12134288172401853
2024-03-09 15:00:00,72.98809036144635,50.80142011834344,22.186670243102917
2024-03-09 16:00:00,59.49830722891589,50.80142011834344,8.696887110572455
2024-03-09 17:00:00,59.96352409636978,63.28547901821038,-3.3219549218406
2024-03-09 18:00:00,67.29874096385618,68.28390243902432,-0.985161475168141
2024-03-09 19:00:00,71.95895783132626,78.07458167330687,-6.115623841980607
2024-03-09 20:00:00,82.4391746987881,78.07458167330687,4.364593025481227
2024-03-09 21:00:00,81.36939156626202,82.76179765886273,-1.3924060926007087
2024-03-09 22:00:00,77.14960843373984,82.76179765886273,-5.61218922512289
2024-03-09 23:00:00,71.5598253011974,82.76179765886273,-11.201972357665326
2024-03-10 00:00:00,65.5300421686596,67.02585714285696,-1.4958149741973585
2024-03-10 01:00:00,67.40025903614142,63.83023809523874,3.5700209409026797
2024-03-10 02:00:00,49.53047590362233,38.80761762189895,10.722858281723383
2024-03-10 03:00:00,41.43069277108367,55.27402735562298,-13.843334584539306
2024-03-10 04:00:00,41.27090963854494,38.80761762189895,2.463292016645994
2024-03-10 05:00:00,37.70112650602432,38.80761762189895,-1.1064911158746256
2024-03-10 06:00:00,37.08134337349534,38.80761762189895,-1.7262742484036053
2024-03-10 07:00:00,37.17156024096083,52.69040706605195,-15.518846825091117
2024-03-10 08:00:00,47.29177710844106,52.69040706605195,-5.398629957610886
2024-03-10 09:00:00,65.0019939759103,60.58367713004438,4.418316845865917
2024-03-10 10:00:00,73.87221084337259,67.02585714285696,6.846353700515621
2024-03-10 11:00:00,74.09242771083862,60.58367713004438,13.508750580794242
2024-03-10 12:00:00,77.78264457831072,67.41005477988763,10.372589798423093
2024-03-10 13:00:00,68.36286144577281,58.709999999999475,9.652861445773333
2024-03-10 14:00:00,66.89307831326335,68.94038066465276,-2.047302351389419
2024-03-10 15:00:00,70.35329518071372,65.576530612245,4.776764568468721
2024-03-10 16:00:00,65.98351204820099,60.15088501291983,5.832627035281163
2024-03-10 17:00:00,69.31372891565705,60.15088501291983,9.162843902737222
2024-03-10 18:00:00,79.70394578312079,66.22589108910881,13.478054694011973
2024-03-10 19:00:00,86.54416265060912,82.50281786941558,4.041344781193544
2024-03-10 20:00:00,99.67937951806991,87.95446451096825,11.724915007101657
2024-03-10 21:00:00,91.82459638554204,87.95446451096825,3.8701318745737865
2024-03-10 22:00:00,85.43481325302047,87.95446451096825,-2.5196512579477854
2024-03-10 23:00:00,77.59503012047736,82.50281786941558,-4.907787748938219
2024-03-11 00:00:00,67.06524698794817,52.69040706605195,14.374839921896225
2024-03-11 01:00:00,64.77546385541925,56.34009259259252,8.435371262826727
2024-03-11 02:00:00,43.67568072288773,38.80761762189895,4.868063100988785
2024-03-11 03:00:00,39.35589759036007,38.80761762189895,0.5482799684611237
2024-03-11 04:00:00,38.17611445782342,38.80761762189895,-0.6315031640755322
2024-03-11 05:00:00,38.04633132530979,38.80761762189895,-0.7612862965891622
2024-03-11 06:00:00,41.0965481927678,38.80761762189895,2.2889305708688497
2024-03-11 07:00:00,44.63676506024606,62.49401515151501,-17.857250091268945
2024-03-11 08:00:00,61.586981927704514,52.69040706605195,8.896574861652567
2024-03-11 09:00:00,59.982198795177226,50.80142011834344,9.18077867683379
2024-03-11 10:00:00,50.6574156626474,50.22175824175773,0.43565742088966886
2024-03-11 11:00:00,47.42763253011715,53.59877358490583,-6.171141054788677
2024-03-11 12:00:00,47.48784939759665,50.80142011834344,-3.313570720746789
2024-03-11 13:00:00,49.408066265059105,50.80142011834344,-1.3933538532843315
2024-03-11 14:00:00,48.65828313252695,50.22175824175773,-1.5634751092307866
2024-03-11 15:00:00,48.14850000001139,50.22175824175773,-2.0732582417463448
2024-03-11 16:00:00,49.338716867467,50.22175824175773,-0.8830413742907339
2024-03-11 17:00:00,56.838933734935864,50.80142011834344,6.0375136165924275
2024-03-11 18:00:00,64.60915060241904,66.22589108910881,-1.6167404866897783
2024-03-11 19:00:00,76.72936746987665,82.50281786941558,-5.77345039953893
2024-03-11 20:00:00,87.35958433734733,87.95446451096825,-0.5948801736209219
2024-03-11 21:00:00,93.0598012048176,87.95446451096825,5.1053366938493525
2024-03-11 22:00:00,81.55001807228942,87.95446451096825,-6.404446438678832
2024-03-11 23:00:00,74.35023493975415,87.95446451096825,-13.604229571214105
2024-03-12 00:00:00,66.51045180722525,60.58367713004438,5.926774677180873
2024-03-12 01:00:00,55.450668674710876,63.28547901821038,-7.834810343499505
2024-03-12 02:00:00,44.55088554216759,38.80761762189895,5.743267920268643
2024-03-12 03:00:00,40.75110240963764,38.80761762189895,1.94348478773869
2024-03-12 04:00:00,39.031319277103634,38.80761762189895,0.22370165520468532
2024-03-12 05:00:00,37.39153614458877,38.80761762189895,-1.416081477310179
2024-03-12 06:00:00,41.79175301204805,38.80761762189895,2.984135390149099
2024-03-12 07:00:00,49.60196987951822,60.15088501291983,-10.548915133401607
2024-03-12 08:00:00,68.03218674698351,60.58367713004438,7.448509616939134
2024-03-12 09:00:00,59.38240361445888,50.22175824175773,9.160645372701147
2024-03-12 10:00:00,49.352620481921626,55.62387605850626,-6.271255576584636
2024-03-12 11:00:00,53.12283734939104,50.16126096491208,2.9615763844789598
2024-03-12 12:00:00,42.55305421686985,50.80142011834344,-8.248365901473584
2024-03-12 13:00:00,45.92327108432406,50.80142011834344,-4.87814903401938
2024-03-12 14:00:00,51.91348795182056,50.16126096491208,1.7522269869084752
2024-03-12 15:00:00,50.16370481927327,55.62387605850626,-5.4601712392329915
2024-03-12 16:00:00,47.89392168674761,55.62387605850626,-7.729954371758652
2024-03-12 17:00:00,52.36413855421354,50.80142011834344,1.562718435870103
2024-03-12 18:00:00,76.97435542168651,66.22589108910881,10.748464332577697
2024-03-12 19:00:00,81.49457228915513,82.76179765886273,-1.267225369707603
2024-03-12 20:00:00,87.66478915662748,87.95446451096825,-0.28967535434077263
2024-03-12 21:00:00,87.66500602409747,82.50281786941558,5.1621881546818855
2024-03-12 22:00:00,83.00522289156501,82.50281786941558,0.5024050221494321
2024-03-12 23:00:00,75.91543975903497,82.50281786941558,-6.587378110380612
2024-03-13 00:00:00,70.2856566265052,67.02585714285696,3.259799483648237
2024-03-13 01:00:00,63.70587349396697,61.313378378378005,2.3924951155889644
2024-03-13 02:00:00,47.846090361448205,38.80761762189895,9.038472739549256
2024-03-13 03:00:00,40.8363072289181,38.80761762189895,2.028689607019153
2024-03-13 04:00:00,39.24652409638375,38.80761762189895,0.4389064744848028
2024-03-13 05:00:00,38.22674096385582,50.272458143074495,-12.045717179218677
2024-03-13 06:00:00,39.58695783133082,38.80761762189895,0.7793402094318722
2024-03-13 07:00:00,50.92717469879529,62.49401515151501,-11.566840452719717
2024-03-13 08:00:00,61.61739156625852,67.02585714285696,-5.408465576598445
2024-03-13 09:00:00,63.067608433739025,50.272458143074495,12.79515029066453
2024-03-13 10:00:00,53.957825301197985,50.272458143074495,3.6853671581234906
2024-03-13 11:00:00,51.57804216868162,50.80142011834344,0.7766220503381831
2024-03-13 12:00:00,50.56825903614015,50.80142011834344,-0.23316108220328857
2024-03-13 13:00:00,54.33847590360354,50.80142011834344,3.537055785260101
2024-03-13 14:00:00,48.608692771088414,50.16126096491208,-1.5525681938236673
2024-03-13 15:00:00,46.77890963856679,50.16126096491208,-3.382351326345294
2024-03-13 16:00:00,45.65912650601972,55.62387605850626,-9.964749552486545
2024-03-13 17:00:00,49.79934337349334,52.69040706605195,-2.8910636925586033
2024-03-13 18:00:00,58.419560240975514,66.22589108910881,-7.8063308481333
2024-03-13 19:00:00,69.92977710843527,82.50281786941558,-12.573040760980305
2024-03-13 20:00:00,83.81999397589685,82.76179765886273,1.0581963170341169
2024-03-13 21:00:00,89.15021084336769,87.95446451096825,1.1957463323994375
2024-03-13 22:00:00,85.65042771084518,87.95446451096825,-2.3040368001230718
2024-03-13 23:00:00,82.2306445783174,89.81362745098025,-7.582982872662853
2024-03-14 00:00:00,70.7508614457777,63.28547901821038,7.46538242756732
2024-03-14 01:00:00,61.65107831325314,61.313378378378005,0.3376999348751326
2024-03-14 02:00:00,45.97129518071943,63.28547901821038,-17.31418383749095
2024-03-14 03:00:00,40.70151204818296,52.69040706605195,-11.988895017868984
2024-03-14 04:00:00,42.33172891567229,38.80761762189895,3.5241112937733376
2024-03-14 05:00:00,38.0819457831316,38.80761762189895,-0.7256718387673473
2024-03-14 06:00:00,38.782162650605166,38.80761762189895,-0.025454971293783046
2024-03-14 07:00:00,46.57237951807161,60.15088501291983,-13.578505494848223
2024-03-14 08:00:00,66.83259638554182,60.15088501291983,6.68171137262199
2024-03-14 09:00:00,60.46281325301068,50.272458143074495,10.190355109936185
2024-03-14 10:00:00,48.68303012047514,55.62387605850626,-6.940845938031124
2024-03-14 11:00:00,42.64324698795256,50.80142011834344,-8.158173130390878
2024-03-14 12:00:00,46.193463855424106,50.22175824175773,-4.028294386333627
2024-03-14 13:00:00,45.50368072288393,50.80142011834344,-5.297739395459509
2024-03-14 14:00:00,47.883897590365066,50.272458143074495,-2.3885605527094285
2024-03-14 15:00:00,44.98411445783498,55.62387605850626,-10.639761600671285
2024-03-14 16:00:00,48.40433132531028,52.69040706605195,-4.286075740741666
2024-03-14 17:00:00,42.76454819276187,55.62387605850626,-12.85932786574439
2024-03-14 18:00:00,56.58476506024579,66.22589108910881,-9.64112602886302
2024-03-14 19:00:00,74.44498192771297,82.50281786941558,-8.057835941702606
2024-03-14 20:00:00,78.42519879518673,82.76179765886273,-4.336598863676002
2024-03-14 21:00:00,84.79541566264196,82.76179765886273,2.0336180037792246
2024-03-14 22:00:00,79.37563253011746,82.76179765886273,-3.386165128745276
2024-03-14 23:00:00,75.9758493975853,82.76179765886273,-6.785948261277426
2024-03-15 00:00:00,74.18606626506762,62.482767857142946,11.703298407924677
2024-03-15 01:00:00,54.976283132526675,56.34009259259252,-1.3638094600658448
2024-03-15 02:00:00,45.12650000000722,53.59877358490583,-8.472273584898609
2024-03-15 03:00:00,38.89671686746606,38.80761762189895,0.08909924556711246
2024-03-15 04:00:00,38.76693373494072,38.80761762189895,-0.04068388695822733
2024-03-15 05:00:00,40.557150602411596,38.80761762189895,1.7495329805126474
2024-03-15 06:00:00,43.077367469880556,38.80761762189895,4.269749847981608
2024-03-15 07:00:00,49.82758433735408,60.15088501291983,-10.323300675565747
2024-03-15 08:00:00,61.8178012048109,67.02585714285696,-5.208055938046066
2024-03-15 09:00:00,64.80801807229341,60.15088501291983,4.657133059373578
2024-03-15 10:00:00,51.76823493975719,50.22175824175773,1.5464766979994593
2024-03-15 11:00:00,47.18845180723443,50.22175824175773,-3.033306434523304
2024-03-15 12:00:00,46.50866867469504,61.29555555555591,-14.78688688086087
2024-03-15 13:00:00,47.968885542162575,50.80142011834344,-2.832534576180862
2024-03-15 14:00:00,46.38910240962662,55.62387605850626,-9.234773648879646
2024-03-15 15:00:00,51.88931927711299,55.62387605850626,-3.734556781393273
2024-03-15 16:00:00,46.129536144572086,55.62387605850626,-9.494339913934176
2024-03-15 17:00:00,49.109753012048344,52.69040706605195,-3.5806540540036025
2024-03-15 18:00:00,60.55996987951476,66.22589108910881,-5.665921209594053
2024-03-15 19:00:00,73.61018674700597,82.76179765886273,-9.151610911856764
2024-03-15 20:00:00,80.4004036144474,82.76179765886273,-2.3613940444153343
2024-03-15 21:00:00,83.55062048194353,82.76179765886273,0.7888228230807925
2024-03-15 22:00:00,76.63083734939458,82.76179765886273,-6.130960309468151
2024-03-15 23:00:00,75.58105421686395,82.76179765886273,-7.180743441998786
2024-03-16 00:00:00,66.44127108433474,52.69040706605195,13.750864018282797
2024-03-16 01:00:00,53.7814879518116,63.83023809523874,-10.048750143427142
2024-03-16 02:00:00,45.60170481927733,53.59877358490583,-7.997068765628498
2024-03-16 03:00:00,39.421921686735665,38.80761762189895,0.6143040648367162
2024-03-16 04:00:00,40.022138554213875,38.80761762189895,1.214520932314926
2024-03-16 05:00:00,39.04235542168544,38.80761762189895,0.2347377997864939
2024-03-16 06:00:00,36.9925722891647,38.80761762189895,-1.8150453327342504
2024-03-16 07:00:00,44.96278915661847,42.99379120879128,1.9689979478271908
2024-03-16 08:00:00,50.673006024106456,55.62387605850626,-4.950870034399806
2024-03-16 09:00:00,64.32322289157337,64.87049079754566,-0.5472679059722907
2024-03-16 10:00:00,74.91343975903726,74.42625000000005,0.4871897590372072
2024-03-16 11:00:00,64.73365662651504,68.94038066465276,-4.206724038137722
2024-03-16 12:00:00,68.65387349397022,59.536310343676305,9.117563150293918
2024-03-16 13:00:00,64.51409036144022,67.41005477988763,-2.895964418447406
2024-03-16 14:00:00,68.10430722891346,60.15088501291983,7.953422215993626
2024-03-16 15:00:00,59.444524096385976,60.15088501291983,-0.7063609165338534
2024-03-16 16:00:00,59.34474096385527,60.15088501291983,-0.8061440490645566
2024-03-16 17:00:00,64.8249578313254,63.28547901821038,1.539478813115025
2024-03-16 18:00:00,63.99517469879161,68.28390243902432,-4.288727740232709
2024-03-16 19:00:00,84.19539156627064,197.1700000000069,-112.97460843373625
2024-03-17 16:00:00,0.0,45.929207650273156,-45.929207650273156
2024-03-17 17:00:00,42.99712048192356,60.15088501291983,-17.15376453099627
2024-03-17 18:00:00,75.76586144578707,66.22589108910881,9.539970356678253
2024-03-17 19:00:00,86.22607831325632,82.76179765886273,3.4642806543935905
2024-03-17 20:00:00,93.67629518072295,82.50281786941558,11.173477311307366
2024-03-17 21:00:00,97.04651204819045,87.95446451096825,9.0920475372222
2024-03-17 22:00:00,87.47672891566744,82.50281786941558,4.973911046251857
2024-03-17 23:00:00,84.3969457831349,82.50281786941558,1.8941279137193163
2024-03-18 00:00:00,71.31716265059381,67.41005477988763,3.9071078707061844
2024-03-18 01:00:00,61.53737951806249,60.58367713004438,0.9537023880181081
2024-03-18 02:00:00,37.49798192771481,44.97774671052643,-7.479764782811621
2024-03-18 03:00:00,39.33777710843765,38.80761762189895,0.5301594865387003
2024-03-18 04:00:00,41.17799397590677,38.80761762189895,2.370376354007824
2024-03-18 05:00:00,36.3982108433768,40.675381679389844,-4.277170836013042
2024-03-18 06:00:00,41.838427710851626,55.27402735562298,-13.43559964477135
2024-03-18 07:00:00,52.98864457830261,53.59877358490583,-0.6101290066032163
2024-03-18 08:00:00,62.50886144578487,55.27402735562298,7.234834090161897
2024-03-18 09:00:00,52.289078313261896,55.27402735562298,-2.9849490423610803
2024-03-18 10:00:00,47.219295180715925,50.22175824175773,-3.0024630610418086
2024-03-18 11:00:00,51.81951204819437,50.22175824175773,1.5977538064366357
2024-03-18 12:00:00,51.5697289156522,53.59877358490583,-2.0290446692536293
2024-03-18 13:00:00,54.869939759032356,53.59877358490583,1.2711661741265274
2024-03-18 14:00:00,50.93000000000666,50.16126096491208,0.7687390350945762
2024-03-18 15:00:00,53.32999999999167,50.22175824175773,3.1082417582339374
2024-03-18 16:00:00,46.74000000000393,50.22175824175773,-3.481758241753802
2024-03-18 17:00:00,51.28999999999149,50.22175824175773,1.0682417582337536
2024-03-18 18:00:00,63.99000000000051,66.22589108910881,-2.235891089108307
2024-03-18 19:00:00,72.4800000000098,78.07458167330687,-5.594581673297071
2024-03-18 20:00:00,87.660000000008,78.07458167330687,9.58541832670113
2024-03-18 21:00:00,82.62999999999036,87.95446451096825,-5.32446451097789
2024-03-18 22:00:00,83.7850000000072,82.76179765886273,1.0232023411444686
2024-03-18 23:00:00,81.78999999999513,78.07458167330687,3.7154183266882654
2024-03-19 00:00:00,67.27999999999989,63.28547901821038,3.994520981789506
2024-03-19 01:00:00,54.94500000000146,56.34009259259252,-1.3950925925910624
2024-03-19 02:00:00,45.41666666667942,44.97774671052643,0.4389199561529864
2024-03-19 03:00:00,39.72333333333759,38.80761762189895,0.9157157114386436
2024-03-19 04:00:00,39.23826086956379,38.80761762189895,0.43064324766483963
2024-03-19 05:00:00,38.27956521739464,52.69040706605195,-14.410841848657306
2024-03-19 06:00:00,42.420869565207894,38.80761762189895,3.6132519433089456
2024-03-19 07:00:00,50.66130434782994,53.59877358490583,-2.937469237075888
2024-03-19 08:00:00,62.175384615374554,60.15088501291983,2.024499602454725
2024-03-19 09:00:00,55.10923076924013,50.272458143074495,4.836772626165633
2024-03-19 10:00:00,48.97538461538833,50.272458143074495,-1.297073527686166
2024-03-19 11:00:00,50.16999999999622,50.272458143074495,-0.10245814307827317
2024-03-19 12:00:00,53.75000000000057,55.62387605850626,-1.8738760585056937
2024-03-19 13:00:00,50.23999999999062,50.80142011834344,-0.5614201183528138
2024-03-19 14:00:00,47.10000000001119,50.80142011834344,-3.701420118332244
2024-03-19 15:00:00,46.57999999999317,50.22175824175773,-3.6417582417645633
2024-03-19 16:00:00,46.11999999999782,50.22175824175773,-4.10175824175991
2024-03-19 17:00:00,47.97000000000175,67.41005477988763,-19.440054779885884
2024-03-19 18:00:00,67.55999999999109,66.22589108910881,1.3341089108822786
2024-03-19 19:00:00,75.59000000000219,82.50281786941558,-6.912817869413388
2024-03-19 20:00:00,79.25000000000344,82.76179765886273,-3.511797658859294
2024-03-19 21:00:00,85.18999999999812,82.76179765886273,2.428202341135389
2024-03-19 22:00:00,84.18999999999647,82.76179765886273,1.4282023411337406
2024-03-19 23:00:00,77.10999999999845,82.76179765886273,-5.651797658864282
2024-03-20 00:00:00,65.29000000000482,63.28547901821038,2.0045209817944425
2024-03-20 01:00:00,50.109999999998486,63.28547901821038,-13.175479018211895
2024-03-20 02:00:00,43.390000000001365,38.80761762189895,4.582382378102416
2024-03-20 03:00:00,42.619999999996466,52.69040706605195,-10.07040706605548
2024-03-20 04:00:00,39.57000000000281,38.80761762189895,0.7623823781038581
2024-03-20 05:00:00,40.64000000000396,38.80761762189895,1.8323823781050095
2024-03-20 06:00:00,39.69999999999355,63.28547901821038,-23.58547901821683
2024-03-20 07:00:00,50.82999999999089,63.28547901821038,-12.455479018219492
2024-03-20 08:00:00,68.32000000000409,60.15088501291983,8.169114987084257
2024-03-20 09:00:00,60.09000000000434,60.15088501291983,-0.06088501291549164
2024-03-20 10:00:00,48.09000000000282,50.22175824175773,-2.131758241754916
2024-03-20 11:00:00,51.14000000000512,53.59877358490583,-2.4587735849007117
2024-03-20 12:00:00,53.129999999989145,50.80142011834344,2.328579881645709
2024-03-20 13:00:00,51.51999999999434,53.59877358490583,-2.078773584911488
2024-03-20 14:00:00,49.630000000006774,50.80142011834344,-1.1714201183366626
2024-03-20 15:00:00,46.28000000000434,50.272458143074495,-3.9924581430701522
2024-03-20 16:00:00,45.540000000009314,50.272458143074495,-4.73245814306518
2024-03-20 17:00:00,50.419999999993166,60.58367713004438,-10.163677130051212
2024-03-20 18:00:00,68.66000000000003,66.22589108910881,2.4341089108912115
2024-03-20 19:00:00,74.5899999999952,82.76179765886273,-8.171797658867533
2024-03-20 20:00:00,75.10999999999802,87.95446451096825,-12.844464510970226
2024-03-20 21:00:00,91.19999999999953,78.07458167330687,13.125418326692667
2024-03-20 22:00:00,88.47999999998927,78.07458167330687,10.405418326682408
2024-03-20 23:00:00,81.75000000000554,78.07458167330687,3.6754183266986757
2024-03-21 00:00:00,70.28000000000513,61.313378378378005,8.966621621627127
2024-03-21 01:00:00,62.489999999993444,61.313378378378005,1.176621621615439
2024-03-21 02:00:00,44.95999999999582,44.97774671052643,-0.017746710530609278
2024-03-21 03:00:00,44.550000000001994,38.80761762189895,5.742382378103045
2024-03-21 04:00:00,38.13999999999726,38.80761762189895,-0.6676176219016909
2024-03-21 05:00:00,38.140000000004946,38.80761762189895,-0.6676176218940029
2024-03-21 06:00:00,43.9399999999867,63.28547901821038,-19.345479018223678
2024-03-21 07:00:00,52.91999999998815,49.156562499999964,3.7634374999881857
2024-03-21 08:00:00,58.330000000006606,60.15088501291983,-1.820885012913223
2024-03-21 09:00:00,52.609999999996916,50.22175824175773,2.3882417582391824
2024-03-21 10:00:00,46.53999999999432,52.69040706605195,-6.150407066057625
2024-03-21 11:00:00,46.94000000001324,53.59877358490583,-6.658773584892586
2024-03-21 12:00:00,44.92999999999233,50.16126096491208,-5.231260964919748
2024-03-21 13:00:00,48.66000000000656,50.22175824175773,-1.5617582417511713
2024-03-21 14:00:00,43.749999999990365,55.62387605850626,-11.873876058515897
2024-03-21 15:00:00,45.410000000002626,55.62387605850626,-10.213876058503637
2024-03-21 16:00:00,49.110000000005684,55.62387605850626,-6.513876058500578
2024-03-21 17:00:00,46.78000000000034,67.34121951219487,-20.561219512194526
2024-03-21 18:00:00,57.70999999999191,66.22589108910881,-8.515891089116906
2024-03-21 19:00:00,70.89000000001258,82.76179765886273,-11.871797658850156
2024-03-21 20:00:00,80.38999999999722,82.76179765886273,-2.3717976588655176
2024-03-21 21:00:00,86.85000000000652,82.50281786941558,4.347182130590937
2024-03-21 22:00:00,80.48000000000607,82.50281786941558,-2.022817869409508
2024-03-21 23:00:00,77.13000000000144,82.50281786941558,-5.372817869414135
2024-03-22 00:00:00,69.78999999999112,60.15088501291983,9.639114987071295
2024-03-22 01:00:00,58.42000000000484,63.83023809523874,-5.4102380952339
2024-03-22 02:00:00,49.76000000000221,44.97774671052643,4.782253289475776
2024-03-22 03:00:00,45.29999999999438,38.80761762189895,6.492382378095428
2024-03-22 04:00:00,38.59999999999549,38.80761762189895,-0.20761762190345934
2024-03-22 05:00:00,37.46999999999424,38.80761762189895,-1.3376176219047053
2024-03-22 06:00:00,38.22000000000719,38.80761762189895,-0.5876176218917593
2024-03-22 07:00:00,55.774999999998435,49.156562499999964,6.618437499998471
2024-03-22 08:00:00,60.17000000000478,60.15088501291983,0.019114987084947188
2024-03-22 09:00:00,68.09000000000427,60.15088501291983,7.939114987084437
2024-03-22 10:00:00,49.790000000004,55.62387605850626,-5.833876058502263
2024-03-22 11:00:00,44.59999999999514,55.62387605850626,-11.02387605851112
2024-03-22 12:00:00,38.16000000000975,50.22175824175773,-12.061758241747981
2024-03-22 13:00:00,44.15999999998893,50.22175824175773,-6.0617582417688
2024-03-22 14:00:00,41.20000000001066,50.22175824175773,-9.021758241747072
2024-03-22 15:00:00,48.51999999999466,50.16126096491208,-1.6412609649174215
2024-03-22 16:00:00,47.95999999999964,50.22175824175773,-2.261758241758095
2024-03-22 17:00:00,63.57000000000353,50.22175824175773,13.348241758245798
2024-03-22 18:00:00,73.91999999999888,66.22589108910881,7.6941089108900655
2024-03-22 19:00:00,72.8899999999995,82.76179765886273,-9.87179765886323
2024-03-22 20:00:00,82.4399999999958,82.76179765886273,-0.32179765886692735
2024-03-22 21:00:00,86.73000000000991,82.76179765886273,3.968202341147176
2024-03-22 22:00:00,80.12999999999482,82.76179765886273,-2.63179765886791
2024-03-22 23:00:00,74.32999999999618,78.07458167330687,-3.744581673310691
2024-03-23 00:00:00,66.8500000000119,67.02585714285696,-0.17585714284506082
2024-03-23 01:00:00,64.2999999999806,60.15088501291983,4.14911498706077
2024-03-23 02:00:00,50.260000000004716,55.62387605850626,-5.363876058501546
2024-03-23 03:00:00,46.12000000001345,38.80761762189895,7.312382378114499
2024-03-23 04:00:00,37.779999999994644,38.80761762189895,-1.0276176219043052
2024-03-23 05:00:00,37.85999999999232,38.80761762189895,-0.9476176219066303
2024-03-23 06:00:00,42.23000000000226,38.80761762189895,3.4223823781033147
2024-03-23 07:00:00,45.20000000000315,42.99379120879128,2.2062087912118713
2024-03-23 08:00:00,52.199999999998035,42.99379120879128,9.206208791206755
2024-03-23 09:00:00,60.28000000000414,82.49272727272677,-22.21272727272263
2024-03-23 10:00:00,65.32000000000042,82.5966666666654,-17.27666666666498
2024-03-23 11:00:00,64.55999999998996,70.17681818181848,-5.6168181818285206
2024-03-23 12:00:00,63.01999999999285,67.02585714285696,-4.005857142864116
2024-03-23 13:00:00,62.270000000011954,67.02585714285696,-4.755857142845009
2024-03-23 14:00:00,63.849999999991084,67.02585714285696,-3.1758571428658797
2024-03-23 15:00:00,59.620000000002406,67.02585714285696,-7.405857142854558
2024-03-23 16:00:00,65.10999999999831,50.80142011834344,14.308579881654872
2024-03-23 17:00:00,60.360000000004646,50.80142011834344,9.55857988166121
2024-03-23 18:00:00,65.08999999999375,66.22589108910881,-1.1358910891150629
2024-03-23 19:00:00,81.87999999999168,82.50281786941558,-0.6228178694238977
2024-03-23 20:00:00,87.83999999999617,82.50281786941558,5.337182130580587
2024-03-23 21:00:00,85.92000000000007,82.50281786941558,3.417182130584493
2024-03-23 22:00:00,82.41000000000012,78.07458167330687,4.335418326693258
2024-03-23 23:00:00,70.6150000000041,78.07458167330687,-7.459581673302765
2024-03-24 00:00:00,67.40000000000049,66.61909591194944,0.7809040880510452
2024-03-24 01:00:00,63.500000000007475,61.313378378378005,2.1866216216294703
2024-03-24 02:00:00,48.75000000000244,44.97774671052643,3.772253289476005
2024-03-24 03:00:00,47.610000000002366,38.80761762189895,8.802382378103417
2024-03-24 04:00:00,41.19999999999475,38.80761762189895,2.392382378095803
2024-03-24 05:00:00,37.759999999991294,38.80761762189895,-1.047617621907655
2024-03-24 06:00:00,39.46000000000342,38.80761762189895,0.6523823781044698
2024-03-24 07:00:00,42.34000000000256,45.929207650273156,-3.5892076502705947
2024-03-24 08:00:00,51.9300000000008,60.15088501291983,-8.220885012919027
2024-03-24 09:00:00,61.260000000003764,60.58367713004438,0.6763228699593853
2024-03-24 10:00:00,76.30000000000788,67.41005477988763,8.889945220120254
2024-03-24 11:00:00,69.78999999999036,65.576530612245,4.213469387745363
2024-03-24 12:00:00,71.35999999999349,60.15088501291983,11.209114987073661
2024-03-24 13:00:00,70.28000000000705,60.15088501291983,10.12911498708722
2024-03-24 14:00:00,66.44000000001157,66.61909591194944,-0.17909591193787833
2024-03-24 15:00:00,68.59999999999283,53.04376033057825,15.55623966941458
2024-03-24 16:00:00,63.53999999999354,65.576530612245,-2.036530612251454
2024-03-24 17:00:00,64.98000000000064,67.41005477988763,-2.430054779886987
2024-03-24 18:00:00,75.8400000000085,66.22589108910881,9.614108910899688
2024-03-24 19:00:00,89.6999999999943,82.76179765886273,6.938202341131571
2024-03-24 20:00:00,98.91000000001341,87.95446451096825,10.955535489045161
2024-03-24 21:00:00,88.55000000000123,87.95446451096825,0.5955354890329829
2024-03-24 22:00:00,86.36000000002107,78.07458167330687,8.285418326714208
2024-03-24 23:00:00,83.64000000000024,78.07458167330687,5.565418326693376
2024-03-25 00:00:00,65.56999999999499,68.94038066465276,-3.370380664657773
2024-03-25 01:00:00,61.28999999999585,56.34009259259252,4.94990740740333
2024-03-25 02:00:00,44.10000000000621,38.80761762189895,5.292382378107263
2024-03-25 03:00:00,43.54000000000562,38.80761762189895,4.732382378106671
2024-03-25 04:00:00,41.51999999999836,38.80761762189895,2.712382378099413
2024-03-25 05:00:00,34.89999999999935,38.80761762189895,-3.907617621899597
2024-03-25 06:00:00,39.519999999999285,42.119999999998875,-2.5999999999995893
2024-03-25 07:00:00,49.14000000000393,49.156562499999964,-0.01656249999603432
2024-03-25 08:00:00,58.309999999999114,52.69040706605195,5.6195929339471675
2024-03-25 09:00:00,60.82000000000699,55.62387605850626,5.19612394150073
2024-03-25 10:00:00,50.89000000000263,50.272458143074495,0.6175418569281348
2024-03-25 11:00:00,44.26000000000677,50.272458143074495,-6.012458143067725
2024-03-25 12:00:00,43.699999999994375,50.272458143074495,-6.572458143080119
2024-03-25 13:00:00,50.590000000002945,50.272458143074495,0.3175418569284503
2024-03-25 14:00:00,49.630000000000535,50.80142011834344,-1.1714201183429012
2024-03-25 15:00:00,48.22999999999679,55.27402735562298,-7.044027355626184
2024-03-25 16:00:00,53.41000000000844,50.80142011834344,2.608579881665001
2024-03-25 17:00:00,53.96999999999978,50.80142011834344,3.168579881656342
2024-03-25 18:00:00,76.71999999999127,66.22589108910881,10.49410891088246
2024-03-25 19:00:00,84.92000000000073,82.76179765886273,2.1582023411379936
2024-03-25 20:00:00,88.15000000000019,87.95446451096825,0.19553548903193985
2024-03-25 21:00:00,87.92999999999944,82.76179765886273,5.1682023411367055
2024-03-25 22:00:00,78.15999999999396,82.50281786941558,-4.342817869421623
2024-03-25 23:00:00,73.13000000000336,82.50281786941558,-9.372817869412216
2024-03-26 00:00:00,68.74000000000717,67.02585714285696,1.7141428571502075
2024-03-26 01:00:00,57.53500000000649,52.69040706605195,4.844592933954544
2024-03-26 02:00:00,44.41000000000527,38.80761762189895,5.60238237810632
2024-03-26 03:00:00,43.419999999995525,38.80761762189895,4.6123823780965765
2024-03-26 04:00:00,38.08999999999918,50.272458143074495,-12.182458143075316
2024-03-26 05:00:00,36.24000000000293,50.272458143074495,-14.032458143071565
2024-03-26 06:00:00,40.3600000000021,37.78384615384651,2.5761538461555915
2024-03-26 07:00:00,46.79999999999626,63.28547901821038,-16.48547901821412
2024-03-26 08:00:00,64.62000000000518,60.58367713004438,4.036322869960799
2024-03-26 09:00:00,60.41999999999371,55.27402735562298,5.145972644370737
2024-03-26 10:00:00,54.61999999999631,55.62387605850626,-1.0038760585099524
2024-03-26 11:00:00,48.290000000005236,50.16126096491208,-1.8712609649068455
2024-03-26 12:00:00,43.999999999994756,50.16126096491208,-6.161260964917325
2024-03-26 13:00:00,52.70999999998884,50.16126096491208,2.548739035076757
2024-03-26 14:00:00,51.84000000001169,50.16126096491208,1.6787390350996105
2024-03-26 15:00:00,50.780000000003525,55.62387605850626,-4.843876058502737
2024-03-26 16:00:00,49.39999999999705,50.16126096491208,-0.7612609649150315
2024-03-26 17:00:00,51.80999999999193,52.69040706605195,-0.8804070660600161
2024-03-26 18:00:00,67.26000000000155,66.22589108910881,1.0341089108927406
2024-03-26 19:00:00,81.21000000000176,82.76179765886273,-1.551797658860977
2024-03-26 20:00:00,88.1899999999997,82.76179765886273,5.428202341136966
2024-03-26 21:00:00,87.63000000000494,82.76179765886273,4.868202341142208
2024-03-26 22:00:00,77.61000000000271,82.76179765886273,-5.151797658860019
2024-03-26 23:00:00,83.87000000000407,82.76179765886273,1.108202341141336
2024-03-27 00:00:00,68.92999999999327,67.02585714285696,1.904142857136307
2024-03-27 01:00:00,60.22000000000109,56.34009259259252,3.8799074074085738
2024-03-27 02:00:00,43.62999999999545,44.97774671052643,-1.3477467105309842
2024-03-27 03:00:00,42.329999999999856,38.80761762189895,3.5223823781009074
2024-03-27 04:00:00,36.63000000000365,38.80761762189895,-2.177617621895301
2024-03-27 05:00:00,35.56999999999938,38.80761762189895,-3.2376176218995667
2024-03-27 06:00:00,38.74999999999373,38.80761762189895,-0.0576176219052158
2024-03-27 07:00:00,51.22000000000793,50.22175824175773,0.9982417582501952
2024-03-27 08:00:00,67.57999999999267,63.28547901821038,4.294520981782284
2024-03-27 09:00:00,54.49999999999271,55.27402735562298,-0.7740273556302668
2024-03-27 10:00:00,46.8499999999989,50.22175824175773,-3.371758241758833
2024-03-27 11:00:00,46.71999999999424,50.80142011834344,-4.081420118349193
2024-03-27 12:00:00,43.31000000000654,50.80142011834344,-7.491420118336897
2024-03-27 13:00:00,45.089999999996735,50.16126096491208,-5.071260964915346
2024-03-27 14:00:00,50.25999999999448,53.59877358490583,-3.338773584911351
2024-03-27 15:00:00,52.030000000005344,50.16126096491208,1.8687390350932631
2024-03-27 16:00:00,46.59999999999688,53.59877358490583,-6.998773584908946
2024-03-27 17:00:00,49.32999999999487,52.69040706605195,-3.3604070660570784
2024-03-27 18:00:00,61.400000000003374,66.22589108910881,-4.82589108910544
2024-03-27 19:00:00,73.49999999999969,82.76179765886273,-9.261797658863046
2024-03-27 20:00:00,90.40000000000188,82.76179765886273,7.638202341139149
2024-03-27 21:00:00,89.48000000000604,82.76179765886273,6.718202341143311
2024-03-27 22:00:00,79.07999999999362,82.76179765886273,-3.6817976588691153
2024-03-27 23:00:00,75.78000000000088,78.07458167330687,-2.2945816733059843
2024-03-28 00:00:00,68.47000000000357,54.84070175438577,13.629298245617797
2024-03-28 01:00:00,54.549999999998576,52.69040706605195,1.8595929339466295
2024-03-28 02:00:00,43.86000000000118,52.69040706605195,-8.830407066050768
2024-03-28 03:00:00,43.36999999999897,52.69040706605195,-9.32040706605298
2024-03-28 04:00:00,39.109999999996845,38.80761762189895,0.3023823780978958
2024-03-28 05:00:00,36.9799999999947,38.80761762189895,-1.8276176219042455
2024-03-28 06:00:00,39.26000000000154,37.78384615384651,1.4761538461550288
2024-03-28 07:00:00,49.520000000005325,60.58367713004438,-11.063677130039054
2024-03-28 08:00:00,66.2799999999977,55.27402735562298,11.005972644374722
2024-03-28 09:00:00,63.54999999999632,67.41005477988763,-3.860054779891314
2024-03-28 10:00:00,55.820000000003745,50.272458143074495,5.54754185692925
2024-03-28 11:00:00,53.519999999993786,55.62387605850626,-2.1038760585124763
2024-03-28 12:00:00,51.189999999999344,50.16126096491208,1.0287390350872627
2024-03-28 13:00:00,54.12000000001137,50.22175824175773,3.89824175825364
2024-03-28 14:00:00,52.489999999990786,50.22175824175773,2.268241758233053
2024-03-28 15:00:00,51.12999999999185,53.59877358490583,-2.4687735849139756
2024-03-28 16:00:00,53.82000000000123,55.62387605850626,-1.8038760585050326
2024-03-28 17:00:00,53.33999999999803,52.69040706605195,0.6495929339460815
2024-03-28 18:00:00,63.56000000000404,66.22589108910881,-2.6658910891047753
2024-03-28 19:00:00,76.15999999999768,82.76179765886273,-6.601797658865053
2024-03-28 20:00:00,83.46999999999134,82.50281786941558,0.9671821305757646
2024-03-28 21:00:00,81.3300000000137,78.07458167330687,3.255418326706831
2024-03-28 22:00:00,71.22999999999595,78.07458167330687,-6.844581673310913
2024-03-28 23:00:00,70.889999999996,78.07458167330687,-7.184581673310873
2024-03-29 00:00:00,67.9100000000002,67.02585714285696,0.8841428571432317
2024-03-29 01:00:00,54.1799999999984,52.69040706605195,1.4895929339464544
2024-03-29 02:00:00,43.60999999999868,52.69040706605195,-9.080407066053269
2024-03-29 03:00:00,42.980000000007436,38.80761762189895,4.172382378108487
2024-03-29 04:00:00,41.32999999999532,38.80761762189895,2.522382378096374
2024-03-29 05:00:00,37.60999999999254,52.69040706605195,-15.080407066059408
2024-03-29 06:00:00,38.46000000001655,38.80761762189895,-0.3476176218823994
2024-03-29 07:00:00,47.47000000000699,67.02585714285696,-19.555857142849973
2024-03-29 08:00:00,66.31999999999339,55.27402735562298,11.045972644370408
2024-03-29 09:00:00,60.54000000000252,55.27402735562298,5.265972644379545
2024-03-29 10:00:00,51.50999999999841,67.34121951219487,-15.831219512196455
2024-03-29 11:00:00,46.140000000000995,55.62387605850626,-9.483876058505267
2024-03-29 12:00:00,55.55000000000322,50.16126096491208,5.388739035091142
2024-03-29 13:00:00,55.16000000000919,53.59877358490583,1.5612264151033628
2024-03-29 14:00:00,52.76999999999654,55.62387605850626,-2.8538760585097194
2024-03-29 15:00:00,54.500000000004746,50.272458143074495,4.227541856930252
2024-03-29 16:00:00,52.65999999999475,52.69040706605195,-0.030407066057193788
2024-03-29 17:00:00,51.57999999999958,52.69040706605195,-1.1104070660523675
2024-03-29 18:00:00,57.31999999999885,66.22589108910881,-8.905891089109964
2024-03-29 19:00:00,67.65000000000678,78.07458167330687,-10.424581673300082
2024-03-29 20:00:00,74.04999999999727,78.07458167330687,-4.024581673309598
2024-03-29 21:00:00,83.74000000000552,82.50281786941558,1.237182130589943
2024-03-29 22:00:00,86.10999999999335,78.07458167330687,8.035418326686482
2024-03-29 23:00:00,72.32999999999805,78.07458167330687,-5.744581673308815
2024-03-30 00:00:00,69.39000000000354,67.02585714285696,2.3641428571465752
2024-03-30 01:00:00,57.98000000000546,61.313378378378005,-3.3333783783725437
2024-03-30 02:00:00,47.10999999998758,44.97774671052643,2.132253289461147
2024-03-30 03:00:00,46.50000000000064,38.80761762189895,7.692382378101691
2024-03-30 04:00:00,40.179999999997975,38.80761762189895,1.3723823780990259
2024-03-30 05:00:00,40.0900000000012,63.28547901821038,-23.195479018209184
2024-03-30 06:00:00,37.31999999999276,38.80761762189895,-1.487617621906189
2024-03-30 07:00:00,40.27999999999919,42.99379120879128,-2.713791208792088
2024-03-30 08:00:00,53.63999999999349,62.482767857142946,-8.842767857149454
2024-03-30 09:00:00,61.01999999999461,53.04376033057825,7.976239669416358
2024-03-30 10:00:00,64.96000000000024,67.41005477988763,-2.4500547798873953
2024-03-30 11:00:00,71.54000000000634,60.15088501291983,11.389114987086515
2024-03-30 12:00:00,67.06000000000584,67.41005477988763,-0.3500547798817877
2024-03-30 13:00:00,74.77000000000143,50.272458143074495,24.497541856926937
2024-03-30 14:00:00,58.96999999999316,60.15088501291983,-1.180885012926666
2024-03-30 15:00:00,72.92000000000438,60.15088501291983,12.76911498708455
2024-03-30 16:00:00,62.439999999997085,63.28547901821038,-0.8454790182132967
2024-03-30 17:00:00,59.010000000006656,62.482767857142946,-3.47276785713629
2024-03-30 18:00:00,58.29000000000808,66.22589108910881,-7.9358910891007355
2024-03-30 19:00:00,71.72999999999016,78.07458167330687,-6.344581673316711
2024-03-30 20:00:00,75.92999999999174,82.76179765886273,-6.831797658870997
2024-03-30 21:00:00,79.84999999999563,78.07458167330687,1.775418326688765
2024-03-30 22:00:00,79.18999999998876,78.07458167330687,1.1154183266818904
2024-03-30 23:00:00,79.58000000000814,82.76179765886273,-3.1817976588545918
2024-03-31 00:00:00,70.1899999999936,63.28547901821038,6.904520981783222
2024-03-31 01:00:00,59.090000000001424,63.28547901821038,-4.195479018208957
2024-03-31 02:00:00,47.43999999999883,44.97774671052643,2.4622532894724003
2024-03-31 03:00:00,36.239999999999895,38.80761762189895,-2.5676176218990534
2024-03-31 04:00:00,39.04000000000579,38.80761762189895,0.23238237810684126
2024-03-31 05:00:00,37.60999999999662,38.80761762189895,-1.1976176219023316
2024-03-31 06:00:00,39.9000000000032,38.80761762189895,1.0923823781042543
2024-03-31 07:00:00,42.32499999999857,42.99379120879128,-0.6687912087927117
2024-03-31 08:00:00,48.59499999999947,45.929207650273156,2.665792349726317
2024-03-31 09:00:00,58.11999999999634,60.58367713004438,-2.4636771300480405
2024-03-31 10:00:00,61.8600000000112,60.15088501291983,1.7091149870913682
2024-03-31 11:00:00,74.99999999999652,67.41005477988763,7.589945220108888
2024-03-31 12:00:00,77.01999999999623,70.17681818181848,6.843181818177754
2024-03-31 13:00:00,80.65000000000704,53.59877358490583,27.051226415101212
2024-03-31 14:00:00,68.1600000000042,77.46020833333316,-9.300208333328953
2024-03-31 15:00:00,63.37000000000198,66.61909591194944,-3.249095911947464
2024-03-31 16:00:00,63.83999999999655,59.536310343676305,4.303689656320245
2024-03-31 17:00:00,62.82000000000484,63.28547901821038,-0.46547901820554216
2024-03-31 18:00:00,62.53999999999279,66.22589108910881,-3.6858910891160264
2024-03-31 19:00:00,82.48000000000697,82.76179765886273,-0.2817976588557656
2024-03-31 20:00:00,103.3699999999964,82.76179765886273,20.608202341133662
2024-03-31 21:00:00,94.6400000000069,87.95446451096825,6.6855354890386565
2024-03-31 22:00:00,91.16999999999615,87.95446451096825,3.2155354890279
2024-03-31 23:00:00,82.28999999999337,82.50281786941558,-0.21281786942221004
2024-04-01 00:00:00,65.70000000000228,60.58367713004438,5.116322869957898
2024-04-01 01:00:00,51.98000000000491,56.34009259259252,-4.360092592587613
2024-04-01 02:00:00,43.34999999999255,44.97774671052643,-1.6277467105338843
2024-04-01 03:00:00,42.45000000000363,38.80761762189895,3.642382378104678
2024-04-01 04:00:00,36.95000000000039,38.80761762189895,-1.8576176218985623
2024-04-01 05:00:00,39.74000000000222,38.80761762189895,0.9323823781032701
2024-04-01 06:00:00,38.06000000000007,52.69040706605195,-14.630407066051873
2024-04-01 07:00:00,53.82000000000272,53.59877358490583,0.22122641509689345
2024-04-01 08:00:00,59.58999999999378,62.482767857142946,-2.892767857149167
2024-04-01 09:00:00,64.39000000000436,50.16126096491208,14.228739035092282
2024-04-01 10:00:00,48.399999999992104,60.15088501291983,-11.750885012927725
2024-04-01 11:00:00,55.22000000000503,50.22175824175773,4.998241758247296
2024-04-01 12:00:00,47.71999999999886,55.62387605850626,-7.9038760585074
2024-04-01 13:00:00,56.390000000009564,50.16126096491208,6.228739035097483
2024-04-01 14:00:00,51.4999999999942,50.22175824175773,1.2782417582364687
2024-04-01 15:00:00,46.7600000000088,50.22175824175773,-3.4617582417489317
2024-04-01 16:00:00,49.969999999994684,50.272458143074495,-0.3024581430798108
2024-04-01 17:00:00,54.260000000009896,50.272458143074495,3.987541856935401
2024-04-01 18:00:00,57.64000000000068,81.97166666666624,-24.331666666665555
2024-04-01 19:00:00,77.00999999999746,82.76179765886273,-5.7517976588652715
2024-04-01 20:00:00,92.48000000000746,82.76179765886273,9.718202341144732
2024-04-01 21:00:00,88.95999999999216,78.07458167330687,10.885418326685297
2024-04-01 22:00:00,82.97999999999317,82.76179765886273,0.21820234113043568
2024-04-01 23:00:00,73.02000000000572,89.81362745098025,-16.793627450974526
2024-04-02 00:00:00,65.20999999999256,60.58367713004438,4.626322869948183
2024-04-02 01:00:00,58.37000000000711,52.69040706605195,5.679592933955163
2024-04-02 02:00:00,43.50000000001015,44.97774671052643,-1.4777467105162856
2024-04-02 03:00:00,32.229999999987626,44.97774671052643,-12.747746710538806
2024-04-02 04:00:00,39.13000000001051,38.80761762189895,0.3223823781115627
2024-04-02 05:00:00,36.70999999999427,38.80761762189895,-2.097617621904682
2024-04-02 06:00:00,38.350000000006446,38.80761762189895,-0.45761762189250277
2024-04-02 07:00:00,50.86999999999434,67.34121951219487,-16.471219512200527
2024-04-02 08:00:00,65.72999999999521,53.59877358490583,12.131226415089387
2024-04-02 09:00:00,58.47999999999175,52.69040706605195,5.789592933939801
2024-04-02 10:00:00,50.190000000005654,52.69040706605195,-2.500407066046293
2024-04-02 11:00:00,45.660000000000906,52.69040706605195,-7.0304070660510405
2024-04-02 12:00:00,47.799999999992565,55.62387605850626,-7.823876058513697
2024-04-02 13:00:00,44.710000000002054,50.16126096491208,-5.451260964910027
2024-04-02 14:00:00,43.59999999999275,50.16126096491208,-6.5612609649193345
2024-04-02 15:00:00,44.08000000000166,55.62387605850626,-11.543876058504601
2024-04-02 16:00:00,47.14000000000544,50.16126096491208,-3.021260964906638
2024-04-02 17:00:00,43.86999999999844,63.28547901821038,-19.41547901821194
2024-04-02 18:00:00,56.30000000000484,66.22589108910881,-9.92589108910397
2024-04-02 19:00:00,76.89999999999574,82.76179765886273,-5.8617976588669904
2024-04-02 20:00:00,85.14999999999799,82.76179765886273,2.388202341135255
2024-04-02 21:00:00,85.25999999999908,82.76179765886273,2.4982023411363485
2024-04-02 22:00:00,85.46000000000603,78.07458167330687,7.385418326699167
2024-04-02 23:00:00,75.16000000000102,78.07458167330687,-2.9145816733058467
2024-04-03 00:00:00,60.95999999999731,52.69040706605195,8.269592933945361
2024-04-03 01:00:00,49.569999999999624,52.69040706605195,-3.120407066052323
2024-04-03 02:00:00,42.36000000000914,38.80761762189895,3.552382378110188
2024-04-03 03:00:00,41.360000000003055,38.80761762189895,2.552382378104106
2024-04-03 04:00:00,37.0599999999871,40.675381679389844,-3.615381679402745
2024-04-03 05:00:00,36.28000000001123,40.675381679389844,-4.395381679378616
2024-04-03 06:00:00,39.23000000000175,38.80761762189895,0.4223823781028031
2024-04-03 07:00:00,54.73000000000235,62.49401515151501,-7.764015151512659
2024-04-03 08:00:00,66.22999999999502,67.02585714285696,-0.7958571428619479
2024-04-03 09:00:00,64.19000000000577,55.27402735562298,8.91597264438279
2024-04-03 10:00:00,54.23999999999833,52.69040706605195,1.5495929339463856
2024-04-03 11:00:00,51.51999999999211,55.62387605850626,-4.103876058514153
2024-04-03 12:00:00,49.929999999997385,50.80142011834344,-0.8714201183460517
2024-04-03 13:00:00,55.41999999998973,55.62387605850626,-0.2038760585165349
2024-04-03 14:00:00,51.490000000011975,50.80142011834344,0.688579881668538
2024-04-03 15:00:00,57.95000000000593,50.16126096491208,7.7887390350938475
2024-04-03 16:00:00,57.86000000000331,52.69040706605195,5.169592933951364
2024-04-03 17:00:00,58.36999999999554,52.69040706605195,5.679592933943596
2024-04-03 18:00:00,62.18000000000697,66.22589108910881,-4.045891089101843
2024-04-03 19:00:00,76.12999999998311,82.76179765886273,-6.63179765887962
2024-04-03 20:00:00,84.70000000001033,82.76179765886273,1.9382023411476013
2024-04-03 21:00:00,92.45999999999847,82.76179765886273,9.69820234113574
2024-04-03 22:00:00,85.16000000000156,78.07458167330687,7.085418326694693
2024-04-03 23:00:00,82.25000000000472,78.07458167330687,4.1754183266978515
2024-04-04 00:00:00,72.43999999999596,63.28547901821038,9.15452098178558
2024-04-04 01:00:00,54.87000000000802,56.34009259259252,-1.4700925925844999
2024-04-04 02:00:00,43.77000000000561,44.97774671052643,-1.2077467105208228
2024-04-04 03:00:00,40.59999999999894,38.80761762189895,1.792382378099994
2024-04-04 04:00:00,36.689999999996786,38.80761762189895,-2.1176176219021627
2024-04-04 05:00:00,35.68000000000475,38.80761762189895,-3.1276176218941956
2024-04-04 06:00:00,38.84999999999661,37.78384615384651,1.066153846150101
2024-04-04 07:00:00,50.05999999998457,49.156562499999964,0.9034374999846051
2024-04-04 08:00:00,66.60000000001,55.27402735562298,11.325972644387022
2024-04-04 09:00:00,60.71000000000211,50.272458143074495,10.437541856927616
2024-04-04 10:00:00,49.900000000005065,55.62387605850626,-5.723876058501197
2024-04-04 11:00:00,50.45999999999631,50.22175824175773,0.23824175823857985
2024-04-04 12:00:00,49.63999999999706,50.22175824175773,-0.5817582417606744
2024-04-04 13:00:00,53.42000000000343,50.16126096491208,3.258739035091345
2024-04-04 14:00:00,49.56999999999235,50.22175824175773,-0.6517582417653855
2024-04-04 15:00:00,46.18000000001774,50.22175824175773,-4.041758241739991
2024-04-04 16:00:00,48.07999999999123,50.22175824175773,-2.141758241766503
2024-04-04 17:00:00,52.82999999999447,52.69040706605195,0.1395929339425237
2024-04-04 18:00:00,64.40000000000171,119.55000000000146,-55.14999999999975
2024-04-04 19:00:00,70.59999999998774,82.76179765886273,-12.161797658874988
2024-04-04 20:00:00,79.6600000000081,82.76179765886273,-3.101797658854636
2024-04-04 21:00:00,80.29999999999617,82.76179765886273,-2.4617976588665584
2024-04-04 22:00:00,79.3500000000056,78.07458167330687,1.275418326698727
2024-04-04 23:00:00,76.11999999999796,78.07458167330687,-1.9545816733089083
2024-04-05 00:00:00,70.65999999999661,52.69040706605195,17.969592933944668
2024-04-05 01:00:00,54.77000000000558,60.15088501291983,-5.3808850129142485
2024-04-05 02:00:00,42.20999999999816,52.69040706605195,-10.480407066053786
2024-04-05 03:00:00,38.709999999986756,38.80761762189895,-0.09761762191219248
2024-04-05 04:00:00,37.14000000001957,38.80761762189895,-1.66761762187938
2024-04-05 05:00:00,36.38999999999774,38.80761762189895,-2.4176176219012078
2024-04-05 06:00:00,37.69000000000571,38.80761762189895,-1.1176176218932383
2024-04-05 07:00:00,53.75000000000199,52.69040706605195,1.059592933950043
2024-04-05 08:00:00,62.08999999999881,55.27402735562298,6.815972644375833
2024-04-05 09:00:00,57.63000000000653,50.80142011834344,6.828579881663096
2024-04-05 10:00:00,47.43999999999346,50.272458143074495,-2.832458143081034
2024-04-05 11:00:00,44.989999999999526,50.80142011834344,-5.811420118343911
2024-04-05 12:00:00,50.689999999999344,55.62387605850626,-4.933876058506918
2024-04-05 13:00:00,50.16000000000457,55.62387605850626,-5.46387605850169
2024-04-05 14:00:00,49.84999999999055,50.80142011834344,-0.9514201183528854
2024-04-05 15:00:00,49.31000000000719,55.62387605850626,-6.313876058499069
2024-04-05 16:00:00,43.699999999994304,50.272458143074495,-6.5724581430801905
2024-04-05 17:00:00,47.190000000002954,52.69040706605195,-5.500407066048993
2024-04-05 18:00:00,56.5199999999987,66.22589108910881,-9.70589108911011
2024-04-05 19:00:00,69.36999999999546,82.76179765886273,-13.391797658867276
2024-04-05 20:00:00,82.93999999999781,82.76179765886273,0.17820234113507638
2024-04-05 21:00:00,76.35000000000403,82.50281786941558,-6.15281786941155
2024-04-05 22:00:00,77.17000000000482,82.50281786941558,-5.332817869410761
2024-04-05 23:00:00,81.40999999999548,78.07458167330687,3.335418326688611
2024-04-06 00:00:00,70.94999999999925,62.482767857142946,8.467232142856304
2024-04-06 01:00:00,59.99000000000257,55.62387605850626,4.366123941496305
2024-04-06 02:00:00,48.54000000000798,64.12281250000024,-15.582812499992258
2024-04-06 03:00:00,43.00999999999069,38.80761762189895,4.202382378091741
2024-04-06 04:00:00,38.159999999999116,38.80761762189895,-0.6476176218998333
2024-04-06 05:00:00,36.129999999999825,38.80761762189895,-2.677617621899124
2024-04-06 06:00:00,39.720000000008184,38.80761762189895,0.9123823781092355
2024-04-06 07:00:00,43.50999999999513,52.69040706605195,-9.180407066056816
2024-04-06 08:00:00,48.54000000000232,55.27402735562298,-6.734027355620654
2024-04-06 09:00:00,59.230000000000956,67.34121951219487,-8.111219512193912
2024-04-06 10:00:00,72.16999999999555,60.15088501291983,12.019114987075724
2024-04-06 11:00:00,60.23000000001608,64.87049079754566,-4.64049079752958
2024-04-06 12:00:00,64.15000000000148,60.58367713004438,3.566322869957105
2024-04-06 13:00:00,61.260000000000275,67.02585714285696,-5.765857142856689
2024-04-06 14:00:00,62.18999999999485,67.02585714285696,-4.83585714286211
2024-04-06 15:00:00,57.45000000000152,53.04376033057825,4.406239669423272
2024-04-06 16:00:00,53.67000000000067,55.62387605850626,-1.9538760585055925
2024-04-06 17:00:00,52.59000000000199,55.62387605850626,-3.0338760585042692
2024-04-06 18:00:00,57.10999999999916,66.22589108910881,-9.115891089109653
2024-04-06 19:00:00,67.75999999999345,78.07458167330687,-10.314581673313413
2024-04-06 20:00:00,84.43000000001209,82.76179765886273,1.6682023411493532
2024-04-06 21:00:00,77.23999999998671,78.07458167330687,-0.8345816733201588
2024-04-06 22:00:00,75.23000000000042,78.07458167330687,-2.8445816733064504
2024-04-06 23:00:00,72.05999999999801,78.07458167330687,-6.014581673308854
2024-04-07 00:00:00,71.31000000000364,67.02585714285696,4.284142857146676
2024-04-07 01:00:00,68.68999999999448,52.69040706605195,15.999592933942537
2024-04-07 02:00:00,45.77000000000447,52.69040706605195,-6.920407066047474
2024-04-07 03:00:00,41.319999999998686,52.69040706605195,-11.37040706605326
2024-04-07 04:00:00,35.97000000000543,38.80761762189895,-2.8376176218935214
2024-04-07 05:00:00,34.98000000000064,38.80761762189895,-3.8276176218983053
2024-04-07 06:00:00,35.030000000011256,45.929207650273156,-10.8992076502619
2024-04-07 07:00:00,40.92999999999992,42.99379120879128,-2.0637912087913577
2024-04-07 08:00:00,46.739999999999725,55.27402735562298,-8.534027355623252
2024-04-07 09:00:00,64.28000000000105,55.62387605850626,8.65612394149479
2024-04-07 10:00:00,64.5599999999977,63.28547901821038,1.2745209817873189
2024-04-07 11:00:00,68.23000000000613,60.15088501291983,8.0791149870863
2024-04-07 12:00:00,72.27999999999417,60.15088501291983,12.129114987074345
2024-04-07 13:00:00,72.5399999999886,74.42625000000005,-1.886250000011458
2024-04-07 14:00:00,65.11999999999838,74.42625000000005,-9.306250000001668
2024-04-07 15:00:00,66.02999999999898,67.02585714285696,-0.9958571428579859
2024-04-07 16:00:00,67.47000000000699,74.42625000000005,-6.956249999993062
2024-04-07 17:00:00,59.07999999999004,74.42625000000005,-15.346250000010016
2024-04-07 18:00:00,74.52999999998562,74.32023076923082,0.20976923075480158
2024-04-07 19:00:00,91.58000000001257,87.95446451096825,3.6255354890443243
2024-04-07 20:00:00,97.93000000000339,87.95446451096825,9.975535489035138
2024-04-07 21:00:00,100.82000000000465,78.07458167330687,22.745418326697788
2024-04-07 22:00:00,85.33000000000854,78.07458167330687,7.2554183267016725
2024-04-07 23:00:00,82.19999999998856,78.07458167330687,4.125418326681697
2024-04-08 00:00:00,69.60000000000656,67.02585714285696,2.574142857149596
2024-04-08 01:00:00,56.60999999999052,60.58367713004438,-3.973677130053858
2024-04-08 02:00:00,44.430000000007794,38.80761762189895,5.622382378108846
2024-04-08 03:00:00,37.87000000000077,50.272458143074495,-12.402458143073723
2024-04-08 04:00:00,39.54999999999521,50.272458143074495,-10.722458143079287
2024-04-08 05:00:00,34.839999999995115,38.80761762189895,-3.967617621903834
2024-04-08 06:00:00,41.62000000001055,37.78384615384651,3.836153846164038
2024-04-08 07:00:00,50.04999999999242,63.28547901821038,-13.235479018217958
2024-04-08 08:00:00,65.24999999999594,55.27402735562298,9.975972644372959
2024-04-08 09:00:00,57.2200000000102,55.27402735562298,1.9459726443872256
2024-04-08 10:00:00,54.099999999993315,50.16126096491208,3.938739035081234
2024-04-08 11:00:00,47.95499999999603,50.16126096491208,-2.206260964916048
2024-04-08 12:00:00,47.37999999999343,50.16126096491208,-2.7812609649186513
2024-04-08 13:00:00,45.26000000000809,50.16126096491208,-4.90126096490399
2024-04-08 14:00:00,48.17999999999864,50.16126096491208,-1.9812609649134387
2024-04-08 15:00:00,47.05999999999506,50.16126096491208,-3.1012609649170244
2024-04-08 16:00:00,51.74999999999835,50.16126096491208,1.5887390350862702
2024-04-08 17:00:00,50.240000000013396,52.69040706605195,-2.450407066038551
2024-04-08 18:00:00,61.050000000005724,66.22589108910881,-5.175891089103089
2024-04-08 19:00:00,69.30999999999844,82.76179765886273,-13.451797658864294
2024-04-08 20:00:00,86.51999999999774,78.07458167330687,8.44541832669087
2024-04-08 21:00:00,87.56999999999857,78.07458167330687,9.495418326691706
2024-04-08 22:00:00,90.88000000000207,78.07458167330687,12.805418326695204
2024-04-08 23:00:00,78.04000000000136,78.07458167330687,-0.03458167330551021
2024-04-09 00:00:00,68.33000000000777,67.02585714285696,1.3041428571508078
2024-04-09 01:00:00,61.67999999999654,56.34009259259252,5.33990740740402
2024-04-09 02:00:00,43.67000000000047,44.97774671052643,-1.3077467105259615
2024-04-09 03:00:00,41.77999999999105,50.272458143074495,-8.492458143083446
2024-04-09 04:00:00,37.400000000007964,38.80761762189895,-1.407617621890985
2024-04-09 05:00:00,34.6300000000073,38.80761762189895,-4.177617621891649
2024-04-09 06:00:00,38.88999999999277,37.78384615384651,1.1061538461462561
2024-04-09 07:00:00,50.3100000000006,62.49401515151501,-12.184015151514409
2024-04-09 08:00:00,60.5300000000083,55.27402735562298,5.255972644385324
2024-04-09 09:00:00,57.9099999999907,55.27402735562298,2.635972644367726
2024-04-09 10:00:00,51.81000000000441,52.69040706605195,-0.8804070660475389
2024-04-09 11:00:00,46.02999999999355,50.80142011834344,-4.771420118349887
2024-04-09 12:00:00,46.48000000000681,50.80142011834344,-4.321420118336626
2024-04-09 13:00:00,47.78000000000333,50.16126096491208,-2.381260964908755
2024-04-09 14:00:00,46.7300000000011,55.62387605850626,-8.893876058505164
2024-04-09 15:00:00,45.08999999999739,55.62387605850626,-10.533876058508874
2024-04-09 16:00:00,45.23000000000431,55.62387605850626,-10.393876058501952
2024-04-09 17:00:00,49.2200000000025,52.69040706605195,-3.4704070660494466
2024-04-09 18:00:00,55.88000000000105,66.22589108910881,-10.345891089107766
2024-04-09 19:00:00,69.84999999998996,82.76179765886273,-12.911797658872771
2024-04-09 20:00:00,82.11999999999901,82.76179765886273,-0.6417976588637231
2024-04-09 21:00:00,78.52999999999875,82.76179765886273,-4.231797658863982
2024-04-09 22:00:00,86.62999999999644,82.76179765886273,3.86820234113371
2024-04-09 23:00:00,82.22000000000463,78.07458167330687,4.145418326697765
2024-04-10 00:00:00,68.20000000001184,60.15088501291983,8.049114987092011
2024-04-10 01:00:00,61.6799999999879,56.34009259259252,5.33990740739538
2024-04-10 02:00:00,44.910000000001844,38.80761762189895,6.102382378102895
2024-04-10 03:00:00,38.3200000000017,52.69040706605195,-14.370407066050248
2024-04-10 04:00:00,37.049999999999955,45.929207650273156,-8.879207650273202
2024-04-10 05:00:00,34.62999999999232,50.272458143074495,-15.642458143082173
2024-04-10 06:00:00,38.02000000000655,52.69040706605195,-14.6704070660454
2024-04-10 07:00:00,42.60000000000329,62.49401515151501,-19.894015151511717
2024-04-10 08:00:00,53.07499999998899,50.22175824175773,2.853241758231256
2024-04-10 09:00:00,62.6299999999994,55.27402735562298,7.355972644376422
2024-04-10 10:00:00,65.73000000000204,63.28547901821038,2.444520981791655
2024-04-10 11:00:00,66.2300000000103,52.69040706605195,13.53959293395836
2024-04-10 12:00:00,73.43000000000126,52.69040706605195,20.73959293394931
2024-04-10 13:00:00,63.54000000000093,52.69040706605195,10.849592933948983
2024-04-10 14:00:00,70.67500000000729,55.27402735562298,15.40097264438431
2024-04-10 15:00:00,61.04999999997969,63.28547901821038,-2.2354790182306914
2024-04-10 16:00:00,66.47000000000222,63.28547901821038,3.1845209817918345
2024-04-10 17:00:00,59.81000000000117,67.34121951219487,-7.531219512193701
2024-04-10 18:00:00,69.04999999999671,66.22589108910881,2.824108910887901
2024-04-10 19:00:00,74.6800000000064,82.76179765886273,-8.081797658856331
2024-04-10 20:00:00,93.1100000000011,82.76179765886273,10.34820234113836
2024-04-10 21:00:00,85.92000000000218,82.76179765886273,3.158202341139443
2024-04-10 22:00:00,88.79999999999703,82.76179765886273,6.038202341134294
2024-04-10 23:00:00,79.29000000000539,82.76179765886273,-3.4717976588573407
2024-04-11 00:00:00,66.63999999999123,64.87049079754566,1.769509202445576
2024-04-11 01:00:00,61.95000000000189,55.62387605850626,6.326123941495631
2024-04-11 02:00:00,43.14999999999935,52.69040706605195,-9.540407066052595
2024-04-11 03:00:00,43.97999999999544,38.80761762189895,5.1723823780964935
2024-04-11 04:00:00,38.220000000004056,38.80761762189895,-0.5876176218948927
2024-04-11 05:00:00,36.8200000000092,38.80761762189895,-1.987617621889747
2024-04-11 06:00:00,38.40999999998678,38.80761762189895,-0.3976176219121683
2024-04-11 07:00:00,53.22999999999632,44.97774671052643,8.252253289469891
2024-04-11 08:00:00,63.90500000000159,53.59877358490583,10.306226415095765
2024-04-11 09:00:00,62.48000000001093,55.65875000000006,6.8212500000108705
2024-04-11 10:00:00,58.26999999999748,55.65875000000006,2.611249999997419
2024-04-11 11:00:00,49.77999999999264,50.16126096491208,-0.3812609649194414
2024-04-11 12:00:00,53.64000000000644,50.16126096491208,3.478739035094357
2024-04-11 13:00:00,46.98999999998338,50.16126096491208,-3.171260964928699
2024-04-11 14:00:00,47.76000000000337,50.16126096491208,-2.401260964908708
2024-04-11 15:00:00,49.28000000000199,55.65875000000006,-6.378749999998071
2024-04-11 16:00:00,49.92000000000228,50.16126096491208,-0.24126096490979876
2024-04-11 17:00:00,51.31000000001035,62.482767857142946,-11.172767857132598
2024-04-11 18:00:00,59.75000000000347,66.22589108910881,-6.475891089105346
2024-04-11 19:00:00,74.27999999999273,82.76179765886273,-8.481797658870008
2024-04-11 20:00:00,86.14999999999765,82.76179765886273,3.388202341134914
2024-04-11 21:00:00,92.2599999999999,82.76179765886273,9.498202341137173
2024-04-11 22:00:00,82.5399999999967,78.07458167330687,4.465418326689829
2024-04-11 23:00:00,75.23999999999785,78.07458167330687,-2.8345816733090174
2024-04-12 00:00:00,64.99000000000464,55.27402735562298,9.715972644381665
2024-04-12 01:00:00,56.79000000001247,56.34009259259252,0.44990740741994983
2024-04-12 02:00:00,44.87999999999164,38.80761762189895,6.072382378092691
2024-04-12 03:00:00,39.44999999999817,38.80761762189895,0.6423823780992208
2024-04-12 04:00:00,39.630000000007556,38.80761762189895,0.8223823781086068
2024-04-12 05:00:00,35.31999999999624,50.272458143074495,-14.952458143078253
2024-04-12 06:00:00,40.53000000000711,37.78384615384651,2.7461538461605954
2024-04-12 07:00:00,50.19999999999564,60.15088501291983,-9.95088501292419
2024-04-12 08:00:00,58.159999999992856,60.58367713004438,-2.423677130051523
2024-04-12 09:00:00,57.12000000000515,55.27402735562298,1.8459726443821722
2024-04-12 10:00:00,52.28999999999638,50.272458143074495,2.0175418569218877
2024-04-12 11:00:00,53.270000000000636,50.16126096491208,3.108739035088554
2024-04-12 12:00:00,48.89000000000007,50.16126096491208,-1.2712609649120097
2024-04-12 13:00:00,46.999999999990955,50.16126096491208,-3.1612609649211265
2024-04-12 14:00:00,48.08000000000371,50.16126096491208,-2.081260964908374
2024-04-12 15:00:00,42.66999999999396,50.80142011834344,-8.131420118349475
2024-04-12 16:00:00,52.13000000000525,53.59877358490583,-1.4687735849005747
2024-04-12 17:00:00,51.70999999998634,53.59877358490583,-1.888773584919491
2024-04-12 18:00:00,60.080000000007686,66.22589108910881,-6.145891089101127
2024-04-12 19:00:00,71.43999999999005,82.50281786941558,-11.06281786942553
2024-04-12 20:00:00,85.93000000000995,68.40999999999983,17.52000000001013
2024-04-12 21:00:00,76.47999999999163,78.07458167330687,-1.5945816733152327
2024-04-12 22:00:00,76.03999999999766,78.07458167330687,-2.034581673309205
2024-04-12 23:00:00,74.82000000000514,78.07458167330687,-3.254581673301729
2024-04-13 00:00:00,67.7099999999854,62.482767857142946,5.227232142842453
2024-04-13 01:00:00,65.75000000000628,65.576530612245,0.17346938776128695
2024-04-13 02:00:00,44.61000000000152,53.59877358490583,-8.988773584904308
2024-04-13 03:00:00,38.3799999999961,38.80761762189895,-0.42761762190284713
2024-04-13 04:00:00,35.43999999999613,38.80761762189895,-3.3676176219028164
2024-04-13 05:00:00,34.08000000001283,38.80761762189895,-4.727617621886118
2024-04-13 06:00:00,36.009999999997916,38.80761762189895,-2.7976176219010327
2024-04-13 07:00:00,41.53999999999601,50.272458143074495,-8.732458143078482
2024-04-13 08:00:00,52.4100000000079,67.41005477988763,-15.000054779879733
2024-04-13 09:00:00,57.52999999999673,64.87049079754566,-7.340490797548924
2024-04-13 10:00:00,63.269999999997054,79.83074468085213,-16.56074468085508
2024-04-13 11:00:00,76.05000000000402,66.61909591194944,9.430904088054575
2024-04-13 12:00:00,68.4300000000064,66.61909591194944,1.810904088056958
2024-04-13 13:00:00,64.60999999999507,70.17681818181848,-5.5668181818234075
2024-04-13 14:00:00,67.85000000000684,67.41005477988763,0.43994522011921333
2024-04-13 15:00:00,60.3700000000041,67.41005477988763,-7.040054779883533
2024-04-13 16:00:00,60.97999999998876,60.15088501291983,0.8291149870689338
2024-04-13 17:00:00,58.130000000014775,63.28547901821038,-5.1554790181956065
2024-04-13 18:00:00,67.06999999999559,66.22589108910881,0.8441089108867743
2024-04-13 19:00:00,84.68000000000995,82.76179765886273,1.9182023411472215
2024-04-13 20:00:00,83.1200000000085,78.07458167330687,5.045418326701636
2024-04-13 21:00:00,81.29000000001048,82.76179765886273,-1.4717976588522532
2024-04-13 22:00:00,79.12999999999116,82.76179765886273,-3.6317976588715766
2024-04-13 23:00:00,76.85000000000835,82.76179765886273,-5.911797658854383
2024-04-14 00:00:00,64.28999999999837,60.58367713004438,3.7063228699539934
2024-04-14 01:00:00,58.52000000000038,56.443749999999035,2.0762500000013446
2024-04-14 02:00:00,43.42000000000095,38.80761762189895,4.612382378101998
2024-04-14 03:00:00,41.939999999998406,38.80761762189895,3.1323823780994573
2024-04-14 04:00:00,36.42000000000891,38.80761762189895,-2.387617621890037
2024-04-14 05:00:00,33.30999999999122,38.80761762189895,-5.497617621907729
2024-04-14 06:00:00,38.3600000000051,38.80761762189895,-0.4476176218938477
2024-04-14 07:00:00,38.220000000003125,42.99379120879128,-4.773791208788154
2024-04-14 08:00:00,48.56000000000111,42.99379120879128,5.5662087912098315
2024-04-14 09:00:00,58.74999999998633,60.58367713004438,-1.8336771300580494
2024-04-14 10:00:00,66.42000000001084,64.87049079754566,1.5495092024651882
2024-04-14 11:00:00,70.0199999999999,60.15088501291983,9.869114987080067
2024-04-14 12:00:00,77.99999999999741,50.272458143074495,27.72754185692292
2024-04-14 13:00:00,71.51999999999603,50.272458143074495,21.247541856921536
2024-04-14 14:00:00,65.89000000000388,60.15088501291983,5.739114987084051
2024-04-14 15:00:00,64.16000000001264,50.272458143074495,13.88754185693815
2024-04-14 16:00:00,60.1000000000071,60.58367713004438,-0.48367713003727886
2024-04-14 17:00:00,60.95999999999552,60.58367713004438,0.3763228699511387
2024-04-14 18:00:00,76.75000000000406,71.70444444444364,5.045555555560426
2024-04-14 19:00:00,87.0600000000139,82.76179765886273,4.298202341151168
2024-04-14 20:00:00,90.7099999999995,82.76179765886273,7.9482023411367635
2024-04-14 21:00:00,95.06000000000151,87.95446451096825,7.105535489033258
2024-04-14 22:00:00,82.10999999999657,78.07458167330687,4.035418326689708
2024-04-14 23:00:00,75.2199999999942,78.07458167330687,-2.8545816733126657
2024-04-15 00:00:00,72.06000000000452,59.536310343676305,12.523689656328216
2024-04-15 01:00:00,59.04999999999498,55.62387605850626,3.4261239414887186
2024-04-15 02:00:00,42.64999999998818,55.62387605850626,-12.97387605851808
2024-04-15 03:00:00,41.61000000001033,38.80761762189895,2.802382378111382
2024-04-15 04:00:00,37.07000000000127,38.80761762189895,-1.7376176218976767
2024-04-15 05:00:00,34.43000000000953,38.80761762189895,-4.377617621889421
2024-04-15 06:00:00,36.1999999999957,37.78384615384651,-1.5838461538508142
2024-04-15 07:00:00,53.32000000000917,49.156562499999964,4.163437500009209
2024-04-15 08:00:00,60.58999999999244,67.02585714285696,-6.435857142864521
2024-04-15 09:00:00,62.840000000002505,55.27402735562298,7.565972644379528
2024-04-15 10:00:00,55.17999999999435,55.62387605850626,-0.44387605851191125
2024-04-15 11:00:00,57.88000000000462,55.62387605850626,2.256123941498359
2024-04-15 12:00:00,65.16999999999459,55.62387605850626,9.546123941488325
2024-04-15 13:00:00,58.71000000000143,55.27402735562298,3.4359726443784524
2024-04-15 14:00:00,56.629999999994965,55.27402735562298,1.3559726443719882
2024-04-15 15:00:00,58.07000000000588,55.62387605850626,2.4461239414996143
2024-04-15 16:00:00,54.000000000008725,55.27402735562298,-1.2740273556142512
2024-04-15 17:00:00,63.1099999999831,63.28547901821038,-0.17547901822727852
2024-04-15 18:00:00,74.24000000001925,66.22589108910881,8.014108910910437
2024-04-15 19:00:00,79.0599999999869,82.76179765886273,-3.701797658875833
2024-04-15 20:00:00,86.26999999999398,82.50281786941558,3.767182130578405
2024-04-15 21:00:00,88.8000000000001,87.95446451096825,0.845535489031846
2024-04-15 22:00:00,81.53999999999209,82.50281786941558,-0.962817869423489
2024-04-15 23:00:00,68.81999999999718,78.07458167330687,-9.254581673309687
2024-04-16 00:00:00,58.900000000002336,67.41005477988763,-8.510054779885294
2024-04-16 01:00:00,56.91000000000636,55.62387605850626,1.286123941500101
2024-04-16 02:00:00,43.36000000000146,38.80761762189895,4.552382378102514
2024-04-16 03:00:00,37.73000000001107,44.97774671052643,-7.247746710515365
2024-04-16 04:00:00,36.50999999999752,44.97774671052643,-8.467746710528914
2024-04-16 05:00:00,33.23999999999066,44.97774671052643,-11.737746710535774
2024-04-16 06:00:00,37.45999999999114,44.97774671052643,-7.517746710535292
2024-04-16 07:00:00,49.130000000000535,44.97774671052643,4.152253289474103
2024-04-16 08:00:00,67.94000000000395,55.27402735562298,12.665972644380972
2024-04-16 09:00:00,60.50999999999917,55.27402735562298,5.23597264437619
2024-04-16 10:00:00,54.589999999999435,55.62387605850626,-1.0338760585068272
2024-04-16 11:00:00,47.27999999999176,55.62387605850626,-8.343876058514503
2024-04-16 12:00:00,54.35000000000477,55.62387605850626,-1.273876058501493
2024-04-16 13:00:00,50.209999999999496,55.62387605850626,-5.413876058506766
2024-04-16 14:00:00,49.27000000000348,50.80142011834344,-1.531420118339959
2024-04-16 15:00:00,43.53999999999999,55.65875000000006,-12.11875000000007
2024-04-16 16:00:00,47.76000000000201,62.482767857142946,-14.722767857140937
2024-04-16 17:00:00,57.70999999999529,55.27402735562298,2.4359726443723133
2024-04-16 18:00:00,65.97000000001233,66.22589108910881,-0.2558910890964796
2024-04-16 19:00:00,70.87000000000577,78.07458167330687,-7.204581673301092
2024-04-16 20:00:00,84.10999999999083,87.95446451096825,-3.844464510977417
2024-04-16 21:00:00,86.45000000000303,82.76179765886273,3.688202341140297
2024-04-16 22:00:00,92.12999999999917,78.07458167330687,14.055418326692305
2024-04-16 23:00:00,73.85000000000511,78.07458167330687,-4.224581673301756
2024-04-17 00:00:00,72.71000000000876,62.482767857142946,10.227232142865816
2024-04-17 01:00:00,54.8800000000073,56.443749999999035,-1.5637499999917353
2024-04-17 02:00:00,45.90999999999255,38.80761762189895,7.102382378093601
2024-04-17 03:00:00,41.99000000000635,38.80761762189895,3.1823823781073983
2024-04-17 04:00:00,34.229999999997034,38.80761762189895,-4.577617621901915
2024-04-17 05:00:00,32.780000000006936,38.80761762189895,-6.027617621892013
2024-04-17 06:00:00,35.579999999998876,38.80761762189895,-3.227617621900073
2024-04-17 07:00:00,45.7900000000146,60.15088501291983,-14.360885012905229
2024-04-17 08:00:00,63.310000000012025,67.41005477988763,-4.100054779875606
2024-04-17 09:00:00,62.8499999999884,55.27402735562298,7.575972644365422
2024-04-17 10:00:00,50.130000000000535,55.62387605850626,-5.493876058505727
2024-04-17 11:00:00,46.07999999999416,55.62387605850626,-9.543876058512105
2024-04-17 12:00:00,52.00999999999922,50.80142011834344,1.208579881655787
2024-04-17 13:00:00,46.03999999998601,50.80142011834344,-4.761420118357428
2024-04-17 14:00:00,45.550000000003564,55.27402735562298,-9.724027355619413
2024-04-17 15:00:00,46.909999999999144,55.27402735562298,-8.364027355623833
2024-04-17 16:00:00,48.14000000000826,68.94038066465276,-20.800380664644507
2024-04-17 17:00:00,58.970000000006365,50.80142011834344,8.168579881662929
2024-04-17 18:00:00,62.419999999994815,66.22589108910881,-3.8058910891139988
2024-04-17 19:00:00,71.32999999999512,82.50281786941558,-11.172817869420456
2024-04-17 20:00:00,85.39000000000712,82.50281786941558,2.8871821305915404
2024-04-17 21:00:00,85.8200000000119,82.76179765886273,3.058202341149169
2024-04-17 22:00:00,83.22999999999902,78.07458167330687,5.155418326692157
2024-04-17 23:00:00,79.29999999999657,78.07458167330687,1.2254183266897059
2024-04-18 00:00:00,69.53000000000546,67.41005477988763,2.1199452201178275
2024-04-18 01:00:00,55.36999999999395,56.34009259259252,-0.9700925925985686
2024-04-18 02:00:00,41.5500000000022,38.80761762189895,2.742382378103251
2024-04-18 03:00:00,41.38000000000076,50.272458143074495,-8.892458143073732
2024-04-18 04:00:00,40.010000000002236,38.80761762189895,1.2023823781032874
2024-04-18 05:00:00,33.15999999999346,38.80761762189895,-5.647617621905489
2024-04-18 06:00:00,34.639999999998764,38.80761762189895,-4.167617621900185
2024-04-18 07:00:00,46.76000000000252,50.22175824175773,-3.461758241755213
2024-04-18 08:00:00,58.65999999999573,50.22175824175773,8.438241758238
2024-04-18 09:00:00,53.44000000000162,50.272458143074495,3.167541856927123
2024-04-18 10:00:00,49.050000000005156,53.04376033057825,-3.993760330573096
2024-04-18 11:00:00,49.18999999999542,50.80142011834344,-1.6114201183480148
2024-04-18 12:00:00,52.44000000000315,50.16126096491208,2.2787390350910712
2024-04-18 13:00:00,45.639999999986145,50.22175824175773,-4.581758241771588
2024-04-18 14:00:00,49.620000000003785,55.27402735562298,-5.654027355619192
2024-04-18 15:00:00,49.73999999999515,55.27402735562298,-5.534027355627828
2024-04-18 16:00:00,46.870000000003046,55.27402735562298,-8.404027355619931
2024-04-18 17:00:00,48.03999999999971,55.27402735562298,-7.234027355623269
2024-04-18 18:00:00,56.650000000006656,66.22589108910881,-9.575891089102157
2024-04-18 19:00:00,64.9199999999993,82.76179765886273,-17.841797658863428
2024-04-18 20:00:00,86.14999999999631,82.76179765886273,3.388202341133578
2024-04-18 21:00:00,81.22999999999189,82.76179765886273,-1.5317976588708433
2024-04-18 22:00:00,87.97999999999442,82.76179765886273,5.218202341131686
2024-04-18 23:00:00,78.3100000000176,82.50281786941558,-4.1928178693979845
2024-04-19 00:00:00,73.26999999999842,66.61909591194944,6.650904088048975
2024-04-19 01:00:00,51.62999999998735,56.34009259259252,-4.7100925926051715
2024-04-19 02:00:00,41.10000000000602,44.97774671052643,-3.8777467105204124
2024-04-19 03:00:00,41.12999999999536,38.80761762189895,2.322382378096414
2024-04-19 04:00:00,36.18000000000191,50.272458143074495,-14.092458143072584
2024-04-19 05:00:00,38.719999999995224,38.80761762189895,-0.0876176219037248
2024-04-19 06:00:00,36.04999999999862,38.80761762189895,-2.75761762190033
2024-04-19 07:00:00,49.750000000007816,63.28547901821038,-13.535479018202565
2024-04-19 08:00:00,56.67999999999236,60.15088501291983,-3.470885012927468
2024-04-19 09:00:00,53.69000000000145,55.62387605850626,-1.933876058504815
2024-04-19 10:00:00,46.72999999999459,68.94038066465276,-22.210380664658175
2024-04-19 11:00:00,49.78000000000784,50.22175824175773,-0.44175824174989486
2024-04-19 12:00:00,49.72000000001472,53.59877358490583,-3.878773584891107
2024-04-19 13:00:00,52.8600000000026,55.62387605850626,-2.763876058503662
2024-04-19 14:00:00,51.219999999998976,55.27402735562298,-4.054027355624001
2024-04-19 15:00:00,48.909999999999656,55.27402735562298,-6.364027355623321
2024-04-19 16:00:00,48.120000000003785,55.62387605850626,-7.5038760585024775
2024-04-19 17:00:00,48.77999999999449,55.62387605850626,-6.843876058511775
2024-04-19 18:00:00,56.559999999997814,66.22589108910881,-9.665891089111
2024-04-19 19:00:00,76.39000000000541,82.76179765886273,-6.371797658857318
2024-04-19 20:00:00,79.43999999999588,82.76179765886273,-3.3217976588668563
2024-04-19 21:00:00,89.89000000000115,82.76179765886273,7.128202341138419
2024-04-19 22:00:00,80.42999999999918,82.76179765886273,-2.3317976588635503
2024-04-19 23:00:00,76.41000000002023,78.07458167330687,-1.6645816732866336
2024-04-20 00:00:00,73.19999999998149,67.02585714285696,6.174142857124522
2024-04-20 01:00:00,57.970000000019894,55.27402735562298,2.6959726443969174
2024-04-20 02:00:00,45.379999999983795,44.97774671052643,0.40225328945736294
2024-04-20 03:00:00,42.36000000000004,38.80761762189895,3.5523823781010933
2024-04-20 04:00:00,40.29999999999907,38.80761762189895,1.4923823781001246
2024-04-20 05:00:00,37.66000000000619,38.80761762189895,-1.1476176218927563
2024-04-20 06:00:00,37.23999999999225,38.80761762189895,-1.5676176219066988
2024-04-20 07:00:00,42.90999999999619,63.28547901821038,-20.375479018214193
2024-04-20 08:00:00,55.95000000000218,52.69040706605195,3.2595929339502305
2024-04-20 09:00:00,59.11000000000101,55.62387605850626,3.4861239414947462
2024-04-20 10:00:00,69.3400000000004,60.58367713004438,8.756322869956023
2024-04-20 11:00:00,60.12000000000617,60.58367713004438,-0.46367713003820654
2024-04-20 12:00:00,70.1399999999957,74.42625000000005,-4.286250000004358
2024-04-20 13:00:00,67.43999999999428,79.12358333333353,-11.683583333339243
2024-04-20 14:00:00,73.33000000000155,67.41005477988763,5.919945220113917
2024-04-20 15:00:00,58.36000000001732,60.15088501291983,-1.790885012902507
2024-04-20 16:00:00,63.269999999996315,67.41005477988763,-4.140054779891315
2024-04-20 17:00:00,61.750000000003666,67.02585714285696,-5.275857142853297
2024-04-20 18:00:00,69.09000000000665,66.22589108910881,2.8641089108978406
2024-04-20 19:00:00,77.05000000000356,78.07458167330687,-1.0245816733033024
2024-04-20 20:00:00,82.97000000000568,78.07458167330687,4.895418326698817
2024-04-20 21:00:00,78.3600000000022,78.07458167330687,0.2854183266953356
2024-04-20 22:00:00,86.15000000000177,78.07458167330687,8.075418326694901
2024-04-20 23:00:00,71.60999999999186,78.07458167330687,-6.46458167331501
2024-04-21 00:00:00,72.90000000000342,66.61909591194944,6.280904088053973
2024-04-21 01:00:00,54.49500000000418,50.272458143074495,4.222541856929688
2024-04-21 02:00:00,45.94000000000753,44.97774671052643,0.9622532894810973
2024-04-21 03:00:00,41.10999999999487,38.80761762189895,2.3023823780959205
2024-04-21 04:00:00,35.98000000000363,38.80761762189895,-2.827617621895321
2024-04-21 05:00:00,32.99999999999355,38.80761762189895,-5.8076176219054005
2024-04-21 06:00:00,31.970000000010515,38.80761762189895,-6.837617621888434
2024-04-21 07:00:00,37.24999999999582,42.99379120879128,-5.743791208795457
2024-04-21 08:00:00,48.279999999999035,52.69040706605195,-4.410407066052912
2024-04-21 09:00:00,60.68000000000117,66.61909591194944,-5.939095911948272
2024-04-21 10:00:00,72.69999999999706,67.34121951219487,5.358780487802193
2024-04-21 11:00:00,79.11000000000425,67.41005477988763,11.699945220116618
2024-04-21 12:00:00,74.29000000000477,79.83074468085213,-5.540744680847368
2024-04-21 13:00:00,73.06999999999906,55.27402735562298,17.79597264437608
2024-04-21 14:00:00,66.76000000000013,55.62387605850626,11.13612394149387
2024-04-21 15:00:00,64.23000000000681,62.49401515151501,1.7359848484918032
2024-04-21 16:00:00,63.54999999999839,50.272458143074495,13.277541856923897
2024-04-21 17:00:00,69.21999999999699,63.28547901821038,5.934520981786605
2024-04-21 18:00:00,81.27000000000433,68.28390243902432,12.986097560980014
2024-04-21 19:00:00,83.0699999999982,82.76179765886273,0.30820234113546974
2024-04-21 20:00:00,92.11000000000448,87.95446451096825,4.155535489036225
2024-04-21 21:00:00,85.79999999999453,87.95446451096825,-2.1544645109737246
2024-04-21 22:00:00,82.22999999999402,82.50281786941558,-0.2728178694215586
2024-04-21 23:00:00,76.2999999999997,82.50281786941558,-6.202817869415881
2024-04-22 00:00:00,64.99000000000152,67.41005477988763,-2.420054779886115
2024-04-22 01:00:00,56.18999999999957,55.62387605850626,0.5661239414933092
2024-04-22 02:00:00,41.80999999999878,55.62387605850626,-13.813876058507482
2024-04-22 03:00:00,40.88000000000298,50.272458143074495,-9.392458143071515
2024-04-22 04:00:00,39.05999999999287,38.80761762189895,0.2523823780939196
2024-04-22 05:00:00,33.43000000000316,38.80761762189895,-5.377617621895787
2024-04-22 06:00:00,39.22999999999749,37.78384615384651,1.4461538461509775
2024-04-22 07:00:00,46.59999999999778,50.22175824175773,-3.621758241759956
2024-04-22 08:00:00,56.51000000001622,55.27402735562298,1.235972644393243
2024-04-22 09:00:00,59.96999999999801,55.27402735562298,4.695972644375033
2024-04-22 10:00:00,53.859999999992255,53.59877358490583,0.2612264150864263
2024-04-22 11:00:00,57.82000000001031,53.59877358490583,4.221226415104482
2024-04-22 12:00:00,46.9699999999971,50.22175824175773,-3.2517582417606334
2024-04-22 13:00:00,53.48000000001602,55.62387605850626,-2.1438760584902425
2024-04-22 14:00:00,50.56999999999144,54.84070175438577,-4.270701754394331
2024-04-22 15:00:00,47.389999999991886,55.27402735562298,-7.8840273556310905
2024-04-22 16:00:00,47.85999999999197,54.84070175438577,-6.980701754393799
2024-04-22 17:00:00,50.189999999991386,67.41005477988763,-17.220054779896245
2024-04-22 18:00:00,67.41000000001358,66.22589108910881,1.1841089109047687
2024-04-22 19:00:00,73.57000000000565,87.95446451096825,-14.384464510962601
2024-04-22 20:00:00,76.26999999999006,82.76179765886273,-6.49179765887267
2024-04-22 21:00:00,78.84000000000432,82.76179765886273,-3.9217976588584094
2024-04-22 22:00:00,75.22,82.76179765886273,-7.541797658862734
2024-04-22 23:00:00,73.05999999999639,78.07458167330687,-5.014581673310474
2024-04-23 00:00:00,63.450000000007975,63.28547901821038,0.1645209817975939
2024-04-23 09:00:00,0.0,0.0,0.0
2024-04-23 10:00:00,22.770000000001726,55.27402735562298,-32.50402735562125
2024-04-23 11:00:00,53.45999999999614,53.04376033057825,0.4162396694178909
2024-04-23 12:00:00,41.70999999999023,55.62387605850626,-13.913876058516031
2024-04-23 13:00:00,48.13000000000372,50.22175824175773,-2.0917582417540146
2024-04-23 14:00:00,41.750000000002416,50.22175824175773,-8.471758241755317
2024-04-23 15:00:00,52.01000000000178,55.62387605850626,-3.6138760585044807
2024-04-23 16:00:00,47.49000000000652,55.62387605850626,-8.133876058499744
2024-04-23 17:00:00,57.9799999999951,60.15088501291983,-2.170885012924728
2024-04-23 18:00:00,61.90999999999488,68.28390243902432,-6.373902439029436
2024-04-23 19:00:00,80.41000000000233,82.76179765886273,-2.3517976588604057
2024-04-23 20:00:00,86.17000000000527,82.50281786941558,3.667182130589694
2024-04-23 21:00:00,80.72999999999647,82.76179765886273,-2.0317976588662674
2024-04-23 22:00:00,71.18000000000765,78.07458167330687,-6.894581673299214
2024-04-23 23:00:00,79.98999999999111,78.07458167330687,1.9154183266842466
2024-04-24 00:00:00,61.030000000002445,60.58367713004438,0.4463228699580668
2024-04-24 01:00:00,59.09999999999329,55.62387605850626,3.4761239414870246
2024-04-24 02:00:00,43.17000000000414,55.62387605850626,-12.453876058502125
2024-04-24 03:00:00,43.96000000000154,50.272458143074495,-6.312458143072952
2024-04-24 04:00:00,38.860000000004646,38.80761762189895,0.05238237810569757
2024-04-24 05:00:00,41.410000000002555,38.80761762189895,2.6023823781036057
2024-04-24 06:00:00,40.4100000000021,38.80761762189895,1.602382378103151
2024-04-24 07:00:00,50.4800000000013,44.97774671052643,5.502253289474865
2024-04-24 08:00:00,66.50999999999314,53.59877358490583,12.911226415087313
2024-04-24 09:00:00,62.78000000000398,60.58367713004438,2.1963228699596016
2024-04-24 10:00:00,50.48999999999981,60.58367713004438,-10.093677130044568
2024-04-24 11:00:00,50.539999999994194,60.58367713004438,-10.043677130050185
2024-04-24 12:00:00,53.330000000007345,60.58367713004438,-7.253677130037033
2024-04-24 13:00:00,51.31000000000236,54.84070175438577,-3.530701754383408
2024-04-24 14:00:00,57.790000000004085,55.62387605850626,2.1661239414978226
2024-04-24 15:00:00,42.53999999999766,60.58367713004438,-18.043677130046717
2024-04-24 16:00:00,48.92000000000408,60.58367713004438,-11.663677130040298
2024-04-24 17:00:00,46.84999999999306,68.94038066465276,-22.090380664659705
2024-04-24 18:00:00,59.670000000004364,68.28390243902432,-8.613902439019952
2024-04-24 19:00:00,70.33000000000507,82.50281786941558,-12.172817869410508
2024-04-24 20:00:00,85.72000000001131,78.07458167330687,7.645418326704444
2024-04-24 21:00:00,82.97999999998078,82.76179765886273,0.21820234111804382
2024-04-24 22:00:00,81.49999999999736,82.50281786941558,-1.002817869418223
2024-04-24 23:00:00,78.32000000000093,78.07458167330687,0.2454183266940646
2024-04-25 00:00:00,64.3799999999948,67.41005477988763,-3.0300547798928363
2024-04-25 01:00:00,54.620000000004865,55.62387605850626,-1.0038760585013975
2024-04-25 02:00:00,40.849999999995106,44.97774671052643,-4.127746710531326
2024-04-25 03:00:00,38.72000000000233,38.80761762189895,-0.08761762189661937
2024-04-25 04:00:00,36.230000000004594,45.929207650273156,-9.699207650268562
2024-04-25 05:00:00,36.599999999998346,38.80761762189895,-2.207617621900603
2024-04-25 06:00:00,35.54999999999515,52.69040706605195,-17.140407066056795
2024-04-25 07:00:00,49.88999999999871,63.28547901821038,-13.395479018211674
2024-04-25 08:00:00,62.309999999996165,60.15088501291983,2.159114987076336
2024-04-25 09:00:00,58.34000000000296,60.15088501291983,-1.81088501291687
2024-04-25 10:00:00,48.869999999988494,50.22175824175773,-1.3517582417692395
2024-04-25 11:00:00,50.5000000000011,50.272458143074495,0.22754185692660656
2024-04-25 12:00:00,48.09000000000438,60.15088501291983,-12.060885012915449
2024-04-25 13:00:00,54.29000000000982,60.15088501291983,-5.8608850129100105
2024-04-25 14:00:00,53.769999999998305,55.27402735562298,-1.5040273556246717
2024-04-25 15:00:00,50.14999999999455,53.04376033057825,-2.893760330583703
2024-04-25 16:00:00,46.65000000000046,45.929207650273156,0.7207923497273043
2024-04-25 17:00:00,52.13999999999416,60.15088501291983,-8.01088501292567
2024-04-25 18:00:00,53.05000000000288,66.22589108910881,-13.175891089105932
2024-04-25 19:00:00,71.07999999999842,82.76179765886273,-11.681797658864312
2024-04-25 20:00:00,73.90999999998772,82.76179765886273,-8.851797658875014
2024-04-25 21:00:00,79.39000000000297,82.76179765886273,-3.3717976588597622
2024-04-25 22:00:00,75.9599999999983,82.76179765886273,-6.80179765886443
2024-04-25 23:00:00,79.56999999999854,78.07458167330687,1.4954183266916772
2024-04-26 00:00:00,61.65000000000313,59.536310343676305,2.1136896563268266
2024-04-26 01:00:00,56.439999999997525,56.34009259259252,0.0999074074050057
2024-04-26 02:00:00,41.89999999999523,44.97774671052643,-3.0777467105312013
2024-04-26 03:00:00,38.24999999999405,44.97774671052643,-6.727746710532379
2024-04-26 04:00:00,38.47000000000108,45.929207650273156,-7.459207650272077
2024-04-26 05:00:00,35.2900000000142,50.272458143074495,-14.982458143060292
2024-04-26 06:00:00,40.36999999999344,38.80761762189895,1.5623823780944903
2024-04-26 07:00:00,49.319999999993655,62.49401515151501,-13.174015151521353
2024-04-26 08:00:00,60.74000000001186,55.62387605850626,5.116123941505599
2024-04-26 09:00:00,57.28000000001012,55.27402735562298,2.0059726443871426
2024-04-26 10:00:00,55.82999999998921,60.15088501291983,-4.320885012930617
2024-04-26 11:00:00,48.659999999994994,60.15088501291983,-11.490885012924835
2024-04-26 12:00:00,57.05999999999929,53.59877358490583,3.4612264150934635
2024-04-26 13:00:00,54.18000000001675,53.59877358490583,0.581226415110919
2024-04-26 14:00:00,49.25999999999132,55.27402735562298,-6.014027355631654
2024-04-26 15:00:00,50.210000000003134,50.22175824175773,-0.011758241754598941
2024-04-26 16:00:00,49.60000000000409,50.22175824175773,-0.6217582417536462
2024-04-26 17:00:00,48.0500000000001,68.94038066465276,-20.890380664652668
2024-04-26 18:00:00,58.67000000000169,66.22589108910881,-7.555891089107121
2024-04-26 19:00:00,65.35999999999197,82.50281786941558,-17.14281786942361
2024-04-26 20:00:00,76.62000000000663,82.76179765886273,-6.141797658856106
2024-04-26 21:00:00,78.80999999999048,82.76179765886273,-3.951797658872252
2024-04-26 22:00:00,79.6900000000181,82.76179765886273,-3.0717976588446305
2024-04-26 23:00:00,73.75999999999098,78.07458167330687,-4.314581673315885
2024-04-27 00:00:00,60.130000000000535,67.02585714285696,-6.895857142856428
2024-04-27 01:00:00,51.25999999999934,50.272458143074495,0.9875418569248424
2024-04-27 02:00:00,45.78999999999698,52.69040706605195,-6.900407066054967
2024-04-27 03:00:00,40.12000000000896,50.272458143074495,-10.152458143065537
2024-04-27 04:00:00,37.97999999999635,38.80761762189895,-0.827617621902597
2024-04-27 05:00:00,37.58000000000854,50.272458143074495,-12.692458143065956
2024-04-27 06:00:00,37.95999999999546,38.80761762189895,-0.8476176219034883
2024-04-27 07:00:00,41.64999999999165,45.929207650273156,-4.279207650281506
2024-04-27 08:00:00,49.67000000000658,55.27402735562298,-5.604027355616395
2024-04-27 09:00:00,63.99999999999474,52.69040706605195,11.309592933942795
2024-04-27 10:00:00,62.200000000000585,50.272458143074495,11.92754185692609
2024-04-27 11:00:00,61.68999999999707,60.15088501291983,1.539114987077241
2024-04-27 12:00:00,60.25999999999786,50.272458143074495,9.987541856923364
2024-04-27 13:00:00,76.31000000000333,50.80142011834344,25.50857988165989
2024-04-27 14:00:00,60.56999999999098,53.59877358490583,6.971226415085155
2024-04-27 15:00:00,64.84000000000523,50.80142011834344,14.038579881661796
2024-04-27 16:00:00,53.68999999999372,50.272458143074495,3.4175418569192217
2024-04-27 17:00:00,53.9700000000025,50.272458143074495,3.697541856928005
2024-04-27 18:00:00,57.70999999999859,66.22589108910881,-8.515891089110227
2024-04-27 19:00:00,79.14999999999552,78.07458167330687,1.0754183266886486
2024-04-27 20:00:00,70.02999999999881,78.07458167330687,-8.044581673308059
2024-04-27 21:00:00,85.86000000000533,78.07458167330687,7.785418326698462
2024-04-27 22:00:00,78.06999999999991,78.07458167330687,-0.004581673306958578
2024-04-27 23:00:00,76.98000000000363,78.07458167330687,-1.0945816733032387
2024-04-28 00:00:00,63.20999999999427,60.58367713004438,2.626322869949888
2024-04-28 01:00:00,58.989999999996456,60.58367713004438,-1.5936771300479222
2024-04-28 02:00:00,46.639999999997116,38.80761762189895,7.832382378098167
2024-04-28 03:00:00,41.68000000000572,45.929207650273156,-4.2492076502674365
2024-04-28 04:00:00,41.099999999994424,38.80761762189895,2.292382378095475
2024-04-28 05:00:00,35.77000000000541,50.272458143074495,-14.502458143069084
2024-04-28 06:00:00,37.339999999986475,44.97774671052643,-7.6377467105399575
2024-04-28 07:00:00,34.96999999998545,42.99379120879128,-8.023791208805832
2024-04-28 08:00:00,49.64000000001377,45.929207650273156,3.710792349740615
2024-04-28 09:00:00,59.19999999999672,67.34121951219487,-8.141219512198148
2024-04-28 10:00:00,64.35999999999578,67.41005477988763,-3.050054779891852
2024-04-28 11:00:00,64.69000000000304,67.41005477988763,-2.7200547798845918
2024-04-28 12:00:00,72.15999999999573,60.15088501291983,12.009114987075904
2024-04-28 13:00:00,74.02000000001377,64.87049079754566,9.14950920246811
2024-04-28 14:00:00,74.24999999998951,66.61909591194944,7.630904088040069
2024-04-28 15:00:00,65.48000000000079,74.42625000000005,-8.946249999999267
2024-04-28 16:00:00,69.59999999999903,50.272458143074495,19.327541856924533
2024-04-28 17:00:00,58.52999999999949,68.94038066465276,-10.410380664653275
2024-04-28 18:00:00,63.42000000000391,66.22589108910881,-2.805891089104904
2024-04-28 19:00:00,79.19999999999484,87.95446451096825,-8.754464510973406
2024-04-28 20:00:00,97.91999999999823,87.95446451096825,9.965535489029975
2024-04-28 21:00:00,86.58999999999625,87.95446451096825,-1.3644645109719988
2024-04-28 22:00:00,82.78999999999783,87.95446451096825,-5.164464510970419
2024-04-28 23:00:00,80.36000000000737,87.95446451096825,-7.594464510960876
2024-04-29 00:00:00,69.62000000000373,60.58367713004438,9.03632286995935
2024-04-29 01:00:00,54.53999999999493,56.34009259259252,-1.8000925925975864
2024-04-29 02:00:00,45.039999999995615,44.97774671052643,0.06225328946918296
2024-04-29 03:00:00,43.640000000000526,38.80761762189895,4.832382378101578
2024-04-29 04:00:00,38.150000000001654,38.80761762189895,-0.6576176218972947
2024-04-29 05:00:00,38.35000000001051,38.80761762189895,-0.45761762188843846
2024-04-29 06:00:00,38.77999999999153,62.482767857142946,-23.702767857151414
2024-04-29 07:00:00,51.40000000001211,50.22175824175773,1.17824175825438
2024-04-29 08:00:00,60.23999999998992,60.58367713004438,-0.3436771300544592
2024-04-29 09:00:00,60.65000000000501,50.80142011834344,9.848579881661571
2024-04-29 10:00:00,49.540000000001925,50.22175824175773,-0.6817582417558086
2024-04-29 11:00:00,44.76000000000269,55.27402735562298,-10.514027355620286
2024-04-29 12:00:00,56.440000000009974,55.27402735562298,1.165972644386997
2024-04-29 13:00:00,60.04999999998742,55.27402735562298,4.775972644364444
2024-04-29 14:00:00,56.14000000000553,55.27402735562298,0.865972644382552
2024-04-29 15:00:00,48.29000000000585,55.27402735562298,-6.98402735561713
2024-04-29 16:00:00,50.459999999989265,55.27402735562298,-4.814027355633712
2024-04-29 17:00:00,46.68999999998974,52.69040706605195,-6.000407066062209
2024-04-29 18:00:00,57.14000000001121,66.22589108910881,-9.0858910890976
2024-04-29 19:00:00,71.5199999999995,82.76179765886273,-11.241797658863234
2024-04-29 20:00:00,85.74999999999883,82.76179765886273,2.988202341136102
2024-04-29 21:00:00,81.77000000000422,87.95446451096825,-6.184464510964034
2024-04-29 22:00:00,81.82000000000423,78.07458167330687,3.7454183266973615
2024-04-29 23:00:00,74.05999999999656,82.50281786941558,-8.442817869419017
2024-04-30 00:00:00,60.69000000000088,64.87049079754566,-4.180490797544778
2024-04-30 01:00:00,50.67000000000027,56.34009259259252,-5.670092592592248
2024-04-30 02:00:00,39.87999999999343,38.80761762189895,1.0723823780944812
2024-04-30 03:00:00,37.88999999999501,38.80761762189895,-0.9176176219039363
2024-04-30 04:00:00,36.170000000006866,38.80761762189895,-2.6376176218920833
2024-04-30 05:00:00,35.930000000006174,38.80761762189895,-2.8776176218927745
2024-04-30 06:00:00,40.47999999999561,65.576530612245,-25.09653061224938
2024-04-30 07:00:00,53.10999999999328,62.49401515151501,-9.38401515152173
2024-04-30 08:00:00,63.089999999999606,55.27402735562298,7.815972644376629
2024-04-30 09:00:00,61.12000000000327,55.27402735562298,5.845972644380296
2024-04-30 10:00:00,46.44999999999905,50.22175824175773,-3.7717582417586826
2024-04-30 11:00:00,46.34999999999965,52.69040706605195,-6.340407066052293
2024-04-30 12:00:00,50.640000000001606,64.12281250000024,-13.48281249999863
2024-04-30 13:00:00,51.770000000001716,53.59877358490583,-1.8287735849041127
2024-04-30 14:00:00,52.080000000006265,53.59877358490583,-1.518773584899563
2024-04-30 15:00:00,48.35999999998754,50.272458143074495,-1.9124581430869583
2024-04-30 16:00:00,48.63000000000463,63.28547901821038,-14.655479018205753
2024-04-30 17:00:00,52.16000000000318,68.94038066465276,-16.780380664649584
2024-04-30 18:00:00,65.05999999998832,66.22589108910881,-1.1658910891204926
2024-04-30 19:00:00,74.92000000000891,82.76179765886273,-7.841797658853821
2024-04-30 20:00:00,75.61000000000232,82.76179765886273,-7.151797658860417
2024-04-30 21:00:00,78.32000000000355,87.95446451096825,-9.634464510964705
2024-04-30 22:00:00,82.1199999999939,78.07458167330687,4.045418326687027
2024-04-30 23:00:00,77.33000000000735,78.07458167330687,-0.7445816732995212
2024-05-01 00:00:00,63.449999999996436,61.313378378378005,2.1366216216184313
2024-05-01 01:00:00,52.1700000000055,56.34009259259252,-4.170092592587018
2024-05-01 02:00:00,44.7199999999942,55.65875000000006,-10.93875000000586
2024-05-01 03:00:00,43.929999999998046,38.80761762189895,5.122382378099097
2024-05-01 04:00:00,36.85000000000511,38.80761762189895,-1.9576176218938386
2024-05-01 05:00:00,34.31999999999462,38.80761762189895,-4.487617621904327
2024-05-01 06:00:00,37.909999999993005,44.97774671052643,-7.067746710533427
2024-05-01 07:00:00,48.400000000008646,55.27402735562298,-6.874027355614331
2024-05-01 08:00:00,64.90999999999386,60.58367713004438,4.326322869949479
2024-05-01 09:00:00,59.35499999999692,63.28547901821038,-3.930479018213461
2024-05-01 10:00:00,61.9800000000038,60.15088501291983,1.829114987083969
2024-05-01 11:00:00,65.44999999999558,50.272458143074495,15.177541856921088
2024-05-01 12:00:00,51.779999999997386,60.15088501291983,-8.370885012922443
2024-05-01 13:00:00,63.59000000000819,50.80142011834344,12.788579881664752
2024-05-01 14:00:00,56.59999999999715,50.272458143074495,6.327541856922657
2024-05-01 15:00:00,51.91000000000358,50.272458143074495,1.637541856929083
2024-05-01 16:00:00,51.890000000008484,63.28547901821038,-11.395479018201897
2024-05-01 17:00:00,62.36999999999236,63.28547901821038,-0.9154790182180221
2024-05-01 18:00:00,64.82000000001014,66.22589108910881,-1.4058910890986738
2024-05-01 19:00:00,76.14000000000843,82.76179765886273,-6.621797658854305
2024-05-01 20:00:00,86.73000000000505,82.50281786941558,4.227182130589469
2024-05-01 21:00:00,86.60499999999533,82.76179765886273,3.8432023411325957
2024-05-01 22:00:00,79.39999999999199,78.07458167330687,1.3254183266851243
2024-05-01 23:00:00,77.15000000000518,78.07458167330687,-0.9245816733016881
2024-05-02 00:00:00,59.529999999996704,70.17681818181848,-10.646818181821772
2024-05-02 01:00:00,55.719999999993064,56.34009259259252,-0.6200925925994554
2024-05-02 02:00:00,41.390000000018944,55.65875000000006,-14.268749999981118
2024-05-02 03:00:00,39.10000000000255,52.69040706605195,-13.590407066049394
2024-05-02 04:00:00,40.669999999994815,38.80761762189895,1.862382378095866
2024-05-02 05:00:00,34.82000000001497,38.80761762189895,-3.9876176218839774
2024-05-02 06:00:00,37.170000000000215,50.272458143074495,-13.10245814307428
2024-05-02 07:00:00,43.90999999999045,49.156562499999964,-5.246562500009517
2024-05-02 08:00:00,55.11999999999867,55.27402735562298,-0.15402735562430792
2024-05-02 09:00:00,55.80000000000817,55.27402735562298,0.5259726443851918
2024-05-02 10:00:00,54.039999999997946,55.62387605850626,-1.5838760585083165
2024-05-02 11:00:00,49.669999999999874,54.84070175438577,-5.170701754385895
2024-05-02 12:00:00,48.1299999999969,55.27402735562298,-7.144027355626079
2024-05-02 13:00:00,54.449999999989956,55.62387605850626,-1.1738760585163064
2024-05-02 14:00:00,44.44000000000281,50.16126096491208,-5.72126096490927
2024-05-02 15:00:00,42.36000000000345,50.16126096491208,-7.801260964908629
2024-05-02 16:00:00,49.690000000002755,50.16126096491208,-0.4712609649093267
2024-05-02 17:00:00,54.099999999991695,63.28547901821038,-9.185479018218686
2024-05-02 18:00:00,61.94000000001526,74.32023076923082,-12.380230769215558
2024-05-02 19:00:00,69.0699999999919,82.76179765886273,-13.69179765887084
2024-05-02 20:00:00,84.69999999999479,82.76179765886273,1.9382023411320546
2024-05-02 21:00:00,80.73999999999606,82.50281786941558,-1.7628178694195213
2024-05-02 22:00:00,74.61999999999753,82.50281786941558,-7.882817869418048
2024-05-02 23:00:00,74.69999999999354,82.50281786941558,-7.802817869422043
2024-05-03 00:00:00,62.45000000000326,59.536310343676305,2.9136896563269516
2024-05-03 01:00:00,49.38000000000281,55.62387605850626,-6.243876058503453
2024-05-03 02:00:00,41.32999999999876,55.62387605850626,-14.2938760585075
2024-05-03 03:00:00,40.84000000000876,40.675381679389844,0.16461832061891357
2024-05-03 04:00:00,39.200000000004735,44.97774671052643,-5.777746710521697
2024-05-03 05:00:00,38.620000000004865,44.97774671052643,-6.3577467105215675
2024-05-03 06:00:00,38.349999999998516,38.80761762189895,-0.4576176219004324
2024-05-03 07:00:00,45.85000000001068,66.61909591194944,-20.769095911938763
2024-05-03 08:00:00,55.85999999998606,55.27402735562298,0.5859726443630819
2024-05-03 09:00:00,53.410000000005056,55.27402735562298,-1.864027355617921
2024-05-03 10:00:00,46.92999999999026,55.27402735562298,-8.344027355632718
2024-05-03 11:00:00,50.480000000006356,55.27402735562298,-4.79402735561662
2024-05-03 12:00:00,50.180000000003616,55.27402735562298,-5.09402735561936
2024-05-03 13:00:00,49.84000000000398,50.16126096491208,-0.32126096490809886
2024-05-03 14:00:00,49.310000000005886,55.62387605850626,-6.313876058500377
2024-05-03 15:00:00,52.38000000000315,55.27402735562298,-2.8940273556198264
2024-05-03 16:00:00,49.39999999999813,55.27402735562298,-5.874027355624847
2024-05-03 17:00:00,47.790000000002834,55.62387605850626,-7.833876058503428
2024-05-03 18:00:00,55.94999999999774,66.22589108910881,-10.27589108911107
2024-05-03 19:00:00,68.43000000001919,82.76179765886273,-14.331797658843541
2024-05-03 20:00:00,71.3399999999825,82.76179765886273,-11.421797658880237
2024-05-03 21:00:00,72.80000000000396,82.76179765886273,-9.96179765885877
2024-05-03 22:00:00,71.13999999999535,82.76179765886273,-11.62179765886738
2024-05-03 23:00:00,77.56999999999837,78.07458167330687,-0.5045816733084934
2024-05-04 00:00:00,63.23999999999907,60.15088501291983,3.089114987079242
2024-05-04 01:00:00,56.69000000000912,55.62387605850626,1.066123941502859
2024-05-04 02:00:00,44.6400000000057,44.97774671052643,-0.337746710520733
2024-05-04 03:00:00,40.50000000000577,55.62387605850626,-15.123876058500493
2024-05-04 04:00:00,41.18999999999798,50.272458143074495,-9.082458143076515
2024-05-04 05:00:00,38.04000000001449,50.272458143074495,-12.232458143060008
2024-05-04 06:00:00,36.06999999999013,55.65875000000006,-19.58875000000993
2024-05-04 07:00:00,38.30000000000629,54.84070175438577,-16.540701754379477
2024-05-04 08:00:00,53.350000000001586,67.41005477988763,-14.060054779886045
2024-05-04 09:00:00,62.90000000000239,67.41005477988763,-4.5100547798852375
2024-05-04 10:00:00,63.060000000004806,60.15088501291983,2.909114987084976
2024-05-04 11:00:00,56.16000000001529,67.41005477988763,-11.250054779872343
2024-05-04 12:00:00,57.18999999998752,67.41005477988763,-10.22005477990011
2024-05-04 13:00:00,56.65999999999221,67.41005477988763,-10.750054779895422
2024-05-04 14:00:00,57.03999999999448,67.41005477988763,-10.370054779893152
2024-05-04 15:00:00,61.36000000001124,58.709999999999475,2.650000000011765
2024-05-04 16:00:00,54.89999999999387,67.41005477988763,-12.510054779893764
2024-05-04 17:00:00,49.95000000000178,55.62387605850626,-5.673876058504483
2024-05-04 18:00:00,51.360000000002145,66.22589108910881,-14.865891089106668
2024-05-04 19:00:00,58.17000000000829,82.50281786941558,-24.332817869407293
2024-05-04 20:00:00,72.56999999998558,87.95446451096825,-15.384464510982667
2024-05-04 21:00:00,72.79000000000534,87.95446451096825,-15.164464510962915
2024-05-04 22:00:00,67.0599999999952,87.95446451096825,-20.89446451097305
2024-05-04 23:00:00,70.66999999999953,78.07458167330687,-7.404581673307334
2024-05-05 00:00:00,64.40000000001064,74.42625000000005,-10.026249999989417
2024-05-05 01:00:00,52.15999999999704,55.27402735562298,-3.114027355625936
2024-05-05 02:00:00,42.49999999999929,44.97774671052643,-2.4777467105271427
2024-05-05 03:00:00,42.60999999999487,38.80761762189895,3.8023823780959205
2024-05-05 04:00:00,38.779999999996306,38.80761762189895,-0.027617621902642497
2024-05-05 05:00:00,33.42000000000709,38.80761762189895,-5.387617621891856
2024-05-05 06:00:00,33.41999999999999,60.15088501291983,-26.730885012919842
2024-05-05 07:00:00,39.739999999992705,50.272458143074495,-10.53245814308179
2024-05-05 08:00:00,46.310000000003726,63.28547901821038,-16.975479018206656
2024-05-05 09:00:00,55.86000000000476,67.34121951219487,-11.481219512190108
2024-05-05 10:00:00,64.15000000000234,67.41005477988763,-3.2600547798852944
2024-05-05 11:00:00,68.12999999999889,66.61909591194944,1.5109040880494433
2024-05-05 12:00:00,63.15999999999579,55.27402735562298,7.8859726443728135
2024-05-05 13:00:00,65.90999999999346,55.27402735562298,10.635972644370483
2024-05-05 14:00:00,66.0800000000053,74.42625000000005,-8.346249999994754
2024-05-05 15:00:00,61.21000000000416,67.41005477988763,-6.200054779883473
2024-05-05 16:00:00,69.06999999999843,66.61909591194944,2.4509040880489863
2024-05-05 17:00:00,61.44499999999837,60.15088501291983,1.2941149870785438
2024-05-05 18:00:00,63.470000000005854,71.70444444444364,-8.234444444437784
2024-05-05 19:00:00,83.3299999999899,87.95446451096825,-4.624464510978356
2024-05-05 20:00:00,79.57000000000008,87.95446451096825,-8.384464510968172
2024-05-05 21:00:00,79.26999999999626,87.95446451096825,-8.684464510971992
2024-05-05 22:00:00,72.0100000000086,87.95446451096825,-15.944464510959648
2024-05-05 23:00:00,77.8000000000026,78.07458167330687,-0.27458167330426875
2024-05-06 00:00:00,62.83999999999784,67.02585714285696,-4.1858571428591205
2024-05-06 01:00:00,54.54999999999811,60.15088501291983,-5.600885012921722
2024-05-06 02:00:00,42.26999999999791,44.97774671052643,-2.707746710528525
2024-05-06 03:00:00,38.73999999999447,44.97774671052643,-6.237746710531965
2024-05-06 04:00:00,40.43000000000117,38.80761762189895,1.6223823781022233
2024-05-06 07:00:00,0.0,50.22175824175773,-50.22175824175773
2024-05-06 08:00:00,18.050000000012787,0.0,18.050000000012787
2024-05-06 11:00:00,0.0,50.22175824175773,-50.22175824175773
2024-05-07 16:00:00,0.0,50.22175824175773,-50.22175824175773
2024-05-07 17:00:00,36.85500000000295,55.27402735562298,-18.419027355620024
2024-05-07 18:00:00,56.0799999999949,119.55000000000146,-63.470000000006564
2024-05-07 19:00:00,71.22000000000017,82.76179765886273,-11.541797658862563
2024-05-07 20:00:00,81.16000000001029,82.76179765886273,-1.6017976588524476
2024-05-07 21:00:00,78.88999999997796,82.76179765886273,-3.8717976588847733
2024-05-07 22:00:00,82.35000000001159,82.76179765886273,-0.4117976588511425
2024-05-07 23:00:00,72.95999999999898,82.76179765886273,-9.801797658863748
2024-05-08 00:00:00,62.4899999999968,55.62387605850626,6.866123941490535
2024-05-08 01:00:00,54.21999999999602,56.443749999999035,-2.2237500000030153
2024-05-08 02:00:00,41.68000000000299,52.69040706605195,-11.010407066048955
2024-05-08 03:00:00,45.68000000000674,38.80761762189895,6.872382378107794
2024-05-08 04:00:00,35.23000000000221,38.80761762189895,-3.577617621896742
2024-05-08 05:00:00,33.67999999999935,38.80761762189895,-5.127617621899596
2024-05-08 06:00:00,41.569999999999,38.80761762189895,2.7623823781000496
2024-05-08 07:00:00,46.73000000001579,63.28547901821038,-16.55547901819459
2024-05-08 08:00:00,60.324999999982396,55.27402735562298,5.050972644359419
2024-05-08 09:00:00,56.51999999999711,55.62387605850626,0.8961239414908491
2024-05-08 10:00:00,44.56000000000276,55.62387605850626,-11.063876058503503
2024-05-08 11:00:00,42.06999999999575,55.65875000000006,-13.58875000000431
2024-05-08 12:00:00,39.35000000000892,50.272458143074495,-10.922458143065576
2024-05-08 13:00:00,42.82000000000081,55.62387605850626,-12.803876058505452
2024-05-08 14:00:00,36.42999999999657,55.62387605850626,-19.193876058509694
2024-05-08 15:00:00,39.80000000001135,50.272458143074495,-10.472458143063143
2024-05-08 16:00:00,44.899999999994094,53.04376033057825,-8.143760330584158
2024-05-08 17:00:00,49.2299999999959,55.27402735562298,-6.04402735562708
2024-05-08 18:00:00,55.35999999999777,66.22589108910881,-10.865891089111045
2024-05-08 19:00:00,60.41999999999953,82.76179765886273,-22.3417976588632
2024-05-08 20:00:00,82.99000000000277,82.76179765886273,0.22820234114003313
2024-05-08 21:00:00,77.48999999999327,82.76179765886273,-5.27179765886946
2024-05-08 22:00:00,82.04999999999208,82.76179765886273,-0.7117976588706512
2024-05-08 23:00:00,75.5900000000054,82.76179765886273,-7.171797658857329
2024-05-09 00:00:00,71.6599999999984,60.15088501291983,11.509114987078576
2024-05-09 01:00:00,50.89000000000388,56.443749999999035,-5.553749999995155
2024-05-09 02:00:00,42.08000000000371,38.80761762189895,3.2723823781047585
2024-05-09 03:00:00,41.42000000000874,38.80761762189895,2.6123823781097926
2024-05-09 04:00:00,34.31999999999354,38.80761762189895,-4.487617621905407
2024-05-09 05:00:00,36.41000000000278,38.80761762189895,-2.397617621896167
2024-05-09 06:00:00,39.36999999999276,38.80761762189895,0.5623823780938082
2024-05-09 07:00:00,50.059999999997814,63.28547901821038,-13.225479018212567
2024-05-09 08:00:00,58.34999999997953,52.69040706605195,5.659592933927584
2024-05-09 09:00:00,60.21999999999977,55.62387605850626,4.596123941493509
2024-05-09 10:00:00,49.32000000000082,55.62387605850626,-6.303876058505445
2024-05-09 11:00:00,44.36999999999105,55.62387605850626,-11.25387605851521
2024-05-09 12:00:00,52.930000000008675,55.62387605850626,-2.6938760584975867
2024-05-09 13:00:00,53.879999999995704,50.22175824175773,3.6582417582379705
2024-05-09 14:00:00,46.66000000001114,50.16126096491208,-3.5012609649009434
2024-05-09 15:00:00,55.61999999999958,50.22175824175773,5.398241758241845
2024-05-09 16:00:00,46.79999999998782,67.41005477988763,-20.610054779899812
2024-05-09 17:00:00,47.52000000000717,52.69040706605195,-5.170407066044774
2024-05-09 18:00:00,53.85999999999464,119.55000000000146,-65.69000000000682
2024-05-09 19:00:00,72.34000000000057,82.76179765886273,-10.421797658862161
2024-05-09 20:00:00,76.1499999999925,82.76179765886273,-6.6117976588702305
2024-05-09 21:00:00,78.44000000000099,82.76179765886273,-4.32179765886174
2024-05-09 22:00:00,77.2099999999983,82.76179765886273,-5.55179765886443
2024-05-09 23:00:00,75.9100000000125,78.07458167330687,-2.1645816732943644
2024-05-10 00:00:00,66.93999999999468,55.27402735562298,11.665972644371706
2024-05-10 01:00:00,56.82999999999916,56.34009259259252,0.4899074074066405
2024-05-10 02:00:00,39.95000000000644,38.80761762189895,1.1423823781074915
2024-05-10 03:00:00,36.8699999999948,38.80761762189895,-1.9376176219041454
2024-05-10 04:00:00,36.220000000012504,38.80761762189895,-2.5876176218864444
2024-05-10 05:00:00,35.93000000001027,38.80761762189895,-2.8776176218886818
2024-05-10 06:00:00,39.13999999999638,37.78384615384651,1.3561538461498657
2024-05-10 07:00:00,48.0399999999988,49.156562499999964,-1.1165625000011659
2024-05-10 08:00:00,60.009999999997916,52.69040706605195,7.3195929339459695
2024-05-10 09:00:00,58.22999999999931,55.62387605850626,2.6061239414930455
2024-05-10 10:00:00,46.72000000000091,50.16126096491208,-3.441260964911173
2024-05-10 11:00:00,48.57999999999785,50.16126096491208,-1.5812609649142289
2024-05-10 12:00:00,45.65000000000683,50.16126096491208,-4.511260964905254
2024-05-10 13:00:00,48.529999999997386,55.65875000000006,-7.128750000002675
2024-05-10 14:00:00,48.25999999999377,55.62387605850626,-7.363876058512496
2024-05-10 15:00:00,50.03000000000239,55.62387605850626,-5.593876058503874
2024-05-10 16:00:00,45.71999999998863,55.62387605850626,-9.903876058517632
2024-05-10 17:00:00,50.380000000002184,55.62387605850626,-5.243876058504078
2024-05-10 18:00:00,53.890000000000526,119.55000000000146,-65.66000000000093
2024-05-10 19:00:00,64.97000000000386,78.07458167330687,-13.104581673303002
2024-05-10 20:00:00,74.98999999999356,82.76179765886273,-7.7717976588691755
2024-05-10 21:00:00,79.33999999999972,82.76179765886273,-3.4217976588630137
2024-05-10 22:00:00,79.36000000000658,82.76179765886273,-3.401797658856154
2024-05-10 23:00:00,68.82999999999598,82.76179765886273,-13.931797658866756
2024-05-11 00:00:00,61.50000000000844,55.27402735562298,6.225972644385465
2024-05-11 01:00:00,53.349999999997436,60.15088501291983,-6.800885012922393
2024-05-11 02:00:00,44.16000000000392,60.15088501291983,-15.99088501291591
2024-05-11 03:00:00,41.18000000001322,50.272458143074495,-9.092458143061272
2024-05-11 04:00:00,35.69999999999814,38.80761762189895,-3.1076176219008076
2024-05-11 05:00:00,34.320000000001954,38.80761762189895,-4.4876176218969945
2024-05-11 06:00:00,33.56999999999411,38.80761762189895,-5.237617621904839
2024-05-11 07:00:00,43.720000000004546,42.99379120879128,0.7262087912132671
2024-05-11 08:00:00,50.97999999999374,60.58367713004438,-9.603677130050642
2024-05-11 09:00:00,52.290000000001754,60.58367713004438,-8.293677130042624
2024-05-11 10:00:00,60.989999999995774,66.61909591194944,-5.629095911953669
2024-05-11 11:00:00,57.699999999995015,67.34121951219487,-9.641219512199854
2024-05-11 12:00:00,57.409999999989594,60.58367713004438,-3.1736771300547844
2024-05-11 13:00:00,62.11000000000135,52.69040706605195,9.419592933949403
2024-05-11 14:00:00,63.75000000000179,52.69040706605195,11.059592933949844
2024-05-11 15:00:00,72.13999999999984,55.27402735562298,16.865972644376868
2024-05-11 16:00:00,71.52999999999642,67.41005477988763,4.119945220108789
2024-05-11 17:00:00,66.17999999999776,68.94038066465276,-2.7603806646550026
2024-05-11 18:00:00,69.23999999999174,66.22589108910881,3.014108910882925
2024-05-11 19:00:00,85.35000000001386,82.76179765886273,2.5882023411511312
2024-05-11 20:00:00,82.24999999998428,78.07458167330687,4.175418326677416
2024-05-11 21:00:00,79.57000000001014,82.76179765886273,-3.191797658852593
2024-05-11 22:00:00,80.94999999999979,82.76179765886273,-1.8117976588629432
2024-05-11 23:00:00,76.59999999999476,82.76179765886273,-6.161797658867968
2024-05-12 00:00:00,65.11000000000544,70.17681818181848,-5.066818181813034
2024-05-12 01:00:00,56.21999999998329,67.02585714285696,-10.805857142873677
2024-05-12 02:00:00,43.78000000000927,60.15088501291983,-16.370885012910563
2024-05-12 03:00:00,43.160000000003464,46.236501501501465,-3.076501501498001
2024-05-12 04:00:00,38.78000000000654,38.80761762189895,-0.027617621892410682
2024-05-12 05:00:00,33.849999999990786,38.80761762189895,-4.957617621908163
2024-05-12 06:00:00,33.439999999995365,38.80761762189895,-5.367617621903584
2024-05-12 07:00:00,36.010000000015424,42.99379120879128,-6.983791208775855
2024-05-12 08:00:00,43.15999999999232,50.80142011834344,-7.641420118351114
2024-05-12 09:00:00,53.86999999999759,42.99379120879128,10.87620879120631
2024-05-12 10:00:00,69.49999999999827,59.536310343676305,9.96368965632196
2024-05-12 11:00:00,62.65000000000086,68.94038066465276,-6.290380664651906
2024-05-12 12:00:00,67.99999999999565,67.41005477988763,0.5899452201080209
2024-05-12 13:00:00,58.16000000000983,66.61909591194944,-8.459095911939613
2024-05-12 14:00:00,59.15999999999721,62.096249999999756,-2.936250000002545
2024-05-12 15:00:00,59.68999999999912,60.15088501291983,-0.4608850129207127
2024-05-12 16:00:00,60.29000000000073,54.84070175438577,5.449298245614962
2024-05-12 17:00:00,54.019999999995406,55.62387605850626,-1.6038760585108562
2024-05-12 18:00:00,66.84000000000046,66.22589108910881,0.6141089108916447
2024-05-12 19:00:00,83.19000000001435,82.50281786941558,0.6871821305987709
2024-05-12 20:00:00,83.4300000000047,82.50281786941558,0.9271821305891166
2024-05-12 21:00:00,84.63999999999086,87.95446451096825,-3.3144645109773876
2024-05-12 22:00:00,89.91000000000756,87.95446451096825,1.9555354890393062
2024-05-12 23:00:00,76.48000000000249,78.07458167330687,-1.5945816733043756
2024-05-13 00:00:00,61.52000000000007,67.02585714285696,-5.505857142856897
2024-05-13 01:00:00,49.35999999999919,66.61909591194944,-17.259095911950254
2024-05-13 02:00:00,43.71999999999613,45.929207650273156,-2.2092076502770226
2024-05-13 03:00:00,40.96000000000387,55.62387605850626,-14.663876058502389
2024-05-13 04:00:00,34.96000000000467,44.97774671052643,-10.017746710521763
2024-05-13 05:00:00,35.199999999997516,44.97774671052643,-9.777746710528916
2024-05-13 06:00:00,38.07000000000616,44.97774671052643,-6.9077467105202714
2024-05-13 07:00:00,48.25999999999371,52.69040706605195,-4.430407066058237
2024-05-13 08:00:00,51.55999999999912,60.15088501291983,-8.590885012920708
2024-05-13 09:00:00,59.21999999999977,55.27402735562298,3.945972644376795
2024-05-13 10:00:00,53.610000000004874,55.27402735562298,-1.6640273556181029
2024-05-13 11:00:00,48.65999999999664,55.27402735562298,-6.614027355626334
2024-05-13 12:00:00,45.6200000000093,50.80142011834344,-5.181420118334138
2024-05-13 13:00:00,44.62000000000407,55.27402735562298,-10.654027355618908
2024-05-13 14:00:00,46.46999999999011,50.272458143074495,-3.8024581430843867
2024-05-13 15:00:00,50.30000000000652,50.272458143074495,0.027541856932025155
2024-05-13 16:00:00,45.06999999999968,55.27402735562298,-10.204027355623296
2024-05-13 17:00:00,50.48999999998111,55.27402735562298,-4.784027355641868
2024-05-13 18:00:00,56.970000000005115,66.22589108910881,-9.255891089103699
2024-05-13 19:00:00,64.33000000000047,82.76179765886273,-18.431797658862266
2024-05-13 20:00:00,74.11000000000249,82.76179765886273,-8.651797658860247
2024-05-13 21:00:00,74.23000000000329,87.95446451096825,-13.724464510964964
2024-05-13 22:00:00,78.03999999999698,87.95446451096825,-9.914464510971271
2024-05-13 23:00:00,76.8900000000036,82.50281786941558,-5.612817869411984
2024-05-14 00:00:00,62.00000000000213,67.02585714285696,-5.025857142854832
2024-05-14 01:00:00,53.309999999995256,55.62387605850626,-2.3138760585110063
2024-05-14 02:00:00,39.20000000000206,55.27402735562298,-16.074027355620913
2024-05-14 03:00:00,36.14999999999961,38.80761762189895,-2.657617621899341
2024-05-14 04:00:00,38.429999999990486,38.80761762189895,-0.37761762190846326
2024-05-14 05:00:00,35.71999999999613,38.80761762189895,-3.0876176219028153
2024-05-14 06:00:00,35.3999999999896,38.80761762189895,-3.4076176219093455
2024-05-14 07:00:00,47.050000000009135,53.59877358490583,-6.5487735848966935
2024-05-14 08:00:00,62.10999999999919,50.22175824175773,11.888241758241456
2024-05-14 09:00:00,57.59999999999681,55.27402735562298,2.3259726443738344
2024-05-14 10:00:00,48.38999999999325,55.62387605850626,-7.233876058513012
2024-05-14 11:00:00,41.170000000005956,55.27402735562298,-14.10402735561702
2024-05-14 12:00:00,46.390000000002004,55.62387605850626,-9.233876058504258
2024-05-14 13:00:00,48.15000000000779,55.62387605850626,-7.473876058498469
2024-05-14 14:00:00,45.589999999994774,55.62387605850626,-10.033876058511488
2024-05-14 15:00:00,46.15000000000859,55.62387605850626,-9.473876058497673
2024-05-14 16:00:00,45.57999999999217,50.272458143074495,-4.692458143082327
2024-05-14 17:00:00,48.37999999999167,62.482767857142946,-14.102767857151278
2024-05-14 18:00:00,54.090000000008644,66.22589108910881,-12.13589108910017
2024-05-14 19:00:00,55.39999999999915,82.76179765886273,-27.36179765886358
2024-05-14 20:00:00,72.54000000000357,82.76179765886273,-10.22179765885916
2024-05-14 21:00:00,74.13999999999393,82.76179765886273,-8.6217976588688
2024-05-14 22:00:00,72.95999999999603,82.76179765886273,-9.801797658866704
2024-05-14 23:00:00,69.09000000001512,78.07458167330687,-8.984581673291743
2024-05-15 00:00:00,65.71999999998579,60.15088501291983,5.569114987065959
2024-05-15 01:00:00,50.820000000012186,56.34009259259252,-5.520092592580333
2024-05-15 02:00:00,40.31000000000719,44.97774671052643,-4.667746710519239
2024-05-15 03:00:00,36.98999999999748,44.97774671052643,-7.987746710528953
2024-05-15 04:00:00,32.789999999995274,50.272458143074495,-17.48245814307922
2024-05-15 05:00:00,36.0000000000027,44.97774671052643,-8.977746710523732
2024-05-15 06:00:00,34.47999999999624,38.80761762189895,-4.327617621902711
2024-05-15 07:00:00,39.36000000000112,50.22175824175773,-10.861758241756611
2024-05-15 08:00:00,52.070000000003546,50.272458143074495,1.797541856929051
2024-05-15 09:00:00,57.0200000000053,55.62387605850626,1.3961239414990345
2024-05-15 10:00:00,59.40000000000211,60.15088501291983,-0.7508850129177205
2024-05-15 11:00:00,62.380000000003264,60.15088501291983,2.2291149870834346
2024-05-15 12:00:00,54.36000000000135,67.41005477988763,-13.050054779886281
2024-05-15 13:00:00,64.96999999999613,55.62387605850626,9.346123941489871
2024-05-15 14:00:00,66.13999999999962,63.28547901821038,2.8545209817892356
2024-05-15 15:00:00,75.12999999999167,67.02585714285696,8.104142857134704
2024-05-15 16:00:00,66.34000000000148,70.17681818181848,-3.8368181818169944
2024-05-15 17:00:00,70.87999999999826,60.15088501291983,10.729114987078432
2024-05-15 18:00:00,68.2100000000066,66.22589108910881,1.9841089108977883
2024-05-15 19:00:00,95.26999999998608,82.76179765886273,12.50820234112335
2024-05-15 20:00:00,91.97000000001148,82.76179765886273,9.208202341148748
2024-05-15 21:00:00,83.88000000000758,82.76179765886273,1.1182023411448512
2024-05-15 22:00:00,76.72000000000523,78.07458167330687,-1.354581673301638
2024-05-15 23:00:00,69.61000000000033,78.07458167330687,-8.46458167330654
2024-05-16 00:00:00,60.48999999999339,52.69040706605195,7.79959293394144
2024-05-16 01:00:00,47.540000000020854,52.69040706605195,-5.150407066031093
2024-05-16 02:00:00,40.590000000007166,44.97774671052643,-4.3877467105192665
2024-05-16 03:00:00,38.23999999999805,44.97774671052643,-6.737746710528384
2024-05-16 04:00:00,38.81000000000367,38.80761762189895,0.0023823781047198622
2024-05-16 05:00:00,33.90999999999755,38.80761762189895,-4.8976176219013965
2024-05-16 06:00:00,38.880000000007584,38.80761762189895,0.07238237810863524
2024-05-16 07:00:00,45.060000000006625,66.61909591194944,-21.55909591194282
2024-05-16 08:00:00,62.300000000003564,55.27402735562298,7.025972644380587
2024-05-16 09:00:00,54.34000000000199,55.27402735562298,-0.9340273556209837
2024-05-16 10:00:00,44.13999999999564,55.27402735562298,-11.134027355627339
2024-05-16 11:00:00,40.739999999994296,55.62387605850626,-14.883876058511966
2024-05-16 12:00:00,46.05000000000686,55.27402735562298,-9.224027355616116
2024-05-16 13:00:00,48.440000000002414,55.62387605850626,-7.183876058503849
2024-05-16 14:00:00,46.88000000000463,55.62387605850626,-8.743876058501634
2024-05-16 15:00:00,58.680000000004696,55.27402735562298,3.4059726443817198
2024-05-16 16:00:00,48.65000000000268,60.15088501291983,-11.500885012917152
2024-05-16 17:00:00,55.96000000000126,52.69040706605195,3.269592933949312
2024-05-16 18:00:00,52.58999999998841,66.22589108910881,-13.635891089120406
2024-05-16 19:00:00,63.55000000000402,82.76179765886273,-19.211797658858714
2024-05-16 20:00:00,81.28000000000426,82.76179765886273,-1.4817976588584685
2024-05-16 21:00:00,79.49999999999713,82.76179765886273,-3.2617976588656035
2024-05-16 22:00:00,73.92999999999867,82.76179765886273,-8.831797658864062
2024-05-16 23:00:00,73.81000000000083,82.76179765886273,-8.951797658861906
2024-05-17 00:00:00,64.55000000000106,67.02585714285696,-2.475857142855901
2024-05-17 01:00:00,50.429999999996625,52.69040706605195,-2.260407066055322
2024-05-17 02:00:00,41.54000000000312,53.59877358490583,-12.05877358490271
2024-05-17 03:00:00,36.6599999999946,53.04376033057825,-16.383760330583655
2024-05-17 04:00:00,34.319999999989676,55.27402735562298,-20.9540273556333
2024-05-17 05:00:00,36.02000000000905,38.80761762189895,-2.7876176218899005
2024-05-17 06:00:00,34.89000000000257,55.62387605850626,-20.73387605850369
2024-05-17 07:00:00,51.35999999999078,60.15088501291983,-8.790885012929053
2024-05-17 08:00:00,62.97999999999726,52.69040706605195,10.289592933945315
2024-05-17 09:00:00,52.739999999997366,55.27402735562298,-2.5340273556256108
2024-05-17 10:00:00,44.05999999999855,55.27402735562298,-11.214027355624424
2024-05-17 11:00:00,47.549999999994924,55.27402735562298,-7.724027355628053
2024-05-17 12:00:00,48.960000000012855,50.80142011834344,-1.841420118330582
2024-05-17 13:00:00,48.779999999992896,54.84070175438577,-6.060701754392873
2024-05-17 14:00:00,44.10000000000488,60.58367713004438,-16.483677130039496
2024-05-17 15:00:00,51.13999999999666,55.27402735562298,-4.134027355626316
2024-05-17 16:00:00,49.35000000001091,55.27402735562298,-5.924027355612068
2024-05-17 17:00:00,54.8799999999853,68.94038066465276,-14.060380664667463
2024-05-17 18:00:00,53.61999999999907,66.22589108910881,-12.605891089109747
2024-05-17 19:00:00,71.09999999999488,82.76179765886273,-11.661797658867854
2024-05-17 20:00:00,79.47000000000239,82.76179765886273,-3.2917976588603466
2024-05-17 21:00:00,84.22999999999556,82.76179765886273,1.468202341132823
2024-05-17 22:00:00,71.13000000000042,82.76179765886273,-11.631797658862311
2024-05-17 23:00:00,76.43000000000538,82.76179765886273,-6.331797658857354
2024-05-18 00:00:00,63.280000000004264,67.41005477988763,-4.130054779883366
2024-05-18 01:00:00,60.15999999999403,50.272458143074495,9.887541856919533
2024-05-18 02:00:00,42.540000000000845,50.272458143074495,-7.73245814307365
2024-05-18 03:00:00,37.499999999991445,38.80761762189895,-1.3076176219075037
2024-05-18 04:00:00,34.52999999999426,38.80761762189895,-4.277617621904689
2024-05-18 05:00:00,32.8800000000052,38.80761762189895,-5.927617621893752
2024-05-18 06:00:00,37.38999999999325,46.236501501501465,-8.846501501508214
2024-05-18 07:00:00,41.63000000000008,45.929207650273156,-4.299207650273075
2024-05-18 08:00:00,52.61000000000942,45.929207650273156,6.680792349736265
2024-05-18 09:00:00,59.39000000000405,60.58367713004438,-1.193677130040328
2024-05-18 10:00:00,75.61000000000192,60.15088501291983,15.459114987082089
2024-05-18 11:00:00,60.44000000000594,88.73985294117702,-28.299852941171082
2024-05-18 12:00:00,68.81999999999798,60.58367713004438,8.236322869953597
2024-05-18 13:00:00,62.57999999998489,67.34121951219487,-4.761219512209976
2024-05-18 14:00:00,66.73000000000897,67.34121951219487,-0.6112195121858974
2024-05-18 15:00:00,65.83000000000331,67.02585714285696,-1.1958571428536544
2024-05-18 16:00:00,61.07999999999137,52.69040706605195,8.389592933939426
2024-05-18 17:00:00,60.70999999999478,60.15088501291983,0.559114987074949
2024-05-18 18:00:00,67.92999999999913,66.22589108910881,1.7041089108903122
2024-05-18 19:00:00,65.35999999999567,78.07458167330687,-12.714581673311201
2024-05-18 20:00:00,75.98999999999896,82.50281786941558,-6.512817869416622
2024-05-18 21:00:00,77.8399999999991,82.76179765886273,-4.921797658863639
2024-05-18 22:00:00,81.43999999999878,82.76179765886273,-1.3217976588639573
2024-05-18 23:00:00,73.80000000000948,82.76179765886273,-8.961797658853257
2024-05-19 00:00:00,70.67000000000311,67.02585714285696,3.64414285714615
2024-05-19 01:00:00,54.77999999998676,60.15088501291983,-5.370885012933073
2024-05-19 02:00:00,47.609999999997484,60.15088501291983,-12.540885012922345
2024-05-19 03:00:00,44.95499999999603,44.97774671052643,-0.022746710530398673
2024-05-19 04:00:00,34.320000000004,44.97774671052643,-10.657746710522431
2024-05-19 05:00:00,37.1199999999927,38.80761762189895,-1.6876176219062486
2024-05-19 06:00:00,35.14999999999563,38.80761762189895,-3.65761762190332
2024-05-19 07:00:00,38.24000000001203,42.99379120879128,-4.753791208779248
2024-05-19 08:00:00,49.860000000003964,52.69040706605195,-2.8304070660479823
2024-05-19 09:00:00,60.35999999999851,60.58367713004438,-0.2236771300458713
2024-05-19 10:00:00,65.01999999999097,64.87049079754566,0.14950920244531574
2024-05-19 11:00:00,70.79000000000232,67.34121951219487,3.448780487807454
2024-05-19 12:00:00,67.7700000000095,82.5966666666654,-14.826666666655896
2024-05-19 13:00:00,70.03999999999016,71.74166666666873,-1.7016666666785767
2024-05-19 14:00:00,65.5600000000131,55.62387605850626,9.936123941506843
2024-05-19 15:00:00,68.74999999999929,55.62387605850626,13.126123941493027
2024-05-19 16:00:00,62.05000000000561,63.28547901821038,-1.2354790182047708
2024-05-19 17:00:00,62.01999999999222,52.69040706605195,9.329592933940276
2024-05-19 18:00:00,66.37000000000282,66.22589108910881,0.1441089108940048
2024-05-19 19:00:00,78.71999999999909,82.50281786941558,-3.7828178694164905
2024-05-19 20:00:00,84.90000000000472,87.95446451096825,-3.054464510963527
2024-05-19 21:00:00,101.69999999999433,87.95446451096825,13.745535489026082
2024-05-19 22:00:00,86.81999999999002,82.50281786941558,4.317182130574437
2024-05-19 23:00:00,81.63500000000144,82.50281786941558,-0.8678178694141394
2024-05-20 00:00:00,67.21999999999738,79.83074468085213,-12.61074468085475
2024-05-20 01:00:00,59.0099999999961,55.27402735562298,3.7359726443731205
2024-05-20 02:00:00,43.66999999999925,52.69040706605195,-9.020407066052698
2024-05-20 03:00:00,38.52999999999085,52.69040706605195,-14.160407066061097
2024-05-20 04:00:00,36.86000000000237,38.80761762189895,-1.9476176218965762
2024-05-20 05:00:00,34.73999999998725,38.80761762189895,-4.067617621911701
2024-05-20 06:00:00,36.98000000000977,37.78384615384651,-0.8038461538367443
2024-05-20 07:00:00,44.29000000000448,50.22175824175773,-5.931758241753251
2024-05-20 08:00:00,55.410000000005965,55.27402735562298,0.1359726443829885
2024-05-20 09:00:00,53.639999999993364,55.62387605850626,-1.983876058512898
2024-05-20 10:00:00,51.099999999989535,60.15088501291983,-9.050885012930294
2024-05-20 11:00:00,53.32999999999603,55.62387605850626,-2.2938760585102287
2024-05-20 12:00:00,50.19000000000253,50.16126096491208,0.028739035090445952
2024-05-20 13:00:00,53.48999999999873,55.27402735562298,-1.7840273556242465
2024-05-20 14:00:00,57.17000000000937,50.16126096491208,7.008739035097285
2024-05-20 15:00:00,59.96999999998647,55.62387605850626,4.346123941480208
2024-05-20 16:00:00,55.32000000000082,55.27402735562298,0.045972644377840766
2024-05-20 17:00:00,52.979999999991236,59.536310343676305,-6.55631034368507
2024-05-20 18:00:00,64.03000000000449,66.22589108910881,-2.1958910891043217
2024-05-20 19:00:00,70.2800000000062,82.76179765886273,-12.481797658856536
2024-05-20 20:00:00,78.40999999999653,87.95446451096825,-9.544464510971721
2024-05-20 21:00:00,86.83999999999864,87.95446451096825,-1.1144645109696114
2024-05-20 22:00:00,90.91000000000346,82.50281786941558,8.407182130587884
2024-05-20 23:00:00,77.53999999999436,82.76179765886273,-5.221797658868368
2024-05-21 00:00:00,68.62999999999599,67.02585714285696,1.6041428571390242
2024-05-21 01:00:00,54.89000000000337,56.34009259259252,-1.4500925925891508
2024-05-21 02:00:00,42.7600000000011,38.80761762189895,3.9523823781021505
2024-05-21 03:00:00,39.350000000006474,50.272458143074495,-10.92245814306802
2024-05-21 04:00:00,35.68999999999547,38.80761762189895,-3.1176176219034772
2024-05-21 05:00:00,32.79000000000198,38.80761762189895,-6.017617621896967
2024-05-21 06:00:00,35.189999999995706,38.80761762189895,-3.6176176219032428
2024-05-21 07:00:00,49.4400000000081,60.15088501291983,-10.710885012911731
2024-05-21 08:00:00,59.12000000000418,60.58367713004438,-1.463677130040196
2024-05-21 09:00:00,62.74000000000487,55.27402735562298,7.465972644381893
2024-05-21 10:00:00,46.499999999979735,55.27402735562298,-8.774027355643241
2024-05-21 11:00:00,49.77000000000746,55.27402735562298,-5.50402735561552
2024-05-21 12:00:00,46.45999999999853,55.62387605850626,-9.163876058507732
2024-05-21 13:00:00,49.76000000000451,55.62387605850626,-5.863876058501752
2024-05-21 14:00:00,51.38000000000599,55.62387605850626,-4.24387605850027
2024-05-21 15:00:00,47.94999999998899,53.04376033057825,-5.093760330589262
2024-05-21 16:00:00,46.070000000007184,53.04376033057825,-6.973760330571068
2024-05-21 17:00:00,46.82000000000707,52.69040706605195,-5.870407066044876
2024-05-21 18:00:00,60.4699999999942,66.22589108910881,-5.755891089114613
2024-05-21 19:00:00,71.85000000000454,78.07458167330687,-6.224581673302325
2024-05-21 20:00:00,83.10999999999066,78.07458167330687,5.035418326683796
2024-05-21 21:00:00,85.39000000000485,78.07458167330687,7.31541832669798
2024-05-21 22:00:00,80.86999999999236,78.07458167330687,2.7954183266854926
2024-05-21 23:00:00,78.82000000000514,78.07458167330687,0.745418326698271
2024-05-22 00:00:00,68.13999999999098,70.17681818181848,-2.036818181827499
2024-05-22 01:00:00,59.850000000006474,56.443749999999035,3.4062500000074394
2024-05-22 02:00:00,42.460000000000804,38.80761762189895,3.652382378101855
2024-05-22 03:00:00,32.3799999999969,38.80761762189895,-6.427617621902051
2024-05-22 04:00:00,35.84000000000364,53.04376033057825,-17.20376033057461
2024-05-22 05:00:00,35.14000000000212,40.675381679389844,-5.535381679387726
2024-05-22 06:00:00,40.98999999999384,40.675381679389844,0.31461832060399786
2024-05-22 07:00:00,49.775000000004496,60.15088501291983,-10.375885012915333
2024-05-22 08:00:00,59.28999999999539,55.27402735562298,4.015972644372411
2024-05-22 09:00:00,56.71000000000535,55.27402735562298,1.4359726443823746
2024-05-22 10:00:00,47.89499999999586,55.27402735562298,-7.379027355627116
2024-05-22 11:00:00,43.45999999999148,55.62387605850626,-12.16387605851478
2024-05-22 12:00:00,46.20000000000434,55.62387605850626,-9.423876058501925
2024-05-22 13:00:00,46.8299999999991,55.62387605850626,-8.79387605850716
2024-05-22 14:00:00,49.31000000000367,55.62387605850626,-6.3138760585025935
2024-05-22 15:00:00,44.4999999999919,55.62387605850626,-11.123876058514362
2024-05-22 16:00:00,45.88000000000099,50.272458143074495,-4.392458143073505
2024-05-22 17:00:00,52.68999999999082,50.80142011834344,1.8885798816473809
2024-05-22 18:00:00,61.87000000000191,66.22589108910881,-4.355891089106905
2024-05-22 19:00:00,67.84,78.07458167330687,-10.234581673306863
2024-05-22 20:00:00,83.78000000000324,87.95446451096825,-4.174464510965009
2024-05-22 21:00:00,83.17000000000618,87.95446451096825,-4.784464510962067
2024-05-22 22:00:00,79.5700000000007,78.07458167330687,1.4954183266938372
2024-05-22 23:00:00,79.93000000000583,82.50281786941558,-2.5728178694097465
2024-05-23 00:00:00,71.76999999999597,70.17681818181848,1.5931818181774986
2024-05-23 01:00:00,55.41999999999777,52.69040706605195,2.729592933945824
2024-05-23 02:00:00,42.71000000000591,52.69040706605195,-9.980407066046034
2024-05-23 03:00:00,41.809999999996506,44.97774671052643,-3.1677467105299257
2024-05-23 04:00:00,34.78999999999698,38.80761762189895,-4.0176176219019695
2024-05-23 05:00:00,33.66000000000437,38.80761762189895,-5.147617621894575
2024-05-23 06:00:00,36.79999999997855,52.69040706605195,-15.890407066073394
2024-05-23 07:00:00,51.77000000000746,50.22175824175773,1.5482417582497234
2024-05-23 08:00:00,61.33999999999887,55.27402735562298,6.06597264437589
2024-05-23 09:00:00,55.48999999999691,54.84070175438577,0.649298245611142
2024-05-23 10:00:00,50.43000000000458,55.27402735562298,-4.844027355618394
2024-05-23 11:00:00,49.22000000001023,55.65875000000006,-6.438749999989831
2024-05-23 12:00:00,48.51999999999586,55.62387605850626,-7.1038760585104015
2024-05-23 13:00:00,47.00499999998826,55.27402735562298,-8.26902735563472
2024-05-23 14:00:00,51.75999999999746,55.65875000000006,-3.8987500000026003
2024-05-23 15:00:00,49.35999999999703,50.16126096491208,-0.8012609649150519
2024-05-23 16:00:00,46.09000000000182,55.65875000000006,-9.56874999999824
2024-05-23 17:00:00,50.46999999999966,52.69040706605195,-2.2204070660522888
2024-05-23 18:00:00,61.680000000002195,66.22589108910881,-4.545891089106618
2024-05-23 19:00:00,68.80999999999264,82.50281786941558,-13.692817869422939
2024-05-23 20:00:00,81.88999999999962,82.50281786941558,-0.612817869415963
2024-05-23 21:00:00,84.00999999998768,78.07458167330687,5.935418326680818
2024-05-23 22:00:00,75.80000000000629,78.07458167330687,-2.274581673300574
2024-05-23 23:00:00,78.76000000000133,78.07458167330687,0.6854183266944602
2024-05-24 00:00:00,63.73999999999509,70.17681818181848,-6.436818181823384
2024-05-24 01:00:00,52.17000000001323,56.34009259259252,-4.170092592579287
2024-05-24 02:00:00,39.589999999990226,52.69040706605195,-13.10040706606172
2024-05-24 03:00:00,39.86000000000419,38.80761762189895,1.0523823781052428
2024-05-24 04:00:00,33.61000000000374,38.80761762189895,-5.197617621895212
2024-05-24 05:00:00,33.57999999999603,50.272458143074495,-16.69245814307846
2024-05-24 06:00:00,39.629999999998034,40.675381679389844,-1.0453816793918094
2024-05-24 07:00:00,48.750000000005656,67.34121951219487,-18.591219512189213
2024-05-24 08:00:00,60.12999999999769,52.69040706605195,7.439592933945747
2024-05-24 09:00:00,56.500000000007134,50.272458143074495,6.227541856932639
2024-05-24 10:00:00,44.169999999992996,50.80142011834344,-6.631420118350441
2024-05-24 11:00:00,47.24000000000032,55.62387605850626,-8.38387605850594
2024-05-24 12:00:00,45.80000000001277,54.84070175438577,-9.040701754372996
2024-05-24 13:00:00,51.95999999999114,54.84070175438577,-2.8807017543946287
2024-05-24 14:00:00,49.109999999985206,54.84070175438577,-5.730701754400563
2024-05-24 15:00:00,50.15000000000495,54.84070175438577,-4.690701754380818
2024-05-24 16:00:00,51.815000000002755,54.84070175438577,-3.0257017543830145
2024-05-24 17:00:00,54.03999999999925,55.27402735562298,-1.2340273556237236
2024-05-24 18:00:00,61.04000000000073,66.22589108910881,-5.1858910891080825
2024-05-24 19:00:00,65.70999999999637,78.07458167330687,-12.364581673310497
2024-05-24 20:00:00,76.81000000000765,78.07458167330687,-1.2645816732992188
2024-05-24 21:00:00,80.68999999998957,78.07458167330687,2.6154183266827005
2024-05-24 22:00:00,77.61000000000675,78.07458167330687,-0.4645816733001169
2024-05-24 23:00:00,80.15000000000325,82.76179765886273,-2.611797658859487
2024-05-25 00:00:00,66.38999999999677,67.02585714285696,-0.6358571428601891
2024-05-25 01:00:00,54.160000000000736,56.34009259259252,-2.180092592591784
2024-05-25 02:00:00,45.169999999984924,53.59877358490583,-8.428773584920904
2024-05-25 03:00:00,44.540000000006984,38.80761762189895,5.732382378108035
2024-05-25 04:00:00,36.289999999984815,44.97774671052643,-8.687746710541617
2024-05-25 05:00:00,36.060000000016174,38.80761762189895,-2.7476176218827746
2024-05-25 06:00:00,35.539999999988225,38.80761762189895,-3.2676176219107234
2024-05-25 07:00:00,41.69999999999297,49.156562499999964,-7.456562500006996
2024-05-25 08:00:00,52.12000000000589,42.99379120879128,9.126208791214609
2024-05-25 09:00:00,60.45999999999114,66.61909591194944,-6.159095911958303
2024-05-25 10:00:00,70.28000000000063,67.41005477988763,2.869945220112996
2024-05-25 11:00:00,58.960000000005806,60.15088501291983,-1.1908850129140234
2024-05-25 12:00:00,58.71999999999511,58.709999999999475,0.009999999995635278
2024-05-25 13:00:00,69.81000000000105,67.41005477988763,2.3999452201134233
2024-05-25 14:00:00,63.02999999999551,55.27402735562298,7.755972644372534
2024-05-25 15:00:00,58.77000000000996,55.27402735562298,3.495972644386981
2024-05-25 16:00:00,59.62999999999485,64.87049079754566,-5.240490797550805
2024-05-25 17:00:00,56.03499999999585,63.28547901821038,-7.250479018214534
2024-05-25 18:00:00,60.59000000000319,66.22589108910881,-5.635891089105627
2024-05-25 19:00:00,60.900000000000176,82.76179765886273,-21.861797658862557
2024-05-25 20:00:00,69.4300000000097,87.95446451096825,-18.524464510958552
2024-05-25 21:00:00,75.42999999999753,87.95446451096825,-12.524464510970716
2024-05-25 22:00:00,73.81999999999832,82.76179765886273,-8.941797658864417
2024-05-25 23:00:00,69.45500000001695,82.76179765886273,-13.306797658845781
2024-05-26 00:00:00,63.68999999999923,67.02585714285696,-3.3358571428577335
2024-05-26 01:00:00,55.78000000000108,67.02585714285696,-11.245857142855883
2024-05-26 02:00:00,42.480000000009426,53.59877358490583,-11.118773584896402
2024-05-26 03:00:00,43.390000000009735,38.80761762189895,4.582382378110786
2024-05-26 04:00:00,38.45999999999341,38.80761762189895,-0.3476176219055418
2024-05-26 05:00:00,34.42000000000846,38.80761762189895,-4.387617621890492
2024-05-26 06:00:00,37.57000000000036,38.80761762189895,-1.2376176218985862
2024-05-26 07:00:00,37.170000000005956,50.272458143074495,-13.102458143068539
2024-05-26 08:00:00,46.5700000000073,45.929207650273156,0.6407923497341415
2024-05-26 09:00:00,51.69999999999479,50.64750000000012,1.0524999999946658
2024-05-26 10:00:00,60.1400000000111,55.62387605850626,4.516123941504837
2024-05-26 11:00:00,65.72999999998726,59.536310343676305,6.193689656310951
2024-05-26 12:00:00,77.24000000000407,55.62387605850626,21.61612394149781
2024-05-26 13:00:00,66.26999999999381,70.17681818181848,-3.9068181818246615
2024-05-26 14:00:00,67.25999999999348,60.58367713004438,6.676322869949104
2024-05-26 15:00:00,65.96000000000092,74.42625000000005,-8.466249999999135
2024-05-26 16:00:00,74.91000000000949,73.448541666667,1.4614583333424918
2024-05-26 17:00:00,68.63499999998541,63.28547901821038,5.349520981775029
2024-05-26 18:00:00,76.12000000001703,74.32023076923082,1.799769230786211
2024-05-26 19:00:00,81.63999999998563,87.95446451096825,-6.314464510982617
2024-05-26 20:00:00,99.82999999999444,87.95446451096825,11.875535489026191
2024-05-26 21:00:00,84.70000000000252,87.95446451096825,-3.2544645109657324
2024-05-26 22:00:00,87.7200000000067,82.76179765886273,4.9582023411439735
2024-05-26 23:00:00,80.06999999999013,82.50281786941558,-2.432817869425449
2024-05-27 00:00:00,64.00500000001168,67.02585714285696,-3.020857142845287
2024-05-27 01:00:00,52.26999999998438,53.04376033057825,-0.7737603305938734
2024-05-27 02:00:00,42.569999999993996,55.62387605850626,-13.053876058512266
2024-05-27 03:00:00,40.05000000001766,38.80761762189895,1.2423823781187124
2024-05-27 04:00:00,37.62999999998439,38.80761762189895,-1.1776176219145569
2024-05-27 05:00:00,35.09000000000535,38.80761762189895,-3.717617621893602
2024-05-27 06:00:00,39.069999999996725,40.675381679389844,-1.605381679393119
2024-05-27 07:00:00,46.2999999999964,63.28547901821038,-16.98547901821398
2024-05-27 08:00:00,64.02000000000598,55.27402735562298,8.745972644383002
2024-05-27 09:00:00,53.85999999999078,55.27402735562298,-1.4140273556322
2024-05-27 10:00:00,49.700000000000585,60.58367713004438,-10.883677130043793
2024-05-27 11:00:00,54.180000000007425,55.27402735562298,-1.0940273556155518
2024-05-27 12:00:00,50.53000000000222,55.27402735562298,-4.744027355620759
2024-05-27 13:00:00,45.07500000000911,50.272458143074495,-5.197458143065383
2024-05-27 14:00:00,48.92000000000118,55.62387605850626,-6.703876058505081
2024-05-27 15:00:00,46.83000000001127,52.69040706605195,-5.860407066040679
2024-05-27 16:00:00,52.3600000000001,50.80142011834344,1.5585798816566623
2024-05-27 17:00:00,48.94000000000639,67.41005477988763,-18.470054779881238
2024-05-27 18:00:00,60.890000000001436,66.22589108910881,-5.335891089107378
2024-05-27 19:00:00,66.63999999999155,82.50281786941558,-15.862817869424035
2024-05-27 20:00:00,81.66000000000972,82.50281786941558,-0.842817869405863
2024-05-27 21:00:00,81.37999999999451,82.76179765886273,-1.3817976588682228
2024-05-27 22:00:00,74.07999999999967,82.76179765886273,-8.681797658863061
2024-05-27 23:00:00,75.09000000000444,78.07458167330687,-2.9845816733024293
2024-05-28 00:00:00,63.1499999999929,67.02585714285696,-3.8758571428640636
2024-05-28 01:00:00,50.84499999999579,55.27402735562298,-4.429027355627184
2024-05-28 02:00:00,40.27999999999483,55.62387605850626,-15.343876058511434
2024-05-28 03:00:00,36.78000000001404,44.97774671052643,-8.19774671051239
2024-05-28 04:00:00,34.359999999992816,38.80761762189895,-4.447617621906133
2024-05-28 05:00:00,33.80000000002062,38.80761762189895,-5.007617621878332
2024-05-28 06:00:00,35.639999999991545,38.80761762189895,-3.1676176219074037
2024-05-28 07:00:00,44.51999999999927,63.28547901821038,-18.76547901821111
2024-05-28 08:00:00,56.440000000004346,55.62387605850626,0.8161239414980841
2024-05-28 09:00:00,49.19999999999558,55.65875000000006,-6.458750000004478
2024-05-28 10:00:00,43.29000000000312,60.58367713004438,-17.29367713004126
2024-05-28 11:00:00,49.25999999999473,60.58367713004438,-11.323677130049646
2024-05-28 12:00:00,52.89000000001508,55.27402735562298,-2.3840273556078984
2024-05-28 13:00:00,49.09999999999533,55.65875000000006,-6.5587500000047285
2024-05-28 14:00:00,47.1300000000052,50.80142011834344,-3.67142011833824
2024-05-28 15:00:00,46.53000000000506,55.62387605850626,-9.093876058501202
2024-05-28 16:00:00,43.004999999978025,55.27402735562298,-12.269027355644951
2024-05-28 17:00:00,45.28000000001268,50.16126096491208,-4.881260964899404
2024-05-28 18:00:00,53.25999999999337,66.22589108910881,-12.965891089115445
2024-05-28 19:00:00,63.08000000000274,82.50281786941558,-19.42281786941284
2024-05-28 20:00:00,83.7299999999984,82.50281786941558,1.2271821305828183
2024-05-28 21:00:00,82.18999999999923,87.95446451096825,-5.76446451096902
2024-05-28 22:00:00,78.10000000000443,82.50281786941558,-4.402817869411152
2024-05-28 23:00:00,75.09999999999454,82.76179765886273,-7.6617976588681955
2024-05-29 00:00:00,63.03999999999232,63.28547901821038,-0.24547901821806306
2024-05-29 01:00:00,48.959999999999894,52.69040706605195,-3.7304070660520523
2024-05-29 02:00:00,40.67000000000982,52.69040706605195,-12.020407066042125
2024-05-29 03:00:00,39.50999999999587,52.69040706605195,-13.180407066056077
2024-05-29 04:00:00,33.9399999999965,46.236501501501465,-12.296501501504963
2024-05-29 05:00:00,32.18999999999036,38.80761762189895,-6.617617621908586
2024-05-29 06:00:00,34.51999999999666,46.236501501501465,-11.716501501504808
2024-05-29 07:00:00,48.840000000001936,50.22175824175773,-1.3817582417557972
2024-05-29 08:00:00,58.25000000000884,55.27402735562298,2.9759726443858625
2024-05-29 09:00:00,61.53999999999789,55.27402735562298,6.265972644374912
2024-05-29 10:00:00,51.419999999999135,50.272458143074495,1.14754185692464
2024-05-29 11:00:00,47.19999999999706,60.58367713004438,-13.383677130047317
2024-05-29 12:00:00,51.65000000000177,55.62387605850626,-3.9738760585044943
2024-05-29 13:00:00,45.41500000001176,53.59877358490583,-8.18377358489407
2024-05-29 14:00:00,48.77999999999017,54.84070175438577,-6.060701754395602
2024-05-29 15:00:00,52.51000000000701,55.27402735562298,-2.7640273556159656
2024-05-29 16:00:00,48.01999999999654,60.58367713004438,-12.563677130047836
2024-05-29 17:00:00,50.59000000000546,55.27402735562298,-4.684027355617516
2024-05-29 18:00:00,58.160000000004146,66.22589108910881,-8.065891089104667
2024-05-29 19:00:00,60.67999999999992,87.95446451096825,-27.27446451096833
2024-05-29 20:00:00,76.66000000001245,82.50281786941558,-5.8428178694031345
2024-05-29 21:00:00,76.24999999999656,82.50281786941558,-6.252817869419019
2024-05-29 22:00:00,78.7600000000003,82.50281786941558,-3.7428178694152763
2024-05-29 23:00:00,85.86999999998918,78.07458167330687,7.795418326682309
2024-05-30 00:00:00,69.12000000000452,60.58367713004438,8.536322869960145
2024-05-30 01:00:00,52.40999999998664,56.443749999999035,-4.033750000012397
2024-05-30 02:00:00,40.650000000006884,52.69040706605195,-12.040407066045063
2024-05-30 03:00:00,40.19999999998615,38.80761762189895,1.3923823780871984
2024-05-30 04:00:00,37.5999999999992,38.80761762189895,-1.2076176218997503
2024-05-30 05:00:00,33.50000000000179,38.80761762189895,-5.307617621897158
2024-05-30 06:00:00,35.19999999999399,37.78384615384651,-2.5838461538525195
2024-05-30 07:00:00,44.52999999999983,62.49401515151501,-17.964015151515177
2024-05-30 08:00:00,61.40000000000836,60.58367713004438,0.8163228699639831
2024-05-30 09:00:00,54.64999999998767,55.27402735562298,-0.624027355635306
2024-05-30 10:00:00,43.66000000001188,55.27402735562298,-11.6140273556111
2024-05-30 11:00:00,43.27999999998744,50.80142011834344,-7.521420118355998
2024-05-30 12:00:00,47.20000000000957,50.80142011834344,-3.60142011833387
2024-05-30 13:00:00,46.87999999999917,55.27402735562298,-8.394027355623805
2024-05-30 14:00:00,47.75000000000486,55.62387605850626,-7.873876058501402
2024-05-30 15:00:00,54.15000000000461,55.27402735562298,-1.1240273556183666
2024-05-30 16:00:00,50.78000000001154,55.27402735562298,-4.494027355611436
2024-05-30 17:00:00,49.93999999999525,68.94038066465276,-19.000380664657513
2024-05-30 18:00:00,57.39999999999631,66.22589108910881,-8.825891089112503
2024-05-30 19:00:00,65.28000000000688,82.76179765886273,-17.481797658855854
2024-05-30 20:00:00,74.27999999999506,82.76179765886273,-8.481797658867677
2024-05-30 21:00:00,76.26000000000599,82.76179765886273,-6.501797658856745
2024-05-30 22:00:00,76.43999999999582,82.50281786941558,-6.06281786941976
2024-05-30 23:00:00,74.12999999999838,82.50281786941558,-8.372817869417204
2024-05-31 00:00:00,67.96000000000262,67.02585714285696,0.9341428571456589
2024-05-31 01:00:00,51.579999999976934,55.62387605850626,-4.043876058529328
2024-05-31 02:00:00,43.20000000000047,44.97774671052643,-1.7777467105259603
2024-05-31 03:00:00,41.490000000008166,38.80761762189895,2.6823823781092173
2024-05-31 04:00:00,38.29000000000016,38.80761762189895,-0.5176176218987862
2024-05-31 05:00:00,34.040000000008234,38.80761762189895,-4.7676176218907145
2024-05-31 06:00:00,38.28999999999584,40.675381679389844,-2.3853816793940013
2024-05-31 07:00:00,48.12999999998701,49.156562499999964,-1.0265625000129575
2024-05-31 08:00:00,57.829999999997625,60.15088501291983,-2.3208850129222043
2024-05-31 09:00:00,61.12000000000236,54.84070175438577,6.279298245616594
2024-05-31 10:00:00,49.64000000000121,55.27402735562298,-5.634027355621768
2024-05-31 11:00:00,49.179999999997534,50.22175824175773,-1.0417582417601992
2024-05-31 12:00:00,48.65000000000268,50.80142011834344,-2.1514201183407593
2024-05-31 13:00:00,49.72999999999578,55.27402735562298,-5.544027355627193
2024-05-31 14:00:00,53.30999999999503,52.69040706605195,0.6195929339430819
2024-05-31 15:00:00,53.919999999992086,55.62387605850626,-1.703876058514176
2024-05-31 16:00:00,53.270000000007,55.27402735562298,-2.0040273556159747
2024-05-31 17:00:00,50.920000000012315,55.27402735562298,-4.354027355610661
2024-05-31 18:00:00,55.839999999998525,66.22589108910881,-10.385891089110288
2024-05-31 19:00:00,61.09999999999499,82.50281786941558,-21.402817869420588
2024-05-31 20:00:00,73.7300000000051,82.50281786941558,-8.772817869410474
2024-05-31 21:00:00,71.10999999998327,82.50281786941558,-11.392817869432307
2024-05-31 22:00:00,73.06000000001754,87.95446451096825,-14.894464510950712
2024-05-31 23:00:00,79.0400000000021,87.95446451096825,-8.914464510966155
2024-06-01 00:00:00,68.37999999998814,67.02585714285696,1.3541428571311798
2024-06-01 01:00:00,53.75666666668066,50.272458143074495,3.4842085236061635
2024-06-01 02:00:00,42.79333333332026,55.62387605850626,-12.830542725186
2024-06-01 03:00:00,40.04999999999754,44.97774671052643,-4.9277467105288935
2024-06-01 04:00:00,40.02000000000177,38.80761762189895,1.2123823781028236
2024-06-01 05:00:00,33.429999999996284,38.80761762189895,-5.377617621902665
2024-06-01 06:00:00,39.81000000000196,38.80761762189895,1.0023823781030146
2024-06-01 07:00:00,40.21999999998829,50.272458143074495,-10.052458143086206
2024-06-01 08:00:00,48.96999999999841,55.62387605850626,-6.653876058507855
2024-06-01 09:00:00,60.46999999998647,54.84070175438577,5.629298245600701
2024-06-01 10:00:00,69.30000000000561,55.27402735562298,14.025972644382634
2024-06-01 11:00:00,63.52999999999494,67.02585714285696,-3.4958571428620218
2024-06-01 12:00:00,66.28000000000495,67.02585714285696,-0.7458571428520173
2024-06-01 13:00:00,64.9099999999971,62.096249999999756,2.8137499999973414
2024-06-01 14:00:00,71.01000000000917,55.62387605850626,15.386123941502909
2024-06-01 15:00:00,57.819999999986265,63.28547901821038,-5.465479018224116
2024-06-01 16:00:00,58.21000000000046,55.62387605850626,2.5861239414942006
2024-06-01 17:00:00,57.42999999999799,66.61909591194944,-9.189095911951455
2024-06-01 18:00:00,70.03999999999357,71.70444444444364,-1.6644444444500692
2024-06-01 19:00:00,65.60000000001205,87.95446451096825,-22.354464510956205
2024-06-01 20:00:00,71.26999999999359,87.95446451096825,-16.684464510974664
2024-06-01 21:00:00,74.75000000000793,87.95446451096825,-13.204464510960321
2024-06-01 22:00:00,78.82000000000116,82.76179765886273,-3.9417976588615744
2024-06-01 23:00:00,75.54000000000528,82.76179765886273,-7.221797658857454
2024-06-02 00:00:00,66.88999999999837,67.41005477988763,-0.5200547798892643
2024-06-02 01:00:00,54.73000000000454,60.58367713004438,-5.853677130039841
2024-06-02 02:00:00,46.35999999999089,55.62387605850626,-9.263876058515372
2024-06-02 03:00:00,47.999999999999744,44.97774671052643,3.022253289473312
2024-06-02 04:00:00,40.67999999999594,38.80761762189895,1.8723823780969937
2024-06-02 05:00:00,37.93000000000549,38.80761762189895,-0.8776176218934566
2024-06-02 06:00:00,36.529999999996875,38.80761762189895,-2.277617621902074
2024-06-02 07:00:00,40.649999999999835,50.272458143074495,-9.62245814307466
2024-06-02 08:00:00,44.44000000000207,52.69040706605195,-8.250407066049874
2024-06-02 09:00:00,55.159999999998576,60.58367713004438,-5.423677130045803
2024-06-02 10:00:00,65.38000000000167,60.15088501291983,5.229114987081843
2024-06-02 11:00:00,66.52000000000996,54.84070175438577,11.679298245624189
2024-06-02 12:00:00,67.96999999999898,66.61909591194944,1.350904088049532
2024-06-02 13:00:00,71.47999999999851,60.15088501291983,11.329114987078682
2024-06-02 14:00:00,79.0000000000044,71.09200000000047,7.908000000003938
2024-06-02 15:00:00,65.47999999999169,60.15088501291983,5.329114987071861
2024-06-02 16:00:00,68.60000000000784,63.28547901821038,5.3145209817974575
2024-06-02 17:00:00,71.6700000000038,63.28547901821038,8.384520981793415
2024-06-02 18:00:00,70.35999999999135,74.32023076923082,-3.960230769239473
2024-06-02 19:00:00,78.0199999999929,82.50281786941558,-4.482817869422675
2024-06-02 20:00:00,77.7100000000066,87.95446451096825,-10.244464510961649
2024-06-02 21:00:00,86.69999999999888,87.95446451096825,-1.2544645109693704
2024-06-02 22:00:00,87.57999999999558,82.76179765886273,4.818202341132846
2024-06-02 23:00:00,82.95000000001286,87.95446451096825,-5.004464510955387
2024-06-03 00:00:00,68.41999999999504,52.69040706605195,15.729592933943096
2024-06-03 01:00:00,52.590000000006256,56.34009259259252,-3.750092592586263
2024-06-03 02:00:00,42.145000000006604,53.59877358490583,-11.453773584899224
2024-06-03 03:00:00,40.89999999999267,55.62387605850626,-14.72387605851359
2024-06-03 04:00:00,41.230000000004424,55.62387605850626,-14.393876058501839
2024-06-03 05:00:00,37.4600000000174,38.80761762189895,-1.3476176218815468
2024-06-03 06:00:00,39.38000000000065,38.80761762189895,0.5723823781017003
2024-06-03 07:00:00,44.990000000009985,50.22175824175773,-5.231758241747748
2024-06-03 08:00:00,55.8700000000068,52.69040706605195,3.1795929339548508
2024-06-03 09:00:00,58.7300000000001,55.27402735562298,3.455972644377127
2024-06-03 10:00:00,49.70000000000115,55.27402735562298,-5.57402735562183
2024-06-03 11:00:00,46.079999999991486,55.27402735562298,-9.19402735563149
2024-06-03 12:00:00,48.130000000008835,50.80142011834344,-2.671420118334602
2024-06-03 13:00:00,47.089999999992614,55.62387605850626,-8.533876058513648
2024-06-03 14:00:00,49.86000000000078,50.272458143074495,-0.41245814307371376
2024-06-03 15:00:00,49.72999999999021,55.62387605850626,-5.8938760585160495
2024-06-03 16:00:00,46.79999999999583,55.27402735562298,-8.474027355627143
2024-06-03 17:00:00,47.17000000001232,67.41005477988763,-20.240054779875308
2024-06-03 18:00:00,59.999999999989285,66.22589108910881,-6.2258910891195285
2024-06-03 19:00:00,66.29999999999788,82.50281786941558,-16.2028178694177
2024-06-03 20:00:00,77.22999999999567,82.76179765886273,-5.531797658867063
2024-06-03 21:00:00,78.65000000000245,82.76179765886273,-4.111797658860283
2024-06-03 22:00:00,77.19000000001253,87.95446451096825,-10.764464510955719
2024-06-03 23:00:00,76.42999999998719,82.50281786941558,-6.072817869428391
2024-06-04 00:00:00,74.14000000000223,60.58367713004438,13.556322869957853
2024-06-04 01:00:00,52.409999999986525,55.62387605850626,-3.2138760585197375
2024-06-04 02:00:00,40.590000000007166,53.04376033057825,-12.453760330571086
2024-06-04 03:00:00,39.85500000000317,55.62387605850626,-15.76887605850309
2024-06-04 04:00:00,36.78000000000563,50.272458143074495,-13.492458143068866
2024-06-04 05:00:00,34.24999999998474,38.80761762189895,-4.557617621914211
2024-06-04 06:00:00,38.279999999989144,55.62387605850626,-17.343876058517118
2024-06-04 07:00:00,48.0699999999932,63.28547901821038,-15.21547901821718
2024-06-04 08:00:00,60.95000000001525,55.62387605850626,5.326123941508989
2024-06-04 09:00:00,58.10000000000488,50.80142011834344,7.298579881661446
2024-06-04 10:00:00,50.05999999999332,55.27402735562298,-5.2140273556296535
2024-06-04 11:00:00,43.89000000001326,55.27402735562298,-11.384027355609717
2024-06-04 12:00:00,43.24999999999554,55.27402735562298,-12.024027355627439
2024-06-04 13:00:00,50.99999999999838,50.22175824175773,0.7782417582406467
2024-06-04 14:00:00,47.769999999995974,50.80142011834344,-3.0314201183474623
2024-06-04 15:00:00,44.96000000000433,55.27402735562298,-10.314027355618649
2024-06-04 16:00:00,42.18000000001595,55.27402735562298,-13.094027355607025
2024-06-04 17:00:00,54.019999999995406,68.94038066465276,-14.920380664657358
2024-06-04 18:00:00,61.060000000006966,119.55000000000146,-58.489999999994495
2024-06-04 19:00:00,66.0299999999879,82.50281786941558,-16.472817869427686
2024-06-04 20:00:00,78.16000000000517,82.50281786941558,-4.3428178694104105
2024-06-04 21:00:00,88.49000000000328,95.39399999999978,-6.9039999999965005
2024-06-04 22:00:00,82.76999999999177,78.07458167330687,4.6954183266849014
2024-06-04 23:00:00,71.62999999999656,87.95446451096825,-16.324464510971694
2024-06-05 00:00:00,72.120000000011,67.41005477988763,4.709945220123373
2024-06-05 01:00:00,59.69000000000071,56.34009259259252,3.349907407408189
2024-06-05 02:00:00,41.72999999999112,55.62387605850626,-13.89387605851514
2024-06-05 03:00:00,40.07999999999694,38.80761762189895,1.2723823780979941
2024-06-05 04:00:00,36.78999999999414,38.80761762189895,-2.0176176219048116
2024-06-05 05:00:00,33.539999999999026,38.80761762189895,-5.267617621899923
2024-06-05 06:00:00,37.42999999999185,44.97774671052643,-7.547746710534582
2024-06-05 07:00:00,50.320000000004114,63.28547901821038,-12.965479018206267
2024-06-05 08:00:00,62.41000000001199,50.80142011834344,11.608579881668554
2024-06-05 09:00:00,57.52000000000223,55.27402735562298,2.2459726443792505
2024-06-05 10:00:00,46.129999999998034,55.27402735562298,-9.144027355624942
2024-06-05 11:00:00,48.45999999999739,55.27402735562298,-6.8140273556255835
2024-06-05 12:00:00,52.57999999999899,55.27402735562298,-2.6940273556239873
2024-06-05 13:00:00,49.05999999998696,55.62387605850626,-6.5638760585193054
2024-06-05 14:00:00,51.41999999999288,50.80142011834344,0.6185798816494454
2024-06-05 15:00:00,51.27000000002053,50.22175824175773,1.0482417582627974
