METER_DATE,actual,prediction,residual
2023-11-12 22:00:00,95.67999999999378,94.39002638470537,1.2899736152884174
2023-11-12 23:00:00,91.48000000000113,94.39002638470537,-2.9100263847042385
2023-11-13 00:00:00,74.06000000000085,77.72993055555564,-3.669930555554785
2023-11-13 01:00:00,65.23999999999621,64.06169230769231,1.1783076923039033
2023-11-13 02:00:00,56.60499999999564,49.91607142857127,6.68892857142437
2023-11-13 03:00:00,46.52999999999639,52.557873563218756,-6.027873563222364
2023-11-13 04:00:00,42.840000000012594,43.52916282038405,-0.6891628203714575
2023-11-13 05:00:00,43.46999999999315,43.52916282038405,-0.05916282039090248
2023-11-13 06:00:00,46.90999999999764,46.36297405984513,0.5470259401525084
2023-11-13 07:00:00,61.31999999999582,76.65033691062638,-15.330336910630557
2023-11-13 08:00:00,70.78000000000857,70.78777104503305,-0.007771045024483669
2023-11-13 09:00:00,59.81999999999228,70.78777104503305,-10.967771045040777
2023-11-13 10:00:00,56.59999999999984,55.39161495080987,1.208385049189971
2023-11-13 11:00:00,57.48000000000409,56.82094827586189,0.659051724142202
2023-11-13 12:00:00,60.82999999999493,61.018463021778345,-0.1884630217834129
2023-11-13 13:00:00,59.36999999999651,55.39161495080987,3.9783850491866417
2023-11-13 14:00:00,49.84000000000479,55.39161495080987,-5.5516149508050745
2023-11-13 15:00:00,47.25999999999692,60.339511535421316,-13.079511535424395
2023-11-13 16:00:00,53.570000000001755,55.39161495080987,-1.8216149508081116
2023-11-13 17:00:00,57.59999999999409,55.39161495080987,2.2083850491842227
2023-11-13 18:00:00,83.52999999999264,76.65033691062638,6.879663089366261
2023-11-13 19:00:00,100.19000000000037,94.39002638470537,5.799973615295002
2023-11-13 20:00:00,98.48999999999792,94.39002638470537,4.099973615292555
2023-11-13 21:00:00,99.90000000000859,94.39002638470537,5.509973615303224
2023-11-13 22:00:00,105.83000000000132,94.39002638470537,11.439973615295955
2023-11-13 23:00:00,90.84000000000512,84.18444444444533,6.655555555559786
2023-11-14 00:00:00,73.06999999999319,77.11291576867816,-4.042915768684978
2023-11-14 01:00:00,63.31999999999465,65.16952432265936,-1.8495243226647062
2023-11-14 02:00:00,54.33000000000448,51.005579710145774,3.3244202898587076
2023-11-14 03:00:00,44.35999999998836,43.52916282038405,0.830837179604309
2023-11-14 04:00:00,47.99000000000814,46.36297405984513,1.6270259401630085
2023-11-14 05:00:00,43.06999999999317,43.52916282038405,-0.45916282039087974
2023-11-14 06:00:00,44.30999999999426,43.52916282038405,0.7808371796102094
2023-11-14 07:00:00,54.0299999999997,71.35952380952304,-17.329523809523337
2023-11-14 08:00:00,71.47999999999553,69.57125925925938,1.9087407407361496
2023-11-14 09:00:00,63.63000000000217,70.78777104503305,-7.157771045030884
2023-11-14 10:00:00,50.339999999993836,55.39161495080987,-5.051614950816031
2023-11-14 11:00:00,52.83000000000578,55.39161495080987,-2.561614950804085
2023-11-14 12:00:00,49.57500000001028,55.39161495080987,-5.81661495079959
2023-11-14 13:00:00,48.769999999989125,55.39161495080987,-6.621614950820742
2023-11-14 14:00:00,47.680000000002224,61.018463021778345,-13.338463021776121
2023-11-14 15:00:00,50.81999999999556,55.39161495080987,-4.571614950814308
2023-11-14 16:00:00,51.029999999994914,56.82094827586189,-5.790948275866974
2023-11-14 17:00:00,64.21000000000431,56.82094827586189,7.389051724142426
2023-11-14 18:00:00,75.00999999998818,76.65033691062638,-1.6403369106381973
2023-11-14 19:00:00,87.4599999999991,94.39002638470537,-6.930026384706267
2023-11-14 20:00:00,91.18000000000072,94.39002638470537,-3.2100263847046477
2023-11-14 21:00:00,95.18999999999673,94.39002638470537,0.7999736152913641
2023-11-14 22:00:00,99.12000000000464,94.39002638470537,4.729973615299272
2023-11-14 23:00:00,93.81999999999684,94.39002638470537,-0.5700263847085267
2023-11-15 00:00:00,77.92000000000526,73.96166666666643,3.958333333338828
2023-11-15 01:00:00,63.93999999999842,65.96999999999956,-2.030000000001138
2023-11-15 02:00:00,51.95000000000011,47.63720306513405,4.312796934866057
2023-11-15 03:00:00,50.66999999999865,43.52916282038405,7.1408371796146
2023-11-15 04:00:00,46.190000000004545,43.52916282038405,2.6608371796204935
2023-11-15 05:00:00,43.10999999999336,43.52916282038405,-0.41916282039068875
2023-11-15 06:00:00,47.50000000000267,43.52916282038405,3.97083717961862
2023-11-15 07:00:00,56.12999999999721,57.58416666666662,-1.4541666666694084
2023-11-15 08:00:00,71.50999999999858,70.78777104503305,0.7222289549655301
2023-11-15 09:00:00,63.13000000001381,70.78777104503305,-7.6577710450192455
2023-11-15 10:00:00,55.33999999999128,61.018463021778345,-5.678463021787067
2023-11-15 11:00:00,49.52000000000186,55.39161495080987,-5.871614950808009
2023-11-15 12:00:00,47.59999999999735,55.39161495080987,-7.791614950812516
2023-11-15 13:00:00,49.120000000003074,55.39161495080987,-6.271614950806793
2023-11-15 14:00:00,50.130000000002724,55.39161495080987,-5.261614950807143
2023-11-15 15:00:00,52.82999999999225,55.39161495080987,-2.5616149508176136
2023-11-15 16:00:00,56.900000000004084,67.66864679267474,-10.768646792670651
2023-11-15 17:00:00,62.12000000000183,69.57125925925938,-7.451259259257547
2023-11-15 18:00:00,82.94999999999837,77.72993055555564,5.2200694444427285
2023-11-15 19:00:00,95.66000000000142,94.39002638470537,1.2699736152960526
2023-11-15 20:00:00,97.4399999999932,94.39002638470537,3.04997361528784
2023-11-15 21:00:00,98.1099999999935,94.39002638470537,3.71997361528814
2023-11-15 22:00:00,97.72000000000227,94.39002638470537,3.3299736152969075
2023-11-15 23:00:00,88.05999999999582,73.96166666666643,14.098333333329393
2023-11-16 00:00:00,73.0100000000069,65.96999999999956,7.040000000007339
2023-11-16 01:00:00,63.23999999999462,65.16952432265936,-1.929524322664733
2023-11-16 02:00:00,50.01000000000153,49.91607142857127,0.09392857143026134
2023-11-16 03:00:00,47.30999999999716,43.52916282038405,3.7808371796131084
2023-11-16 04:00:00,45.25000000000813,43.52916282038405,1.720837179624077
2023-11-16 05:00:00,44.629999999995164,43.52916282038405,1.100837179611112
2023-11-16 06:00:00,46.70999999999384,46.36297405984513,0.34702594014871124
2023-11-16 07:00:00,56.900000000005505,67.11016164233827,-10.210161642332764
2023-11-16 08:00:00,70.15500000000071,67.11016164233827,3.0448383576624423
2023-11-16 09:00:00,68.42999999999716,70.78777104503305,-2.3577710450358893
2023-11-16 10:00:00,63.179999999990855,64.10844551282017,-0.9284455128293132
2023-11-16 11:00:00,65.32000000000215,67.66864679267474,-2.3486467926725823
2023-11-16 12:00:00,60.330000000003736,76.65033691062638,-16.320336910622643
2023-11-16 13:00:00,63.39999999999492,64.80274879227063,-1.402748792275716
2023-11-16 14:00:00,63.94000000000429,67.11016164233827,-3.17016164233398
2023-11-16 15:00:00,61.68999999999972,76.65033691062638,-14.960336910626658
2023-11-16 16:00:00,66.90999999999741,60.339511535421316,6.570488464576094
2023-11-16 17:00:00,66.20999999999765,60.339511535421316,5.870488464576333
2023-11-16 18:00:00,81.3399999999996,59.017499999999096,22.32250000000051
2023-11-16 19:00:00,90.33000000000831,94.39002638470537,-4.0600263846970535
2023-11-16 20:00:00,98.2399999999977,94.39002638470537,3.849973615292342
2023-11-16 21:00:00,98.62999999999155,94.39002638470537,4.239973615286189
2023-11-16 22:00:00,99.30000000001158,94.39002638470537,4.909973615306214
2023-11-16 23:00:00,89.3500000000025,88.880000000001,0.470000000001491
2023-11-17 00:00:00,74.74999999999653,73.96166666666643,0.788333333330101
2023-11-17 01:00:00,65.65999999999423,76.57857142857122,-10.918571428576996
2023-11-17 02:00:00,51.720000000001676,49.91607142857127,1.8039285714304043
2023-11-17 03:00:00,45.75000000000018,43.52916282038405,2.220837179616126
2023-11-17 04:00:00,46.919999999997856,43.52916282038405,3.390837179613804
2023-11-17 05:00:00,43.51999999999663,46.36297405984513,-2.842974059848501
2023-11-17 06:00:00,48.79000000000133,46.36297405984513,2.4270259401561987
2023-11-17 07:00:00,56.79999999999603,57.58416666666662,-0.7841666666705862
2023-11-17 08:00:00,68.70000000000285,60.02277777777816,8.677222222224685
2023-11-17 09:00:00,62.549999999991314,70.78777104503305,-8.23777104504174
2023-11-17 10:00:00,62.409999999995144,55.39161495080987,7.018385049185277
2023-11-17 11:00:00,55.4899999999995,61.018463021778345,-5.5284630217788475
2023-11-17 12:00:00,49.34000000000475,55.39161495080987,-6.051614950805117
2023-11-17 13:00:00,51.58999999999969,55.39161495080987,-3.801614950810176
2023-11-17 14:00:00,53.9400000000025,55.39161495080987,-1.4516149508073681
2023-11-17 15:00:00,54.4599999999976,62.45111111111098,-7.9911111111133835
2023-11-17 16:00:00,59.85000000000077,62.45111111111098,-2.601111111110214
2023-11-17 17:00:00,64.96000000000004,62.45111111111098,2.5088888888890537
2023-11-17 18:00:00,86.55000000000504,82.57367601246094,3.976323987544106
2023-11-17 19:00:00,94.79000000000181,94.57916666666712,0.21083333333469056
2023-11-17 20:00:00,96.06000000000435,119.64000000000054,-23.57999999999619
2023-11-17 21:00:00,96.55999999999833,96.10444444444491,0.455555555553417
2023-11-17 22:00:00,91.74999999999793,96.03166666666634,-4.281666666668414
2023-11-17 23:00:00,94.14999999999517,96.03166666666634,-1.8816666666711654
2023-11-18 00:00:00,72.2999999999947,67.11016164233827,5.189838357656427
2023-11-18 01:00:00,72.94999999999848,65.96999999999956,6.979999999998924
2023-11-18 02:00:00,51.1700000000006,49.91607142857127,1.2539285714293271
2023-11-18 03:00:00,46.98000000000428,46.36297405984513,0.6170259401591522
2023-11-18 04:00:00,44.41999999999149,46.36297405984513,-1.9429740598536398
2023-11-18 05:00:00,44.460000000008165,43.52916282038405,0.9308371796241133
2023-11-18 06:00:00,44.140000000001635,43.52916282038405,0.6108371796175831
2023-11-18 07:00:00,48.56999999999681,46.36297405984513,2.2070259401516807
2023-11-18 08:00:00,69.44000000000159,57.70809523809509,11.731904761906499
2023-11-18 09:00:00,69.01499999998936,67.93614583333354,1.078854166655816
2023-11-18 10:00:00,72.83000000000158,62.45111111111098,10.378888888890593
2023-11-18 11:00:00,71.56999999999954,64.10844551282017,7.46155448717937
2023-11-18 12:00:00,68.56999999999955,73.96166666666643,-5.391666666666879
2023-11-18 13:00:00,70.6299999999925,73.96166666666643,-3.331666666673925
2023-11-18 14:00:00,64.140000000003,69.57125925925938,-5.431259259256379
2023-11-18 15:00:00,60.230000000005134,66.23910256410272,-6.009102564097589
2023-11-18 16:00:00,58.84999999999684,67.66864679267474,-8.818646792677896
2023-11-18 17:00:00,70.84999999999235,67.66864679267474,3.1813532073176134
2023-11-18 18:00:00,82.609999999999,67.66864679267474,14.94135320732427
2023-11-18 19:00:00,84.92000000000232,87.96747747747717,-3.0474774774748568
2023-11-18 20:00:00,95.93000000000777,87.96747747747717,7.962522522530591
2023-11-18 21:00:00,94.60999999999362,94.39002638470537,0.21997361528825365
2023-11-18 22:00:00,91.25999999998837,94.39002638470537,-3.1300263847169987
2023-11-18 23:00:00,90.67000000000607,73.96166666666643,16.708333333339638
2023-11-19 00:00:00,81.65000000000825,73.96166666666643,7.6883333333418165
2023-11-19 01:00:00,67.31999999999535,73.10727272727283,-5.787272727277482
2023-11-19 02:00:00,58.17000000000241,47.63720306513405,10.532796934868358
2023-11-19 03:00:00,50.64999999999844,46.36297405984513,4.287025940153313
2023-11-19 04:00:00,45.74999999998744,43.52916282038405,2.220837179603386
2023-11-19 05:00:00,46.380000000002894,47.06774725274714,-0.687747252744245
2023-11-19 06:00:00,47.29999999999944,47.06774725274714,0.2322527472523035
2023-11-19 07:00:00,49.79999999999592,47.06774725274714,2.732252747248779
2023-11-19 08:00:00,60.01000000000267,64.31904255319142,-4.309042553188753
2023-11-19 09:00:00,67.84999999999555,71.35411602209948,-3.504116022103929
2023-11-19 10:00:00,76.28000000000391,74.82856435643554,1.4514356435683737
2023-11-19 11:00:00,80.03999999999809,64.10844551282017,15.93155448717792
2023-11-19 12:00:00,73.20000000000908,76.65033691062638,-3.4503369106172954
2023-11-19 13:00:00,77.5899999999952,87.24499999999968,-9.655000000004478
2023-11-19 14:00:00,74.15999999999937,72.07929824561485,2.0807017543845205
2023-11-19 15:00:00,75.14999999999492,86.14319148936151,-10.993191489366595
2023-11-19 16:00:00,74.39000000000036,74.82856435643554,-0.43856435643517955
2023-11-19 17:00:00,76.7799999999973,77.72993055555564,-0.949930555558339
2023-11-19 18:00:00,97.69000000000071,73.96166666666643,23.728333333334277
2023-11-19 19:00:00,106.19000000000275,94.39002638470537,11.79997361529739
2023-11-19 20:00:00,106.93000000000072,94.39002638470537,12.539973615295352
2023-11-19 21:00:00,102.10000000000045,94.39002638470537,7.709973615295084
2023-11-19 22:00:00,101.0799999999933,94.39002638470537,6.68997361528794
2023-11-19 23:00:00,93.890000000002,89.7614608990136,4.128539100988405
2023-11-20 00:00:00,71.96000000000205,65.96999999999956,5.990000000002496
2023-11-20 01:00:00,62.29000000000002,65.5366666666685,-3.2466666666684745
2023-11-20 02:00:00,50.709999999989755,51.005579710145774,-0.29557971015601936
2023-11-20 03:00:00,49.22999999999451,43.52916282038405,5.70083717961046
2023-11-20 04:00:00,43.65999999999343,46.36297405984513,-2.702974059851698
2023-11-20 05:00:00,45.09999999999883,46.36297405984513,-1.2629740598463002
2023-11-20 06:00:00,49.05000000000672,60.339511535421316,-11.289511535414597
2023-11-20 07:00:00,60.179999999992056,60.339511535421316,-0.15951153542926022
2023-11-20 08:00:00,71.61999999999873,69.57125925925938,2.0487407407393476
2023-11-20 09:00:00,61.800000000003024,70.78777104503305,-8.98777104503003
2023-11-20 10:00:00,56.030000000005145,55.39161495080987,0.6383850491952785
2023-11-20 11:00:00,56.96999999999713,55.39161495080987,1.5783850491872613
2023-11-20 12:00:00,58.689999999995166,74.82856435643554,-16.13856435644037
2023-11-20 13:00:00,60.21000000000424,55.39161495080987,4.818385049194376
2023-11-20 14:00:00,52.970000000001626,55.39161495080987,-2.421614950808241
2023-11-20 15:00:00,50.25000000000546,55.39161495080987,-5.14161495080441
2023-11-20 16:00:00,57.669999999992626,55.39161495080987,2.2783850491827593
2023-11-20 17:00:00,57.73999999999944,55.39161495080987,2.3483850491895737
2023-11-20 18:00:00,84.90999999999147,80.05565217391269,4.854347826078779
2023-11-20 19:00:00,96.55000000000157,94.39002638470537,2.1599736152962095
2023-11-20 20:00:00,96.64000000000678,94.39002638470537,2.249973615301414
2023-11-20 21:00:00,99.70999999999228,94.39002638470537,5.319973615286912
2023-11-20 22:00:00,95.35999999999191,94.39002638470537,0.9699736152865484
2023-11-20 23:00:00,83.18000000000674,94.39002638470537,-11.210026384698622
2023-11-21 00:00:00,75.46999999999565,73.10727272727283,2.3627272727228217
2023-11-21 01:00:00,61.380000000003015,65.16952432265936,-3.789524322656341
2023-11-21 02:00:00,49.95999999999577,54.90755555555574,-4.9475555555599655
2023-11-21 03:00:00,51.36000000000212,46.36297405984513,4.997025940156988
2023-11-21 04:00:00,45.44999999999715,46.36297405984513,-0.9129740598479827
2023-11-21 05:00:00,47.63000000000051,46.36297405984513,1.2670259401553778
2023-11-21 06:00:00,50.03000000000128,47.63720306513405,2.3927969348672278
2023-11-21 07:00:00,60.99000000000468,57.58416666666662,3.405833333338059
2023-11-21 08:00:00,77.35999999999692,70.78777104503305,6.572228954963862
2023-11-21 09:00:00,63.980000000007635,64.87138461538505,-0.8913846153774188
2023-11-21 10:00:00,54.43999999999994,55.39161495080987,-0.9516149508099261
2023-11-21 11:00:00,52.44000000000302,55.39161495080987,-2.9516149508068494
2023-11-21 12:00:00,57.27999999999737,55.39161495080987,1.8883850491875052
2023-11-21 13:00:00,52.129999999999654,61.018463021778345,-8.88846302177869
2023-11-21 14:00:00,49.62000000000148,55.39161495080987,-5.7716149508083845
2023-11-21 15:00:00,49.72000000000338,55.39161495080987,-5.671614950806486
2023-11-21 16:00:00,50.41999999999359,55.39161495080987,-4.971614950816274
2023-11-21 17:00:00,53.990000000000464,79.9567999999992,-25.96679999999874
2023-11-21 18:00:00,79.13000000000268,67.66864679267474,11.461353207327946
2023-11-21 19:00:00,95.20999999999586,94.39002638470537,0.8199736152904933
2023-11-21 20:00:00,97.80000000000186,94.39002638470537,3.4099736152964937
2023-11-21 21:00:00,95.32000000000036,94.39002638470537,0.9299736152949976
2023-11-21 22:00:00,97.0999999999951,94.39002638470537,2.7099736152897407
2023-11-21 23:00:00,91.83000000000047,94.39002638470537,-2.560026384704898
2023-11-22 00:00:00,76.859999999996,75.24729885057499,1.6127011494210137
2023-11-22 01:00:00,66.16000000000105,60.584916967508896,5.575083032492152
2023-11-22 02:00:00,49.10999999999712,54.90755555555574,-5.797555555558617
2023-11-22 03:00:00,48.729999999991776,43.52916282038405,5.200837179607724
2023-11-22 04:00:00,43.89999999999924,43.52916282038405,0.3708371796151866
2023-11-22 05:00:00,43.83999999999804,43.52916282038405,0.3108371796139906
2023-11-22 06:00:00,46.8300000000034,46.36297405984513,0.4670259401582726
2023-11-22 07:00:00,59.42999999999563,57.58416666666662,1.8458333333290113
2023-11-22 08:00:00,72.92999999999728,77.72993055555564,-4.799930555558362
2023-11-22 09:00:00,70.98000000000462,70.78777104503305,0.19222895497156856
2023-11-22 10:00:00,58.11999999999308,55.39161495080987,2.72838504918321
2023-11-22 11:00:00,55.95000000000488,55.39161495080987,0.5583850491950102
2023-11-22 12:00:00,61.76999999999566,55.39161495080987,6.378385049185795
2023-11-22 13:00:00,51.289999999999964,55.39161495080987,-4.101614950809903
2023-11-22 14:00:00,50.58999999999242,55.39161495080987,-4.801614950817445
2023-11-22 15:00:00,56.090000000008395,55.39161495080987,0.698385049198528
2023-11-22 16:00:00,56.17000000000105,55.39161495080987,0.7783850491911863
2023-11-22 17:00:00,63.48000000000179,83.74233333333419,-20.2623333333324
2023-11-22 18:00:00,83.34000000000589,87.7070754716981,-4.3670754716922175
2023-11-22 19:00:00,94.54999999999453,94.39002638470537,0.15997361528916088
2023-11-22 20:00:00,93.5300000000025,94.39002638470537,-0.8600263847028629
2023-11-22 21:00:00,96.4500000000057,94.39002638470537,2.0599736153003363
2023-11-22 22:00:00,94.63999999999473,94.39002638470537,0.24997361528936324
2023-11-22 23:00:00,86.15000000000208,95.9599999999994,-9.809999999997316
2023-11-23 00:00:00,74.56000000000105,67.66864679267474,6.891353207326318
2023-11-23 01:00:00,60.47999999999759,67.66864679267474,-7.188646792677147
2023-11-23 02:00:00,56.350000000000996,47.63720306513405,8.712796934866944
2023-11-23 03:00:00,50.49999999999949,43.52916282038405,6.970837179615437
2023-11-23 04:00:00,43.63000000000381,43.52916282038405,0.10083717961975935
2023-11-23 05:00:00,42.8699999999912,43.52916282038405,-0.6591628203928508
2023-11-23 06:00:00,48.179999999997285,46.36297405984513,1.8170259401521562
2023-11-23 07:00:00,59.48999999999762,57.58416666666662,1.9058333333310031
2023-11-23 08:00:00,75.35000000000305,69.57125925925938,5.778740740743672
2023-11-23 09:00:00,68.55000000000003,67.66864679267474,0.8813532073252901
2023-11-23 10:00:00,56.97999999999638,55.39161495080987,1.5883850491865132
2023-11-23 11:00:00,52.3400000000006,61.018463021778345,-8.678463021777745
2023-11-23 12:00:00,51.39999999999651,55.39161495080987,-3.991614950813357
2023-11-23 13:00:00,53.75999999999925,55.39161495080987,-1.631614950810615
2023-11-23 14:00:00,53.63000000000256,55.39161495080987,-1.7616149508073065
2023-11-23 15:00:00,50.030000000001564,55.39161495080987,-5.361614950808303
2023-11-23 16:00:00,52.60000000000747,60.339511535421316,-7.739511535413847
2023-11-23 17:00:00,64.38999999999788,69.57125925925938,-5.181259259261495
2023-11-23 18:00:00,82.48999999999134,60.339511535421316,22.150488464570024
2023-11-23 19:00:00,94.88000000000883,94.39002638470537,0.4899736153034695
2023-11-23 20:00:00,99.23000000000135,94.39002638470537,4.839973615295989
2023-11-23 21:00:00,94.74999999998485,94.39002638470537,0.3599736152794861
2023-11-23 22:00:00,96.88000000000304,94.39002638470537,2.4899736152976715
2023-11-23 23:00:00,93.32000000000536,94.39002638470537,-1.0700263847000002
2023-11-24 00:00:00,86.60999999999908,67.42064327485359,19.189356725145487
2023-11-24 01:00:00,65.14999999999641,65.16952432265936,-0.019524322662945792
2023-11-24 02:00:00,53.15000000000833,49.91607142857127,3.233928571437062
2023-11-24 03:00:00,48.790000000001726,46.36297405984513,2.4270259401565966
2023-11-24 04:00:00,45.01999999999947,46.36297405984513,-1.342974059845659
2023-11-24 05:00:00,47.949999999999434,43.52916282038405,4.420837179615383
2023-11-24 06:00:00,51.959999999999305,46.36297405984513,5.597025940154175
2023-11-24 07:00:00,59.40999999999106,57.58416666666662,1.8258333333244394
2023-11-24 08:00:00,73.85000000000215,67.66864679267474,6.181353207327419
2023-11-24 09:00:00,67.30000000000115,67.66864679267474,-0.36864679267358724
2023-11-24 10:00:00,58.549999999999386,67.66864679267474,-9.11864679267535
2023-11-24 11:00:00,54.169999999996726,61.018463021778345,-6.848463021781619
2023-11-24 12:00:00,54.38000000000602,55.39161495080987,-1.0116149508038461
2023-11-24 13:00:00,55.59000000000003,55.39161495080987,0.19838504919016486
2023-11-24 14:00:00,56.32999999999686,55.39161495080987,0.9383850491869907
2023-11-24 15:00:00,55.580000000003906,55.39161495080987,0.1883850491940393
2023-11-24 16:00:00,52.710000000000434,55.39161495080987,-2.6816149508094327
2023-11-24 17:00:00,65.31000000000023,55.39161495080987,9.918385049190363
2023-11-24 18:00:00,75.82000000000326,87.7070754716981,-11.887075471694843
2023-11-24 19:00:00,93.69999999999678,94.39002638470537,-0.6900263847085881
2023-11-24 20:00:00,98.16000000000562,94.39002638470537,3.769973615300259
2023-11-24 21:00:00,96.12999999999553,94.39002638470537,1.7399736152901681
2023-11-24 22:00:00,94.64000000000348,94.39002638470537,0.24997361529811712
2023-11-24 23:00:00,91.41999999999902,73.96166666666643,17.45833333333259
2023-11-25 00:00:00,79.22999999999772,77.11291576867816,2.117084231319552
2023-11-25 01:00:00,65.22000000000362,65.16952432265936,0.0504756773442665
2023-11-25 02:00:00,58.73000000000463,51.005579710145774,7.724420289858855
2023-11-25 03:00:00,51.09499999998985,43.52916282038405,7.565837179605801
2023-11-25 04:00:00,44.30000000000831,46.36297405984513,-2.0629740598368187
2023-11-25 05:00:00,43.81999999999465,43.52916282038405,0.2908371796105982
2023-11-25 06:00:00,44.78000000000219,43.52916282038405,1.250837179618138
2023-11-25 07:00:00,49.22999999999826,57.58416666666662,-8.354166666668355
2023-11-25 08:00:00,59.91999999999433,77.72993055555564,-17.80993055556131
2023-11-25 09:00:00,67.90000000000805,73.03060000000065,-5.130599999992597
2023-11-25 10:00:00,72.13999999999837,67.11016164233827,5.029838357660097
2023-11-25 11:00:00,72.28000000000232,76.65033691062638,-4.3703369106240615
2023-11-25 12:00:00,75.74000000000633,60.339511535421316,15.400488464585017
2023-11-25 13:00:00,77.62999999999028,71.35411602209948,6.2758839778908
2023-11-25 14:00:00,70.71999999999986,64.10844551282017,6.6115544871796885
2023-11-25 15:00:00,64.65000000000384,67.11016164233827,-2.460161642334427
2023-11-25 16:00:00,63.759999999993795,83.10142857142826,-19.341428571434463
2023-11-25 17:00:00,67.64000000000226,60.584916967508896,7.055083032493364
2023-11-25 18:00:00,82.92000000000827,76.65033691062638,6.269663089381893
2023-11-25 19:00:00,95.2999999999993,94.39002638470537,0.9099736152939357
2023-11-25 20:00:00,98.83999999999796,94.39002638470537,4.449973615292592
2023-11-25 21:00:00,93.77999999999994,94.39002638470537,-0.6100263847054208
2023-11-25 22:00:00,89.09999999999295,94.39002638470537,-5.290026384712419
2023-11-25 23:00:00,82.52000000000587,94.39002638470537,-11.8700263846995
2023-11-26 00:00:00,74.99999999999746,76.65033691062638,-1.6503369106289227
2023-11-26 01:00:00,71.01000000000141,64.06169230769231,6.9483076923091005
2023-11-26 02:00:00,53.580000000008965,54.90755555555574,-1.3275555555467733
2023-11-26 03:00:00,52.969999999991565,47.06774725274714,5.902252747244425
2023-11-26 04:00:00,45.269999999988784,47.06774725274714,-1.7977472527583558
2023-11-26 05:00:00,43.8300000000134,43.52916282038405,0.3008371796293474
2023-11-26 06:00:00,42.62999999999914,43.52916282038405,-0.8991628203849089
2023-11-26 07:00:00,48.05000000000035,43.52916282038405,4.520837179616301
2023-11-26 08:00:00,59.42999999999216,57.70809523809509,1.721904761897072
2023-11-26 09:00:00,67.27000000000152,74.82856435643554,-7.558564356434019
2023-11-26 10:00:00,74.61999999999824,87.96747747747717,-13.347477477478932
2023-11-26 11:00:00,76.76000000000664,68.31000000000006,8.450000000006582
2023-11-26 12:00:00,71.65000000000231,68.31000000000006,3.3400000000022487
2023-11-26 13:00:00,75.09999999999917,76.65033691062638,-1.550336910627209
2023-11-26 14:00:00,72.01999999999346,76.65033691062638,-4.63033691063292
2023-11-26 15:00:00,71.21999999999788,72.07929824561485,-0.8592982456169693
2023-11-26 16:00:00,71.5600000000025,69.57125925925938,1.9887407407431255
2023-11-26 17:00:00,88.22000000000591,69.57125925925938,18.648740740746533
2023-11-26 18:00:00,94.05999999999884,77.72993055555564,16.330069444443197
2023-11-26 19:00:00,112.43999999999838,94.39002638470537,18.049973615293013
2023-11-26 20:00:00,113.66999999999527,102.98094086021506,10.689059139780213
2023-11-26 21:00:00,100.70000000000388,94.39002638470537,6.309973615298517
2023-11-26 22:00:00,99.69999999998956,102.98094086021506,-3.280940860225499
2023-11-26 23:00:00,96.59999999999852,94.39002638470537,2.2099736152931513
2023-11-27 00:00:00,74.61000000000118,67.42064327485359,7.18935672514759
2023-11-27 01:00:00,67.50999999999586,67.66864679267474,-0.15864679267887993
2023-11-27 02:00:00,52.14000000000596,49.91607142857127,2.2239285714346906
2023-11-27 03:00:00,51.73000000000212,47.06774725274714,4.662252747254982
2023-11-27 04:00:00,44.58999999999305,43.52916282038405,1.0608371796089955
2023-11-27 05:00:00,42.59999999999553,43.52916282038405,-0.9291628203885196
2023-11-27 06:00:00,49.8000000000057,46.36297405984513,3.4370259401605736
2023-11-27 07:00:00,53.69000000000591,57.58416666666662,-3.894166666660709
2023-11-27 08:00:00,76.35999999999066,70.78777104503305,5.572228954957609
2023-11-27 09:00:00,71.37000000000542,83.13333333333239,-11.763333333326969
2023-11-27 10:00:00,61.460000000000605,55.39161495080987,6.068385049190738
2023-11-27 11:00:00,55.47000000000248,64.10844551282017,-8.63844551281769
2023-11-27 12:00:00,62.15000000000049,55.39161495080987,6.758385049190622
2023-11-27 13:00:00,58.68000000000137,55.39161495080987,3.288385049191504
2023-11-27 14:00:00,57.479999999996785,55.39161495080987,2.0883850491869183
2023-11-27 15:00:00,61.860000000001435,60.339511535421316,1.5204884645801187
2023-11-27 16:00:00,59.42000000000349,55.39161495080987,4.0283850491936235
2023-11-27 17:00:00,60.359999999997456,67.66864679267474,-7.30864679267728
2023-11-27 18:00:00,81.21999999999748,76.65033691062638,4.5696630893711045
2023-11-27 19:00:00,98.4000000000029,94.39002638470537,4.00997361529754
2023-11-27 20:00:00,109.42000000000391,94.39002638470537,15.029973615298545
2023-11-27 21:00:00,101.35999999998793,87.96747747747717,13.39252252251076
2023-11-27 22:00:00,97.11999999999486,89.7614608990136,7.358539100981261
2023-11-27 23:00:00,87.14000000000757,71.35411602209948,15.7858839779081
2023-11-28 00:00:00,72.3900000000113,75.24729885057499,-2.8572988505636943
2023-11-28 01:00:00,62.539999999989114,65.16952432265936,-2.6295243226702425
2023-11-28 02:00:00,54.42000000000729,54.90755555555574,-0.48755555554844676
2023-11-28 03:00:00,50.5800000000026,43.52916282038405,7.050837179618547
2023-11-28 04:00:00,43.6050000000019,43.52916282038405,0.07583717961784942
2023-11-28 05:00:00,45.169999999993195,43.52916282038405,1.640837179609143
2023-11-28 06:00:00,47.97000000000828,43.52916282038405,4.440837179624225
2023-11-28 07:00:00,58.89999999999651,67.11016164233827,-8.21016164234176
2023-11-28 08:00:00,72.90000000000101,70.78777104503305,2.1122289549679607
2023-11-28 09:00:00,69.13499999999738,70.78777104503305,-1.6527710450356778
2023-11-28 10:00:00,53.98000000001202,61.018463021778345,-7.038463021766326
2023-11-28 11:00:00,49.10999999999234,55.39161495080987,-6.281614950817527
2023-11-28 12:00:00,57.77000000000459,55.39161495080987,2.3783850491947263
2023-11-28 13:00:00,53.84999999999815,55.39161495080987,-1.54161495081172
2023-11-28 14:00:00,53.76999999999646,55.39161495080987,-1.6216149508134095
2023-11-28 15:00:00,48.900000000003786,55.39161495080987,-6.491614950806081
2023-11-28 16:00:00,52.68999999999614,55.39161495080987,-2.7016149508137275
2023-11-28 17:00:00,63.54000000000076,77.72993055555564,-14.18993055555488
2023-11-28 18:00:00,78.36999999999847,82.57367601246094,-4.203676012462466
2023-11-28 19:00:00,97.77000000000456,94.39002638470537,3.3799736152991926
2023-11-28 20:00:00,102.93999999999446,94.39002638470537,8.54997361528909
2023-11-28 21:00:00,98.88000000000304,94.39002638470537,4.4899736152976715
2023-11-28 22:00:00,96.73000000000056,94.39002638470537,2.339973615295193
2023-11-28 23:00:00,89.04000000001187,94.39002638470537,-5.350026384693493
2023-11-29 00:00:00,75.21000000000272,73.28225352112676,1.9277464788759602
2023-11-29 01:00:00,63.60999999999382,65.16952432265936,-1.5595243226655384
2023-11-29 02:00:00,52.80999999999285,54.90755555555574,-2.0975555555628915
2023-11-29 03:00:00,50.02000000000538,43.52916282038405,6.49083717962133
2023-11-29 04:00:00,44.22000000000031,43.52916282038405,0.6908371796162598
2023-11-29 05:00:00,48.45999999999407,43.52916282038405,4.930837179610016
2023-11-29 06:00:00,46.750000000005855,60.339511535421316,-13.589511535415461
2023-11-29 07:00:00,57.439999999994775,60.339511535421316,-2.899511535426541
2023-11-29 08:00:00,70.87000000000758,70.78777104503305,0.08222895497452498
2023-11-29 09:00:00,64.0599999999925,70.78777104503305,-6.727771045040555
2023-11-29 10:00:00,58.710000000005955,61.018463021778345,-2.30846302177239
2023-11-29 11:00:00,51.119999999998186,55.39161495080987,-4.271614950811681
2023-11-29 12:00:00,52.140000000002836,55.39161495080987,-3.2516149508070313
2023-11-29 13:00:00,48.79999999999501,55.39161495080987,-6.591614950814858
2023-11-29 14:00:00,50.68999999999795,55.39161495080987,-4.701614950811916
2023-11-29 15:00:00,51.949999999994645,55.39161495080987,-3.4416149508152216
2023-11-29 16:00:00,58.42000000000979,60.339511535421316,-1.919511535411523
2023-11-29 17:00:00,67.49999999998806,55.39161495080987,12.108385049178196
2023-11-29 18:00:00,89.79000000000784,87.7070754716981,2.082924528309732
2023-11-29 19:00:00,96.05000000000857,94.39002638470537,1.6599736153032012
2023-11-29 20:00:00,99.55999999999133,94.39002638470537,5.1699736152859685
2023-11-29 21:00:00,97.42000000000232,94.39002638470537,3.029973615296953
2023-11-29 22:00:00,98.10000000000045,96.03166666666634,2.0683333333341096
2023-11-29 23:00:00,90.25999999999269,84.18444444444533,6.0755555555473535
2023-11-30 00:00:00,80.38000000000542,65.16952432265936,15.210475677346068
2023-11-30 01:00:00,62.2599999999929,65.5366666666685,-3.2766666666755953
2023-11-30 02:00:00,54.169999999995255,49.91607142857127,4.253928571423984
2023-11-30 03:00:00,47.699999999995555,43.52916282038405,4.170837179611503
2023-11-30 04:00:00,42.859999999997115,43.52916282038405,-0.6691628203869371
2023-11-30 05:00:00,45.32000000001284,43.52916282038405,1.790837179628788
2023-11-30 06:00:00,45.54999999999309,46.36297405984513,-0.8129740598520385
2023-11-30 07:00:00,57.37000000000916,67.11016164233827,-9.740161642329106
2023-11-30 08:00:00,72.63000000000198,69.57125925925938,3.058740740742607
2023-11-30 09:00:00,65.08000000000499,69.57125925925938,-4.491259259254392
2023-11-30 10:00:00,56.28000000000736,61.018463021778345,-4.738463021770983
2023-11-30 11:00:00,52.52999999999969,55.39161495080987,-2.8616149508101785
2023-11-30 12:00:00,55.369999999999834,55.39161495080987,-0.02161495081003295
2023-11-30 13:00:00,50.29499999999592,55.39161495080987,-5.096614950813944
2023-11-30 14:00:00,49.55999999999989,55.39161495080987,-5.831614950809978
2023-11-30 15:00:00,56.08999999999861,55.39161495080987,0.6983850491887438
2023-11-30 16:00:00,51.5000000000025,55.39161495080987,-3.891614950807366
2023-11-30 17:00:00,60.24000000000269,67.66864679267474,-7.428646792672048
2023-11-30 18:00:00,81.66000000000489,80.05565217391269,1.6043478260921944
2023-11-30 19:00:00,93.54000000000607,94.39002638470537,-0.8500263846992908
2023-11-30 20:00:00,100.35999999999561,94.39002638470537,5.969973615290243
2023-11-30 21:00:00,99.50000000000423,94.39002638470537,5.10997361529887
2023-11-30 22:00:00,94.43000000000299,94.39002638470537,0.039973615297626
2023-11-30 23:00:00,93.14999999999506,96.03166666666634,-2.881666666671279
2023-12-01 00:00:00,89.27000000000166,65.96999999999956,23.3000000000021
2023-12-01 01:00:00,62.149999999990484,65.16952432265936,-3.0195243226688717
2023-12-01 02:00:00,49.04000000000093,49.91607142857127,-0.8760714285703415
2023-12-01 03:00:00,47.79000000000241,43.52916282038405,4.260837179618356
2023-12-01 04:00:00,43.61000000000968,43.52916282038405,0.08083717962562531
2023-12-01 05:00:00,42.549999999990234,43.52916282038405,-0.9791628203938174
2023-12-01 06:00:00,49.55999999999717,46.36297405984513,3.197025940152038
2023-12-01 07:00:00,59.29999999999081,57.58416666666662,1.7158333333241913
2023-12-01 08:00:00,74.32000000000639,69.57125925925938,4.74874074074701
2023-12-01 09:00:00,70.37000000000029,64.87138461538505,5.498615384615235
2023-12-01 10:00:00,55.35999999999137,55.39161495080987,-0.031614950818493526
2023-12-01 11:00:00,50.03000000000469,55.39161495080987,-5.361614950805176
2023-12-01 12:00:00,52.87000000000308,55.39161495080987,-2.5216149508067858
2023-12-01 13:00:00,51.389999999996064,61.018463021778345,-9.62846302178228
2023-12-01 14:00:00,52.510000000000446,55.39161495080987,-2.8816149508094213
2023-12-01 15:00:00,50.480000000004,55.39161495080987,-4.91161495080587
2023-12-01 16:00:00,55.54999999999865,55.39161495080987,0.15838504918878016
2023-12-01 17:00:00,55.879999999999214,60.339511535421316,-4.459511535422102
2023-12-01 18:00:00,85.14999999999944,87.7070754716981,-2.557075471698667
2023-12-01 19:00:00,95.79499999999112,94.39002638470537,1.4049736152857548
2023-12-01 20:00:00,94.76000000000053,94.39002638470537,0.3699736152951658
2023-12-01 21:00:00,95.54999999999538,94.39002638470537,1.1599736152900135
2023-12-01 22:00:00,101.76000000000337,94.39002638470537,7.369973615298008
2023-12-01 23:00:00,94.05999999999526,94.39002638470537,-0.33002638471010926
2023-12-02 00:00:00,80.12000000000809,76.57857142857122,3.5414285714368674
2023-12-02 01:00:00,76.25999999999495,65.16952432265936,11.09047567733559
2023-12-02 02:00:00,52.90999999999651,49.91607142857127,2.9939285714252364
2023-12-02 03:00:00,49.23000000000088,43.52916282038405,5.700837179616826
2023-12-02 04:00:00,45.8200000000008,46.36297405984513,-0.542974059844326
2023-12-02 05:00:00,45.08000000000005,46.36297405984513,-1.2829740598450812
2023-12-02 06:00:00,49.06999999999682,43.52916282038405,5.540837179612765
2023-12-02 07:00:00,49.86999999999938,57.58416666666662,-7.714166666667239
2023-12-02 08:00:00,59.28000000001094,57.70809523809509,1.571904761915853
2023-12-02 09:00:00,72.12000000000893,67.11016164233827,5.0098383576706595
2023-12-02 10:00:00,79.71999999999045,67.66864679267474,12.051353207315714
2023-12-02 11:00:00,75.05999999999756,67.66864679267474,7.3913532073228225
2023-12-02 12:00:00,77.73000000001105,66.23910256410272,11.490897435908323
2023-12-02 13:00:00,72.30999999999229,64.10844551282017,8.201554487172118
2023-12-02 14:00:00,73.3900000000072,71.35411602209948,2.03588397790773
2023-12-02 15:00:00,68.82999999999362,64.10844551282017,4.721554487173449
2023-12-02 16:00:00,68.06999999999886,76.65033691062638,-8.580336910627523
2023-12-02 17:00:00,78.51000000000303,116.34285714285724,-37.83285714285421
2023-12-02 18:00:00,98.67999999999867,76.65033691062638,22.029663089372292
2023-12-02 19:00:00,85.81000000000003,94.39002638470537,-8.580026384705334
2023-12-02 20:00:00,91.02000000000587,94.39002638470537,-3.3700263846995
2023-12-02 21:00:00,93.44000000000821,94.39002638470537,-0.9500263846971535
2023-12-02 22:00:00,98.85999999999277,94.39002638470537,4.469973615287401
2023-12-02 23:00:00,90.25999999999576,94.39002638470537,-4.130026384709609
2023-12-03 00:00:00,78.04000000000386,75.24729885057499,2.792701149428865
2023-12-03 01:00:00,73.54999999999694,73.96166666666643,-0.4116666666694897
2023-12-03 02:00:00,56.50000000000302,49.91607142857127,6.583928571431748
2023-12-03 03:00:00,56.97000000000452,46.36297405984513,10.607025940159389
2023-12-03 04:00:00,46.95499999999083,46.36297405984513,0.5920259401457031
2023-12-03 05:00:00,43.969999999989966,46.36297405984513,-2.392974059855163
2023-12-03 06:00:00,45.27000000000697,43.52916282038405,1.7408371796229218
2023-12-03 07:00:00,48.070000000000334,60.339511535421316,-12.269511535420982
2023-12-03 08:00:00,57.220000000005086,57.70809523809509,-0.4880952380900041
2023-12-03 09:00:00,69.84999999999076,67.93614583333354,1.9138541666572166
2023-12-03 10:00:00,73.47999999999467,86.14319148936151,-12.663191489366838
2023-12-03 11:00:00,74.3899999999987,60.339511535421316,14.050488464577377
2023-12-03 12:00:00,74.87999999999519,60.339511535421316,14.540488464573876
2023-12-03 13:00:00,79.57000000000173,62.45111111111098,17.118888888890744
2023-12-03 14:00:00,71.97000000000747,66.23910256410272,5.730897435904751
2023-12-03 15:00:00,67.769999999998,67.79691964285698,-0.02691964285897086
2023-12-03 16:00:00,70.53000000000111,66.23910256410272,4.290897435898387
2023-12-03 17:00:00,86.02999999999426,110.64078947368485,-24.610789473690588
2023-12-03 18:00:00,110.4499999999982,82.57367601246094,27.876323987537262
2023-12-03 19:00:00,109.77999999999471,94.39002638470537,15.38997361528935
2023-12-03 20:00:00,111.68000000000083,94.39002638470537,17.289973615295466
2023-12-03 21:00:00,107.09000000000239,94.39002638470537,12.699973615297026
2023-12-03 22:00:00,102.36999999999992,94.39002638470537,7.979973615294554
2023-12-03 23:00:00,88.20999999999796,94.39002638470537,-6.1800263847074035
2023-12-04 00:00:00,77.93000000000298,76.65033691062638,1.279663089376598
2023-12-04 01:00:00,67.29999999999569,76.57857142857122,-9.278571428575532
2023-12-04 02:00:00,50.929999999998415,49.91607142857127,1.0139285714271438
2023-12-04 03:00:00,54.4499999999951,43.52916282038405,10.920837179611048
2023-12-04 04:00:00,45.14000000000647,43.52916282038405,1.6108371796224148
2023-12-04 05:00:00,44.71000000000089,43.52916282038405,1.1808371796168373
2023-12-04 06:00:00,47.55999999999773,46.36297405984513,1.1970259401525993
2023-12-04 07:00:00,58.75500000000687,57.58416666666662,1.170833333340255
2023-12-04 08:00:00,65.29999999999718,70.78777104503305,-5.4877710450358705
2023-12-04 09:00:00,63.720000000002095,70.78777104503305,-7.067771045030959
2023-12-04 10:00:00,61.24999999999762,61.018463021778345,0.23153697821927466
2023-12-04 11:00:00,59.78999999999843,55.39161495080987,4.398385049188562
2023-12-04 12:00:00,58.470000000002756,55.39161495080987,3.078385049192889
2023-12-04 13:00:00,55.340000000000884,55.39161495080987,-0.051614950808982485
2023-12-04 14:00:00,56.300000000000125,55.39161495080987,0.9083850491902581
2023-12-04 15:00:00,52.45000000000266,55.39161495080987,-2.9416149508072067
2023-12-04 16:00:00,52.39999999999617,55.39161495080987,-2.991614950813698
2023-12-04 17:00:00,60.47999999999939,55.39161495080987,5.088385049189526
2023-12-04 18:00:00,82.3000000000052,76.65033691062638,5.649663089378819
2023-12-04 19:00:00,92.55000000000175,94.39002638470537,-1.84002638470362
2023-12-04 20:00:00,93.24000000000078,94.39002638470537,-1.1500263847045886
2023-12-04 21:00:00,95.53000000000688,94.39002638470537,1.139973615301514
2023-12-04 22:00:00,96.94999999999297,94.39002638470537,2.5599736152876034
2023-12-04 23:00:00,89.21999999999773,89.7614608990136,-0.541460899015874
2023-12-05 00:00:00,74.6200000000002,76.65033691062638,-2.0303369106261755
2023-12-05 01:00:00,61.41000000000578,65.16952432265936,-3.7595243226535757
2023-12-05 02:00:00,48.94999999999727,54.90755555555574,-5.957555555558471
2023-12-05 03:00:00,49.9699999999944,46.36297405984513,3.6070259401492706
2023-12-05 04:00:00,44.74000000000973,46.36297405984513,-1.6229740598353999
2023-12-05 05:00:00,47.549999999993645,46.36297405984513,1.1870259401485157
2023-12-05 06:00:00,47.234999999993995,46.36297405984513,0.8720259401488661
2023-12-05 07:00:00,56.49999999999267,64.06169230769231,-7.561692307699644
2023-12-05 08:00:00,78.3800000000036,70.78777104503305,7.592228954970551
2023-12-05 09:00:00,67.06999999999647,70.78777104503305,-3.717771045036585
2023-12-05 10:00:00,59.74000000000359,55.39161495080987,4.348385049193723
2023-12-05 11:00:00,53.44000000000892,55.39161495080987,-1.9516149508009448
2023-12-05 12:00:00,53.79999999999792,55.39161495080987,-1.5916149508119446
2023-12-05 13:00:00,52.580000000002656,55.39161495080987,-2.8116149508072112
2023-12-05 14:00:00,56.13000000000255,55.39161495080987,0.7383850491926864
2023-12-05 15:00:00,55.5800000000026,55.39161495080987,0.1883850491927319
2023-12-05 16:00:00,52.329999999999586,69.57125925925938,-17.24125925925979
2023-12-05 17:00:00,62.929999999996774,67.66864679267474,-4.738646792677962
2023-12-05 18:00:00,82.54999999999623,76.65033691062638,5.899663089369852
2023-12-05 19:00:00,98.51000000000184,94.39002638470537,4.119973615296473
2023-12-05 20:00:00,95.4099999999971,94.39002638470537,1.0199736152917325
2023-12-05 21:00:00,93.2799999999987,94.39002638470537,-1.1100263847066714
2023-12-05 22:00:00,104.81000000000037,94.39002638470537,10.419973615295007
2023-12-05 23:00:00,90.08000000000433,88.880000000001,1.2000000000033282
2023-12-06 00:00:00,78.18000000000185,87.24499999999968,-9.064999999997823
2023-12-06 01:00:00,70.97999999999797,65.96999999999956,5.0099999999984135
2023-12-06 02:00:00,42.30999999999888,47.63720306513405,-5.327203065135173
2023-12-06 03:00:00,46.969999999999295,46.36297405984513,0.6070259401541662
2023-12-06 04:00:00,45.40999999999775,43.52916282038405,1.8808371796136996
2023-12-06 05:00:00,43.99000000000144,43.52916282038405,0.4608371796173856
2023-12-06 06:00:00,45.649999999998954,46.36297405984513,-0.7129740598461751
2023-12-06 07:00:00,61.719999999997704,57.58416666666662,4.135833333331085
2023-12-06 08:00:00,80.1300000000013,70.78777104503305,9.342228954968249
2023-12-06 09:00:00,65.96000000000265,67.66864679267474,-1.7086467926720843
2023-12-06 10:00:00,55.68999999999676,67.66864679267474,-11.978646792677978
2023-12-06 11:00:00,54.55999999999119,55.39161495080987,-0.8316149508186754
2023-12-06 12:00:00,57.53000000000054,55.39161495080987,2.138385049190674
2023-12-06 13:00:00,58.58999999999958,55.39161495080987,3.19838504918971
2023-12-06 14:00:00,57.06500000000052,55.39161495080987,1.6733850491906566
2023-12-06 15:00:00,68.14999999999748,69.57125925925938,-1.4212592592619018
2023-12-06 16:00:00,62.93999999999671,69.57125925925938,-6.63125925926267
2023-12-06 17:00:00,74.83999999999841,60.339511535421316,14.500488464577096
2023-12-06 18:00:00,82.33999999999608,76.65033691062638,5.689663089369702
2023-12-06 19:00:00,90.25999999999813,94.39002638470537,-4.130026384707236
2023-12-06 20:00:00,93.3199999999973,94.39002638470537,-1.070026384708072
2023-12-06 21:00:00,90.98999999999225,94.39002638470537,-3.400026384713115
2023-12-06 22:00:00,93.0900000000095,94.39002638470537,-1.3000263846958688
2023-12-06 23:00:00,88.64499999999347,73.96166666666643,14.683333333327042
2023-12-07 00:00:00,74.11500000000132,75.24729885057499,-1.132298850573676
2023-12-07 01:00:00,63.260000000003814,60.02277777777816,3.237222222225654
2023-12-07 02:00:00,54.81000000000501,52.557873563218756,2.2521264367862557
2023-12-07 03:00:00,48.179999999997165,43.52916282038405,4.650837179613113
2023-12-07 04:00:00,43.82999999998828,43.52916282038405,0.30083717960422973
2023-12-07 05:00:00,43.84000000000833,43.52916282038405,0.31083717962427926
2023-12-07 06:00:00,45.04999999999512,46.36297405984513,-1.3129740598500064
2023-12-07 07:00:00,56.38000000000085,57.58416666666662,-1.2041666666657704
2023-12-07 08:00:00,80.2800000000004,67.66864679267474,12.611353207325664
2023-12-07 09:00:00,71.63000000000295,69.57125925925938,2.0587407407435734
2023-12-07 10:00:00,62.02999999999698,55.39161495080987,6.638385049187114
2023-12-07 11:00:00,58.65999999999701,55.39161495080987,3.2683850491871453
2023-12-07 12:00:00,55.66000000000594,61.018463021778345,-5.358463021772408
2023-12-07 13:00:00,51.4999999999929,55.39161495080987,-3.8916149508169653
2023-12-07 14:00:00,51.06500000000722,55.39161495080987,-4.32661495080265
2023-12-07 15:00:00,60.99000000000366,55.39161495080987,5.598385049193794
2023-12-07 16:00:00,55.35999999999559,55.39161495080987,-0.03161495081428001
2023-12-07 17:00:00,62.92999999999461,60.339511535421316,2.5904884645732906
2023-12-07 18:00:00,78.51000000001147,60.339511535421316,18.170488464590157
2023-12-07 19:00:00,90.88999999999689,94.39002638470537,-3.5000263847084767
2023-12-07 20:00:00,90.66999999999845,126.61499999999967,-35.945000000001215
2023-12-07 21:00:00,92.73999999999322,94.39002638470537,-1.6500263847121488
2023-12-07 22:00:00,91.9300000000002,94.39002638470537,-2.4600263847051593
2023-12-07 23:00:00,95.4100000000013,88.880000000001,6.5300000000003
2023-12-08 00:00:00,74.58999999999311,75.24729885057499,-0.6572988505818813
2023-12-08 01:00:00,68.755000000015,65.16952432265936,3.585475677355646
2023-12-08 02:00:00,49.61999999999307,47.63720306513405,1.9827969348590173
2023-12-08 03:00:00,47.090000000008786,46.36297405984513,0.7270259401636565
2023-12-08 04:00:00,44.75999999999328,46.36297405984513,-1.6029740598518458
2023-12-08 05:00:00,42.730000000007294,46.36297405984513,-3.632974059837835
2023-12-08 06:00:00,44.07999999999913,46.36297405984513,-2.2829740598459978
2023-12-08 07:00:00,58.24000000000439,57.58416666666662,0.6558333333377746
2023-12-08 08:00:00,71.82999999999483,67.11016164233827,4.719838357656556
2023-12-08 09:00:00,67.01000000000101,67.66864679267474,-0.6586467926737214
2023-12-08 10:00:00,56.82000000000022,55.39161495080987,1.4283850491903536
2023-12-08 11:00:00,53.729999999995925,61.018463021778345,-7.28846302178242
2023-12-08 12:00:00,54.74000000000809,55.39161495080987,-0.651614950801779
2023-12-08 13:00:00,54.59999999999742,55.39161495080987,-0.7916149508124448
2023-12-08 14:00:00,55.03000000000162,55.39161495080987,-0.3616149508082458
2023-12-08 15:00:00,52.6899999999975,55.39161495080987,-2.7016149508123704
2023-12-08 16:00:00,52.53000000000162,60.02277777777816,-7.4927777777765385
2023-12-08 17:00:00,62.66999999999577,80.05565217391269,-17.385652173916924
2023-12-08 18:00:00,77.92000000000257,76.65033691062638,1.2696630893761949
2023-12-08 19:00:00,95.7000000000024,94.39002638470537,1.3099736152970394
2023-12-08 20:00:00,95.2500000000037,94.39002638470537,0.8599736152983297
2023-12-08 21:00:00,94.55999999999581,94.39002638470537,0.16997361529044497
2023-12-08 22:00:00,93.70999999999745,94.39002638470537,-0.6800263847079151
2023-12-08 23:00:00,83.74000000001088,94.39002638470537,-10.650026384694485
2023-12-09 00:00:00,78.1199999999911,75.24729885057499,2.872701149416102
2023-12-09 01:00:00,68.20000000000158,75.24729885057499,-7.047298850573412
2023-12-09 02:00:00,54.97999999999679,52.557873563218756,2.4221264367780364
2023-12-09 03:00:00,51.96000000000447,43.52916282038405,8.430837179620418
2023-12-09 04:00:00,45.96999999999338,43.52916282038405,2.440837179609325
2023-12-09 05:00:00,44.42999999999978,43.52916282038405,0.9008371796157277
2023-12-09 06:00:00,45.14999999999992,43.52916282038405,1.6208371796158687
2023-12-09 07:00:00,48.88999999999214,57.58416666666662,-8.694166666674477
2023-12-09 08:00:00,56.31999999999892,60.339511535421316,-4.019511535422396
2023-12-09 09:00:00,73.01000000001133,73.03060000000065,-0.020599999989315165
2023-12-09 10:00:00,80.9799999999919,79.6701923076925,1.309807692299401
2023-12-09 11:00:00,79.14999999999935,74.49263888888912,4.657361111110234
2023-12-09 12:00:00,86.56999999999607,71.35411602209948,15.215883977896596
2023-12-09 13:00:00,72.9800000000123,71.35411602209948,1.625883977912821
2023-12-09 14:00:00,71.00999999999243,69.57125925925938,1.4387407407330528
2023-12-09 15:00:00,71.21999999998793,75.24729885057499,-4.027298850587059
2023-12-09 16:00:00,67.51999999999668,73.96166666666643,-6.441666666669747
2023-12-09 17:00:00,68.9799999999995,79.6701923076925,-10.690192307692996
2023-12-09 18:00:00,84.77000000000255,105.15000000000008,-20.379999999997523
2023-12-09 19:00:00,100.85000000000034,73.96166666666643,26.888333333333904
2023-12-09 20:00:00,92.53999999999448,94.39002638470537,-1.8500263847108869
2023-12-09 21:00:00,94.67000000000431,94.39002638470537,0.2799736152989425
2023-12-09 22:00:00,89.46999999999113,94.39002638470537,-4.920026384714234
2023-12-09 23:00:00,89.14000000000144,94.39002638470537,-5.250026384703929
2023-12-10 00:00:00,81.2600000000003,74.49263888888912,6.767361111111185
2023-12-10 01:00:00,77.92000000000553,60.584916967508896,17.335083032496634
2023-12-10 02:00:00,56.37999999999153,52.557873563218756,3.822126436772777
2023-12-10 03:00:00,51.609999999998486,43.52916282038405,8.080837179614434
2023-12-10 04:00:00,50.709999999999184,43.52916282038405,7.180837179615132
2023-12-10 05:00:00,43.89999999999867,43.52916282038405,0.37083717961461815
2023-12-10 06:00:00,44.940000000006876,43.52916282038405,1.410837179622824
2023-12-10 07:00:00,47.69500000000181,47.06774725274714,0.6272527472546727
2023-12-10 08:00:00,58.869999999998086,74.82856435643554,-15.95856435643745
2023-12-10 09:00:00,64.60999999999757,74.82856435643554,-10.218564356437966
2023-12-10 10:00:00,73.43000000001109,71.35411602209948,2.075883977911616
2023-12-10 11:00:00,72.29999999999296,76.65033691062638,-4.350336910633416
2023-12-10 12:00:00,70.81000000001171,71.35411602209948,-0.5441160220877634
2023-12-10 13:00:00,78.56999999999525,68.31000000000006,10.259999999995188
2023-12-10 14:00:00,72.62000000000552,71.35411602209948,1.265883977906043
2023-12-10 15:00:00,70.03999999999473,75.24729885057499,-5.207298850580258
2023-12-10 16:00:00,71.3199999999941,79.6701923076925,-8.350192307698407
2023-12-10 17:00:00,83.06000000000378,76.65033691062638,6.409663089377403
2023-12-10 18:00:00,96.17000000000345,82.57367601246094,13.596323987542519
2023-12-10 19:00:00,111.33999999999779,94.39002638470537,16.94997361529242
2023-12-10 20:00:00,106.85999999999828,94.39002638470537,12.469973615292915
2023-12-10 21:00:00,102.93500000000549,94.39002638470537,8.544973615300123
2023-12-10 22:00:00,102.39999999999006,94.39002638470537,8.009973615284693
2023-12-10 23:00:00,90.57000000000536,89.7614608990136,0.8085391009917657
2023-12-11 00:00:00,73.13999999999888,60.339511535421316,12.800488464577562
2023-12-11 01:00:00,61.600000000006006,65.16952432265936,-3.5695243226533506
2023-12-11 02:00:00,50.319999999987836,54.90755555555574,-4.587555555567903
2023-12-11 03:00:00,53.34000000000225,43.52916282038405,9.810837179618197
2023-12-11 04:00:00,47.29999999998904,43.52916282038405,3.770837179604989
2023-12-11 05:00:00,43.34000000000191,47.63720306513405,-4.297203065132145
2023-12-11 06:00:00,47.69000000000261,47.63720306513405,0.052796934868560186
2023-12-11 07:00:00,57.66999999999854,57.58416666666662,0.08583333333191945
2023-12-11 08:00:00,76.24999999999895,67.66864679267474,8.581353207324213
2023-12-11 09:00:00,70.85999999999888,70.78777104503305,0.07222895496582282
2023-12-11 10:00:00,61.45999999999624,55.39161495080987,6.068385049186375
2023-12-11 11:00:00,58.969999999996794,55.39161495080987,3.5783850491869273
2023-12-11 12:00:00,57.87000000000194,55.39161495080987,2.4783850491920703
2023-12-11 13:00:00,69.12999999999602,64.80274879227063,4.327251207725382
2023-12-11 14:00:00,63.89000000000488,55.39161495080987,8.498385049195015
2023-12-11 15:00:00,55.14000000000169,60.339511535421316,-5.199511535419624
2023-12-11 16:00:00,63.170000000000655,60.584916967508896,2.5850830324917595
2023-12-11 17:00:00,69.46000000000448,55.39161495080987,14.068385049194617
2023-12-11 18:00:00,81.14000000000159,76.65033691062638,4.489663089375213
2023-12-11 19:00:00,94.74999999999501,94.39002638470537,0.3599736152896469
2023-12-11 20:00:00,99.15000000000666,94.39002638470537,4.759973615301291
2023-12-11 21:00:00,100.28499999999858,94.39002638470537,5.89497361529321
2023-12-11 22:00:00,98.49000000000453,94.39002638470537,4.099973615299163
2023-12-11 23:00:00,86.44999999999729,94.39002638470537,-7.9400263847080765
2023-12-12 00:00:00,76.23999999999855,75.24729885057499,0.9927011494235529
2023-12-12 01:00:00,66.37999999999846,65.16952432265936,1.2104756773391045
2023-12-12 02:00:00,51.30000000000774,54.90755555555574,-3.6075555555479966
2023-12-12 03:00:00,51.38000000000642,43.52916282038405,7.850837179622367
2023-12-12 04:00:00,44.54000000000059,43.52916282038405,1.0108371796165372
2023-12-12 05:00:00,45.08999999999844,47.63720306513405,-2.547203065135612
2023-12-12 06:00:00,46.905000000006865,71.35952380952304,-24.454523809516175
2023-12-12 07:00:00,58.70999999999544,57.58416666666662,1.1258333333288206
2023-12-12 08:00:00,74.59000000000796,67.66864679267474,6.921353207333226
2023-12-12 09:00:00,66.31000000000587,70.78777104503305,-4.477771045027183
2023-12-12 10:00:00,63.01999999999272,55.39161495080987,7.628385049182853
2023-12-12 11:00:00,54.34000000000169,55.39161495080987,-1.0516149508081796
2023-12-12 12:00:00,53.5500000000049,55.39161495080987,-1.841614950804967
2023-12-12 13:00:00,53.53000000000435,55.39161495080987,-1.8616149508055173
2023-12-12 14:00:00,55.21999999999616,55.39161495080987,-0.17161495081370504
2023-12-12 15:00:00,52.364999999995746,55.39161495080987,-3.026614950814121
2023-12-12 16:00:00,54.91999999999973,55.39161495080987,-0.47161495081013527
2023-12-12 17:00:00,54.770000000006526,67.66864679267474,-12.89864679266821
2023-12-12 18:00:00,77.31999999999938,67.66864679267474,9.651353207324647
2023-12-12 19:00:00,96.46999999999522,96.03166666666634,0.4383333333288846
2023-12-12 20:00:00,92.84000000000171,94.39002638470537,-1.5500263847036564
2023-12-12 21:00:00,97.45999999999808,94.39002638470537,3.06997361529271
2023-12-12 22:00:00,97.20999999999705,96.03166666666634,1.1783333333307127
2023-12-12 23:00:00,88.61000000000556,94.39002638470537,-5.780026384699809
2023-12-13 00:00:00,75.52000000000194,76.65033691062638,-1.130336910624436
2023-12-13 01:00:00,62.86000000000007,65.96999999999956,-3.109999999999488
2023-12-13 02:00:00,51.73999999999779,49.91607142857127,1.8239285714265208
2023-12-13 03:00:00,47.86000000000075,47.63720306513405,0.22279693486670027
2023-12-13 04:00:00,45.47999999999553,43.52916282038405,1.9508371796114758
2023-12-13 05:00:00,43.5200000000022,43.52916282038405,-0.00916282038185301
2023-12-13 06:00:00,47.49500000000256,47.63720306513405,-0.14220306513148984
2023-12-13 07:00:00,56.4999999999971,57.58416666666662,-1.0841666666695176
2023-12-13 08:00:00,76.63000000000484,67.66864679267474,8.961353207330106
2023-12-13 09:00:00,64.87000000000262,70.78777104503305,-5.917771045030435
2023-12-13 10:00:00,57.330000000006805,55.39161495080987,1.9383850491969383
2023-12-13 11:00:00,52.65999999999781,55.39161495080987,-2.731614950812059
2023-12-13 12:00:00,51.06999999999135,55.39161495080987,-4.321614950818514
2023-12-13 13:00:00,50.56000000000307,67.11016164233827,-16.550161642335198
2023-12-13 14:00:00,53.44999999999857,55.39161495080987,-1.9416149508112994
2023-12-13 15:00:00,54.31000000000154,55.39161495080987,-1.08161495080833
2023-12-13 16:00:00,54.680000000005016,67.66864679267474,-12.98864679266972
2023-12-13 17:00:00,59.889999999996235,59.017499999999096,0.8724999999971388
2023-12-13 18:00:00,80.9399999999974,76.65033691062638,4.289663089371018
2023-12-13 19:00:00,90.3800000000085,94.39002638470537,-4.010026384696872
2023-12-13 20:00:00,91.05000000000322,94.39002638470537,-3.340026384702142
2023-12-13 21:00:00,95.74999999999974,94.39002638470537,1.359973615294379
2023-12-13 22:00:00,93.41999999999567,94.39002638470537,-0.9700263847096977
2023-12-13 23:00:00,85.4499999999907,89.7614608990136,-4.311460899022904
2023-12-14 00:00:00,75.76000000000474,76.65033691062638,-0.8903369106216417
2023-12-14 01:00:00,64.83999999999497,64.06169230769231,0.7783076923026613
2023-12-14 02:00:00,49.84999999999349,49.91607142857127,-0.06607142857777859
2023-12-14 03:00:00,47.54000000000195,46.36297405984513,1.177025940156824
2023-12-14 04:00:00,45.57999999999862,43.52916282038405,2.050837179614568
2023-12-14 05:00:00,45.69999999999453,43.52916282038405,2.17083717961048
2023-12-14 06:00:00,46.79999999999592,46.36297405984513,0.43702594015078944
2023-12-14 07:00:00,59.83000000000379,57.58416666666662,2.245833333337174
2023-12-14 08:00:00,75.05000000000047,67.66864679267474,7.381353207325731
2023-12-14 09:00:00,71.84000000000452,70.78777104503305,1.0522289549714685
2023-12-14 10:00:00,57.14000000000698,55.39161495080987,1.7483850491971111
2023-12-14 11:00:00,54.63000000000085,55.39161495080987,-0.7616149508090189
2023-12-14 12:00:00,53.76999999999538,55.39161495080987,-1.6216149508144895
2023-12-14 13:00:00,56.539999999998656,55.39161495080987,1.1483850491887893
2023-12-14 14:00:00,57.5000000000025,60.02277777777816,-2.5227777777756586
2023-12-14 15:00:00,58.86000000000286,69.57125925925938,-10.711259259256515
2023-12-14 16:00:00,60.179999999989164,69.57125925925938,-9.391259259270214
2023-12-14 17:00:00,65.9200000000086,69.57125925925938,-3.6512592592507787
2023-12-14 18:00:00,81.14999999999863,87.7070754716981,-6.557075471699477
2023-12-14 19:00:00,95.49000000000032,94.39002638470537,1.0999736152949566
2023-12-14 20:00:00,92.17000000000448,94.39002638470537,-2.220026384700887
2023-12-14 21:00:00,101.42999999999986,94.39002638470537,7.0399736152945
2023-12-14 22:00:00,97.76999999999222,94.39002638470537,3.3799736152868576
2023-12-14 23:00:00,90.97999999999737,73.96166666666643,17.018333333330943
2023-12-15 00:00:00,74.38000000000406,75.24729885057499,-0.8672988505709327
2023-12-15 01:00:00,66.36999999999551,67.11016164233827,-0.7401616423427555
2023-12-15 02:00:00,53.71000000000687,54.90755555555574,-1.1975555555488668
2023-12-15 03:00:00,48.55999999999773,43.52916282038405,5.030837179613677
2023-12-15 04:00:00,45.35999999999734,43.52916282038405,1.8308371796132903
2023-12-15 05:00:00,43.379999999993686,43.52916282038405,-0.14916282039036588
2023-12-15 06:00:00,48.18000000000063,46.36297405984513,1.817025940155503
2023-12-15 07:00:00,56.67000000000389,57.58416666666662,-0.9141666666627302
2023-12-15 08:00:00,73.21999999999576,67.66864679267474,5.5513532073210285
2023-12-15 09:00:00,74.58999999999874,64.87138461538505,9.718615384613685
2023-12-15 10:00:00,65.71000000000862,55.39161495080987,10.318385049198753
2023-12-15 11:00:00,59.480000000000246,55.39161495080987,4.088385049190379
2023-12-15 12:00:00,59.25999999999436,55.39161495080987,3.8683850491844964
2023-12-15 13:00:00,63.02999999999895,67.11016164233827,-4.08016164233932
2023-12-15 14:00:00,63.83000000000028,55.39161495080987,8.438385049190416
2023-12-15 15:00:00,59.290000000008035,67.66864679267474,-8.3786467926667
2023-12-15 16:00:00,63.71999999999713,67.66864679267474,-3.948646792677607
2023-12-15 17:00:00,70.04999999999478,67.11016164233827,2.9398383576565124
2023-12-15 18:00:00,90.07000000000775,67.66864679267474,22.401353207333017
2023-12-15 19:00:00,91.47999999999186,67.79691964285698,23.683080357134884
2023-12-15 20:00:00,99.57500000000775,74.82856435643554,24.746435643572212
2023-12-15 21:00:00,104.31999999999388,94.39002638470537,9.929973615288517
2023-12-15 22:00:00,92.60999999999419,94.39002638470537,-1.780026384711178
2023-12-15 23:00:00,88.04999999999895,94.39002638470537,-6.3400263847064195
2023-12-16 00:00:00,77.09000000000123,71.35411602209948,5.73588397790175
2023-12-16 01:00:00,73.65999999999195,64.79000000000006,8.86999999999189
2023-12-16 02:00:00,53.07000000000886,51.005579710145774,2.0644202898630866
2023-12-16 03:00:00,49.31999999999397,43.52916282038405,5.790837179609916
2023-12-16 04:00:00,45.810000000002,43.52916282038405,2.280837179617947
2023-12-16 05:00:00,43.070000000001585,43.52916282038405,-0.4591628203824669
2023-12-16 06:00:00,43.56000000000216,47.06774725274714,-3.507747252744977
2023-12-16 07:00:00,51.49999999999244,57.58416666666662,-6.084166666674179
2023-12-16 08:00:00,62.10999999999933,57.70809523809509,4.401904761904241
2023-12-16 09:00:00,75.92999999999387,60.339511535421316,15.590488464572552
2023-12-16 10:00:00,78.4200000000055,74.82856435643554,3.591435643569966
2023-12-16 11:00:00,80.18999999999875,96.40450000000038,-16.214500000001635
2023-12-16 12:00:00,77.0199999999955,82.57367601246094,-5.553676012465431
2023-12-16 13:00:00,82.470000000005,82.57367601246094,-0.10367601245593505
2023-12-16 14:00:00,77.11999999999331,71.35411602209948,5.765883977893836
2023-12-16 15:00:00,78.70000000000613,71.35411602209948,7.345883977906652
2023-12-16 16:00:00,75.86999999998827,76.65033691062638,-0.7803369106381126
2023-12-16 17:00:00,72.06000000000422,82.57367601246094,-10.513676012456713
2023-12-16 18:00:00,87.33000000000598,82.57367601246094,4.756323987545045
2023-12-16 19:00:00,97.2199999999975,94.39002638470537,2.8299736152921326
2023-12-16 20:00:00,93.84000000000648,94.39002638470537,-0.5500263846988815
2023-12-16 21:00:00,99.21999999999625,94.39002638470537,4.829973615290882
2023-12-16 22:00:00,92.82999999999723,87.76750000000077,5.0624999999964615
2023-12-16 23:00:00,93.84999999999977,89.7614608990136,4.088539100986168
2023-12-17 00:00:00,81.36999999999666,67.11016164233827,14.259838357658396
2023-12-17 01:00:00,66.01999999999742,60.584916967508896,5.435083032488528
2023-12-17 02:00:00,56.13000000000063,52.557873563218756,3.572126436781872
2023-12-17 03:00:00,48.1799999999987,43.52916282038405,4.650837179614648
2023-12-17 04:00:00,44.23999999999154,53.888062015503714,-9.648062015512174
2023-12-17 05:00:00,45.36000000000951,43.52916282038405,1.8308371796254548
2023-12-17 06:00:00,44.0600000000008,43.52916282038405,0.5308371796167464
2023-12-17 07:00:00,49.90999999999764,43.52916282038405,6.380837179613586
2023-12-17 08:00:00,55.10000000000787,57.70809523809509,-2.6080952380872233
2023-12-17 09:00:00,72.13999999999994,67.93614583333354,4.203854166666403
2023-12-17 10:00:00,71.95999999999316,74.49263888888912,-2.53263888889596
2023-12-17 11:00:00,82.21000000000592,74.82856435643554,7.381435643570384
2023-12-17 12:00:00,78.0499999999977,60.339511535421316,17.71048846457638
2023-12-17 13:00:00,75.34000000000864,87.24499999999968,-11.904999999991034
2023-12-17 14:00:00,75.39999999999482,74.82856435643554,0.5714356435592833
2023-12-17 15:00:00,73.90999999999764,62.45111111111098,11.458888888886655
2023-12-17 16:00:00,74.56000000000222,72.07929824561485,2.4807017543873684
2023-12-17 17:00:00,76.87000000000691,60.339511535421316,16.530488464585595
2023-12-17 18:00:00,100.71999999999761,77.72993055555564,22.99006944444197
2023-12-17 19:00:00,108.50000000000361,94.39002638470537,14.109973615298244
2023-12-17 20:00:00,103.52999999999994,94.39002638470537,9.13997361529458
2023-12-17 21:00:00,100.21000000000063,94.39002638470537,5.819973615295268
2023-12-17 22:00:00,102.72999999999226,94.39002638470537,8.339973615286894
2023-12-17 23:00:00,93.6799999999973,95.9599999999994,-2.28000000000209
2023-12-18 00:00:00,72.33999999999772,112.58888888888815,-40.248888888890434
2023-12-18 01:00:00,68.71000000000544,61.454528642936815,7.255471357068622
2023-12-18 02:00:00,49.759999999998286,49.91607142857127,-0.15607142857298584
2023-12-18 03:00:00,47.54000000000702,43.52916282038405,4.010837179622968
2023-12-18 04:00:00,44.0100000000063,43.52916282038405,0.4808371796222488
2023-12-18 05:00:00,44.549999999997056,43.52916282038405,1.0208371796130038
2023-12-18 06:00:00,45.83999999999628,46.36297405984513,-0.522974059848849
2023-12-18 07:00:00,57.059999999993984,67.11016164233827,-10.050161642344285
2023-12-18 08:00:00,71.07000000000255,70.78777104503305,0.2822289549694972
2023-12-18 09:00:00,65.68999999999807,64.87138461538505,0.8186153846130111
2023-12-18 10:00:00,54.72000000000685,55.39161495080987,-0.6716149508030185
2023-12-18 11:00:00,52.639999999993904,55.39161495080987,-2.751614950815963
2023-12-18 12:00:00,49.45999999999589,55.39161495080987,-5.93161495081398
2023-12-18 13:00:00,53.76000000000374,55.39161495080987,-1.6316149508061244
2023-12-18 14:00:00,55.26999999998901,55.39161495080987,-0.12161495082085594
2023-12-18 15:00:00,54.43000000000052,55.39161495080987,-0.9616149508093486
2023-12-18 16:00:00,53.54000000000411,56.82094827586189,-3.2809482758577744
2023-12-18 17:00:00,61.94000000000659,64.31904255319142,-2.3790425531848314
2023-12-18 18:00:00,89.79999999999526,76.65033691062638,13.149663089368886
2023-12-18 19:00:00,99.909999999998,94.39002638470537,5.519973615292642
2023-12-18 20:00:00,102.88999999999541,94.39002638470537,8.499973615290045
2023-12-18 21:00:00,94.84000000000307,94.39002638470537,0.44997361529770785
2023-12-18 22:00:00,96.38999999999643,94.39002638470537,1.9999736152910685
2023-12-18 23:00:00,91.88000000000292,94.39002638470537,-2.510026384702442
2023-12-19 00:00:00,77.19000000000007,73.96166666666643,3.2283333333336373
2023-12-19 01:00:00,64.27000000000471,67.11016164233827,-2.8401616423335554
2023-12-19 02:00:00,52.119999999995855,49.91607142857127,2.2039285714245835
2023-12-19 03:00:00,48.84999999999826,43.52916282038405,5.320837179614209
2023-12-19 04:00:00,46.30000000000234,43.52916282038405,2.7708371796182902
2023-12-19 05:00:00,46.579999999995096,43.52916282038405,3.050837179611044
2023-12-19 06:00:00,47.39999999998935,52.557873563218756,-5.157873563229408
2023-12-19 07:00:00,58.07000000000807,57.58416666666662,0.4858333333414535
2023-12-19 08:00:00,72.2099999999937,70.78777104503305,1.4222289549606444
2023-12-19 09:00:00,66.66999999999503,0.0,66.66999999999503
2023-12-19 10:00:00,55.90999999999401,55.39161495080987,0.5183850491841397
2023-12-19 11:00:00,50.740000000003135,61.018463021778345,-10.27846302177521
2023-12-19 12:00:00,52.78000000000003,55.39161495080987,-2.6116149508098374
2023-12-19 13:00:00,54.010000000000275,55.39161495080987,-1.3816149508095918
2023-12-19 14:00:00,56.35000000000139,55.39161495080987,0.95838504919152
2023-12-19 15:00:00,55.17999999999819,55.39161495080987,-0.21161495081167914
2023-12-19 16:00:00,53.50000000000506,67.42064327485359,-13.92064327484853
2023-12-19 17:00:00,63.12999999998858,60.339511535421316,2.790488464567261
2023-12-19 18:00:00,77.76000000000221,76.65033691062638,1.1096630893758288
2023-12-19 19:00:00,102.08999999999659,102.98094086021506,-0.8909408602184641
2023-12-19 20:00:00,101.01000000000082,94.39002638470537,6.61997361529545
2023-12-19 21:00:00,102.43999999999912,94.39002638470537,8.049973615293752
2023-12-19 22:00:00,93.35999999999748,94.39002638470537,-1.030026384707881
2023-12-19 23:00:00,88.04999999999313,94.39002638470537,-6.340026384712232
2023-12-20 00:00:00,80.9150000000097,67.42064327485359,13.49435672515611
2023-12-20 01:00:00,66.31000000000068,60.584916967508896,5.7250830324917885
2023-12-20 02:00:00,51.299999999998306,49.91607142857127,1.3839285714270346
2023-12-20 03:00:00,48.970000000006564,46.36297405984513,2.607025940161435
2023-12-20 04:00:00,45.29000000000053,46.36297405984513,-1.0729740598445972
2023-12-20 05:00:00,45.66999999999433,46.36297405984513,-0.6929740598507976
2023-12-20 06:00:00,48.260000000008006,47.63720306513405,0.6227969348739535
2023-12-20 07:00:00,57.120000000005064,57.58416666666662,-0.4641666666615549
2023-12-20 08:00:00,71.92999999998551,60.339511535421316,11.590488464564196
2023-12-20 09:00:00,69.3699999999986,70.78777104503305,-1.4177710450344563
2023-12-20 10:00:00,56.68999999999954,64.31904255319142,-7.62904255319188
2023-12-20 11:00:00,55.59999999999803,61.018463021778345,-5.418463021780312
2023-12-20 12:00:00,57.4000000000006,55.39161495080987,2.0083850491907356
2023-12-20 13:00:00,56.629999999996706,55.39161495080987,1.2383850491868387
2023-12-20 14:00:00,54.880000000007215,55.39161495080987,-0.5116149508026524
2023-12-20 15:00:00,55.559999999992165,55.39161495080987,0.16838504918229802
2023-12-20 16:00:00,55.99000000000393,55.39161495080987,0.5983850491940643
2023-12-20 17:00:00,65.52000000000999,67.11016164233827,-1.5901616423282832
2023-12-20 18:00:00,80.8100000000006,79.6701923076925,1.1398076923080964
2023-12-20 19:00:00,100.75500000000156,94.39002638470537,6.3649736152961935
2023-12-20 20:00:00,109.32000000000446,94.39002638470537,14.92997361529909
2023-12-20 21:00:00,99.54999999998878,94.39002638470537,5.15997361528342
2023-12-20 22:00:00,95.16000000000545,94.39002638470537,0.7699736153000885
2023-12-20 23:00:00,87.15999999999823,89.7614608990136,-2.6014608990153647
2023-12-21 00:00:00,78.22999999999874,87.8499999999973,-9.619999999998555
2023-12-21 01:00:00,66.07999999998589,64.79000000000006,1.2899999999858238
2023-12-21 02:00:00,52.310000000007676,54.90755555555574,-2.5975555555480625
2023-12-21 03:00:00,51.329999999999075,46.36297405984513,4.967025940153945
2023-12-21 04:00:00,46.310000000003754,46.36297405984513,-0.052974059841375265
2023-12-21 05:00:00,45.710000000003845,46.36297405984513,-0.6529740598412843
2023-12-21 06:00:00,52.239999999996655,46.36297405984513,5.877025940151526
2023-12-21 07:00:00,66.85999999999422,57.58416666666662,9.275833333327597
2023-12-21 08:00:00,69.3399999999919,70.78777104503305,-1.4477710450411507
2023-12-21 09:00:00,65.5499999999991,67.66864679267474,-2.1186467926756336
2023-12-21 10:00:00,57.50999999999539,67.66864679267474,-10.158646792679349
2023-12-21 11:00:00,48.77000000001078,55.39161495080987,-6.621614950799085
2023-12-21 12:00:00,53.48999999999131,55.39161495080987,-1.901614950818555
2023-12-21 13:00:00,53.4200000000048,55.39161495080987,-1.971614950805069
2023-12-21 14:00:00,51.279999999997536,55.39161495080987,-4.111614950812331
2023-12-21 15:00:00,50.359999999990976,55.39161495080987,-5.031614950818891
2023-12-21 16:00:00,51.27999999999679,67.11016164233827,-15.83016164234148
2023-12-21 17:00:00,58.61000000000405,67.11016164233827,-8.50016164233422
2023-12-21 18:00:00,73.58999999999315,67.11016164233827,6.479838357654884
2023-12-21 19:00:00,89.55000000001834,94.39002638470537,-4.840026384687022
2023-12-21 20:00:00,94.31999999999246,94.39002638470537,-0.07002638471290368
2023-12-21 21:00:00,95.87999999998178,94.39002638470537,1.489973615276412
2023-12-21 22:00:00,98.13000000000804,94.39002638470537,3.7399736153026737
2023-12-21 23:00:00,91.0500000000113,94.39002638470537,-3.3400263846940703
2023-12-22 00:00:00,80.93999999998535,73.28225352112676,7.657746478858584
2023-12-22 01:00:00,73.82000000000131,60.584916967508896,13.235083032492419
2023-12-22 02:00:00,51.769999999993786,54.90755555555574,-3.1375555555619528
2023-12-22 03:00:00,51.169999999995696,43.52916282038405,7.640837179611644
2023-12-22 04:00:00,45.250000000002444,46.36297405984513,-1.112974059842685
2023-12-22 05:00:00,45.00000000000148,46.36297405984513,-1.3629740598436513
2023-12-22 06:00:00,47.46999999999974,46.36297405984513,1.1070259401546139
2023-12-22 07:00:00,60.94999999999703,67.11016164233827,-6.160161642341237
2023-12-22 08:00:00,72.91999999999649,67.66864679267474,5.251353207321756
2023-12-22 09:00:00,66.1699999999994,67.66864679267474,-1.4986467926753306
2023-12-22 10:00:00,56.71499999999509,60.584916967508896,-3.8699169675138094
2023-12-22 11:00:00,54.80000000000865,64.10844551282017,-9.308445512811517
2023-12-22 12:00:00,59.209999999991226,67.11016164233827,-7.900161642347044
2023-12-22 13:00:00,58.57000000001307,67.11016164233827,-8.540161642325202
2023-12-22 14:00:00,53.45999999999526,67.11016164233827,-13.650161642343008
2023-12-22 15:00:00,53.97500000000372,67.11016164233827,-13.135161642334552
2023-12-22 16:00:00,54.77000000000413,55.39161495080987,-0.6216149508057356
2023-12-22 17:00:00,64.16000000000184,87.96747747747717,-23.80747747747533
2023-12-22 18:00:00,77.80000000000308,87.96747747747717,-10.167477477474094
2023-12-22 19:00:00,97.0749999999986,94.39002638470537,2.684973615293231
2023-12-22 20:00:00,95.44999999999638,94.39002638470537,1.059973615291014
2023-12-22 21:00:00,95.09000000000182,94.39002638470537,0.6999736152964573
2023-12-22 22:00:00,92.54999999999924,102.98094086021506,-10.430940860215813
2023-12-22 23:00:00,90.17000000000363,94.39002638470537,-4.22002638470174
2023-12-23 00:00:00,82.39000000000097,71.35411602209948,11.035883977901491
2023-12-23 01:00:00,67.44499999999647,65.16952432265936,2.2754756773371128
2023-12-23 02:00:00,56.95000000000101,49.91607142857127,7.03392857142974
2023-12-23 03:00:00,52.55999999999949,43.52916282038405,9.030837179615439
2023-12-23 04:00:00,50.470000000001335,47.06774725274714,3.4022527472541952
2023-12-23 05:00:00,46.16999999999672,43.52916282038405,2.6408371796126673
2023-12-23 06:00:00,47.320000000002835,43.52916282038405,3.7908371796187836
2023-12-23 07:00:00,50.110000000000184,57.58416666666662,-7.474166666666434
2023-12-23 08:00:00,63.47999999999615,57.70809523809509,5.771904761901062
2023-12-23 09:00:00,70.11000000000757,64.31904255319142,5.790957446816151
2023-12-23 10:00:00,78.22000000000239,64.31904255319142,13.900957446810963
2023-12-23 11:00:00,76.4799999999934,112.58888888888815,-36.108888888894754
2023-12-23 12:00:00,73.33500000000251,67.66864679267474,5.666353207327774
2023-12-23 13:00:00,69.05000000000416,73.03060000000065,-3.9805999999964854
2023-12-23 14:00:00,73.09000000000943,60.339511535421316,12.75048846458811
2023-12-23 15:00:00,67.53999999999706,71.35411602209948,-3.814116022102411
2023-12-23 16:00:00,67.19499999999398,64.10844551282017,3.0865544871738138
2023-12-23 17:00:00,66.29000000000201,67.11016164233827,-0.8201616423362594
2023-12-23 18:00:00,90.51999999999526,77.72993055555564,12.790069444439624
2023-12-23 19:00:00,89.47000000000341,102.98094086021506,-13.510940860211647
2023-12-23 20:00:00,93.34999999999681,102.98094086021506,-9.630940860218246
2023-12-23 21:00:00,101.43000000000237,102.98094086021506,-1.550940860212691
2023-12-23 22:00:00,89.3300000000024,94.39002638470537,-5.060026384702965
2023-12-23 23:00:00,86.60000000000238,94.39002638470537,-7.790026384702983
2023-12-24 00:00:00,81.99999999999622,76.57857142857122,5.421428571424997
2023-12-24 01:00:00,79.9600000000024,71.35411602209948,8.60588397790292
2023-12-24 02:00:00,56.359999999995296,49.91607142857127,6.443928571424024
2023-12-24 03:00:00,50.61999999999712,47.63720306513405,2.9827969348630674
2023-12-24 04:00:00,46.680000000000575,43.52916282038405,3.1508371796165235
2023-12-24 05:00:00,45.30000000000445,43.52916282038405,1.7708371796204005
2023-12-24 06:00:00,45.290000000000816,43.52916282038405,1.7608371796167646
2023-12-24 07:00:00,49.6100000000057,46.36297405984513,3.247025940160569
2023-12-24 08:00:00,57.66999999999098,57.70809523809509,-0.03809523810411264
2023-12-24 09:00:00,66.24000000000484,67.93614583333354,-1.6961458333286998
2023-12-24 10:00:00,71.77000000000267,71.35411602209948,0.4158839779031922
2023-12-24 11:00:00,72.03999999999871,71.35411602209948,0.6858839778992376
2023-12-24 12:00:00,76.02999999999834,76.65033691062638,-0.6203369106280405
2023-12-24 13:00:00,79.28999999999604,96.40450000000038,-17.11450000000434
2023-12-24 14:00:00,83.39000000000382,67.11016164233827,16.279838357665554
2023-12-24 15:00:00,74.80000000000814,71.35411602209948,3.4458839779086645
2023-12-24 16:00:00,75.39000000000007,64.10844551282017,11.281554487179903
2023-12-24 17:00:00,84.72999999999575,76.65033691062638,8.079663089369376
2023-12-24 18:00:00,98.0400000000031,82.57367601246094,15.466323987542168
2023-12-24 19:00:00,112.97999999999942,94.39002638470537,18.589973615294056
2023-12-24 20:00:00,102.96000000000137,94.39002638470537,8.569973615296007
2023-12-24 21:00:00,97.68999999999546,94.39002638470537,3.2999736152900994
2023-12-24 22:00:00,91.47000000000124,71.35411602209948,20.11588397790176
2023-12-24 23:00:00,88.63000000000645,87.76750000000077,0.8625000000056815
2023-12-25 00:00:00,79.47999999999428,74.49263888888912,4.987361111105159
2023-12-25 01:00:00,67.93000000000018,60.584916967508896,7.3450830324912815
2023-12-25 02:00:00,55.620000000008254,47.63720306513405,7.982796934874202
2023-12-25 03:00:00,49.639999999992654,47.63720306513405,2.002796934858601
2023-12-25 04:00:00,46.010000000002435,43.52916282038405,2.4808371796183835
2023-12-25 05:00:00,44.120000000003984,43.52916282038405,0.5908371796199319
2023-12-25 06:00:00,46.70999999999532,47.63720306513405,-0.927203065138734
2023-12-25 07:00:00,49.51999999999947,57.58416666666662,-8.064166666667148
2023-12-25 08:00:00,54.87000000000779,60.339511535421316,-5.469511535413524
2023-12-25 09:00:00,74.13999999999498,64.87138461538505,9.26861538460993
2023-12-25 10:00:00,83.05000000000696,74.82856435643554,8.221435643571425
2023-12-25 11:00:00,78.37999999999641,71.35411602209948,7.025883977896939
2023-12-25 12:00:00,78.28999999999924,60.02277777777816,18.26722222222108
2023-12-25 13:00:00,73.82999999999521,87.76750000000077,-13.937500000005556
2023-12-25 14:00:00,84.88000000000082,82.57367601246094,2.3063239875398835
2023-12-25 15:00:00,74.4900000000016,76.65033691062638,-2.1603369106247783
2023-12-25 16:00:00,76.55000000000618,71.35411602209948,5.195883977906703
2023-12-25 17:00:00,78.16999999999456,74.49263888888912,3.6773611111054407
2023-12-25 18:00:00,108.37000000000373,82.57367601246094,25.79632398754279
2023-12-25 19:00:00,125.39000000000026,112.87928571428817,12.510714285712083
2023-12-25 20:00:00,110.38000000000258,94.39002638470537,15.989973615297217
2023-12-25 21:00:00,111.2099999999991,94.39002638470537,16.819973615293733
2023-12-25 22:00:00,107.90999999999676,94.39002638470537,13.519973615291391
2023-12-25 23:00:00,88.97000000001051,64.10844551282017,24.861554487190347
2023-12-26 00:00:00,75.88999999999268,67.11016164233827,8.779838357654413
2023-12-26 01:00:00,67.88000000000005,65.96999999999956,1.910000000000494
2023-12-26 02:00:00,51.549999999999216,52.557873563218756,-1.0078735632195404
2023-12-26 03:00:00,47.95000000000175,47.63720306513405,0.31279693486769844
2023-12-26 04:00:00,44.02000000000038,47.63720306513405,-3.6172030651336726
2023-12-26 05:00:00,44.44000000000136,47.63720306513405,-3.1972030651326904
2023-12-26 06:00:00,48.759999999995955,47.63720306513405,1.1227969348619027
2023-12-26 07:00:00,59.80000000000035,57.58416666666662,2.215833333333734
2023-12-26 08:00:00,69.90999999999627,67.66864679267474,2.241353207321538
2023-12-26 09:00:00,68.62999999999846,70.78777104503305,-2.1577710450345933
2023-12-26 10:00:00,62.75000000000017,67.11016164233827,-4.360161642338099
2023-12-26 11:00:00,57.37000000000336,55.39161495080987,1.9783850491934913
2023-12-26 12:00:00,60.919999999998424,55.39161495080987,5.528385049188557
2023-12-26 13:00:00,59.590000000001055,67.11016164233827,-7.520161642337214
2023-12-26 14:00:00,58.43999999999312,55.39161495080987,3.0483850491832527
2023-12-26 15:00:00,57.79000000000718,62.45111111111098,-4.6611111111038
2023-12-26 16:00:00,57.139999999996064,79.6701923076925,-22.53019230769644
2023-12-26 17:00:00,80.48999999999683,87.96747747747717,-7.477477477480349
2023-12-26 18:00:00,96.85000000000123,67.11016164233827,29.73983835766296
2023-12-26 19:00:00,108.13999999999592,87.96747747747717,20.172522522518747
2023-12-26 20:00:00,102.07999999999262,94.39002638470537,7.689973615287258
2023-12-26 21:00:00,103.50000000000435,102.98094086021506,0.5190591397892916
2023-12-26 22:00:00,101.44000000000196,102.98094086021506,-1.540940860213098
2023-12-26 23:00:00,87.5999999999951,94.39002638470537,-6.790026384710259
2023-12-27 00:00:00,74.44000000000375,76.65033691062638,-2.2103369106226296
2023-12-27 01:00:00,67.4599999999918,65.96999999999956,1.4899999999922358
2023-12-27 02:00:00,51.60999999999933,54.90755555555574,-3.297555555556407
2023-12-27 03:00:00,48.340000000003045,47.63720306513405,0.7027969348689922
2023-12-27 04:00:00,47.25999999999766,47.63720306513405,-0.377203065136392
2023-12-27 05:00:00,43.559999999997274,43.52916282038405,0.030837179613222077
2023-12-27 06:00:00,46.900000000005946,47.63720306513405,-0.7372030651281065
2023-12-27 07:00:00,56.82000000001062,57.58416666666662,-0.7641666666559956
2023-12-27 08:00:00,71.91999999999128,67.66864679267474,4.251353207316541
2023-12-27 09:00:00,68.18999999999636,70.78777104503305,-2.597771045036694
2023-12-27 10:00:00,57.34999999999769,55.39161495080987,1.9583850491878252
2023-12-27 11:00:00,52.609999999993306,55.39161495080987,-2.781614950816561
2023-12-27 12:00:00,57.860000000010984,55.39161495080987,2.4683850492011175
2023-12-27 13:00:00,62.5299999999939,55.39161495080987,7.138385049184031
2023-12-27 14:00:00,65.79000000000354,55.39161495080987,10.398385049193678
2023-12-27 15:00:00,59.860000000000824,55.39161495080987,4.468385049190957
2023-12-27 16:00:00,56.82000000000136,55.39161495080987,1.4283850491914905
2023-12-27 17:00:00,64.68000000000023,64.31904255319142,0.36095744680881126
2023-12-27 18:00:00,86.44000000000378,80.05565217391269,6.384347826091087
2023-12-27 19:00:00,111.59999999999283,87.96747747747717,23.632522522515657
2023-12-27 20:00:00,102.14999999999694,94.39002638470537,7.759973615291571
2023-12-27 21:00:00,96.63000000000224,94.39002638470537,2.2399736152968757
2023-12-27 22:00:00,101.42999999999981,94.39002638470537,7.039973615294443
2023-12-27 23:00:00,93.72999999999328,87.96747747747717,5.762522522516107
2023-12-28 00:00:00,77.63999999999913,73.28225352112676,4.357746478872372
2023-12-28 01:00:00,71.45000000000255,65.16952432265936,6.2804756773431905
2023-12-28 02:00:00,51.330000000001576,49.91607142857127,1.4139285714303043
2023-12-28 03:00:00,48.169999999994786,43.52916282038405,4.640837179610735
2023-12-28 04:00:00,47.110000000016555,43.52916282038405,3.5808371796325034
2023-12-28 05:00:00,47.689999999998236,43.52916282038405,4.160837179614184
2023-12-28 06:00:00,47.86999999998619,43.52916282038405,4.34083717960214
2023-12-28 07:00:00,57.97000000000305,64.06169230769231,-6.091692307689264
2023-12-28 08:00:00,69.51999999999198,67.66864679267474,1.8513532073172456
2023-12-28 09:00:00,67.13999999999282,70.78777104503305,-3.64777104504023
2023-12-28 10:00:00,59.08000000000817,55.39161495080987,3.6883850491983026
2023-12-28 11:00:00,53.919999999995014,55.39161495080987,-1.4716149508148533
2023-12-28 12:00:00,51.120000000000516,55.39161495080987,-4.271614950809351
2023-12-28 13:00:00,59.430000000007624,62.45111111111098,-3.021111111103359
2023-12-28 14:00:00,55.359999999998536,62.45111111111098,-7.091111111112447
2023-12-28 15:00:00,59.92000000000355,55.39161495080987,4.52838504919368
2023-12-28 16:00:00,59.149999999997306,67.11016164233827,-7.960161642340964
2023-12-28 17:00:00,71.71999999999815,76.65033691062638,-4.9303369106282275
2023-12-28 18:00:00,89.79000000000403,87.7070754716981,2.0829245283059237
2023-12-28 19:00:00,108.09000000000336,94.39002638470537,13.699973615297992
2023-12-28 20:00:00,102.64999999999097,94.39002638470537,8.259973615285602
2023-12-28 21:00:00,102.5300000000037,94.39002638470537,8.13997361529833
2023-12-28 22:00:00,104.63999999999461,94.39002638470537,10.24997361528925
2023-12-28 23:00:00,91.39000000000706,95.9599999999994,-4.5699999999923335
2023-12-29 00:00:00,79.41999999999865,73.10727272727283,6.312727272725823
2023-12-29 01:00:00,62.274999999991394,73.10727272727283,-10.832272727281435
2023-12-29 02:00:00,51.31999999999749,52.557873563218756,-1.2378735632212639
2023-12-29 03:00:00,48.510000000004766,47.63720306513405,0.8727969348707134
2023-12-29 04:00:00,46.559999999995114,47.63720306513405,-1.0772030651389386
2023-12-29 05:00:00,43.970000000001676,43.52916282038405,0.44083717961762403
2023-12-29 06:00:00,47.81000000000171,43.52916282038405,4.280837179617656
2023-12-29 07:00:00,57.34999999999088,57.58416666666662,-0.2341666666757405
2023-12-29 08:00:00,73.9600000000105,67.66864679267474,6.29135320733576
2023-12-29 09:00:00,65.87999999998925,67.66864679267474,-1.7886467926854834
2023-12-29 10:00:00,56.23999999999495,55.39161495080987,0.8483850491850831
2023-12-29 11:00:00,55.80000000001377,55.39161495080987,0.4083850492039005
2023-12-29 12:00:00,57.01999999999413,55.39161495080987,1.62838504918426
2023-12-29 13:00:00,59.280000000004065,67.11016164233827,-7.830161642334204
2023-12-29 14:00:00,66.84999999999849,71.35411602209948,-4.5041160221009875
2023-12-29 15:00:00,65.61000000000132,67.42064327485359,-1.8106432748522678
2023-12-29 16:00:00,60.99999999999609,67.11016164233827,-6.110161642342177
2023-12-29 17:00:00,67.92000000000439,67.11016164233827,0.8098383576661234
2023-12-29 18:00:00,86.66000000000415,87.7070754716981,-1.047075471693958
2023-12-29 19:00:00,94.40000000000256,94.39002638470537,0.009973615297198535
2023-12-29 20:00:00,102.34000000000023,103.34666666666719,-1.006666666666959
2023-12-29 21:00:00,90.98999999999839,87.96747747747717,3.0225225225212142
2023-12-29 22:00:00,89.49000000000163,94.39002638470537,-4.900026384703736
2023-12-29 23:00:00,84.35499999998893,87.96747747747717,-3.612477477488241
2023-12-30 00:00:00,81.5900000000051,75.24729885057499,6.342701149430113
2023-12-30 01:00:00,72.43000000000104,64.79000000000006,7.640000000000981
2023-12-30 02:00:00,52.58999999999787,52.557873563218756,0.03212643677911586
2023-12-30 03:00:00,48.3800000000004,43.52916282038405,4.850837179616349
2023-12-30 04:00:00,45.41999999999865,47.06774725274714,-1.6477472527484878
2023-12-30 05:00:00,44.37000000000256,43.52916282038405,0.8408371796185108
2023-12-30 06:00:00,43.99999999999994,47.63720306513405,-3.637203065134109
2023-12-30 07:00:00,48.20999999999515,75.24729885057499,-27.037298850579845
2023-12-30 08:00:00,56.35000000000872,60.339511535421316,-3.9895115354125963
2023-12-30 09:00:00,72.82999999999384,77.72993055555564,-4.899930555561795
2023-12-30 10:00:00,77.00000000000927,77.72993055555564,-0.7299305555463746
2023-12-30 11:00:00,80.80999999999872,67.66864679267474,13.141353207323988
2023-12-30 12:00:00,77.86000000000622,76.65033691062638,1.2096630893798448
2023-12-30 13:00:00,82.34999999999599,67.42064327485359,14.929356725142398
2023-12-30 14:00:00,75.04999999999959,76.65033691062638,-1.600336910626794
2023-12-30 15:00:00,81.51999999999681,64.80274879227063,16.71725120772618
2023-12-30 16:00:00,80.09999999999624,99.25000000000047,-19.150000000004226
2023-12-30 17:00:00,87.42000000000878,76.65033691062638,10.769663089382405
2023-12-30 18:00:00,92.50999999999087,132.30083333333303,-39.790833333342164
2023-12-30 19:00:00,102.09000000000114,94.39002638470537,7.699973615295775
2023-12-30 20:00:00,100.99000000000413,110.64078947368485,-9.650789473680717
2023-12-30 21:00:00,97.36000000000533,168.09999999999854,-70.73999999999322
2023-12-30 22:00:00,102.91999999998879,94.39002638470537,8.529973615283424
2023-12-30 23:00:00,87.51999999999586,95.9599999999994,-8.440000000003536
2023-12-31 00:00:00,77.93999999999684,75.24729885057499,2.6927011494218505
2023-12-31 01:00:00,71.61000000001026,75.24729885057499,-3.637298850564733
2023-12-31 02:00:00,56.469999999996794,75.24729885057499,-18.777298850578198
2023-12-31 03:00:00,49.33999999999463,47.63720306513405,1.7027969348605794
2023-12-31 04:00:00,45.12000000000427,43.52916282038405,1.590837179620216
2023-12-31 05:00:00,41.489999999996485,43.52916282038405,-2.039162820387567
2023-12-31 06:00:00,40.82000000001079,52.557873563218756,-11.737873563207962
2023-12-31 07:00:00,49.19999999999703,43.52916282038405,5.670837179612981
2023-12-31 08:00:00,58.235000000002344,60.339511535421316,-2.104511535418972
2023-12-31 09:00:00,63.96999999999287,67.66864679267474,-3.6986467926818634
2023-12-31 10:00:00,74.27000000000174,71.35411602209948,2.9158839779022685
2023-12-31 11:00:00,76.9300000000099,71.35411602209948,5.575883977910422
2023-12-31 12:00:00,75.65999999999889,74.82856435643554,0.8314356435633528
2023-12-31 13:00:00,74.51999999998822,64.31904255319142,10.200957446796792
2023-12-31 14:00:00,76.84000000001278,71.35411602209948,5.4858839779133035
2023-12-31 15:00:00,76.19999999999115,62.45111111111098,13.748888888880167
2023-12-31 16:00:00,77.60999999999893,83.10142857142826,-5.491428571429324
2023-12-31 17:00:00,75.97999999999655,66.23910256410272,9.740897435893828
2023-12-31 18:00:00,85.78499999999718,66.23910256410272,19.54589743589446
2023-12-31 19:00:00,96.73000000000846,106.84399999999914,-10.113999999990682
2023-12-31 20:00:00,99.32999999999399,110.64078947368485,-11.31078947369086
2023-12-31 21:00:00,96.14999999999154,110.64078947368485,-14.490789473693312
2023-12-31 22:00:00,90.6599999999964,110.64078947368485,-19.980789473688446
2023-12-31 23:00:00,87.38000000000571,110.64078947368485,-23.26078947367914
2024-01-01 00:00:00,82.10000000000122,87.76750000000077,-5.667499999999549
2024-01-01 01:00:00,73.5300000000067,75.24729885057499,-1.717298850568298
2024-01-01 02:00:00,54.64999999999003,47.63720306513405,7.012796934855977
2024-01-01 03:00:00,48.1900000000137,47.63720306513405,0.5527969348796447
2024-01-01 04:00:00,43.73999999999393,47.63720306513405,-3.8972030651401255
2024-01-01 05:00:00,41.840000000009184,47.63720306513405,-5.797203065124869
2024-01-01 06:00:00,40.379999999990275,47.63720306513405,-7.257203065143777
2024-01-01 07:00:00,46.449999999998056,57.58416666666662,-11.134166666668563
2024-01-01 08:00:00,54.029999999997926,64.10844551282017,-10.078445512822242
2024-01-01 09:00:00,62.069999999997954,67.79691964285698,-5.726919642859023
2024-01-01 10:00:00,71.47000000000602,73.96166666666643,-2.4916666666604073
2024-01-01 11:00:00,71.87000000000486,74.49263888888912,-2.6226388888842536
2024-01-01 12:00:00,88.29000000000266,74.49263888888912,13.797361111113545
2024-01-01 13:00:00,85.87999999999525,71.35411602209948,14.525883977895774
2024-01-01 14:00:00,74.43000000000093,87.24499999999968,-12.814999999998747
2024-01-01 15:00:00,75.8000000000031,74.49263888888912,1.307361111113977
2024-01-01 16:00:00,75.8500000000002,64.10844551282017,11.741554487180025
2024-01-01 17:00:00,83.54999999999976,67.11016164233827,16.439838357661486
2024-01-01 18:00:00,92.83999999999499,71.35411602209948,21.48588397789551
2024-01-01 19:00:00,101.35000000000375,94.39002638470537,6.959973615298381
2024-01-01 20:00:00,103.47999999999931,94.39002638470537,9.089973615293943
2024-01-01 21:00:00,105.8100000000089,94.39002638470537,11.419973615303533
2024-01-01 22:00:00,106.97999999999914,94.39002638470537,12.589973615293772
2024-01-01 23:00:00,84.87000000000054,87.24499999999968,-2.374999999999133
2024-01-02 00:00:00,76.1800000000039,75.24729885057499,0.9327011494289081
2024-01-02 01:00:00,64.73999999999859,65.16952432265936,-0.4295243226607681
2024-01-02 02:00:00,50.38999999999385,49.91607142857127,0.47392857142257583
2024-01-02 03:00:00,46.78000000000492,43.52916282038405,3.2508371796208664
2024-01-02 04:00:00,44.189999999998975,43.52916282038405,0.6608371796149228
2024-01-02 05:00:00,43.81999999999374,47.63720306513405,-3.817203065140312
2024-01-02 06:00:00,49.19000000001091,47.63720306513405,1.5527969348768593
2024-01-02 07:00:00,61.099999999997976,57.58416666666662,3.515833333331358
2024-01-02 08:00:00,69.11000000001764,60.339511535421316,8.770488464596319
2024-01-02 09:00:00,71.46999999999542,60.339511535421316,11.130488464574107
2024-01-02 10:00:00,63.5600000000025,55.39161495080987,8.168385049192636
2024-01-02 11:00:00,59.6400000000051,55.39161495080987,4.248385049195235
2024-01-02 12:00:00,64.65999999999786,56.82094827586189,7.839051724135977
2024-01-02 13:00:00,65.99999999999744,55.39161495080987,10.608385049187575
2024-01-02 14:00:00,64.6849999999967,55.39161495080987,9.293385049186838
2024-01-02 15:00:00,60.259999999999145,67.66864679267474,-7.40864679267559
2024-01-02 16:00:00,71.18000000000211,67.66864679267474,3.5113532073273745
2024-01-02 17:00:00,66.82999999999373,60.339511535421316,6.490488464572415
2024-01-02 18:00:00,82.37999999999724,67.66864679267474,14.711353207322503
2024-01-02 19:00:00,99.08999999999807,94.39002638470537,4.699973615292706
2024-01-02 20:00:00,101.96000000000791,94.39002638470537,7.569973615302544
2024-01-02 21:00:00,99.89999999999802,94.39002638470537,5.509973615292651
2024-01-02 22:00:00,97.73000000000044,94.39002638470537,3.3399736152950794
2024-01-02 23:00:00,86.48000000000033,94.39002638470537,-7.910026384705034
2024-01-03 00:00:00,76.22999999999952,73.28225352112676,2.9477464788727588
2024-01-03 01:00:00,72.63999999999898,73.10727272727283,-0.4672727272738513
2024-01-03 02:00:00,49.68999999999875,49.91607142857127,-0.22607142857252427
2024-01-03 03:00:00,45.259999999991976,43.52916282038405,1.7308371796079243
2024-01-03 04:00:00,43.98000000001349,46.36297405984513,-2.382974059831639
2024-01-03 05:00:00,45.04999999999313,43.52916282038405,1.5208371796090816
2024-01-03 06:00:00,46.500000000004384,46.36297405984513,0.13702594015925484
2024-01-03 07:00:00,55.17999999999347,57.58416666666662,-2.4041666666731487
2024-01-03 08:00:00,70.17999999999228,70.78777104503305,-0.6077710450407778
2024-01-03 09:00:00,70.99000000000734,70.78777104503305,0.20222895497428794
2024-01-03 10:00:00,60.94999999999345,61.018463021778345,-0.06846302178489339
2024-01-03 11:00:00,62.249999999997215,55.39161495080987,6.858385049187348
2024-01-03 12:00:00,58.680000000001485,55.39161495080987,3.288385049191618
2024-01-03 13:00:00,64.02000000000311,55.39161495080987,8.628385049193241
2024-01-03 14:00:00,66.74999999999126,55.39161495080987,11.358385049181393
2024-01-03 15:00:00,55.13000000000642,55.39161495080987,-0.2616149508034482
2024-01-03 16:00:00,60.47000000000412,55.39161495080987,5.078385049194253
2024-01-03 17:00:00,71.53000000000503,69.57125925925938,1.9587407407456539
2024-01-03 18:00:00,80.41999999999345,80.05565217391269,0.3643478260807598
2024-01-03 19:00:00,103.1200000000047,94.39002638470537,8.729973615299329
2024-01-03 20:00:00,102.18000000000049,94.39002638470537,7.789973615295125
2024-01-03 21:00:00,98.97999999999158,94.39002638470537,4.589973615286212
2024-01-03 22:00:00,94.86000000000635,94.39002638470537,0.4699736153009866
2024-01-03 23:00:00,91.92999999999668,89.7614608990136,2.1685391009830823
2024-01-04 00:00:00,76.24000000000122,73.28225352112676,2.957746478874455
2024-01-04 01:00:00,60.24000000000632,75.24729885057499,-15.007298850568674
2024-01-04 02:00:00,51.24999999999631,49.91607142857127,1.3339285714250408
2024-01-04 03:00:00,51.02999999999833,47.06774725274714,3.962252747251192
2024-01-04 04:00:00,44.70000000000459,43.52916282038405,1.1708371796205412
2024-01-04 05:00:00,43.10999999999598,43.52916282038405,-0.41916282038807395
2024-01-04 06:00:00,48.61999999999722,46.36297405984513,2.25702594015209
2024-01-04 07:00:00,61.25000000000404,57.58416666666662,3.6658333333374244
2024-01-04 08:00:00,70.44000000000223,70.78777104503305,-0.3477710450308251
2024-01-04 09:00:00,69.00000000000199,64.87138461538505,4.128615384616936
2024-01-04 10:00:00,66.17999999999955,55.39161495080987,10.788385049189685
2024-01-04 11:00:00,55.78999999999843,55.39161495080987,0.3983850491885619
2024-01-04 12:00:00,55.66999999999456,55.39161495080987,0.278385049184692
2024-01-04 13:00:00,60.220000000001846,55.39161495080987,4.828385049191979
2024-01-04 14:00:00,57.21000000000192,67.66864679267474,-10.458646792672816
2024-01-04 15:00:00,57.759999999997895,55.39161495080987,2.368385049188028
2024-01-04 16:00:00,59.03000000000731,67.11016164233827,-8.080161642330957
2024-01-04 17:00:00,66.73999999999728,69.57125925925938,-2.8312592592620973
2024-01-04 18:00:00,81.16000000000186,76.65033691062638,4.509663089375479
2024-01-04 19:00:00,91.45000000000013,110.64078947368485,-19.190789473684717
2024-01-04 20:00:00,98.35999999999828,94.39002638470537,3.969973615292915
2024-01-04 21:00:00,100.9299999999964,94.39002638470537,6.539973615291032
2024-01-04 22:00:00,102.10000000000733,94.39002638470537,7.709973615301962
2024-01-04 23:00:00,96.09999999999238,87.96747747747717,8.132522522515202
2024-01-05 00:00:00,84.29999999999492,73.10727272727283,11.192727272722095
2024-01-05 01:00:00,69.19000000000443,65.96999999999956,3.220000000004873
2024-01-05 02:00:00,51.770000000005396,52.557873563218756,-0.7878735632133598
2024-01-05 03:00:00,46.62999999999539,43.52916282038405,3.1008371796113394
2024-01-05 04:00:00,44.109999999996205,47.63720306513405,-3.527203065137847
2024-01-05 05:00:00,47.09999999999917,43.52916282038405,3.5708371796151184
2024-01-05 06:00:00,48.16000000000423,46.36297405984513,1.7970259401591022
2024-01-05 07:00:00,44.90999999999737,57.58416666666662,-12.674166666669251
2024-01-05 08:00:00,68.38000000000028,67.66864679267474,0.7113532073255442
2024-01-05 09:00:00,77.84000000000088,64.87138461538505,12.96861538461583
2024-01-05 10:00:00,68.78000000000003,55.39161495080987,13.388385049190163
2024-01-05 11:00:00,58.45000000000278,55.39161495080987,3.058385049192914
2024-01-05 12:00:00,59.80999999999375,55.39161495080987,4.4183850491838825
2024-01-05 13:00:00,56.67500000001094,55.39161495080987,1.2833850492010725
2024-01-05 14:00:00,59.53999999999422,55.39161495080987,4.1483850491843555
2024-01-05 15:00:00,62.10000000000264,55.39161495080987,6.708385049192771
2024-01-05 16:00:00,56.08000000000658,55.39161495080987,0.688385049196711
2024-01-05 17:00:00,61.39499999999356,60.339511535421316,1.0554884645722424
2024-01-05 18:00:00,79.80000000000514,87.7070754716981,-7.907075471692963
2024-01-05 19:00:00,95.66999999999425,94.39002638470537,1.2799736152888812
2024-01-05 20:00:00,93.30000000000294,94.39002638470537,-1.0900263847024263
2024-01-05 21:00:00,96.19000000000355,94.39002638470537,1.7999736152981853
2024-01-05 22:00:00,95.71999999999113,94.39002638470537,1.3299736152857662
2024-01-05 23:00:00,91.11000000000169,94.39002638470537,-3.2800263847036746
2024-01-06 00:00:00,83.23000000000079,87.96747747747717,-4.737477477476389
2024-01-06 01:00:00,73.65499999999295,65.16952432265936,8.485475677333596
2024-01-06 02:00:00,58.820000000005564,54.90755555555574,3.912444444449825
2024-01-06 03:00:00,49.750000000003695,43.52916282038405,6.220837179619643
2024-01-06 04:00:00,47.73999999999995,47.06774725274714,0.6722527472528128
2024-01-06 05:00:00,45.64999999998929,43.52916282038405,2.120837179605239
2024-01-06 06:00:00,50.1500000000014,47.63720306513405,2.512796934867346
2024-01-06 07:00:00,50.28000000000793,57.58416666666662,-7.304166666658688
2024-01-06 08:00:00,64.26000000000141,57.70809523809509,6.5519047619063215
2024-01-06 09:00:00,78.96000000000447,67.79691964285698,11.163080357147493
2024-01-06 10:00:00,72.99999999999382,83.10142857142826,-10.10142857143444
2024-01-06 11:00:00,71.40000000000812,74.82856435643554,-3.4285643564274153
2024-01-06 12:00:00,91.60999999999578,68.31000000000006,23.29999999999572
2024-01-06 13:00:00,78.55000000000275,71.35411602209948,7.195883977903279
2024-01-06 14:00:00,83.09000000000654,67.11016164233827,15.979838357668271
2024-01-06 15:00:00,75.02999999999207,66.23910256410272,8.790897435889349
2024-01-06 16:00:00,70.59999999999803,60.339511535421316,10.260488464576717
2024-01-06 17:00:00,70.42999999999978,82.57367601246094,-12.143676012461157
2024-01-06 18:00:00,87.2500000000012,64.10844551282017,23.141554487181025
2024-01-06 19:00:00,101.36999999999126,94.39002638470537,6.9799736152859
2024-01-06 20:00:00,98.14500000000609,94.39002638470537,3.7549736153007274
2024-01-06 21:00:00,107.93999999999878,94.39002638470537,13.54997361529341
2024-01-06 22:00:00,95.269999999997,96.03166666666634,-0.7616666666693419
2024-01-06 23:00:00,86.46999999999856,89.7614608990136,-3.2914608990150356
2024-01-07 00:00:00,79.19000000000298,67.11016164233827,12.079838357664713
2024-01-07 01:00:00,69.9599999999977,60.584916967508896,9.37508303248881
2024-01-07 02:00:00,55.649999999998336,64.06169230769231,-8.411692307693976
2024-01-07 03:00:00,49.80999999999858,52.557873563218756,-2.7478735632201747
2024-01-07 04:00:00,48.220000000004525,43.52916282038405,4.690837179620473
2024-01-07 05:00:00,43.2000000000009,43.52916282038405,-0.3291628203831536
2024-01-07 06:00:00,43.92999999999773,43.52916282038405,0.40083717961368137
2024-01-07 07:00:00,45.05000000000365,43.52916282038405,1.5208371796195976
2024-01-07 08:00:00,55.61999999999989,57.70809523809509,-2.0880952380951996
2024-01-07 09:00:00,70.76000000000687,67.79691964285698,2.9630803571498916
2024-01-07 10:00:00,79.13999999998823,60.339511535421316,18.800488464566918
2024-01-07 11:00:00,72.3900000000138,71.35411602209948,1.0358839779143239
2024-01-07 12:00:00,84.31999999999036,67.11016164233827,17.20983835765209
2024-01-07 13:00:00,81.7900000000043,67.11016164233827,14.679838357666029
2024-01-07 14:00:00,76.65999999999707,72.07929824561485,4.580701754382218
2024-01-07 15:00:00,75.27999999999548,72.07929824561485,3.2007017543806313
2024-01-07 16:00:00,72.94999999999567,71.35411602209948,1.595883977896193
2024-01-07 17:00:00,83.85000000000574,82.57367601246094,1.2763239875447994
2024-01-07 18:00:00,98.9699999999959,89.65304347826041,9.316956521735491
2024-01-07 19:00:00,115.8100000000014,94.39002638470537,21.41997361529603
2024-01-07 20:00:00,108.6000000000017,94.39002638470537,14.209973615296335
2024-01-07 21:00:00,106.11999999999992,87.24499999999968,18.87500000000024
2024-01-07 22:00:00,100.46999999999352,94.39002638470537,6.079973615288154
2024-01-07 23:00:00,92.02000000000041,60.02277777777816,31.99722222222225
2024-01-08 00:00:00,76.1899999999984,72.16636363636346,4.0236363636349495
2024-01-08 01:00:00,67.8900000000097,65.16952432265936,2.7204756773503505
2024-01-08 02:00:00,51.98999999999364,54.90755555555574,-2.917555555562096
2024-01-08 03:00:00,48.5499999999973,43.52916282038405,5.020837179613245
2024-01-08 04:00:00,46.59000000000418,43.52916282038405,3.0608371796201297
2024-01-08 05:00:00,44.21999999999997,64.06169230769231,-19.84169230769234
2024-01-08 06:00:00,48.139999999996064,47.63720306513405,0.5027969348620118
2024-01-08 07:00:00,54.65999999999804,57.58416666666662,-2.924166666668576
2024-01-08 08:00:00,66.5800000000083,70.78777104503305,-4.2077710450247565
2024-01-08 09:00:00,64.82999999999453,76.65033691062638,-11.820336910631852
2024-01-08 10:00:00,62.23000000000542,67.11016164233827,-4.880161642332851
2024-01-08 11:00:00,56.23499999999922,64.10844551282017,-7.87344551282095
2024-01-08 12:00:00,57.71999999999929,67.11016164233827,-9.390161642338981
2024-01-08 13:00:00,70.66000000000366,67.11016164233827,3.5498383576653936
2024-01-08 14:00:00,61.99999999999233,60.339511535421316,1.6604884645710172
2024-01-08 15:00:00,61.09500000000157,60.339511535421316,0.7554884645802531
2024-01-08 16:00:00,61.48000000000049,60.339511535421316,1.140488464579171
2024-01-08 17:00:00,63.78999999999957,60.339511535421316,3.4504884645782568
2024-01-08 18:00:00,84.91999999999956,60.339511535421316,24.580488464578245
2024-01-08 19:00:00,94.59999999999408,96.03166666666634,-1.4316666666722568
2024-01-08 20:00:00,106.73000000000437,94.39002638470537,12.339973615299002
2024-01-08 21:00:00,101.35000000000272,94.39002638470537,6.959973615297358
2024-01-08 22:00:00,93.31999999999309,94.39002638470537,-1.0700263847122784
2024-01-08 23:00:00,87.37000000000168,89.7614608990136,-2.3914608990119177
2024-01-09 00:00:00,73.96999999999896,85.730000000001,-11.760000000002037
2024-01-09 01:00:00,68.0399999999945,76.57857142857122,-8.538571428576716
2024-01-09 02:00:00,49.290000000013094,51.005579710145774,-1.7155797101326797
2024-01-09 03:00:00,46.39999999999412,43.52916282038405,2.8708371796100707
2024-01-09 04:00:00,45.110000000003936,43.52916282038405,1.5808371796198841
2024-01-09 05:00:00,42.93499999999847,43.52916282038405,-0.5941628203855842
2024-01-09 06:00:00,47.95999999999748,47.63720306513405,0.3227969348634261
2024-01-09 07:00:00,56.349999999995305,57.58416666666662,-1.2341666666713138
2024-01-09 08:00:00,67.41000000000265,67.66864679267474,-0.25864679267208146
2024-01-09 09:00:00,73.9899999999916,70.78777104503305,3.2022289549585423
2024-01-09 10:00:00,65.30999999999932,55.39161495080987,9.918385049189453
2024-01-09 11:00:00,66.12499999999585,60.02277777777816,6.102222222217691
2024-01-09 12:00:00,65.37999999999982,55.39161495080987,9.988385049189958
2024-01-09 13:00:00,63.47000000000874,60.02277777777816,3.447222222230579
2024-01-09 14:00:00,65.29999999999495,55.39161495080987,9.908385049185085
2024-01-09 15:00:00,67.53000000000048,64.31904255319142,3.2109574468090614
2024-01-09 16:00:00,65.37000000000279,69.57125925925938,-4.201259259256588
2024-01-09 17:00:00,72.1799999999966,94.97941176470557,-22.799411764708978
2024-01-09 18:00:00,92.62000000000657,76.65033691062638,15.969663089380191
2024-01-09 19:00:00,102.98999999999867,79.6701923076925,23.31980769230617
2024-01-09 20:00:00,108.39999999999898,94.39002638470537,14.009973615293617
2024-01-09 21:00:00,103.04000000000232,94.39002638470537,8.649973615296958
2024-01-09 22:00:00,100.90000000000643,94.39002638470537,6.509973615301064
2024-01-09 23:00:00,97.34000000000165,88.880000000001,8.460000000000647
2024-01-10 00:00:00,78.06000000000469,73.28225352112676,4.77774647887793
2024-01-10 01:00:00,65.7299999999952,76.57857142857122,-10.848571428576022
2024-01-10 02:00:00,51.47000000000691,52.557873563218756,-1.0878735632118435
2024-01-10 03:00:00,52.4399999999975,43.52916282038405,8.910837179613445
2024-01-10 04:00:00,44.63999999999436,43.52916282038405,1.1108371796103071
2024-01-10 05:00:00,42.96000000000464,47.63720306513405,-4.677203065129412
2024-01-10 06:00:00,46.949999999999534,46.36297405984513,0.5870259401544047
2024-01-10 07:00:00,61.190000000010116,57.58416666666662,3.6058333333434973
2024-01-10 08:00:00,68.12999999999671,67.66864679267474,0.46135320732197727
2024-01-10 09:00:00,75.31000000000446,70.78777104503305,4.5222289549714105
2024-01-10 10:00:00,70.60999999998951,69.57125925925938,1.038740740730134
2024-01-10 11:00:00,67.15000000000958,67.66864679267474,-0.5186467926651517
2024-01-10 12:00:00,73.45999999999634,55.39161495080987,18.068385049186475
2024-01-10 13:00:00,61.67000000000337,64.10844551282017,-2.4384455128167986
2024-01-10 14:00:00,57.90999999999639,64.10844551282017,-6.198445512823781
2024-01-10 15:00:00,54.040000000000134,64.10844551282017,-10.068445512820034
2024-01-10 16:00:00,60.71000000000515,62.45111111111098,-1.7411111111058304
2024-01-10 17:00:00,61.349999999993145,64.31904255319142,-2.9690425531982783
2024-01-10 18:00:00,71.92999999999228,87.96747747747717,-16.0374774774849
2024-01-10 19:00:00,101.4000000000087,103.34666666666719,-1.946666666658487
2024-01-10 20:00:00,110.16999999999447,94.39002638470537,15.779973615289109
2024-01-10 21:00:00,97.88000000000218,94.39002638470537,3.489973615296819
2024-01-10 22:00:00,98.39000000000189,94.39002638470537,3.9999736152965255
2024-01-10 23:00:00,102.24999999999667,87.96747747747717,14.2825225225195
2024-01-11 00:00:00,79.04999999998606,73.28225352112676,5.767746478859294
2024-01-11 01:00:00,71.36499999998388,65.16952432265936,6.195475677324524
2024-01-11 02:00:00,51.87000000001019,51.005579710145774,0.8644202898644124
2024-01-11 03:00:00,49.15999999999457,52.557873563218756,-3.397873563224188
2024-01-11 04:00:00,46.300000000001376,43.52916282038405,2.770837179617324
2024-01-11 05:00:00,43.67999999999864,43.52916282038405,0.15083717961459087
2024-01-11 06:00:00,48.380000000003065,43.52916282038405,4.850837179619013
2024-01-11 07:00:00,58.62000000000518,57.58416666666662,1.0358333333385588
2024-01-11 08:00:00,67.60500000000702,69.57125925925938,-1.9662592592523538
2024-01-11 09:00:00,76.23999999999756,64.87138461538505,11.36861538461251
2024-01-11 10:00:00,69.54999999999656,64.10844551282017,5.44155448717639
2024-01-11 11:00:00,62.5000000000021,60.339511535421316,2.160488464580787
2024-01-11 12:00:00,63.39999999999344,86.14319148936151,-22.743191489368073
2024-01-11 13:00:00,65.4049999999915,86.14319148936151,-20.73819148937001
2024-01-11 14:00:00,62.69000000000352,56.82094827586189,5.8690517241416345
2024-01-11 15:00:00,60.840000000007194,71.35411602209948,-10.514116022092281
2024-01-11 16:00:00,61.18999999999784,86.14319148936151,-24.953191489363675
2024-01-11 17:00:00,67.04000000000116,64.31904255319142,2.7209574468097344
2024-01-11 18:00:00,74.20999999999839,76.65033691062638,-2.440336910627991
2024-01-11 19:00:00,97.26000000000752,94.39002638470537,2.8699736153021576
2024-01-11 20:00:00,106.9700000000008,94.39002638470537,12.57997361529543
2024-01-11 21:00:00,98.81999999999451,94.39002638470537,4.429973615289143
2024-01-11 22:00:00,103.6799999999968,94.39002638470537,9.28997361529143
2024-01-11 23:00:00,102.11000000000169,94.39002638470537,7.719973615296325
2024-01-12 00:00:00,85.46000000000274,73.28225352112676,12.177746478875974
2024-01-12 01:00:00,69.07499999998782,65.16952432265936,3.905475677328468
2024-01-12 02:00:00,53.50000000000182,51.005579710145774,2.494420289856045
2024-01-12 03:00:00,49.44000000000068,43.52916282038405,5.910837179616628
2024-01-12 04:00:00,50.35999999999769,43.52916282038405,6.8308371796136385
2024-01-12 05:00:00,44.62000000000074,43.52916282038405,1.0908371796166918
2024-01-12 06:00:00,50.15000000000407,47.63720306513405,2.5127969348700177
2024-01-12 07:00:00,57.899999999988665,57.58416666666662,0.3158333333220469
2024-01-12 08:00:00,65.50000000000836,73.03060000000065,-7.53059999999229
2024-01-12 09:00:00,68.89999999999743,64.31904255319142,4.580957446806011
2024-01-12 10:00:00,69.9199999999966,55.39161495080987,14.528385049186738
2024-01-12 11:00:00,61.26499999999778,55.39161495080987,5.87338504918791
2024-01-12 12:00:00,60.030000000001905,60.339511535421316,-0.3095115354194107
2024-01-12 13:00:00,67.40000000000003,64.10844551282017,3.291554487179866
2024-01-12 14:00:00,62.26000000000164,69.57125925925938,-7.311259259257739
2024-01-12 15:00:00,55.5800000000026,67.66864679267474,-12.088646792672137
2024-01-12 16:00:00,56.869999999994775,62.45111111111098,-5.581111111116208
2024-01-12 17:00:00,59.099999999999625,62.45111111111098,-3.351111111111358
2024-01-12 18:00:00,74.13000000000756,76.65033691062638,-2.5203369106188234
2024-01-12 19:00:00,90.03499999999607,94.39002638470537,-4.355026384709291
2024-01-12 20:00:00,96.7900000000025,87.96747747747717,8.822522522525318
2024-01-12 21:00:00,93.08000000000216,94.57916666666712,-1.4991666666649621
2024-01-12 22:00:00,85.99000000000052,94.39002638470537,-8.400026384704844
2024-01-12 23:00:00,88.62999999999894,87.96747747747717,0.662522522521769
2024-01-13 00:00:00,88.89999999999768,87.96747747747717,0.9325225225205003
2024-01-13 01:00:00,78.67999999999122,72.16636363636346,6.513636363627768
2024-01-13 02:00:00,56.64999999999458,51.005579710145774,5.644420289848803
2024-01-13 03:00:00,49.44000000000625,47.06774725274714,2.372252747259111
2024-01-13 04:00:00,48.3200000000017,47.06774725274714,1.252252747254559
2024-01-13 05:00:00,45.32999999999515,43.52916282038405,1.8008371796111007
2024-01-13 06:00:00,46.42999999999773,43.52916282038405,2.9008371796136814
2024-01-13 07:00:00,50.17000000001366,57.58416666666662,-7.41416666665296
2024-01-13 08:00:00,61.20999999998509,62.45111111111098,-1.2411111111258961
2024-01-13 09:00:00,72.0700000000017,67.93614583333354,4.133854166668158
2024-01-13 10:00:00,76.85000000000426,72.07929824561485,4.770701754389407
2024-01-13 11:00:00,80.73999999999417,75.24729885057499,5.492701149419176
2024-01-13 12:00:00,71.27000000001254,87.24499999999968,-15.974999999987133
2024-01-13 13:00:00,81.3699999999937,71.35411602209948,10.01588397789422
2024-01-13 14:00:00,76.43000000000247,75.24729885057499,1.1827011494274728
2024-01-13 15:00:00,71.5300000000031,64.06169230769231,7.468307692310788
2024-01-13 16:00:00,72.31000000000068,67.42064327485359,4.8893567251470955
2024-01-13 17:00:00,74.83999999999511,82.57367601246094,-7.733676012465821
2024-01-13 18:00:00,89.37999999999525,67.42064327485359,21.95935672514166
2024-01-13 19:00:00,104.79000000000221,94.39002638470537,10.399973615296844
2024-01-13 20:00:00,95.37999999999144,94.39002638470537,0.9899736152860754
2024-01-13 21:00:00,92.67999999999695,102.98094086021506,-10.300940860218105
2024-01-13 22:00:00,94.9500000000057,94.39002638470537,0.5599736153003363
2024-01-13 23:00:00,88.91999999999118,94.39002638470537,-5.470026384714188
2024-01-14 00:00:00,86.93000000000384,74.49263888888912,12.437361111114726
2024-01-14 01:00:00,78.26000000000904,60.584916967508896,17.675083032500147
2024-01-14 02:00:00,58.15999999999559,51.005579710145774,7.154420289849817
2024-01-14 03:00:00,49.259999999999025,47.06774725274714,2.192252747251885
2024-01-14 04:00:00,46.42000000000985,43.52916282038405,2.890837179625798
2024-01-14 05:00:00,43.579999999992026,43.52916282038405,0.05083717960797429
2024-01-14 06:00:00,42.570000000004654,43.52916282038405,-0.9591628203793974
2024-01-14 07:00:00,44.589999999995314,43.52916282038405,1.0608371796112621
2024-01-14 08:00:00,56.50000000000126,57.70809523809509,-1.2080952380938328
2024-01-14 09:00:00,65.48999999999927,67.93614583333354,-2.4461458333342705
2024-01-14 10:00:00,72.61000000001155,73.96166666666643,-1.3516666666548787
2024-01-14 11:00:00,79.98999999999813,75.60625000000218,4.383749999995956
2024-01-14 12:00:00,82.50999999999934,73.28225352112676,9.227746478872575
2024-01-14 13:00:00,90.99999999999986,71.35411602209948,19.645883977900382
2024-01-14 14:00:00,88.38999999999311,73.28225352112676,15.107746478866346
2024-01-14 15:00:00,91.96000000001115,87.96747747747717,3.9925225225339744
2024-01-14 16:00:00,88.31999999999707,87.96747747747717,0.3525225225198909
2024-01-14 17:00:00,86.00999999999607,82.57367601246094,3.4363239875351326
2024-01-14 18:00:00,106.79000000000318,82.57367601246094,24.21632398754224
2024-01-14 19:00:00,109.8499999999984,94.39002638470537,15.459973615293038
2024-01-14 20:00:00,108.6600000000038,94.39002638470537,14.26997361529844
2024-01-14 21:00:00,107.77499999999574,87.96747747747717,19.807522522518568
2024-01-14 22:00:00,108.26000000000411,96.03166666666634,12.228333333337773
2024-01-14 23:00:00,95.79999999999492,74.49263888888912,21.307361111105806
2024-01-15 00:00:00,79.40000000000583,75.24729885057499,4.15270114943084
2024-01-15 01:00:00,73.90000000000094,65.16952432265936,8.730475677341587
2024-01-15 02:00:00,52.95000000000403,48.56794454451889,4.382055455485144
2024-01-15 03:00:00,46.450000000006355,43.52916282038405,2.9208371796223034
2024-01-15 04:00:00,45.05999999999159,43.52916282038405,1.5308371796075377
2024-01-15 05:00:00,43.35999999999575,43.52916282038405,-0.16916282038830133
2024-01-15 06:00:00,48.99000000000018,46.36297405984513,2.6270259401550504
2024-01-15 07:00:00,53.85999999999797,57.58416666666662,-3.7241666666686513
2024-01-15 08:00:00,61.09000000000259,70.78777104503305,-9.697771045030464
2024-01-15 09:00:00,65.97999999999996,70.78777104503305,-4.807771045033093
2024-01-15 10:00:00,61.29000000001207,67.11016164233827,-5.820161642326198
2024-01-15 11:00:00,62.92999999999729,64.10844551282017,-1.1784455128228757
2024-01-15 12:00:00,67.09000000000742,60.02277777777816,7.067222222229262
2024-01-15 13:00:00,69.28999999998865,67.11016164233827,2.1798383576503824
2024-01-15 14:00:00,65.96000000000157,67.11016164233827,-1.1501616423366983
2024-01-15 15:00:00,60.3100000000025,67.11016164233827,-6.800161642335766
2024-01-15 16:00:00,55.859999999991835,55.39161495080987,0.4683850491819683
2024-01-15 17:00:00,62.340000000016005,69.57125925925938,-7.231259259243373
2024-01-15 18:00:00,78.62000000000587,76.65033691062638,1.9696630893794946
2024-01-15 19:00:00,103.29999999999356,94.39002638470537,8.909973615288195
2024-01-15 20:00:00,107.91000000000727,94.39002638470537,13.519973615301907
2024-01-15 21:00:00,97.43999999999753,94.39002638470537,3.04997361529216
2024-01-15 22:00:00,101.68999999999468,94.39002638470537,7.299973615289318
2024-01-15 23:00:00,90.81000000000695,89.7614608990136,1.0485391009933522
2024-01-16 00:00:00,78.16000000000375,79.6701923076925,-1.5101923076887545
2024-01-16 01:00:00,73.86999999999598,64.79000000000006,9.07999999999592
2024-01-16 02:00:00,53.15999999999741,48.56794454451889,4.592055455478523
2024-01-16 03:00:00,47.03000000000014,46.36297405984513,0.667025940155014
2024-01-16 04:00:00,44.040000000000475,46.36297405984513,-2.322974059844654
2024-01-16 05:00:00,42.850000000000136,47.63720306513405,-4.787203065133916
2024-01-16 06:00:00,46.40999999999707,47.06774725274714,-0.6577472527500703
2024-01-16 07:00:00,53.57000000000636,57.58416666666662,-4.014166666660259
2024-01-16 08:00:00,66.48000000000053,73.03060000000065,-6.5506000000001166
2024-01-16 09:00:00,66.41999999998865,64.87138461538505,1.5486153846035933
2024-01-16 10:00:00,63.90000000000509,64.31904255319142,-0.41904255318632977
2024-01-16 11:00:00,59.009999999994704,71.35411602209948,-12.344116022104771
2024-01-16 12:00:00,59.709999999994864,64.10844551282017,-4.398445512825305
2024-01-16 13:00:00,61.050000000001496,67.11016164233827,-6.060161642336773
2024-01-16 14:00:00,56.59000000000163,69.57125925925938,-12.981259259257747
2024-01-16 15:00:00,60.609999999996205,56.82094827586189,3.7890517241343176
2024-01-16 16:00:00,56.7000000000026,64.31904255319142,-7.6190425531888195
2024-01-16 17:00:00,58.62000000000984,64.31904255319142,-5.6990425531815845
2024-01-16 18:00:00,73.79000000000407,89.65304347826041,-15.863043478256344
2024-01-16 19:00:00,102.78000000000483,121.06428571428863,-18.284285714283797
2024-01-16 20:00:00,100.75000000000225,94.39002638470537,6.35997361529688
2024-01-16 21:00:00,95.77999999998539,94.39002638470537,1.3899736152800273
2024-01-16 22:00:00,98.2599999999994,94.39002638470537,3.869973615294029
2024-01-16 23:00:00,86.15999999999418,94.39002638470537,-8.23002638471118
2024-01-17 00:00:00,78.58999999999578,75.24729885057499,3.3427011494207903
2024-01-17 01:00:00,73.81,65.16952432265936,8.640475677340646
2024-01-17 02:00:00,52.750000000007795,52.557873563218756,0.19212643678903873
2024-01-17 03:00:00,50.859999999999275,47.06774725274714,3.7922527472521352
2024-01-17 04:00:00,47.62000000000489,43.52916282038405,4.090837179620841
2024-01-17 05:00:00,43.79999999999967,43.52916282038405,0.2708371796156186
2024-01-17 06:00:00,48.189999999996246,47.63720306513405,0.5527969348621937
2024-01-17 07:00:00,55.190000000002044,53.38899999999883,1.8010000000032136
2024-01-17 08:00:00,66.38999999998873,73.03060000000065,-6.640600000011915
2024-01-17 09:00:00,71.22000000000713,64.87138461538505,6.348615384622079
2024-01-17 10:00:00,65.0299999999981,67.66864679267474,-2.6386467926766386
2024-01-17 11:00:00,61.03999999999809,55.39161495080987,5.648385049188221
2024-01-17 12:00:00,67.12000000000462,55.39161495080987,11.728385049194756
2024-01-17 13:00:00,66.59000000000134,67.11016164233827,-0.5201616423369302
2024-01-17 14:00:00,63.31999999999715,69.57125925925938,-6.251259259262227
2024-01-17 15:00:00,64.07999999999926,55.39161495080987,8.688385049189392
2024-01-17 16:00:00,64.15999999999605,77.72993055555564,-13.569930555559594
2024-01-17 17:00:00,75.65000000000003,77.72993055555564,-2.079930555555606
2024-01-17 18:00:00,82.62000000000167,87.7070754716981,-5.087075471696437
2024-01-17 19:00:00,97.70999999999472,96.03166666666634,1.678333333328382
2024-01-17 20:00:00,103.52000000000041,94.39002638470537,9.129973615295043
2024-01-17 21:00:00,98.6599999999938,94.39002638470537,4.2699736152884356
2024-01-17 22:00:00,99.95000000000184,94.39002638470537,5.559973615296471
2024-01-17 23:00:00,97.65999999999647,87.96747747747717,9.692522522519297
2024-01-18 00:00:00,80.56000000000344,73.28225352112676,7.277746478876679
2024-01-18 01:00:00,70.24999999998948,64.06169230769231,6.1883076922971725
2024-01-18 02:00:00,55.17000000000593,52.557873563218756,2.6121264367871717
2024-01-18 03:00:00,49.99000000000348,47.63720306513405,2.352796934869424
2024-01-18 04:00:00,50.1799999999846,47.63720306513405,2.54279693485055
2024-01-18 05:00:00,43.79000000000468,47.63720306513405,-3.8472030651293707
2024-01-18 06:00:00,45.309999999990794,47.63720306513405,-2.3272030651432587
2024-01-18 07:00:00,55.46000000001226,57.58416666666662,-2.124166666654361
2024-01-18 08:00:00,70.4299999999958,73.03060000000065,-2.600600000004846
2024-01-18 09:00:00,73.59000000000357,70.78777104503305,2.8022289549705164
2024-01-18 10:00:00,65.0299999999906,67.11016164233827,-2.080161642347676
2024-01-18 11:00:00,70.6900000000017,56.82094827586189,13.869051724139815
2024-01-18 12:00:00,59.970000000001335,56.82094827586189,3.149051724139447
2024-01-18 13:00:00,62.98000000000104,64.31904255319142,-1.3390425531903816
2024-01-18 14:00:00,57.939999999993404,64.80274879227063,-6.86274879227723
2024-01-18 15:00:00,53.62000000000563,60.339511535421316,-6.719511535415684
2024-01-18 16:00:00,59.249999999995396,69.57125925925938,-10.321259259263982
2024-01-18 17:00:00,65.21000000000299,67.66864679267474,-2.4586467926717432
2024-01-18 18:00:00,77.45999999999489,67.66864679267474,9.791353207320157
2024-01-18 19:00:00,91.45500000000399,67.11016164233827,24.344838357665722
2024-01-18 20:00:00,99.15000000000256,94.39002638470537,4.7599736152971985
2024-01-18 21:00:00,95.69999999999627,94.39002638470537,1.3099736152909003
2024-01-18 22:00:00,96.05000000000999,94.39002638470537,1.6599736153046223
2024-01-18 23:00:00,92.55999999999071,94.39002638470537,-1.8300263847146567
2024-01-19 00:00:00,86.85000000000466,71.35411602209948,15.49588397790518
2024-01-19 01:00:00,67.94999999999908,65.96999999999956,1.9799999999995208
2024-01-19 02:00:00,58.35000000000139,60.584916967508896,-2.234916967507509
2024-01-19 03:00:00,48.90999999999593,47.63720306513405,1.27279693486188
2024-01-19 04:00:00,46.129999999996414,47.63720306513405,-1.507203065137638
2024-01-19 05:00:00,43.38000000001631,47.63720306513405,-4.257203065117743
2024-01-19 06:00:00,46.27999999999696,47.63720306513405,-1.3572030651370923
2024-01-19 07:00:00,56.52999999999895,57.58416666666662,-1.054166666667669
2024-01-19 08:00:00,65.3799999999897,70.78777104503305,-5.407771045043347
2024-01-19 09:00:00,71.62999999999857,70.78777104503305,0.8422289549655204
2024-01-19 10:00:00,71.22000000000224,61.018463021778345,10.2015369782239
2024-01-19 11:00:00,66.51999999998873,55.39161495080987,11.12838504917886
2024-01-19 12:00:00,63.23000000001326,67.11016164233827,-3.8801616423250067
2024-01-19 13:00:00,65.68999999999615,64.10844551282017,1.5815544871759784
2024-01-19 14:00:00,57.20000000000317,67.11016164233827,-9.910161642335098
2024-01-19 15:00:00,59.63999999999584,67.11016164233827,-7.470161642342433
2024-01-19 16:00:00,58.010000000000446,55.39161495080987,2.6183850491905787
2024-01-19 17:00:00,68.00999999999573,60.339511535421316,7.670488464574412
2024-01-19 18:00:00,81.91999999999868,67.66864679267474,14.251353207323945
2024-01-19 19:00:00,95.18000000000231,94.39002638470537,0.7899736152969439
2024-01-19 20:00:00,99.6100000000014,102.98094086021506,-3.3709408602136506
2024-01-19 21:00:00,92.67999999998912,94.39002638470537,-1.7100263847162438
2024-01-19 22:00:00,104.57000000000718,94.39002638470537,10.179973615301819
2024-01-19 23:00:00,89.63000000000179,79.6701923076925,9.959807692309283
2024-01-20 00:00:00,83.74999999999383,87.24499999999968,-3.495000000005845
2024-01-20 01:00:00,69.41000000000656,74.49263888888912,-5.082638888882556
2024-01-20 02:00:00,56.54999999999808,51.005579710145774,5.5444202898523045
2024-01-20 03:00:00,55.03000000000685,52.557873563218756,2.472126436788095
2024-01-20 04:00:00,46.93999999999045,43.52916282038405,3.4108371796063963
2024-01-20 05:00:00,44.04500000000928,43.52916282038405,0.5158371796252297
2024-01-20 06:00:00,44.040000000002294,43.52916282038405,0.5108371796182425
2024-01-20 07:00:00,47.83999999999736,74.49263888888912,-26.652638888891758
2024-01-20 08:00:00,57.76999999999743,74.82856435643554,-17.058564356438104
2024-01-20 09:00:00,69.63999999999494,67.11016164233827,2.529838357656672
2024-01-20 10:00:00,82.2400000000041,73.03060000000065,9.209400000003455
2024-01-20 11:00:00,74.96999999999315,79.6701923076925,-4.7001923076993535
2024-01-20 12:00:00,79.90000000000799,79.6701923076925,0.22980769231548948
2024-01-20 13:00:00,82.45000000000545,71.35411602209948,11.09588397790597
2024-01-20 14:00:00,76.55999999999165,96.27230769230727,-19.71230769231562
2024-01-20 15:00:00,72.27000000000743,69.57125925925938,2.6987407407480504
2024-01-20 16:00:00,79.99999999999427,69.57125925925938,10.428740740734895
2024-01-20 17:00:00,72.93000000000103,80.05565217391269,-7.125652173911661
2024-01-20 18:00:00,85.38000000000444,82.57367601246094,2.8063239875435073
2024-01-20 19:00:00,97.00000000000918,94.39002638470537,2.609973615303815
2024-01-20 20:00:00,95.9399999999923,94.39002638470537,1.5499736152869303
2024-01-20 21:00:00,99.8799999999953,94.39002638470537,5.489973615289941
2024-01-20 22:00:00,104.54999999999822,99.71449999999908,4.8354999999991435
2024-01-20 23:00:00,88.94000000000099,73.96166666666643,14.978333333334561
2024-01-21 00:00:00,77.16000000000544,75.24729885057499,1.912701149430447
2024-01-21 01:00:00,69.83999999999213,73.10727272727283,-3.267272727280698
2024-01-21 02:00:00,56.30000000001036,48.56794454451889,7.732055455491469
2024-01-21 03:00:00,49.18999999999011,43.52916282038405,5.660837179606055
2024-01-21 04:00:00,45.20000000000141,43.52916282038405,1.670837179617358
2024-01-21 05:00:00,43.7799999999948,43.52916282038405,0.25083717961074825
2024-01-21 06:00:00,42.46999999999838,43.52916282038405,-1.0591628203856729
2024-01-21 07:00:00,46.52000000000561,43.52916282038405,2.9908371796215576
2024-01-21 08:00:00,55.240000000000805,57.70809523809509,-2.4680952380942855
2024-01-21 09:00:00,68.86999999998824,67.93614583333354,0.9338541666546973
2024-01-21 10:00:00,82.44000000001398,60.339511535421316,22.100488464592665
2024-01-21 11:00:00,75.10999999999667,76.65033691062638,-1.540336910629705
2024-01-21 12:00:00,83.82000000000234,82.57367601246094,1.2463239875414018
2024-01-21 13:00:00,85.0499999999956,73.96166666666643,11.088333333329174
2024-01-21 14:00:00,80.14000000000176,71.35411602209948,8.785883977902287
2024-01-21 15:00:00,82.70999999999613,62.45111111111098,20.258888888885146
2024-01-21 16:00:00,75.11999999999983,82.57367601246094,-7.453676012461102
2024-01-21 17:00:00,94.0200000000058,82.57367601246094,11.446323987544858
2024-01-21 18:00:00,105.4099999999921,116.34285714285724,-10.932857142865146
2024-01-21 19:00:00,105.15000000000688,126.61499999999967,-21.464999999992784
2024-01-21 20:00:00,114.85000000000045,102.98094086021506,11.869059139785392
2024-01-21 21:00:00,104.55999999999787,94.39002638470537,10.169973615292506
2024-01-21 22:00:00,97.97000000000608,102.98094086021506,-5.010940860208976
2024-01-21 23:00:00,98.47000000000205,89.7614608990136,8.708539100988446
2024-01-22 00:00:00,78.06999999999343,75.24729885057499,2.8227011494184353
2024-01-22 01:00:00,63.01999999999583,60.339511535421316,2.680488464574516
2024-01-22 02:00:00,50.729999999992515,52.557873563218756,-1.827873563226241
2024-01-22 03:00:00,45.19000000000739,43.52916282038405,1.6608371796233357
2024-01-22 04:00:00,47.210000000002026,43.52916282038405,3.680837179617974
2024-01-22 05:00:00,43.5550000000041,43.52916282038405,0.025837179620047834
2024-01-22 06:00:00,45.660000000002924,47.63720306513405,-1.9772030651311283
2024-01-22 07:00:00,55.32999999999544,64.80274879227063,-9.472748792275198
2024-01-22 08:00:00,67.66999999999912,70.78777104503305,-3.1177710450339333
2024-01-22 09:00:00,64.90000000000367,69.57125925925938,-4.671259259255706
2024-01-22 10:00:00,64.93999999999943,67.66864679267474,-2.728646792675306
2024-01-22 11:00:00,61.28000000000446,55.39161495080987,5.888385049194596
2024-01-22 12:00:00,61.94999999999977,64.10844551282017,-2.1584455128204
2024-01-22 13:00:00,65.67999999999422,67.11016164233827,-1.4301616423440464
2024-01-22 14:00:00,66.3600000000003,55.39161495080987,10.968385049190431
2024-01-22 15:00:00,61.85000000000122,64.10844551282017,-2.258445512818952
2024-01-22 16:00:00,59.47999999999514,55.39161495080987,4.08838504918527
2024-01-22 17:00:00,62.38000000000074,60.339511535421316,2.0404884645794255
2024-01-22 18:00:00,75.36000000000439,60.339511535421316,15.020488464583075
2024-01-22 19:00:00,86.98999999999157,94.39002638470537,-7.400026384713797
2024-01-22 20:00:00,100.75999999999478,94.39002638470537,6.36997361528941
2024-01-22 21:00:00,102.24000000000783,94.39002638470537,7.84997361530246
2024-01-22 22:00:00,100.24999999999815,94.39002638470537,5.8599736152927875
2024-01-22 23:00:00,94.66999999999561,96.03166666666634,-1.3616666666707289
2024-01-23 00:00:00,83.2900000000025,73.28225352112676,10.007746478875731
2024-01-23 01:00:00,66.11000000000405,60.339511535421316,5.7704884645827335
2024-01-23 02:00:00,52.730000000000196,51.005579710145774,1.7244202898544216
2024-01-23 03:00:00,38.43999999999683,43.52916282038405,-5.089162820387223
2024-01-23 04:00:00,44.30000000000865,43.52916282038405,0.7708371796245999
2024-01-23 05:00:00,46.669999999998026,43.52916282038405,3.1408371796139747
2024-01-23 06:00:00,46.31999999998419,47.63720306513405,-1.3172030651498616
2024-01-23 07:00:00,56.209999999998956,57.58416666666662,-1.3741666666676622
2024-01-23 08:00:00,65.72999999999452,60.584916967508896,5.145083032485623
2024-01-23 09:00:00,63.3800000000096,60.02277777777816,3.3572222222314423
2024-01-23 10:00:00,58.019999999992365,64.10844551282017,-6.088445512827803
2024-01-23 11:00:00,60.349999999994964,55.39161495080987,4.958385049185097
2024-01-23 12:00:00,59.70999999999794,67.11016164233827,-7.400161642340329
2024-01-23 13:00:00,68.3500000000003,55.39161495080987,12.95838504919044
2024-01-23 14:00:00,58.28999999999985,67.11016164233827,-8.82016164233842
2024-01-23 15:00:00,58.26000000000654,55.39161495080987,2.868385049196675
2024-01-23 16:00:00,56.879999999994254,55.39161495080987,1.4883850491843873
2024-01-23 17:00:00,68.7599999999972,55.39161495080987,13.368385049187339
2024-01-23 18:00:00,78.62999999999226,67.66864679267474,10.96135320731753
2024-01-23 19:00:00,92.35000000000498,71.35952380952304,20.990476190481942
2024-01-23 20:00:00,95.32000000000241,94.39002638470537,0.9299736152970439
2024-01-23 21:00:00,100.31999999999353,94.39002638470537,5.929973615288162
2024-01-23 22:00:00,98.5700000000028,94.39002638470537,4.179973615297442
2024-01-23 23:00:00,87.89499999999539,89.7614608990136,-1.8664608990182074
2024-01-24 00:00:00,80.75000000000301,75.24729885057499,5.50270114942802
2024-01-24 01:00:00,72.39999999999822,64.79000000000006,7.609999999998152
2024-01-24 02:00:00,50.7599999999963,54.90755555555574,-4.1475555555594354
2024-01-24 03:00:00,45.760000000002435,43.52916282038405,2.2308371796183835
2024-01-24 04:00:00,45.489999999996485,43.52916282038405,1.960837179612433
2024-01-24 05:00:00,43.70000000000249,43.52916282038405,0.17083717961843803
2024-01-24 06:00:00,48.460000000001685,47.63720306513405,0.8227969348676325
2024-01-24 07:00:00,54.9049999999915,57.58416666666662,-2.6791666666751155
2024-01-24 08:00:00,63.86000000000195,70.78777104503305,-6.9277710450311005
2024-01-24 09:00:00,63.9699999999994,64.87138461538505,-0.901384615385652
2024-01-24 10:00:00,57.85999999999325,55.39161495080987,2.4683850491833823
2024-01-24 11:00:00,54.134999999999934,55.39161495080987,-1.256614950809933
2024-01-24 12:00:00,53.22000000000082,67.66864679267474,-14.448646792673912
2024-01-24 13:00:00,57.76999999999674,55.39161495080987,2.3783850491868748
2024-01-24 14:00:00,54.33000000000317,64.10844551282017,-9.778445512817001
2024-01-24 15:00:00,53.620000000001546,55.39161495080987,-1.7716149508083205
2024-01-24 16:00:00,58.51999999999874,73.03060000000065,-14.510600000001908
2024-01-24 17:00:00,60.01999999999379,60.339511535421316,-0.3195115354275231
2024-01-24 18:00:00,74.92000000000041,77.72993055555564,-2.8099305555552263
2024-01-24 19:00:00,86.6499999999876,94.39002638470537,-7.7400263847177655
2024-01-24 20:00:00,93.9200000000055,94.39002638470537,-0.4700263846998638
2024-01-24 21:00:00,94.3599999999922,94.39002638470537,-0.03002638471316743
2024-01-24 22:00:00,104.45000000000218,87.24499999999968,17.2050000000025
2024-01-24 23:00:00,90.53000000000307,87.24499999999968,3.285000000003393
2024-01-25 00:00:00,82.57999999999159,75.24729885057499,7.332701149416593
2024-01-25 01:00:00,73.29999999999575,65.16952432265936,8.130475677336392
2024-01-25 02:00:00,53.2799999999973,51.005579710145774,2.274420289851527
2024-01-25 03:00:00,49.890000000002146,43.52916282038405,6.360837179618095
2024-01-25 04:00:00,45.74999999999352,43.52916282038405,2.220837179609468
2024-01-25 05:00:00,50.539999999997804,47.06774725274714,3.472252747250664
2024-01-25 06:00:00,50.74000000001024,43.52916282038405,7.210837179626189
2024-01-25 07:00:00,46.65999999999788,64.06169230769231,-17.401692307694432
2024-01-25 08:00:00,63.699999999998234,70.78777104503305,-7.08777104503482
2024-01-25 09:00:00,72.19999999999885,64.31904255319142,7.880957446807429
2024-01-25 10:00:00,61.11000000000349,55.39161495080987,5.718385049193621
2024-01-25 11:00:00,62.00999999999374,64.31904255319142,-2.309042553197685
2024-01-25 12:00:00,63.820000000006935,55.39161495080987,8.428385049197068
2024-01-25 13:00:00,55.9700000000019,60.339511535421316,-4.369511535419413
2024-01-25 14:00:00,58.19000000000108,55.39161495080987,2.798385049191211
2024-01-25 15:00:00,55.24000000000127,55.39161495080987,-0.1516149508086002
2024-01-25 16:00:00,60.50999999998885,67.66864679267474,-7.158646792685886
2024-01-25 17:00:00,61.88999999999738,60.339511535421316,1.5504884645760626
2024-01-25 18:00:00,72.77999999998741,67.66864679267474,5.111353207312675
2024-01-25 19:00:00,93.85000000000278,94.39002638470537,-0.5400263847025855
2024-01-25 20:00:00,96.1900000000052,102.98094086021506,-6.790940860209858
2024-01-25 21:00:00,101.81000000000185,94.39002638470537,7.419973615296485
2024-01-25 22:00:00,107.55999999999662,94.39002638470537,13.169973615291255
2024-01-25 23:00:00,97.61999999999992,87.24499999999968,10.375000000000242
2024-01-26 00:00:00,88.34000000000522,87.24499999999968,1.095000000005541
2024-01-26 01:00:00,69.38999999999386,65.5366666666685,3.8533333333253665
2024-01-26 02:00:00,55.99000000000258,51.005579710145774,4.984420289856807
2024-01-26 03:00:00,49.470000000000766,43.52916282038405,5.9408371796167145
2024-01-26 04:00:00,45.589999999999975,43.52916282038405,2.0608371796159233
2024-01-26 05:00:00,43.08000000000095,43.52916282038405,-0.4491628203831013
2024-01-26 06:00:00,48.20999999999822,46.36297405984513,1.8470259401530882
2024-01-26 07:00:00,53.00000000000165,71.35411602209948,-18.354116022097827
2024-01-26 08:00:00,63.29999999999497,73.03060000000065,-9.73060000000568
2024-01-26 09:00:00,65.91000000000304,64.31904255319142,1.5909574468116148
2024-01-26 10:00:00,63.29999999999927,64.31904255319142,-1.0190425531921505
2024-01-26 11:00:00,63.149999999998954,55.39161495080987,7.758385049189087
2024-01-26 12:00:00,64.87000000000353,64.10844551282017,0.7615544871833606
2024-01-26 13:00:00,65.12000000000916,64.10844551282017,1.011554487188988
2024-01-26 14:00:00,58.6300000000013,67.11016164233827,-8.480161642336967
2024-01-26 15:00:00,58.02999999999787,76.65033691062638,-18.62033691062851
2024-01-26 16:00:00,59.24000000000643,76.65033691062638,-17.410336910619947
2024-01-26 17:00:00,65.85999999999689,73.03060000000065,-7.170600000003759
2024-01-26 18:00:00,81.78000000000516,76.65033691062638,5.129663089378781
2024-01-26 19:00:00,94.50999999999837,94.39002638470537,0.11997361529300576
2024-01-26 20:00:00,107.57999999999979,94.39002638470537,13.18997361529442
2024-01-26 21:00:00,99.10000000000966,71.35411602209948,27.745883977910182
2024-01-26 22:00:00,92.14999999999404,94.39002638470537,-2.240026384711328
2024-01-26 23:00:00,88.42000000000247,94.39002638470537,-5.970026384702891
2024-01-27 00:00:00,78.09999999999769,74.49263888888912,3.607361111108574
2024-01-27 01:00:00,77.70999999999738,65.5366666666685,12.173333333328884
2024-01-27 02:00:00,58.65999999999792,48.56794454451889,10.092055455479034
2024-01-27 03:00:00,56.70000000000539,43.52916282038405,13.170837179621337
2024-01-27 04:00:00,49.26999999999322,43.52916282038405,5.740837179609166
2024-01-27 05:00:00,44.27000000000271,46.36297405984513,-2.092974059842419
2024-01-27 06:00:00,45.849999999993486,47.06774725274714,-1.2177472527536537
2024-01-27 07:00:00,51.52999999999918,47.06774725274714,4.4622527472520375
2024-01-27 08:00:00,60.60000000000309,57.70809523809509,2.891904761908002
2024-01-27 09:00:00,69.53000000000151,56.82094827586189,12.70905172413962
2024-01-27 10:00:00,82.47999999999593,83.10142857142826,-0.6214285714323324
2024-01-27 11:00:00,81.15000000000566,66.23910256410272,14.910897435902939
2024-01-27 12:00:00,77.49999999999632,75.24729885057499,2.252701149421327
2024-01-27 13:00:00,80.7600000000034,66.23910256410272,14.520897435900679
2024-01-27 14:00:00,74.99999999999551,79.6701923076925,-4.670192307696993
2024-01-27 15:00:00,75.56000000000314,67.11016164233827,8.449838357664873
2024-01-27 16:00:00,70.95999999999528,67.11016164233827,3.8498383576570063
2024-01-27 17:00:00,76.58000000000631,82.57367601246094,-5.993676012454628
2024-01-27 18:00:00,79.72999999999314,89.65304347826041,-9.923043478267275
2024-01-27 19:00:00,99.51000000000067,94.39002638470537,5.119973615295308
2024-01-27 20:00:00,98.5699999999982,94.39002638470537,4.1799736152928375
2024-01-27 21:00:00,101.99000000000379,94.39002638470537,7.599973615298424
2024-01-27 22:00:00,108.7999999999968,94.39002638470537,14.409973615291435
2024-01-27 23:00:00,88.92000000000566,94.39002638470537,-5.4700263846997075
2024-01-28 00:00:00,80.10999999999993,87.24499999999968,-7.134999999999749
2024-01-28 01:00:00,81.01000000000137,67.11016164233827,13.8998383576631
2024-01-28 02:00:00,60.80000000001013,48.56794454451889,12.232055455491242
2024-01-28 03:00:00,50.81999999999459,43.52916282038405,7.290837179610541
2024-01-28 04:00:00,47.45000000000533,43.52916282038405,3.92083717962128
2024-01-28 05:00:00,45.025000000005946,47.06774725274714,-2.0427472527411936
2024-01-28 06:00:00,45.049999999993304,47.06774725274714,-2.0177472527538356
2024-01-28 07:00:00,44.91000000000628,47.06774725274714,-2.1577472527408617
2024-01-28 08:00:00,56.600000000004,57.70809523809509,-1.1080952380910887
2024-01-28 09:00:00,67.04999999999325,74.82856435643554,-7.778564356442288
2024-01-28 10:00:00,80.22000000000338,74.82856435643554,5.391435643567846
2024-01-28 11:00:00,75.83999999998906,67.66864679267474,8.171353207314326
2024-01-28 12:00:00,90.00000000000679,64.06169230769231,25.93830769231448
2024-01-28 13:00:00,79.32000000000664,71.35411602209948,7.965883977907168
2024-01-28 14:00:00,77.55999999999159,71.35411602209948,6.205883977892114
2024-01-28 15:00:00,78.88000000000501,73.96166666666643,4.91833333333858
2024-01-28 16:00:00,83.73000000000363,64.10844551282017,19.62155448718346
2024-01-28 17:00:00,79.1699999999937,73.96166666666643,5.208333333327275
2024-01-28 18:00:00,97.83000000000217,79.6701923076925,18.15980769230967
2024-01-28 19:00:00,108.40999999999914,94.39002638470537,14.019973615293779
2024-01-28 20:00:00,107.18000000000441,94.39002638470537,12.789973615299047
2024-01-28 21:00:00,105.40999999998954,94.39002638470537,11.019973615284172
2024-01-28 22:00:00,111.68000000000015,94.39002638470537,17.289973615294784
2024-01-28 23:00:00,90.36000000000294,94.39002638470537,-4.030026384702424
2024-01-29 00:00:00,75.23000000000076,73.28225352112676,1.947746478873995
2024-01-29 01:00:00,63.2600000000033,76.57857142857122,-13.318571428567921
2024-01-29 02:00:00,55.61999999999547,51.005579710145774,4.614420289849697
2024-01-29 03:00:00,48.229999999993936,43.52916282038405,4.700837179609884
2024-01-29 04:00:00,44.74000000000194,43.52916282038405,1.21083717961789
2024-01-29 05:00:00,45.00000000000102,47.06774725274714,-2.0677472527461163
2024-01-29 06:00:00,44.89000000000425,46.36297405984513,-1.4729740598408796
2024-01-29 07:00:00,56.669999999996435,57.58416666666662,-0.9141666666701838
2024-01-29 08:00:00,66.25999999999897,67.66864679267474,-1.4086467926757678
2024-01-29 09:00:00,68.45000000000175,69.57125925925938,-1.1212592592576271
2024-01-29 10:00:00,68.80999999999803,67.66864679267474,1.1413532073232915
2024-01-29 11:00:00,60.9900000000012,74.82856435643554,-13.838564356434333
2024-01-29 12:00:00,65.20999999999475,67.11016164233827,-1.9001616423435195
2024-01-29 13:00:00,72.7800000000048,71.35411602209948,1.425883977905329
2024-01-29 14:00:00,66.89999999999606,62.45111111111098,4.448888888885072
2024-01-29 15:00:00,63.65999999999384,55.39161495080987,8.268385049183976
2024-01-29 16:00:00,61.62000000000132,55.39161495080987,6.228385049191452
2024-01-29 17:00:00,64.1349999999917,62.45111111111098,1.6838888888807233
2024-01-29 18:00:00,82.10000000000483,67.66864679267474,14.43135320733009
2024-01-29 19:00:00,103.829999999997,94.39002638470537,9.439973615291635
2024-01-29 20:00:00,99.12999999999855,94.39002638470537,4.739973615293181
2024-01-29 21:00:00,101.13999999999507,110.64078947368485,-9.500789473689778
2024-01-29 22:00:00,98.5500000000014,94.39002638470537,4.159973615296039
2024-01-29 23:00:00,93.09000000000387,94.39002638470537,-1.3000263847014963
2024-01-30 00:00:00,78.66999999999021,75.24729885057499,3.422701149415218
2024-01-30 01:00:00,70.13000000000154,64.06169230769231,6.068307692309233
2024-01-30 02:00:00,52.15000000000151,51.005579710145774,1.1444202898557378
2024-01-30 03:00:00,48.96999999998843,43.52916282038405,5.4408371796043795
2024-01-30 04:00:00,48.220000000009634,43.52916282038405,4.690837179625582
2024-01-30 05:00:00,44.22000000000219,47.06774725274714,-2.847747252744952
2024-01-30 06:00:00,45.925000000005014,53.888062015503714,-7.9630620154987
2024-01-30 07:00:00,54.05000000000069,64.06169230769231,-10.011692307691618
2024-01-30 08:00:00,69.96999999999514,69.57125925925938,0.3987407407357608
2024-01-30 09:00:00,69.6300000000021,64.87138461538505,4.758615384617045
2024-01-30 10:00:00,61.35999999999876,55.39161495080987,5.968385049188896
2024-01-30 11:00:00,61.28999999999286,64.80274879227063,-3.512748792277776
2024-01-30 12:00:00,60.3449999999915,64.31904255319142,-3.974042553199922
2024-01-30 13:00:00,63.2000000000146,64.31904255319142,-1.1190425531768255
2024-01-30 14:00:00,57.8099999999999,71.35411602209948,-13.544116022099573
2024-01-30 15:00:00,53.440000000006194,71.35411602209948,-17.914116022093282
2024-01-30 16:00:00,54.98999999999734,55.39161495080987,-0.4016149508125295
2024-01-30 17:00:00,57.81000000000461,77.72993055555564,-19.919930555551034
2024-01-30 18:00:00,71.40999999999696,76.65033691062638,-5.2403369106294235
2024-01-30 19:00:00,102.92000000000397,94.39002638470537,8.529973615298601
2024-01-30 20:00:00,101.19999999998632,94.39002638470537,6.809973615280953
2024-01-30 21:00:00,97.7900000000005,94.39002638470537,3.3999736152951385
2024-01-30 22:00:00,97.1999999999999,94.39002638470537,2.8099736152945383
2024-01-30 23:00:00,89.00500000000787,89.7614608990136,-0.7564608990057309
2024-01-31 00:00:00,83.3800000000019,87.24499999999968,-3.864999999997778
2024-01-31 01:00:00,80.37999999999448,64.06169230769231,16.31830769230217
2024-01-31 02:00:00,55.9799999999874,47.63720306513405,8.342796934853347
2024-01-31 03:00:00,57.75000000000154,46.9506521739135,10.799347826088045
2024-01-31 04:00:00,53.99000000000757,46.36297405984513,7.62702594016244
2024-01-31 05:00:00,42.72499999999127,43.52916282038405,-0.8041628203927829
2024-01-31 06:00:00,47.22000000000145,47.63720306513405,-0.41720306513260397
2024-01-31 07:00:00,55.049999999998875,57.58416666666662,-2.534166666667744
2024-01-31 08:00:00,66.49000000000683,60.584916967508896,5.905083032497934
2024-01-31 09:00:00,66.80999999999847,70.78777104503305,-3.9777710450345865
2024-01-31 10:00:00,56.760000000002094,64.31904255319142,-7.559042553189329
2024-01-31 11:00:00,65.86999999999847,64.31904255319142,1.5509574468070468
2024-01-31 12:00:00,62.42000000000223,67.66864679267474,-5.248646792672503
2024-01-31 13:00:00,62.21999999999542,71.35411602209948,-9.134116022104052
2024-01-31 14:00:00,64.49000000000507,67.11016164233827,-2.6201616423332013
2024-01-31 15:00:00,58.92000000000333,55.39161495080987,3.52838504919346
2024-01-31 16:00:00,58.43999999999307,64.31904255319142,-5.879042553198353
2024-01-31 17:00:00,63.73999999999575,64.31904255319142,-0.57904255319567
2024-01-31 18:00:00,72.89000000000074,76.65033691062638,-3.7603369106256395
2024-01-31 19:00:00,105.76999999999347,94.39002638470537,11.379973615288108
2024-01-31 20:00:00,101.85000000001011,94.39002638470537,7.459973615304747
2024-01-31 21:00:00,101.19999999999621,94.39002638470537,6.809973615290843
2024-01-31 22:00:00,102.22000000000347,94.39002638470537,7.829973615298101
2024-01-31 23:00:00,91.03500000000261,94.39002638470537,-3.3550263847027537
2024-02-01 00:00:00,78.080000000007,104.54399768518493,-26.46399768517793
2024-02-01 01:00:00,76.57999999999453,65.16952432265936,11.410475677335171
2024-02-01 02:00:00,50.6499999999923,51.005579710145774,-0.3555797101534708
2024-02-01 03:00:00,45.8200000000042,43.52916282038405,2.290837179620148
2024-02-01 04:00:00,43.98999999999535,43.52916282038405,0.4608371796112962
2024-02-01 05:00:00,41.06000000000614,43.52916282038405,-2.4691628203779104
2024-02-01 06:00:00,47.20999999999657,43.52916282038405,3.680837179612517
2024-02-01 07:00:00,53.249999999995,53.38899999999883,-0.13900000000383272
2024-02-01 08:00:00,64.20000000000307,70.78777104503305,-6.587771045029982
2024-02-01 09:00:00,68.60999999999927,64.31904255319142,4.290957446807852
2024-02-01 10:00:00,61.68999999999414,55.39161495080987,6.298385049184276
2024-02-01 11:00:00,61.3800000000037,64.31904255319142,-2.9390425531877256
2024-02-01 12:00:00,67.92999999999944,64.80274879227063,3.127251207728804
2024-02-01 13:00:00,64.77999999999491,71.35411602209948,-6.574116022104562
2024-02-01 14:00:00,61.00999999999863,71.35411602209948,-10.344116022100849
2024-02-01 15:00:00,55.70999999999765,67.11016164233827,-11.40016164234062
2024-02-01 16:00:00,55.309999999987156,55.39161495080987,-0.08161495082271131
2024-02-01 17:00:00,60.920000000007754,69.57125925925938,-8.651259259251624
2024-02-01 18:00:00,76.89000000000158,64.06169230769231,12.828307692309266
2024-02-01 19:00:00,96.93999999999855,94.39002638470537,2.549973615293183
2024-02-01 20:00:00,106.74000000000066,94.39002638470537,12.349973615295298
2024-02-01 21:00:00,96.45000000000104,94.39002638470537,2.059973615295675
2024-02-01 22:00:00,99.56999999999343,94.39002638470537,5.179973615288063
2024-02-01 23:00:00,88.6600000000071,87.96747747747717,0.6925225225299272
2024-02-02 00:00:00,77.26999999998783,87.96747747747717,-10.697477477489343
2024-02-02 01:00:00,71.57000000000733,64.79000000000006,6.780000000007263
2024-02-02 02:00:00,52.660000000005255,51.005579710145774,1.6544202898594804
2024-02-02 03:00:00,45.83000000000561,43.52916282038405,2.30083717962156
2024-02-02 04:00:00,43.98999999999012,46.9506521739135,-2.9606521739233784
2024-02-02 05:00:00,48.72000000000145,43.52916282038405,5.190837179617397
2024-02-02 06:00:00,49.66000000000639,43.52916282038405,6.13083717962234
2024-02-02 07:00:00,56.98000000000309,57.58416666666662,-0.6041666666635308
2024-02-02 08:00:00,70.209999999996,70.78777104503305,-0.5777710450370535
2024-02-02 09:00:00,72.99000000000655,67.66864679267474,5.321353207331811
2024-02-02 10:00:00,65.65999999998661,74.82856435643554,-9.168564356448925
2024-02-02 11:00:00,69.05000000000416,67.11016164233827,1.9398383576658915
2024-02-02 12:00:00,65.91000000000054,62.45111111111098,3.458888888889554
2024-02-02 13:00:00,68.31000000000188,71.35411602209948,-3.0441160220975974
2024-02-02 14:00:00,65.05000000000058,55.39161495080987,9.658385049190713
2024-02-02 15:00:00,63.68999999999937,56.82094827586189,6.869051724137485
2024-02-02 16:00:00,54.79000000000235,55.39161495080987,-0.6016149508075159
2024-02-02 17:00:00,66.42999999999927,55.39161495080987,11.038385049189401
2024-02-02 18:00:00,72.36000000000485,111.29230769230738,-38.93230769230253
2024-02-02 19:00:00,95.26999999999637,94.39002638470537,0.8799736152910071
2024-02-02 20:00:00,112.5699999999986,94.39002638470537,18.179973615293235
2024-02-02 21:00:00,96.20499999999757,94.39002638470537,1.8149736152922031
2024-02-02 22:00:00,95.99999999999764,94.39002638470537,1.609973615292276
2024-02-02 23:00:00,95.15999999999846,87.96747747747717,7.192522522521287
2024-02-03 00:00:00,87.66999999999429,87.96747747747717,-0.2974774774828859
2024-02-03 01:00:00,87.12000000000228,73.96166666666643,13.158333333335847
2024-02-03 02:00:00,69.15999999999684,51.005579710145774,18.154420289851068
2024-02-03 03:00:00,61.09000000000032,46.9506521739135,14.139347826086826
2024-02-03 04:00:00,52.53000000000055,43.52916282038405,9.000837179616497
2024-02-03 05:00:00,46.219999999999914,46.9506521739135,-0.7306521739135832
2024-02-03 06:00:00,51.270000000001005,43.52916282038405,7.740837179616953
2024-02-03 07:00:00,49.99999999999545,57.58416666666662,-7.584166666671166
2024-02-03 08:00:00,57.84000000000498,57.70809523809509,0.13190476190988676
2024-02-03 09:00:00,67.87999999999687,67.93614583333354,-0.05614583333667156
2024-02-03 10:00:00,67.73999999999222,83.10142857142826,-15.361428571436036
2024-02-03 11:00:00,72.53000000001228,74.82856435643554,-2.298564356423256
2024-02-03 12:00:00,80.03999999999304,69.57125925925938,10.468740740733665
2024-02-03 13:00:00,82.06999999999847,71.35411602209948,10.715883977898997
2024-02-03 14:00:00,79.68999999999949,71.35411602209948,8.33588397790001
2024-02-03 15:00:00,70.1700000000053,64.10844551282017,6.061554487185134
2024-02-03 16:00:00,71.5499999999999,73.96166666666643,-2.411666666666534
2024-02-03 17:00:00,79.63000000000162,82.57367601246094,-2.9436760124593206
2024-02-03 18:00:00,87.71000000000433,67.66864679267474,20.041353207329593
2024-02-03 19:00:00,90.81999999999638,94.39002638470537,-3.5700263847089815
2024-02-03 20:00:00,106.9799999999909,94.39002638470537,12.58997361528553
2024-02-03 21:00:00,98.24000000000521,102.98094086021506,-4.740940860209847
2024-02-03 22:00:00,94.98000000000567,87.24499999999968,7.735000000005996
2024-02-03 23:00:00,89.3000000000035,74.49263888888912,14.807361111114375
2024-02-04 00:00:00,82.06999999999938,76.65033691062638,5.419663089373003
2024-02-04 01:00:00,79.91999999999872,76.57857142857122,3.3414285714274996
2024-02-04 02:00:00,56.26999999999373,48.56794454451889,7.7020554554748415
2024-02-04 03:00:00,53.110000000010075,43.52916282038405,9.580837179626023
2024-02-04 04:00:00,48.2200000000039,43.52916282038405,4.690837179619848
2024-02-04 05:00:00,47.09000000000117,43.52916282038405,3.560837179617117
2024-02-04 06:00:00,47.589999999986446,43.52916282038405,4.0608371796023945
2024-02-04 07:00:00,49.01000000000562,43.52916282038405,5.480837179621567
2024-02-04 08:00:00,64.94999999999237,57.70809523809509,7.241904761897281
2024-02-04 09:00:00,70.24999999998875,74.82856435643554,-4.57856435644679
2024-02-04 10:00:00,77.08000000001478,76.65033691062638,0.4296630893883986
2024-02-04 11:00:00,79.27999999999406,76.65033691062638,2.629663089367682
2024-02-04 12:00:00,85.48000000000134,96.40450000000038,-10.924499999999043
2024-02-04 13:00:00,92.51000000000143,76.65033691062638,15.859663089375047
2024-02-04 14:00:00,85.85999999999571,71.35411602209948,14.505883977896232
2024-02-04 15:00:00,78.45999999999628,73.28225352112676,5.177746478869523
2024-02-04 16:00:00,75.2500000000154,73.96166666666643,1.288333333348973
2024-02-04 17:00:00,77.99999999999233,77.72993055555564,0.270069444436686
2024-02-04 18:00:00,96.29000000001136,77.72993055555564,18.56006944445572
2024-02-04 19:00:00,105.0899999999991,110.64078947368485,-5.550789473685754
2024-02-04 20:00:00,112.0999999999901,94.39002638470537,17.70997361528474
2024-02-04 21:00:00,114.1599999999963,67.79691964285698,46.363080357139324
2024-02-04 22:00:00,104.77999999999642,94.39002638470537,10.389973615291055
2024-02-04 23:00:00,92.27000000000803,94.39002638470537,-2.12002638469734
2024-02-05 00:00:00,81.17999999998875,87.24499999999968,-6.065000000010926
2024-02-05 01:00:00,75.03000000000965,64.06169230769231,10.968307692317339
2024-02-05 02:00:00,50.72000000000156,64.06169230769231,-13.34169230769075
2024-02-05 03:00:00,47.07999999999805,43.52916282038405,3.5508371796139997
2024-02-05 04:00:00,45.49999999999949,43.52916282038405,1.9708371796154367
2024-02-05 05:00:00,45.610000000002344,47.63720306513405,-2.027203065131708
2024-02-05 06:00:00,46.51500000000914,47.63720306513405,-1.1222030651249142
2024-02-05 07:00:00,52.33999999999918,57.58416666666662,-5.244166666667439
2024-02-05 08:00:00,67.69000000000364,70.78777104503305,-3.0977710450294182
2024-02-05 09:00:00,67.87999999999711,70.78777104503305,-2.9077710450359433
2024-02-05 10:00:00,64.41999999999581,64.31904255319142,0.10095744680438656
2024-02-05 11:00:00,68.88000000000233,71.35952380952304,-2.479523809520714
2024-02-05 12:00:00,79.79999999999934,68.31000000000006,11.489999999999284
2024-02-05 13:00:00,76.77000000000714,56.82094827586189,19.949051724145257
2024-02-05 14:00:00,66.99999999998744,55.39161495080987,11.60838504917757
2024-02-05 15:00:00,59.2400000000078,55.39161495080987,3.8483850491979297
2024-02-05 16:00:00,62.50999999999186,55.39161495080987,7.118385049181995
2024-02-05 17:00:00,65.4100000000048,67.66864679267474,-2.2586467926699356
2024-02-05 18:00:00,79.22999999999679,67.11016164233827,12.119838357658523
2024-02-05 19:00:00,99.80000000000493,94.39002638470537,5.409973615299563
2024-02-05 20:00:00,101.69000000000491,94.39002638470537,7.29997361529955
2024-02-05 21:00:00,102.06999999999093,94.39002638470537,7.6799736152855616
2024-02-05 22:00:00,107.39000000000553,73.96166666666643,33.4283333333391
2024-02-05 23:00:00,93.7299999999959,94.39002638470537,-0.6600263847094681
2024-02-06 00:00:00,84.88500000000506,96.40450000000038,-11.519499999995318
2024-02-06 01:00:00,73.46999999999463,60.339511535421316,13.130488464573311
2024-02-06 02:00:00,51.139999999998565,48.56794454451889,2.5720554554796777
2024-02-06 03:00:00,38.93999999999876,46.9506521739135,-8.010652173914735
2024-02-06 04:00:00,44.12999999999812,43.52916282038405,0.6008371796140679
2024-02-06 05:00:00,47.86000000000189,43.52916282038405,4.330837179617838
2024-02-06 06:00:00,46.51000000001528,47.63720306513405,-1.1272030651187706
2024-02-06 07:00:00,58.030000000001735,57.58416666666662,0.4458333333351163
2024-02-06 08:00:00,71.31999999999636,70.78777104503305,0.5322289549633012
2024-02-06 09:00:00,65.07999999999932,70.78777104503305,-5.707771045033738
2024-02-06 10:00:00,63.10999999999166,62.45111111111098,0.658888888880675
2024-02-06 11:00:00,67.07999999999407,73.03060000000065,-5.950600000006574
2024-02-06 12:00:00,68.13999999999665,64.80274879227063,3.3372512077260126
2024-02-06 13:00:00,68.85999999999393,64.80274879227063,4.057251207723297
2024-02-06 14:00:00,66.27999999999696,71.35411602209948,-5.0741160221025154
2024-02-06 15:00:00,60.30000000000217,67.66864679267474,-7.368646792672564
2024-02-06 16:00:00,58.45999999999873,87.96747747747717,-29.507477477478446
2024-02-06 17:00:00,67.28000000000367,77.72993055555564,-10.449930555551973
2024-02-06 18:00:00,81.68000000000139,80.05565217391269,1.6243478260886945
2024-02-06 19:00:00,97.65999999999602,94.39002638470537,3.2699736152906524
2024-02-06 20:00:00,98.77999999999494,94.39002638470537,4.389973615289577
2024-02-06 21:00:00,107.13999999999928,94.39002638470537,12.74997361529391
2024-02-06 22:00:00,103.31000000000321,87.96747747747717,15.342522522526039
2024-02-06 23:00:00,100.73500000000237,103.34666666666719,-2.611666666664817
2024-02-07 00:00:00,86.64000000000632,87.96747747747717,-1.3274774774708504
2024-02-07 01:00:00,88.62999999998416,73.28225352112676,15.347746478857403
2024-02-07 02:00:00,71.05000000000501,52.557873563218756,18.492126436786258
2024-02-07 03:00:00,53.65000000000356,43.52916282038405,10.120837179619507
2024-02-07 04:00:00,46.86000000000337,43.52916282038405,3.3308371796193157
2024-02-07 05:00:00,43.40999999999946,47.63720306513405,-4.227203065134596
2024-02-07 06:00:00,53.7599999999955,47.63720306513405,6.122796934861448
2024-02-07 07:00:00,58.17999999999217,53.38899999999883,4.790999999993339
2024-02-07 08:00:00,69.0899999999977,67.79691964285698,1.293080357140724
2024-02-07 09:00:00,64.29500000000718,67.11016164233827,-2.8151616423310912
2024-02-07 10:00:00,61.4699999999994,64.10844551282017,-2.6384455128207662
2024-02-07 11:00:00,58.729999999997574,55.39161495080987,3.338385049187707
2024-02-07 12:00:00,60.73000000000042,62.45111111111098,-1.7211111111105595
2024-02-07 13:00:00,61.52000000000072,71.35411602209948,-9.834116022098755
2024-02-07 14:00:00,60.86999999999904,60.02277777777816,0.8472222222208785
2024-02-07 15:00:00,58.67000000000422,62.45111111111098,-3.7811111111067603
2024-02-07 16:00:00,60.00999999998857,62.45111111111098,-2.44111111112241
2024-02-07 17:00:00,64.32000000000625,60.339511535421316,3.98048846458493
2024-02-07 18:00:00,83.19999999999682,67.66864679267474,15.531353207322084
2024-02-07 19:00:00,95.97000000000415,94.39002638470537,1.5799736152987833
2024-02-07 20:00:00,96.42999999998923,88.880000000001,7.549999999988231
2024-02-07 21:00:00,98.39000000001121,94.39002638470537,3.999973615305848
2024-02-07 22:00:00,100.049999999998,94.39002638470537,5.659973615292628
2024-02-07 23:00:00,97.19999999999581,87.24499999999968,9.954999999996133
2024-02-08 00:00:00,83.44999999999933,73.28225352112676,10.167746478872573
2024-02-08 01:00:00,76.00999999999823,73.28225352112676,2.7277464788714667
2024-02-08 02:00:00,54.31999999999749,51.005579710145774,3.314420289851718
2024-02-08 03:00:00,49.67999999999478,43.52916282038405,6.1508371796107255
2024-02-08 04:00:00,44.99000000000484,46.9506521739135,-1.960652173908656
2024-02-08 05:00:00,48.94999999999919,46.9506521739135,1.999347826085696
2024-02-08 06:00:00,49.37000000000165,46.36297405984513,3.007025940156524
2024-02-08 07:00:00,54.879999999999995,71.35411602209948,-16.47411602209948
2024-02-08 08:00:00,67.36000000000497,73.03060000000065,-5.670599999995673
2024-02-08 09:00:00,64.309999999995,70.78777104503305,-6.477771045038054
2024-02-08 10:00:00,60.75999999999425,61.018463021778345,-0.2584630217840953
2024-02-08 11:00:00,62.57000000000147,55.39161495080987,7.178385049191604
2024-02-08 12:00:00,65.54000000000184,67.11016164233827,-1.57016164233643
2024-02-08 13:00:00,75.09000000000077,67.11016164233827,7.979838357662501
2024-02-08 14:00:00,63.40999999999662,67.11016164233827,-3.700161642341648
2024-02-08 15:00:00,69.62000000000485,67.11016164233827,2.509838357666581
2024-02-08 16:00:00,65.6999999999993,68.31000000000006,-2.6100000000007526
2024-02-08 17:00:00,68.10000000000247,79.6701923076925,-11.570192307690036
2024-02-08 18:00:00,83.65000000000381,60.339511535421316,23.310488464582498
2024-02-08 19:00:00,112.7399999999935,94.39002638470537,18.349973615288135
2024-02-08 20:00:00,106.89000000000655,94.39002638470537,12.499973615301187
2024-02-08 21:00:00,97.42000000000516,94.39002638470537,3.029973615299795
2024-02-08 22:00:00,101.68000000000139,94.39002638470537,7.28997361529602
2024-02-08 23:00:00,100.3600000000076,94.39002638470537,5.969973615302237
2024-02-09 00:00:00,80.20999999999397,79.6701923076925,0.5398076923014656
2024-02-09 01:00:00,66.11999999999665,65.96999999999956,0.14999999999709246
2024-02-09 02:00:00,55.0500000000082,51.005579710145774,4.044420289862423
2024-02-09 03:00:00,55.94999999999942,43.52916282038405,12.420837179615368
2024-02-09 04:00:00,46.76000000000346,43.52916282038405,3.2308371796194066
2024-02-09 05:00:00,46.33999999999452,53.888062015503714,-7.5480620155091955
2024-02-09 06:00:00,48.220000000001335,43.52916282038405,4.690837179617283
2024-02-09 07:00:00,47.70500000000819,43.52916282038405,4.175837179624139
2024-02-09 08:00:00,56.67999999999819,53.38899999999883,3.2909999999993573
2024-02-09 09:00:00,72.96999999999713,56.82094827586189,16.14905172413524
2024-02-09 10:00:00,84.58999999999726,64.31904255319142,20.270957446805838
2024-02-09 11:00:00,76.63999999999731,71.35411602209948,5.285883977897839
2024-02-09 12:00:00,78.42499999999933,71.35411602209948,7.070883977899854
2024-02-09 13:00:00,71.3600000000111,64.10844551282017,7.25155448719093
2024-02-09 14:00:00,77.12999999999073,67.11016164233827,10.01983835765246
2024-02-09 15:00:00,73.21000000000487,64.10844551282017,9.1015544871847
2024-02-09 16:00:00,69.69000000000034,64.10844551282017,5.5815544871801706
2024-02-09 17:00:00,69.61999999999426,64.10844551282017,5.511554487174095
2024-02-09 18:00:00,82.79999999999569,64.10844551282017,18.691554487175523
2024-02-09 19:00:00,95.84000000000648,94.39002638470537,1.4499736153011185
2024-02-09 20:00:00,91.38000000000382,87.96747747747717,3.4125225225266433
2024-02-09 21:00:00,91.32000000000126,87.96747747747717,3.352522522524083
2024-02-09 22:00:00,91.9449999999958,71.35952380952304,20.58547619047276
2024-02-09 23:00:00,84.90999999999185,64.10844551282017,20.801554487171686
2024-02-10 00:00:00,65.17999999999796,73.10727272727283,-7.927272727274868
2024-02-10 01:00:00,64.38000000000267,65.16952432265936,-0.789524322656689
2024-02-10 02:00:00,49.64999999999935,51.005579710145774,-1.3555797101464222
2024-02-10 03:00:00,49.580000000008624,47.06774725274714,2.512252747261485
2024-02-10 04:00:00,44.5599999999917,43.52916282038405,1.0308371796076514
2024-02-10 05:00:00,46.79999999999501,43.52916282038405,3.2708371796109574
2024-02-10 06:00:00,45.04000000000116,43.52916282038405,1.5108371796171056
2024-02-10 07:00:00,46.93999999999818,43.52916282038405,3.410837179614127
2024-02-10 08:00:00,62.05999999999216,57.70809523809509,4.351904761897067
2024-02-10 09:00:00,68.77999999999844,74.49263888888912,-5.71263888889068
2024-02-10 10:00:00,65.08000000000214,64.31904255319142,0.7609574468107212
2024-02-10 11:00:00,71.69999999999271,64.31904255319142,7.38095744680129
2024-02-10 12:00:00,62.37000000001609,64.31904255319142,-1.9490425531753317
2024-02-10 13:00:00,70.00999999999311,64.10844551282017,5.901554487172945
2024-02-10 14:00:00,63.31999999999147,56.82094827586189,6.499051724129579
2024-02-10 15:00:00,62.85999999999757,66.23910256410272,-3.3791025641051533
2024-02-10 16:00:00,62.52000000001141,66.23910256410272,-3.7191025640913153
2024-02-10 17:00:00,58.22999999999598,66.23910256410272,-8.00910256410674
2024-02-10 18:00:00,66.13000000000108,66.23910256410272,-0.1091025641016472
2024-02-10 19:00:00,80.15000000000857,106.84399999999914,-26.693999999990567
2024-02-10 20:00:00,76.72000000000125,74.82856435643554,1.891435643565714
2024-02-10 21:00:00,83.06499999998707,87.96747747747717,-4.902477477490109
2024-02-10 22:00:00,83.64999999999937,67.11016164233827,16.539838357661097
2024-02-10 23:00:00,73.6650000000023,71.35411602209948,2.3108839779028187
2024-02-11 00:00:00,66.7099999999968,75.24729885057499,-8.537298850578196
2024-02-11 01:00:00,59.74999999999403,65.16952432265936,-5.419524322665325
2024-02-11 02:00:00,46.410000000002526,48.56794454451889,-2.1579445445163614
2024-02-11 03:00:00,41.82999999999885,47.06774725274714,-5.237747252748292
2024-02-11 04:00:00,39.8200000000117,43.52916282038405,-3.709162820372349
2024-02-11 05:00:00,38.569999999996696,47.06774725274714,-8.497747252750443
2024-02-11 06:00:00,42.34999999999792,47.06774725274714,-4.71774725274922
2024-02-11 07:00:00,42.445000000008974,53.888062015503714,-11.44306201549474
2024-02-11 08:00:00,53.129999999994595,0.0,53.129999999994595
2024-02-11 09:00:00,57.660000000009234,67.79691964285698,-10.136919642847744
2024-02-11 10:00:00,62.149999999998215,67.79691964285698,-5.646919642858762
2024-02-11 11:00:00,64.54999999999103,71.35411602209948,-6.804116022108445
2024-02-11 12:00:00,69.83999999999929,71.35411602209948,-1.5141160221001826
2024-02-11 13:00:00,66.91000000000173,67.11016164233827,-0.2001616423365391
2024-02-11 14:00:00,68.62000000000279,71.35411602209948,-2.7341160220966856
2024-02-11 15:00:00,70.46000000000066,67.11016164233827,3.3498383576623922
2024-02-11 16:00:00,68.08000000000533,67.11016164233827,0.969838357667058
2024-02-11 17:00:00,69.66999999999831,76.65033691062638,-6.980336910628068
2024-02-11 18:00:00,87.07999999999126,67.11016164233827,19.96983835765299
2024-02-11 19:00:00,90.4000000000037,122.1200000000006,-31.7199999999969
2024-02-11 20:00:00,90.71000000000079,94.39002638470537,-3.6800263847045755
2024-02-11 21:00:00,86.51000000000383,94.39002638470537,-7.880026384701537
2024-02-11 22:00:00,88.67999999999742,94.39002638470537,-5.710026384707945
2024-02-11 23:00:00,84.6299999999994,87.96747747747717,-3.3374774774777762
2024-02-12 00:00:00,81.08000000000146,67.11016164233827,13.969838357663193
2024-02-12 01:00:00,68.10999999999211,76.57857142857122,-8.46857142857911
2024-02-12 02:00:00,54.830000000004304,48.56794454451889,6.262055455485417
2024-02-12 03:00:00,49.62999999999573,47.63720306513405,1.9927969348616799
2024-02-12 04:00:00,43.96000000000237,46.36297405984513,-2.4029740598427622
2024-02-12 05:00:00,47.780000000005145,43.52916282038405,4.250837179621094
2024-02-12 06:00:00,43.569999999994536,47.63720306513405,-4.067203065139516
2024-02-12 07:00:00,48.69500000000522,71.35411602209948,-22.659116022094253
2024-02-12 08:00:00,56.80000000000126,67.79691964285698,-10.996919642855715
2024-02-12 09:00:00,64.49999999999278,60.339511535421316,4.160488464571465
2024-02-12 10:00:00,76.91999999999878,67.66864679267474,9.251353207324044
2024-02-12 11:00:00,86.66000000000835,67.11016164233827,19.549838357670083
2024-02-12 12:00:00,75.38999999999993,67.11016164233827,8.27983835766166
2024-02-12 13:00:00,86.71999999999625,60.339511535421316,26.38048846457493
2024-02-12 14:00:00,77.55999999999773,86.14319148936151,-8.583191489363784
2024-02-12 15:00:00,79.81000000000502,74.49263888888912,5.3173611111159005
2024-02-12 16:00:00,65.80999999999591,67.11016164233827,-1.3001616423423599
2024-02-12 17:00:00,75.13000000000505,99.71449999999908,-24.584499999994023
2024-02-12 18:00:00,97.48999999999339,87.7070754716981,9.782924528295283
2024-02-12 19:00:00,97.10000000000159,94.39002638470537,2.709973615296221
2024-02-12 20:00:00,103.5899999999983,94.39002638470537,9.199973615292933
2024-02-12 21:00:00,104.51000000000224,94.39002638470537,10.119973615296871
2024-02-12 22:00:00,105.32000000000139,94.39002638470537,10.92997361529602
2024-02-12 23:00:00,89.5699999999983,103.34666666666719,-13.776666666668888
2024-02-13 00:00:00,80.9199999999955,74.49263888888912,6.427361111106379
2024-02-13 01:00:00,66.46000000001864,61.454528642936815,5.005471357081824
2024-02-13 02:00:00,50.27999999998491,46.9506521739135,3.3293478260714124
2024-02-13 03:00:00,45.81000000001296,46.9506521739135,-1.1406521739005342
2024-02-13 04:00:00,43.469999999994855,43.52916282038405,-0.05916282038919718
2024-02-13 05:00:00,41.14000000000175,43.52916282038405,-2.389162820382303
2024-02-13 06:00:00,50.58999999999463,46.36297405984513,4.2270259401495025
2024-02-13 07:00:00,53.49000000000848,71.35411602209948,-17.864116022090997
2024-02-13 08:00:00,65.87000000000586,70.78777104503305,-4.9177710450271945
2024-02-13 09:00:00,68.20999999999668,70.78777104503305,-2.5777710450363713
2024-02-13 10:00:00,72.14000000000198,67.66864679267474,4.47135320732724
2024-02-13 11:00:00,67.86999999999449,56.82094827586189,11.049051724132603
2024-02-13 12:00:00,58.70000000001079,67.11016164233827,-8.41016164232748
2024-02-13 13:00:00,62.17999999999398,71.35411602209948,-9.174116022105494
2024-02-13 14:00:00,70.39000000000493,67.66864679267474,2.7213532073301963
2024-02-13 15:00:00,71.61000000000507,64.10844551282017,7.5015544871849045
2024-02-13 16:00:00,57.119999999994945,55.39161495080987,1.7283850491850785
2024-02-13 17:00:00,57.58000000000021,55.39161495080987,2.1883850491903445
2024-02-13 18:00:00,67.72000000000008,76.65033691062638,-8.930336910626295
2024-02-13 19:00:00,94.02000000000473,94.39002638470537,-0.37002638470063687
2024-02-13 20:00:00,109.70999999999853,94.39002638470537,15.319973615293165
2024-02-13 21:00:00,102.40999999999903,94.39002638470537,8.019973615293665
2024-02-13 22:00:00,100.26999999999461,102.98094086021506,-2.710940860220447
2024-02-13 23:00:00,93.19999999999956,96.10444444444491,-2.904444444445346
2024-02-14 00:00:00,89.3500000000034,87.24499999999968,2.1050000000037272
2024-02-14 01:00:00,67.81000000000103,65.16952432265936,2.6404756773416693
2024-02-14 02:00:00,50.829999999986235,48.56794454451889,2.2620554554673475
2024-02-14 03:00:00,48.45000000000374,43.52916282038405,4.920837179619689
2024-02-14 04:00:00,48.04999999999945,43.52916282038405,4.520837179615398
2024-02-14 05:00:00,41.70999999999373,43.52916282038405,-1.819162820390325
2024-02-14 06:00:00,45.759999999993,46.36297405984513,-0.60297405985213
2024-02-14 07:00:00,61.01000000000017,57.58416666666662,3.42583333333355
2024-02-14 08:00:00,66.49999999999449,70.78777104503305,-4.287771045038568
2024-02-14 09:00:00,75.99000000000018,74.82856435643554,1.1614356435646442
2024-02-14 10:00:00,67.51000000000245,55.39161495080987,12.118385049192582
2024-02-14 11:00:00,66.52999999999787,55.39161495080987,11.138385049188003
2024-02-14 12:00:00,60.1299999999996,55.39161495080987,4.738385049189731
2024-02-14 13:00:00,67.62999999999721,67.11016164233827,0.5198383576589407
2024-02-14 14:00:00,62.45000000000272,69.57125925925938,-7.121259259256661
2024-02-14 15:00:00,59.76000000001187,67.66864679267474,-7.908646792662864
2024-02-14 16:00:00,58.880000000010625,67.66864679267474,-8.78864679266411
2024-02-14 17:00:00,64.94999999999601,109.29000000000094,-44.340000000004935
2024-02-14 18:00:00,79.7100000000034,82.57367601246094,-2.863676012457532
2024-02-14 19:00:00,90.38999999998994,94.39002638470537,-4.000026384715426
2024-02-14 20:00:00,102.00000000000247,94.39002638470537,7.609973615297108
2024-02-14 21:00:00,102.62999999999815,94.39002638470537,8.239973615292783
2024-02-14 22:00:00,100.3000000000005,94.39002638470537,5.909973615295129
2024-02-14 23:00:00,99.22999999999465,94.39002638470537,4.839973615289281
2024-02-15 00:00:00,80.10000000000568,87.24499999999968,-7.144999999993999
2024-02-15 01:00:00,67.19999999999555,65.16952432265936,2.0304756773361987
2024-02-15 02:00:00,50.920000000014,51.005579710145774,-0.08557971013177479
2024-02-15 03:00:00,47.030000000001735,43.52916282038405,3.500837179617683
2024-02-15 04:00:00,42.08000000000146,43.52916282038405,-1.4491628203825897
2024-02-15 05:00:00,41.820000000000675,43.52916282038405,-1.7091628203833764
2024-02-15 06:00:00,45.080000000003395,46.36297405984513,-1.2829740598417345
2024-02-15 07:00:00,56.109999999998706,53.38899999999883,2.7209999999998757
2024-02-15 08:00:00,71.86000000000465,67.66864679267474,4.191353207329911
2024-02-15 09:00:00,70.67000000000081,64.31904255319142,6.350957446809389
2024-02-15 10:00:00,72.29000000000082,55.39161495080987,16.89838504919095
2024-02-15 11:00:00,66.8399999999827,76.65033691062638,-9.810336910643684
2024-02-15 12:00:00,75.30000000000662,60.339511535421316,14.960488464585303
2024-02-15 13:00:00,69.74999999999801,60.339511535421316,9.410488464576694
2024-02-15 14:00:00,78.24999999999905,71.35411602209948,6.895883977899572
2024-02-15 15:00:00,66.15000000000401,60.02277777777816,6.127222222225853
2024-02-15 16:00:00,60.24999999999256,60.02277777777816,0.22722222221440092
2024-02-15 17:00:00,63.07000000000602,80.05565217391269,-16.985652173906672
2024-02-15 18:00:00,79.2099999999975,73.18166666666637,6.028333333331133
2024-02-15 19:00:00,93.24999999999281,94.39002638470537,-1.1400263847125558
2024-02-15 20:00:00,109.10000000000068,94.39002638470537,14.709973615295311
2024-02-15 21:00:00,99.1599999999896,94.39002638470537,4.769973615284229
2024-02-15 22:00:00,100.9200000000022,94.39002638470537,6.529973615296839
2024-02-15 23:00:00,89.13000000000201,74.49263888888912,14.637361111112895
2024-02-16 00:00:00,80.74999999999484,74.49263888888912,6.257361111105723
2024-02-16 01:00:00,67.93999999999625,65.16952432265936,2.77047567733689
2024-02-16 02:00:00,55.730000000003834,51.005579710145774,4.72442028985806
2024-02-16 03:00:00,47.52000000000379,47.06774725274714,0.4522527472566509
2024-02-16 04:00:00,42.68000000000592,43.52916282038405,-0.8491628203781332
2024-02-16 05:00:00,47.59999999999826,43.52916282038405,4.070837179614209
2024-02-16 06:00:00,45.75000000000267,46.36297405984513,-0.6129740598424576
2024-02-16 07:00:00,52.690000000003295,64.80274879227063,-12.11274879226734
2024-02-16 08:00:00,67.51000000000596,70.78777104503305,-3.2777710450270945
2024-02-16 09:00:00,69.1199999999946,70.78777104503305,-1.6677710450384495
2024-02-16 10:00:00,65.51999999999936,64.80274879227063,0.7172512077287223
2024-02-16 11:00:00,63.710000000004754,64.10844551282017,-0.39844551281541385
2024-02-16 12:00:00,63.15000000000356,67.11016164233827,-3.960161642334711
2024-02-16 13:00:00,68.53999999999174,60.339511535421316,8.20048846457042
2024-02-16 14:00:00,63.67000000000695,64.31904255319142,-0.6490425531844721
2024-02-16 15:00:00,55.23999999999472,62.45111111111098,-7.21111111111626
2024-02-16 16:00:00,51.240000000000975,56.82094827586189,-5.580948275860912
2024-02-16 17:00:00,66.37000000000279,67.11016164233827,-0.7401616423354795
2024-02-16 18:00:00,70.77000000000108,76.65033691062638,-5.880336910625303
2024-02-16 19:00:00,87.19999999999762,94.39002638470537,-7.19002638470775
2024-02-16 20:00:00,97.89999999999188,94.39002638470537,3.509973615286512
2024-02-16 21:00:00,96.00000000000827,94.39002638470537,1.6099736153029056
2024-02-16 22:00:00,96.2300000000059,94.39002638470537,1.8399736153005364
2024-02-16 23:00:00,91.79999999999151,87.96747747747717,3.8325225225143384
2024-02-17 00:00:00,83.1500000000022,87.96747747747717,-4.817477477474981
2024-02-17 01:00:00,77.4700000000027,65.16952432265936,12.300475677343343
2024-02-17 02:00:00,55.19999999999715,51.005579710145774,4.194420289851372
2024-02-17 03:00:00,47.68999999999863,43.52916282038405,4.160837179614582
2024-02-17 04:00:00,47.86999999999562,43.52916282038405,4.340837179611569
2024-02-17 05:00:00,44.690000000005675,43.52916282038405,1.1608371796216232
2024-02-17 06:00:00,46.489999999996314,43.52916282038405,2.9608371796122626
2024-02-17 07:00:00,46.23999999999461,64.06169230769231,-17.821692307697703
2024-02-17 08:00:00,63.42000000000115,71.35952380952304,-7.939523809521887
2024-02-17 09:00:00,73.6900000000033,67.11016164233827,6.579838357665025
2024-02-17 10:00:00,83.36999999999748,74.82856435643554,8.54143564356194
2024-02-17 11:00:00,71.10000000000133,67.79691964285698,3.3030803571443528
2024-02-17 12:00:00,70.35999999999734,67.79691964285698,2.5630803571403646
2024-02-17 13:00:00,77.33000000000477,60.339511535421316,16.990488464583457
2024-02-17 14:00:00,72.40999999999241,64.10844551282017,8.30155448717224
2024-02-17 15:00:00,66.39000000000436,64.10844551282017,2.281554487184195
2024-02-17 16:00:00,65.49000000000086,64.80274879227063,0.6872512077302275
2024-02-17 17:00:00,64.72000000001134,66.23910256410272,-1.5191025640913836
2024-02-17 18:00:00,77.0499999999965,82.57367601246094,-5.523676012464435
2024-02-17 19:00:00,89.59000000000194,87.96747747747717,1.6225225225247613
2024-02-17 20:00:00,91.3900000000045,94.39002638470537,-3.0000263847008597
2024-02-17 21:00:00,88.98999999999815,94.39002638470537,-5.400026384707218
2024-02-17 22:00:00,99.98999999999964,87.96747747747717,12.022522522522465
2024-02-17 23:00:00,86.94500000000069,94.39002638470537,-7.445026384704676
2024-02-18 00:00:00,88.79000000000218,76.65033691062638,12.139663089375802
2024-02-18 01:00:00,69.5399999999998,73.10727272727283,-3.5672727272730356
2024-02-18 02:00:00,65.06000000000444,48.56794454451889,16.49205545548555
2024-02-18 03:00:00,49.12000000000825,43.52916282038405,5.590837179624195
2024-02-18 04:00:00,48.33999999999736,43.52916282038405,4.8108371796133085
2024-02-18 05:00:00,43.19999999999112,43.52916282038405,-0.32916282039293066
2024-02-18 06:00:00,46.72000000000338,47.06774725274714,-0.3477472527437584
2024-02-18 07:00:00,45.81999999999863,47.06774725274714,-1.2477472527485105
2024-02-18 08:00:00,59.70999999999385,57.70809523809509,2.001904761898757
2024-02-18 09:00:00,65.79000000000002,67.66864679267474,-1.878646792674715
2024-02-18 10:00:00,71.81000000000489,96.40450000000038,-24.59449999999549
2024-02-18 11:00:00,81.69000000000057,76.65033691062638,5.039663089374187
2024-02-18 12:00:00,75.39999999999765,71.35411602209948,4.045883977898171
2024-02-18 13:00:00,78.90000000000413,76.65033691062638,2.249663089377748
2024-02-18 14:00:00,74.96999999998644,87.24499999999968,-12.275000000013236
2024-02-18 15:00:00,85.6699999999991,87.96747747747717,-2.2974774774780684
2024-02-18 16:00:00,86.56999999999763,87.24499999999968,-0.6750000000020435
2024-02-18 17:00:00,90.87000000000566,68.31000000000006,22.5600000000056
2024-02-18 18:00:00,106.55999999999685,77.72993055555564,28.830069444441207
2024-02-18 19:00:00,109.00999999999678,94.39002638470537,14.619973615291414
2024-02-18 20:00:00,111.05000000000834,94.39002638470537,16.659973615302974
2024-02-18 21:00:00,105.08999999999352,94.39002638470537,10.699973615288158
2024-02-18 22:00:00,102.58999999998773,94.39002638470537,8.19997361528236
2024-02-18 23:00:00,104.30000000000197,73.96166666666643,30.33833333333554
2024-02-19 00:00:00,78.60000000000237,76.65033691062638,1.9496630893759885
2024-02-19 01:00:00,61.950000000009545,65.96999999999956,-4.019999999990013
2024-02-19 02:00:00,51.099999999992576,64.06169230769231,-12.961692307699735
2024-02-19 03:00:00,45.150000000001626,47.06774725274714,-1.9177472527455137
2024-02-19 04:00:00,46.94499999999954,43.52916282038405,3.4158371796154867
2024-02-19 05:00:00,44.42000000000127,43.52916282038405,0.8908371796172148
2024-02-19 06:00:00,44.87999999999755,64.80274879227063,-19.922748792273083
2024-02-19 07:00:00,54.17999999999603,53.38899999999883,0.7909999999971973
2024-02-19 08:00:00,68.6500000000039,70.78777104503305,-2.1377710450291545
2024-02-19 09:00:00,62.40999999999627,73.03060000000065,-10.620600000004373
2024-02-19 10:00:00,61.20999999999543,73.03060000000065,-11.820600000005214
2024-02-19 11:00:00,63.800000000006264,64.31904255319142,-0.5190425531851588
2024-02-19 12:00:00,70.10999999999974,64.80274879227063,5.307251207729109
2024-02-19 13:00:00,73.25999999999698,67.11016164233827,6.149838357658709
2024-02-19 14:00:00,69.90999999999775,71.35411602209948,-1.4441160221017242
2024-02-19 15:00:00,62.92999999999979,62.45111111111098,0.4788888888888039
2024-02-19 16:00:00,62.25000000000154,67.79691964285698,-5.5469196428554355
2024-02-19 17:00:00,68.04000000000536,62.45111111111098,5.588888888894381
2024-02-19 18:00:00,81.09999999999181,67.66864679267474,13.431353207317073
2024-02-19 19:00:00,90.8900000000003,94.39002638470537,-3.500026384705066
2024-02-19 20:00:00,107.73000000000215,94.39002638470537,13.339973615296785
2024-02-19 21:00:00,99.46000000000319,94.39002638470537,5.069973615297826
2024-02-19 22:00:00,96.2499999999977,94.39002638470537,1.8599736152923327
2024-02-19 23:00:00,91.49999999999793,94.39002638470537,-2.89002638470744
2024-02-20 00:00:00,87.4600000000058,76.65033691062638,10.809663089379427
2024-02-20 01:00:00,74.70000000000184,64.06169230769231,10.638307692309525
2024-02-20 02:00:00,50.999999999999034,52.557873563218756,-1.5578735632197223
2024-02-20 03:00:00,45.39999999999378,43.52916282038405,1.8708371796097296
2024-02-20 04:00:00,44.68000000000126,43.52916282038405,1.1508371796172057
2024-02-20 05:00:00,41.620000000011544,47.06774725274714,-5.447747252735596
2024-02-20 06:00:00,44.22999999999905,43.52916282038405,0.7008371796150001
2024-02-20 07:00:00,58.709999999995546,57.58416666666662,1.1258333333289272
2024-02-20 08:00:00,68.65000000000356,70.78777104503305,-2.1377710450294956
2024-02-20 09:00:00,64.7500000000012,73.03060000000065,-8.280599999999453
2024-02-20 10:00:00,63.049999999990014,64.10844551282017,-1.0584455128301542
2024-02-20 11:00:00,67.0000000000021,75.60625000000218,-8.606250000000074
2024-02-20 12:00:00,66.29999999999944,67.66864679267474,-1.3686467926752925
2024-02-20 13:00:00,68.72000000000486,67.11016164233827,1.6098383576665896
2024-02-20 14:00:00,65.35000000000827,67.66864679267474,-2.3186467926664704
2024-02-20 15:00:00,63.900000000000716,67.66864679267474,-3.7686467926740193
2024-02-20 16:00:00,60.75999999999505,73.28225352112676,-12.52225352113171
2024-02-20 17:00:00,61.550000000003195,59.017499999999096,2.5325000000040987
2024-02-20 18:00:00,74.79999999998705,82.57367601246094,-7.773676012473885
2024-02-20 19:00:00,94.88000000000872,94.39002638470537,0.4899736153033558
2024-02-20 20:00:00,103.54000000000471,94.39002638470537,9.149973615299345
2024-02-20 21:00:00,107.66999999999368,94.39002638470537,13.279973615288313
2024-02-20 22:00:00,103.4300000000064,94.39002638470537,9.039973615301037
2024-02-20 23:00:00,93.87999999999553,94.39002638470537,-0.5100263847098319
2024-02-21 00:00:00,79.84000000000057,76.65033691062638,3.189663089374193
2024-02-21 01:00:00,68.87000000001507,65.96999999999956,2.9000000000155097
2024-02-21 02:00:00,53.209999999997706,51.005579710145774,2.2044202898519316
2024-02-21 03:00:00,47.60999999999541,43.52916282038405,4.080837179611358
2024-02-21 04:00:00,44.01000000000482,43.52916282038405,0.4808371796207709
2024-02-21 05:00:00,42.41999999999456,52.557873563218756,-10.137873563224197
2024-02-21 06:00:00,46.99000000000632,52.557873563218756,-5.567873563212437
2024-02-21 07:00:00,55.239999999995746,64.06169230769231,-8.821692307696566
2024-02-21 08:00:00,70.84999999999599,70.78777104503305,0.0622289549629329
2024-02-21 09:00:00,65.86999999999324,70.78777104503305,-4.917771045039814
2024-02-21 10:00:00,59.09000000000237,64.31904255319142,-5.229042553189053
2024-02-21 11:00:00,58.639999999998906,64.31904255319142,-5.679042553192517
2024-02-21 12:00:00,59.62000000000018,60.339511535421316,-0.7195115354211339
2024-02-21 13:00:00,65.76000000000278,55.39161495080987,10.36838504919291
2024-02-21 14:00:00,73.67999999999591,61.018463021778345,12.661536978217569
2024-02-21 15:00:00,63.48000000000462,67.11016164233827,-3.630161642333647
2024-02-21 16:00:00,59.809999999998865,55.39161495080987,4.418385049188998
2024-02-21 17:00:00,64.27999999998913,83.13333333333239,-18.853333333343258
2024-02-21 18:00:00,79.47000000000021,73.18166666666637,6.2883333333338385
2024-02-21 19:00:00,95.00000000000065,94.39002638470537,0.6099736152952886
2024-02-21 20:00:00,109.00000000000065,94.39002638470537,14.609973615295289
2024-02-21 21:00:00,103.88999999998904,94.39002638470537,9.499973615283679
2024-02-21 22:00:00,95.91000000000744,94.39002638470537,1.519973615302078
2024-02-21 23:00:00,91.40999999999892,73.96166666666643,17.448333333332485
2024-02-22 00:00:00,80.2099999999999,73.28225352112676,6.927746478873132
2024-02-22 01:00:00,67.68999999999114,65.5366666666685,2.1533333333226494
2024-02-22 02:00:00,49.00000000000585,54.95672972972966,-5.956729729723811
2024-02-22 03:00:00,45.839999999994404,43.52916282038405,2.3108371796103526
2024-02-22 04:00:00,44.63999999999538,67.66864679267474,-23.028646792679353
2024-02-22 05:00:00,46.14000000001562,43.52916282038405,2.6108371796315666
2024-02-22 06:00:00,51.559999999991135,47.63720306513405,3.9227969348570824
2024-02-22 07:00:00,53.21999999999872,67.11016164233827,-13.89016164233955
2024-02-22 08:00:00,68.40000000000185,70.78777104503305,-2.387771045031201
2024-02-22 09:00:00,62.73000000000053,70.78777104503305,-8.057771045032524
2024-02-22 10:00:00,57.76999999999731,62.45111111111098,-4.6811111111136725
2024-02-22 11:00:00,62.5599999999958,55.39161495080987,7.168385049185936
2024-02-22 12:00:00,65.41000000000298,74.82856435643554,-9.418564356432555
2024-02-22 13:00:00,68.01000000000221,55.39161495080987,12.61838504919234
2024-02-22 14:00:00,64.34999999999837,55.39161495080987,8.958385049188507
2024-02-22 15:00:00,62.92999999998921,55.39161495080987,7.53838504917934
2024-02-22 16:00:00,57.570000000001926,55.39161495080987,2.178385049192059
2024-02-22 17:00:00,69.26000000000892,61.018463021778345,8.24153697823057
2024-02-22 18:00:00,79.25999999999539,67.66864679267474,11.591353207320651
2024-02-22 19:00:00,94.34999999999829,94.39002638470537,-0.04002638470707609
2024-02-22 20:00:00,95.24000000000453,73.96166666666643,21.278333333338097
2024-02-22 21:00:00,108.48999999999828,94.39002638470537,14.09997361529291
2024-02-22 22:00:00,98.14000000001144,134.6958333333366,-36.555833333325154
2024-02-22 23:00:00,98.63999999999723,94.39002638470537,4.249973615291864
2024-02-23 00:00:00,83.30999999999979,73.28225352112676,10.027746478873027
2024-02-23 01:00:00,66.11999999998949,65.96999999999956,0.1499999999899302
2024-02-23 02:00:00,50.77999999999514,51.005579710145774,-0.22557971015063316
2024-02-23 03:00:00,44.65000000000413,43.52916282038405,1.1208371796200751
2024-02-23 04:00:00,42.159999999998206,43.52916282038405,-1.3691628203858457
2024-02-23 05:00:00,40.029999999997415,43.52916282038405,-3.499162820386637
2024-02-23 06:00:00,42.43000000000455,46.36297405984513,-3.932974059840582
2024-02-23 07:00:00,51.92999999999467,57.58416666666662,-5.654166666671948
2024-02-23 08:00:00,62.330000000001235,70.78777104503305,-8.45777104503182
2024-02-23 09:00:00,65.59000000000668,69.57125925925938,-3.9812592592526954
2024-02-23 10:00:00,66.77999999999923,67.66864679267474,-0.8886467926755017
2024-02-23 11:00:00,62.749999999998806,55.39161495080987,7.358385049188939
2024-02-23 12:00:00,61.620000000001994,64.06169230769231,-2.4416923076903174
2024-02-23 13:00:00,60.99000000000018,55.39161495080987,5.598385049190313
2024-02-23 14:00:00,63.229999999996664,55.39161495080987,7.8383850491867975
2024-02-23 15:00:00,60.499999999995964,55.39161495080987,5.108385049186097
2024-02-23 16:00:00,57.08999999999361,55.39161495080987,1.6983850491837416
2024-02-23 17:00:00,59.65000000000606,79.6701923076925,-20.020192307686443
2024-02-23 18:00:00,70.61999999999881,76.65033691062638,-6.030336910627568
2024-02-23 19:00:00,83.11000000000746,94.39002638470537,-11.280026384697905
2024-02-23 20:00:00,93.91999999999878,73.96166666666643,19.958333333332348
2024-02-23 21:00:00,92.27999999999221,99.71449999999908,-7.434500000006864
2024-02-23 22:00:00,97.09000000000523,94.39002638470537,2.699973615299868
2024-02-23 23:00:00,92.3199999999982,94.39002638470537,-2.0700263847071625
2024-02-24 00:00:00,86.55000000000014,77.11291576867816,9.437084231321975
2024-02-24 01:00:00,82.56000000000887,65.16952432265936,17.390475677349514
2024-02-24 02:00:00,56.999999999995396,51.005579710145774,5.9944202898496215
2024-02-24 03:00:00,56.080000000000325,47.06774725274714,9.012252747253186
2024-02-24 04:00:00,50.21000000000373,47.06774725274714,3.1422527472565918
2024-02-24 05:00:00,45.03000000000969,47.06774725274714,-2.0377472527374465
2024-02-24 06:00:00,47.149999999999125,47.06774725274714,0.08225274725198517
2024-02-24 07:00:00,51.63000000000608,67.11016164233827,-15.480161642332192
2024-02-24 08:00:00,61.29999999999308,57.70809523809509,3.591904761897986
2024-02-24 09:00:00,72.59000000000475,67.93614583333354,4.653854166671209
2024-02-24 10:00:00,71.34000000000805,67.66864679267474,3.6713532073333113
2024-02-24 11:00:00,75.17999999999456,64.10844551282017,11.071554487174396
2024-02-24 12:00:00,76.43999999999491,104.6489855072468,-28.208985507251896
2024-02-24 13:00:00,74.6900000000008,69.57125925925938,5.118740740741416
2024-02-24 14:00:00,68.9999999999871,71.35411602209948,-2.354116022112379
2024-02-24 15:00:00,68.4400000000049,67.11016164233827,1.329838357666631
2024-02-24 16:00:00,70.40999999999582,71.35952380952304,-0.9495238095272214
2024-02-24 17:00:00,62.53999999999866,79.6701923076925,-17.13019230769384
2024-02-24 18:00:00,81.08999999999794,87.96747747747717,-6.877477477479232
2024-02-24 19:00:00,97.00000000000259,87.96747747747717,9.032522522525412
2024-02-24 20:00:00,104.44999999999376,87.96747747747717,16.48252252251659
2024-02-24 21:00:00,95.86000000000385,94.39002638470537,1.4699736152984855
2024-02-24 22:00:00,101.52999999999801,94.39002638470537,7.1399736152926465
2024-02-24 23:00:00,91.16499999999323,94.39002638470537,-3.2250263847121374
2024-02-25 00:00:00,87.93000000000356,73.28225352112676,14.647746478876797
2024-02-25 01:00:00,77.00999999999925,65.96999999999956,11.039999999999694
2024-02-25 02:00:00,57.07000000000272,51.005579710145774,6.0644202898569475
2024-02-25 03:00:00,49.61999999999563,43.52916282038405,6.090837179611576
2024-02-25 04:00:00,43.86000000000041,43.52916282038405,0.33083717961635983
2024-02-25 05:00:00,42.03999999999661,43.52916282038405,-1.4891628203874419
2024-02-25 06:00:00,42.73000000000212,43.52916282038405,-0.7991628203819303
2024-02-25 07:00:00,47.73000000000724,47.06774725274714,0.6622527472600979
2024-02-25 08:00:00,64.79999999998796,67.79691964285698,-2.996919642869017
2024-02-25 09:00:00,66.46000000000623,62.45111111111098,4.00888888889525
2024-02-25 10:00:00,72.90999999999798,71.35411602209948,1.5558839778985032
2024-02-25 11:00:00,77.47000000000409,79.9567999999992,-2.486799999995114
2024-02-25 12:00:00,75.53999999999775,71.33999999999835,4.199999999999392
2024-02-25 13:00:00,76.04999999999785,67.11016164233827,8.939838357659582
2024-02-25 14:00:00,77.6500000000047,67.11016164233827,10.539838357666426
2024-02-25 15:00:00,76.15999999999855,60.02277777777816,16.137222222220387
2024-02-25 16:00:00,84.08000000000135,67.11016164233827,16.96983835766308
2024-02-25 17:00:00,75.64999999999162,60.02277777777816,15.627222222213462
2024-02-25 18:00:00,87.20000000000059,175.57500000000152,-88.37500000000094
2024-02-25 19:00:00,104.82000000000377,110.64078947368485,-5.820789473681074
2024-02-25 20:00:00,103.62999999999633,94.39002638470537,9.239973615290964
2024-02-25 21:00:00,101.94999999999797,102.98094086021506,-1.0309408602170862
2024-02-25 22:00:00,108.820000000004,94.39002638470537,14.429973615298636
2024-02-25 23:00:00,92.30000000000163,102.98094086021506,-10.680940860213425
2024-02-26 00:00:00,76.54999999999661,67.11016164233827,9.439838357658346
2024-02-26 01:00:00,70.6799999999983,65.96999999999956,4.709999999998743
2024-02-26 02:00:00,51.8500000000019,51.005579710145774,0.8444202898561244
2024-02-26 03:00:00,46.780000000001394,43.52916282038405,3.250837179617342
2024-02-26 04:00:00,44.229999999995414,43.52916282038405,0.7008371796113622
2024-02-26 05:00:00,47.340000000004636,43.52916282038405,3.8108371796205844
2024-02-26 06:00:00,46.72000000000543,46.36297405984513,0.3570259401602982
2024-02-26 07:00:00,53.69999999999453,57.58416666666662,-3.884166666672087
2024-02-26 08:00:00,68.76000000000028,60.339511535421316,8.420488464578959
2024-02-26 09:00:00,67.48999999999847,77.72993055555564,-10.239930555557166
2024-02-26 10:00:00,59.650000000004354,64.10844551282017,-4.458445512815814
2024-02-26 11:00:00,60.949999999995,67.11016164233827,-6.160161642343269
2024-02-26 12:00:00,62.30999999999626,64.10844551282017,-1.7984455128239105
2024-02-26 13:00:00,66.55000000000683,67.11016164233827,-0.5601616423314368
2024-02-26 14:00:00,58.66000000000548,67.11016164233827,-8.450161642332787
2024-02-26 15:00:00,55.699999999995555,67.11016164233827,-11.410161642342715
2024-02-26 16:00:00,54.43999999999613,55.39161495080987,-0.9516149508137346
2024-02-26 17:00:00,57.51999999999731,55.39161495080987,2.128385049187443
2024-02-26 18:00:00,70.07999999999794,73.18166666666637,-3.101666666668436
2024-02-26 19:00:00,94.08000000000716,94.39002638470537,-0.31002638469820454
2024-02-26 20:00:00,97.83000000000399,94.39002638470537,3.4399736152986264
2024-02-26 21:00:00,95.60999999999441,94.39002638470537,1.2199736152890495
2024-02-26 22:00:00,96.92000000000526,127.66308823529425,-30.743088235288994
2024-02-26 23:00:00,86.7199999999942,94.39002638470537,-7.670026384711164
2024-02-27 00:00:00,72.85000000000487,75.24729885057499,-2.397298850570124
2024-02-27 01:00:00,59.02000000000175,67.11016164233827,-8.090161642336518
2024-02-27 02:00:00,49.09000000000407,48.56794454451889,0.5220554554851802
2024-02-27 03:00:00,44.95999999999373,43.52916282038405,1.430837179609675
2024-02-27 04:00:00,44.68999999999545,46.36297405984513,-1.672974059849679
2024-02-27 05:00:00,42.860000000009165,43.52916282038405,-0.6691628203748863
2024-02-27 06:00:00,43.09000000000077,53.38899999999883,-10.29899999999806
2024-02-27 07:00:00,52.32999999999748,57.58416666666662,-5.254166666669136
2024-02-27 08:00:00,65.84999999999962,70.78777104503305,-4.937771045033429
2024-02-27 09:00:00,63.28999999999604,64.87138461538505,-1.5813846153890125
2024-02-27 10:00:00,63.03000000000094,55.39161495080987,7.638385049191072
2024-02-27 11:00:00,56.62000000000131,67.11016164233827,-10.490161642336957
2024-02-27 12:00:00,59.56999999999567,64.10844551282017,-4.538445512824495
2024-02-27 13:00:00,61.55000000000206,64.10844551282017,-2.5584455128181105
2024-02-27 14:00:00,57.129999999993345,64.10844551282017,-6.9784455128268235
2024-02-27 15:00:00,50.56000000001035,67.11016164233827,-16.55016164232792
2024-02-27 16:00:00,52.709999999997365,67.11016164233827,-14.400161642340905
2024-02-27 17:00:00,58.429999999996596,55.39161495080987,3.0383850491867292
2024-02-27 18:00:00,70.72000000000179,127.66308823529425,-56.943088235292464
2024-02-27 19:00:00,94.43999999999139,127.66308823529425,-33.22308823530287
2024-02-27 20:00:00,106.73000000000204,94.39002638470537,12.339973615296671
2024-02-27 21:00:00,94.12999999999542,94.39002638470537,-0.26002638470994555
2024-02-27 22:00:00,95.79000000000119,99.71449999999908,-3.9244999999978916
2024-02-27 23:00:00,88.37999999999883,87.24499999999968,1.1349999999991525
2024-02-28 00:00:00,83.06999999999535,75.24729885057499,7.822701149420354
2024-02-28 01:00:00,65.96000000000282,65.96999999999956,-0.00999999999673662
2024-02-28 02:00:00,47.91000000000548,48.56794454451889,-0.6579445445134056
2024-02-28 03:00:00,45.539999999995814,46.36297405984513,-0.8229740598493152
2024-02-28 04:00:00,46.090000000005205,43.52916282038405,2.560837179621153
2024-02-28 05:00:00,41.98999999999813,43.52916282038405,-1.5391628203859185
2024-02-28 06:00:00,44.709999999999184,46.36297405984513,-1.6529740598459455
2024-02-28 07:00:00,52.610000000005755,57.58416666666662,-4.974166666660864
2024-02-28 08:00:00,67.10999999999802,70.78777104503305,-3.67777104503503
2024-02-28 09:00:00,60.709999999993734,70.78777104503305,-10.07777104503932
2024-02-28 10:00:00,57.88999999999879,64.31904255319142,-6.42904255319263
2024-02-28 11:00:00,58.83999999999895,67.79691964285698,-8.956919642858026
2024-02-28 12:00:00,57.89999999999469,74.82856435643554,-16.928564356440845
2024-02-28 13:00:00,58.550000000003195,62.45111111111098,-3.901111111107788
2024-02-28 14:00:00,57.58000000000226,64.10844551282017,-6.52844551281791
2024-02-28 15:00:00,58.090000000000884,61.018463021778345,-2.9284630217774605
2024-02-28 16:00:00,55.99999999999494,60.339511535421316,-4.339511535426375
2024-02-28 17:00:00,63.01999999999869,76.65033691062638,-13.63033691062769
2024-02-28 18:00:00,76.66000000000163,76.65033691062638,0.009663089375251843
2024-02-28 19:00:00,86.46999999999954,73.18166666666637,13.28833333333317
2024-02-28 20:00:00,95.10000000000488,94.39002638470537,0.7099736152995177
2024-02-28 21:00:00,91.51000000000383,94.39002638470537,-2.8800263847015373
2024-02-28 22:00:00,95.4299999999948,94.39002638470537,1.0399736152894405
2024-02-28 23:00:00,91.55000000000425,94.39002638470537,-2.840026384701119
2024-02-29 00:00:00,82.18999999999785,87.24499999999968,-5.055000000001826
2024-02-29 01:00:00,68.28999999998615,73.10727272727283,-4.817272727286678
2024-02-29 02:00:00,55.17000000000877,51.005579710145774,4.164420289862996
2024-02-29 03:00:00,46.60999999999882,43.52916282038405,3.080837179614768
2024-02-29 04:00:00,43.240000000000975,43.52916282038405,-0.2891628203830763
2024-02-29 05:00:00,42.150000000000375,43.52916282038405,-1.3791628203836765
2024-02-29 06:00:00,45.619999999997674,46.36297405984513,-0.7429740598474552
2024-02-29 07:00:00,52.169999999998424,57.58416666666662,-5.414166666668194
2024-02-29 08:00:00,63.13000000000039,70.78777104503305,-7.657771045032661
2024-02-29 09:00:00,67.04000000000798,64.31904255319142,2.7209574468165556
2024-02-29 10:00:00,69.3599999999928,64.31904255319142,5.040957446801372
2024-02-29 11:00:00,62.309999999997046,64.31904255319142,-2.0090425531943765
2024-02-29 12:00:00,63.1300000000046,64.80274879227063,-1.6727487922660345
2024-02-29 13:00:00,59.72999999999678,64.31904255319142,-4.589042553194645
2024-02-29 14:00:00,57.1700000000057,69.57125925925938,-12.401259259253678
2024-02-29 15:00:00,56.469999999994286,73.96166666666643,-17.491666666672145
2024-02-29 16:00:00,62.44000000000227,67.11016164233827,-4.670161642335998
2024-02-29 17:00:00,59.88000000000153,60.584916967508896,-0.7049169675073657
2024-02-29 18:00:00,67.15999999999161,69.57125925925938,-2.4112592592677657
2024-02-29 19:00:00,80.70000000000012,85.00999999999874,-4.309999999998624
2024-02-29 20:00:00,90.80999999999696,126.61499999999967,-35.80500000000271
2024-02-29 21:00:00,94.11999999999725,94.39002638470537,-0.27002638470811746
2024-02-29 22:00:00,94.94000000000173,94.39002638470537,0.5499736152963663
2024-02-29 23:00:00,91.2599999999961,79.6701923076925,11.589807692303594
2024-03-01 00:00:00,83.03000000000175,79.6701923076925,3.3598076923092464
2024-03-01 01:00:00,78.03999999999832,64.06169230769231,13.978307692306004
2024-03-01 02:00:00,58.230000000003265,51.005579710145774,7.224420289857491
2024-03-01 03:00:00,51.909999999990475,43.52916282038405,8.380837179606424
2024-03-01 04:00:00,44.08000000000612,43.52916282038405,0.5508371796220715
2024-03-01 05:00:00,42.4999999999971,43.52916282038405,-1.0291628203869507
2024-03-01 06:00:00,42.58000000000396,43.52916282038405,-0.9491628203800886
2024-03-01 07:00:00,49.56999999999749,43.52916282038405,6.04083717961344
2024-03-01 08:00:00,57.670000000004904,74.82856435643554,-17.15856435643063
2024-03-01 09:00:00,72.29999999999615,71.33999999999835,0.9599999999977911
2024-03-01 10:00:00,71.95999999999782,95.1488888888894,-23.188888888891583
2024-03-01 11:00:00,75.98499999999815,62.45111111111098,13.53388888888717
2024-03-01 12:00:00,65.70000000000283,71.35411602209948,-5.654116022096645
2024-03-01 13:00:00,74.55000000000331,64.31904255319142,10.230957446811885
2024-03-01 14:00:00,65.86999999999983,64.10844551282017,1.7615544871796658
2024-03-01 15:00:00,66.37999999999846,64.10844551282017,2.2715544871782924
2024-03-01 16:00:00,61.390000000004484,71.35411602209948,-9.964116022094991
2024-03-01 17:00:00,64.68999999999863,64.10844551282017,0.5815544871784653
2024-03-01 18:00:00,68.11000000000917,112.80999999999624,-44.69999999998707
2024-03-01 19:00:00,97.3499999999926,61.018463021778345,36.33153697821426
2024-03-01 20:00:00,94.60999999999964,94.39002638470537,0.21997361529427906
2024-03-01 21:00:00,100.3000000000014,94.39002638470537,5.909973615296039
2024-03-01 22:00:00,90.63000000001134,94.39002638470537,-3.7600263846940294
2024-03-01 23:00:00,94.73000000000079,87.24499999999968,7.485000000001108
2024-03-02 00:00:00,78.21999999999453,73.96166666666643,4.258333333328096
2024-03-02 01:00:00,72.26000000000914,87.24499999999968,-14.984999999990535
2024-03-02 02:00:00,53.929999999997506,51.005579710145774,2.9244202898517315
2024-03-02 03:00:00,46.94999999999703,43.52916282038405,3.420837179612981
2024-03-02 04:00:00,47.900000000009015,43.52916282038405,4.370837179624964
2024-03-02 05:00:00,41.670000000003085,43.52916282038405,-1.8591628203809663
2024-03-02 06:00:00,42.26999999999947,43.52916282038405,-1.2591628203845815
2024-03-02 07:00:00,43.000000000000966,46.36297405984513,-3.362974059844163
2024-03-02 08:00:00,56.55999999999784,73.03060000000065,-16.470600000002804
2024-03-02 09:00:00,66.62000000000188,67.93614583333354,-1.3161458333316602
2024-03-02 10:00:00,71.25999999999698,64.31904255319142,6.940957446805555
2024-03-02 11:00:00,72.73000000000087,66.23910256410272,6.490897435898148
2024-03-02 12:00:00,73.34000000000043,71.35411602209948,1.9858839779009543
2024-03-02 13:00:00,74.5799999999985,71.35411602209948,3.2258839778990307
2024-03-02 14:00:00,76.71000000000147,64.10844551282017,12.601554487181303
2024-03-02 15:00:00,67.81999999999817,64.10844551282017,3.711554487178006
2024-03-02 16:00:00,70.1600000000031,67.11016164233827,3.049838357664825
2024-03-02 17:00:00,69.58000000000033,67.11016164233827,2.4698383576620557
2024-03-02 18:00:00,81.12999999999585,82.57367601246094,-1.4436760124650903
2024-03-02 19:00:00,100.30000000000344,117.20521739130405,-16.90521739130061
2024-03-02 20:00:00,96.89999999999074,94.39002638470537,2.509973615285375
2024-03-02 21:00:00,93.46000000001058,94.39002638470537,-0.9300263846947843
2024-03-02 22:00:00,100.20999999999216,94.39002638470537,5.8199736152867985
2024-03-02 23:00:00,95.63000000001065,87.24499999999968,8.385000000010976
2024-03-03 00:00:00,82.47999999998986,87.24499999999968,-4.76500000000982
2024-03-03 01:00:00,76.66000000000538,73.10727272727283,3.552727272732554
2024-03-03 02:00:00,56.139999999998,52.557873563218756,3.582126436779241
2024-03-03 03:00:00,54.91000000000753,43.52916282038405,11.380837179623477
2024-03-03 04:00:00,49.37000000000086,43.52916282038405,5.8408371796168055
2024-03-03 05:00:00,42.29999999999614,43.52916282038405,-1.2291628203879128
2024-03-03 06:00:00,43.66999999999887,47.06774725274714,-3.3977472527482675
2024-03-03 07:00:00,45.969999999992574,47.06774725274714,-1.0977472527545657
2024-03-03 08:00:00,61.52999999998741,74.82856435643554,-13.298564356448125
2024-03-03 09:00:00,71.11000000000121,74.82856435643554,-3.718564356434328
2024-03-03 10:00:00,80.7300000000028,76.65033691062638,4.0796630893764245
2024-03-03 11:00:00,73.38999999999925,64.31904255319142,9.070957446807824
2024-03-03 12:00:00,72.71000000000521,85.00999999999874,-12.299999999993531
2024-03-03 13:00:00,81.34999999999735,71.35411602209948,9.995883977897876
2024-03-03 14:00:00,75.67000000000229,78.54666666666473,-2.8766666666624445
2024-03-03 15:00:00,73.0300000000005,78.54666666666473,-5.516666666664236
2024-03-03 16:00:00,74.42000000000571,66.23910256410272,8.180897435902992
2024-03-03 17:00:00,75.75000000000108,60.339511535421316,15.410488464579764
2024-03-03 18:00:00,96.39999999999654,87.7070754716981,8.692924528298434
2024-03-03 19:00:00,108.21000000000456,74.82856435643554,33.38143564356902
2024-03-03 20:00:00,106.19999999999195,94.39002638470537,11.80997361528658
2024-03-03 21:00:00,107.42999999999685,94.39002638470537,13.039973615291487
2024-03-03 22:00:00,105.82000000001253,94.39002638470537,11.429973615307162
2024-03-03 23:00:00,100.22999999999078,87.24499999999968,12.984999999991103
2024-03-04 00:00:00,76.91999999998843,73.28225352112676,3.637746478861672
2024-03-04 01:00:00,66.08000000000237,65.16952432265936,0.9104756773430154
2024-03-04 02:00:00,49.04999999999524,51.005579710145774,-1.9555797101505377
2024-03-04 03:00:00,43.54999999999614,47.63720306513405,-4.087203065137913
2024-03-04 04:00:00,46.54000000000889,46.36297405984513,0.17702594016375883
2024-03-04 05:00:00,44.219999999989625,43.52916282038405,0.6908371796055732
2024-03-04 06:00:00,46.650000000002876,53.38899999999883,-6.738999999995954
2024-03-04 07:00:00,59.180000000009905,67.11016164233827,-7.930161642328365
2024-03-04 08:00:00,84.03999999999618,67.79691964285698,16.243080357139206
2024-03-04 09:00:00,65.10000000000178,64.87138461538505,0.22861538461673092
2024-03-04 10:00:00,58.54999999999592,55.39161495080987,3.1583850491860517
2024-03-04 11:00:00,57.28999999999672,55.39161495080987,1.8983850491868566
2024-03-04 12:00:00,51.660000000004686,55.39161495080987,-3.731614950805181
2024-03-04 13:00:00,51.69999999999658,55.39161495080987,-3.691614950813289
2024-03-04 14:00:00,49.74999999999675,64.10844551282017,-14.358445512823415
2024-03-04 15:00:00,50.36000000000166,69.57125925925938,-19.211259259257716
2024-03-04 16:00:00,58.07000000000306,60.339511535421316,-2.2695115354182533
2024-03-04 17:00:00,57.04999999999296,62.45111111111098,-5.40111111111802
2024-03-04 18:00:00,76.07000000000649,127.66308823529425,-51.593088235287766
2024-03-04 19:00:00,97.72999999998771,99.71449999999908,-1.9845000000113657
2024-03-04 20:00:00,98.3200000000057,73.96166666666643,24.358333333339274
2024-03-04 21:00:00,95.81999999999582,87.24499999999968,8.574999999996137
2024-03-04 22:00:00,94.70000000000593,71.35411602209948,23.345883977906453
2024-03-04 23:00:00,86.4699999999959,94.39002638470537,-7.920026384709459
2024-03-05 00:00:00,77.65000000000344,87.24499999999968,-9.594999999996233
2024-03-05 01:00:00,65.2799999999998,65.16952432265936,0.11047567734044605
2024-03-05 02:00:00,39.83999999999965,48.56794454451889,-8.72794454451924
2024-03-05 03:00:00,47.369999999991194,43.52916282038405,3.840837179607142
2024-03-05 04:00:00,43.280000000006844,43.52916282038405,-0.24916282037720805
2024-03-05 05:00:00,42.47999999999303,43.52916282038405,-1.0491628203910253
2024-03-05 06:00:00,47.849999999996214,46.36297405984513,1.487025940151085
2024-03-05 07:00:00,57.619999999994945,67.11016164233827,-9.490161642343324
2024-03-05 08:00:00,80.70000000000114,70.78777104503305,9.912228954968086
2024-03-05 09:00:00,70.5399999999874,70.78777104503305,-0.24777104504565273
2024-03-05 10:00:00,57.94000000000875,55.39161495080987,2.5483850491988846
2024-03-05 11:00:00,53.29000000000241,61.018463021778345,-7.728463021775937
2024-03-05 12:00:00,51.38000000000369,55.39161495080987,-4.011614950806177
2024-03-05 13:00:00,47.40999999999104,55.39161495080987,-7.98161495081883
2024-03-05 14:00:00,51.12000000000279,55.39161495080987,-4.271614950807077
2024-03-05 15:00:00,52.260000000000844,55.39161495080987,-3.1316149508090234
2024-03-05 16:00:00,50.53999999998956,55.39161495080987,-4.851614950820306
2024-03-05 17:00:00,59.17000000000115,55.39161495080987,3.778385049191286
2024-03-05 18:00:00,73.80999999998957,79.6701923076925,-5.860192307702931
2024-03-05 19:00:00,101.400000000002,104.6489855072468,-3.248985507244811
2024-03-05 20:00:00,98.9899999999985,104.6489855072468,-5.658985507248303
2024-03-05 21:00:00,100.19000000000958,127.66308823529425,-27.473088235284678
2024-03-05 22:00:00,101.38999999999803,94.39002638470537,6.99997361529266
2024-03-05 23:00:00,86.60999999999976,94.39002638470537,-7.780026384705607
2024-03-06 00:00:00,77.11999999999938,65.96999999999956,11.149999999999821
2024-03-06 01:00:00,66.47999999999439,76.57857142857122,-10.098571428576832
2024-03-06 02:00:00,49.0500000000016,51.005579710145774,-1.9555797101441712
2024-03-06 03:00:00,45.18000000000967,43.52916282038405,1.6508371796256185
2024-03-06 04:00:00,44.05999999998647,43.52916282038405,0.5308371796024218
2024-03-06 05:00:00,41.14000000000891,43.52916282038405,-2.389162820375141
2024-03-06 06:00:00,46.379999999996635,46.36297405984513,0.01702594015150538
2024-03-06 07:00:00,58.39000000000903,57.58416666666662,0.805833333342413
2024-03-06 08:00:00,75.13999999999731,64.10844551282017,11.031554487177146
2024-03-06 09:00:00,63.82999999998851,64.87138461538505,-1.0413846153965451
2024-03-06 10:00:00,57.54000000000025,55.39161495080987,2.148385049190381
2024-03-06 11:00:00,53.6999999999984,61.018463021778345,-7.318463021779948
2024-03-06 12:00:00,49.46999999999724,55.39161495080987,-5.921614950812625
2024-03-06 13:00:00,50.090000000000884,55.39161495080987,-5.3016149508089825
2024-03-06 14:00:00,51.85000000000281,55.39161495080987,-3.541614950807059
2024-03-06 15:00:00,53.010000000003686,67.66864679267474,-14.65864679267105
2024-03-06 16:00:00,55.690000000005796,67.66864679267474,-11.97864679266894
2024-03-06 17:00:00,56.56999999998715,55.39161495080987,1.1783850491772796
2024-03-06 18:00:00,64.35000000000338,76.65033691062638,-12.300336910623002
2024-03-06 19:00:00,90.70999999999773,73.18166666666637,17.52833333333136
2024-03-06 20:00:00,105.77000000000143,94.39002638470537,11.379973615296066
2024-03-06 21:00:00,98.11999999998997,94.39002638470537,3.7299736152846066
2024-03-06 22:00:00,96.2300000000067,94.39002638470537,1.8399736153013322
2024-03-06 23:00:00,92.19000000000469,94.39002638470537,-2.200026384700678
2024-03-07 00:00:00,75.89999999999527,75.24729885057499,0.652701149420281
2024-03-07 01:00:00,66.2999999999983,65.16952432265936,1.13047567733895
2024-03-07 02:00:00,47.369999999994036,48.56794454451889,-1.1979445445248516
2024-03-07 03:00:00,44.45000000000283,43.52916282038405,0.9208371796187791
2024-03-07 04:00:00,43.35999999999632,47.63720306513405,-4.2772030651377335
2024-03-07 05:00:00,46.02000000000253,43.52916282038405,2.490837179618481
2024-03-07 06:00:00,48.800000000001376,47.63720306513405,1.1627969348673233
2024-03-07 07:00:00,59.34999999999712,71.35952380952304,-12.009523809525923
2024-03-07 08:00:00,78.67000000000162,73.96166666666643,4.70833333333519
2024-03-07 09:00:00,66.02000000000368,64.87138461538505,1.1486153846186227
2024-03-07 10:00:00,55.91000000000787,64.10844551282017,-8.198445512812299
2024-03-07 11:00:00,53.130000000000045,55.39161495080987,-2.261614950809822
2024-03-07 12:00:00,52.34000000000498,55.39161495080987,-3.0516149508048898
2024-03-07 13:00:00,46.50999999999641,55.39161495080987,-8.881614950813457
2024-03-07 14:00:00,46.779999999999916,55.39161495080987,-8.611614950809951
2024-03-07 15:00:00,47.85999999999791,60.339511535421316,-12.479511535423406
2024-03-07 16:00:00,49.68999999999147,55.39161495080987,-5.701614950818396
2024-03-07 17:00:00,53.97000000000372,55.39161495080987,-1.4216149508061449
2024-03-07 18:00:00,61.37999999999823,76.65033691062638,-15.270336910628146
2024-03-07 19:00:00,82.51999999999268,94.39002638470537,-11.870026384712688
2024-03-07 20:00:00,90.3099999999989,99.71449999999908,-9.404500000000183
2024-03-07 21:00:00,94.95000000000218,99.71449999999908,-4.7644999999969
2024-03-07 22:00:00,103.83000000000104,94.39002638470537,9.43997361529567
2024-03-07 23:00:00,90.59999999999306,94.39002638470537,-3.7900263847123057
2024-03-08 00:00:00,76.6599999999931,76.65033691062638,0.00966308936672533
2024-03-08 01:00:00,67.5700000000199,65.16952432265936,2.4004756773605465
2024-03-08 02:00:00,54.75999999998879,51.005579710145774,3.7544202898430186
2024-03-08 03:00:00,47.1799999999925,43.52916282038405,3.6508371796084518
2024-03-08 04:00:00,42.870000000011316,43.52916282038405,-0.6591628203727353
2024-03-08 05:00:00,40.929999999995566,43.52916282038405,-2.599162820388486
2024-03-08 06:00:00,49.60999999999905,46.36297405984513,3.247025940153918
2024-03-08 07:00:00,54.730000000004054,71.35411602209948,-16.62411602209542
2024-03-08 08:00:00,73.1099999999919,70.78777104503305,2.3222289549588453
2024-03-08 09:00:00,66.54000000001253,64.87138461538505,1.668615384627472
2024-03-08 10:00:00,54.9050000000023,61.018463021778345,-6.113463021776042
2024-03-08 11:00:00,51.47999999999587,55.39161495080987,-3.9116149508139983
2024-03-08 12:00:00,53.539999999997065,55.39161495080987,-1.8516149508128024
2024-03-08 13:00:00,52.22000000000588,55.39161495080987,-3.171614950803985
2024-03-08 14:00:00,50.70499999999544,55.39161495080987,-4.68661495081443
2024-03-08 15:00:00,48.47000000000327,55.39161495080987,-6.9216149508066
2024-03-08 16:00:00,48.43999999999226,55.39161495080987,-6.951614950817607
2024-03-08 17:00:00,54.440000000003636,55.39161495080987,-0.9516149508062313
2024-03-08 18:00:00,67.96999999999656,73.18166666666637,-5.211666666669814
2024-03-08 19:00:00,87.800000000003,116.6411111111109,-28.841111111107907
2024-03-08 20:00:00,95.90999999999562,92.21800000000147,3.6919999999941524
2024-03-08 21:00:00,92.51000000000644,94.39002638470537,-1.8800263846989225
2024-03-08 22:00:00,99.0899999999933,94.39002638470537,4.699973615287931
2024-03-08 23:00:00,88.57000000000092,87.24499999999968,1.3250000000012392
2024-03-09 00:00:00,77.83000000000615,87.76750000000077,-9.937499999994614
2024-03-09 01:00:00,74.00000000000165,73.28225352112676,0.7177464788748864
2024-03-09 02:00:00,53.88999999999663,51.005579710145774,2.8844202898508584
2024-03-09 03:00:00,48.10999999999768,43.52916282038405,4.580837179613631
2024-03-09 04:00:00,44.41000000001196,43.52916282038405,0.8808371796279104
2024-03-09 05:00:00,47.2399999999971,43.52916282038405,3.7108371796130513
2024-03-09 06:00:00,43.589999999990994,46.36297405984513,-2.7729740598541355
2024-03-09 07:00:00,47.01999999999617,57.58416666666662,-10.564166666670445
2024-03-09 08:00:00,61.10000000000883,67.11016164233827,-6.010161642329436
2024-03-09 09:00:00,72.62999999999948,64.10844551282017,8.521554487179316
2024-03-09 10:00:00,76.2799999999931,82.57367601246094,-6.2936760124678415
2024-03-09 11:00:00,74.74000000000393,79.9567999999992,-5.216799999995274
2024-03-09 12:00:00,74.27999999999798,66.23910256410272,8.04089743589526
2024-03-09 13:00:00,75.17999999999785,75.24729885057499,-0.06729885057714569
2024-03-09 14:00:00,72.89000000000347,82.57367601246094,-9.683676012457468
2024-03-09 15:00:00,72.59500000000362,74.82856435643554,-2.2335643564319128
2024-03-09 16:00:00,62.729999999997005,66.23910256410272,-3.509102564105717
2024-03-09 17:00:00,58.78500000000355,67.79691964285698,-9.011919642853428
2024-03-09 18:00:00,81.5299999999998,67.66864679267474,13.861353207325067
2024-03-09 19:00:00,87.80999999999162,99.71449999999908,-11.90450000000746
2024-03-09 20:00:00,97.96999999999997,94.39002638470537,3.5799736152946053
2024-03-09 21:00:00,101.78999999999743,94.39002638470537,7.399973615292069
2024-03-09 22:00:00,102.95999999999489,94.39002638470537,8.569973615289527
2024-03-09 23:00:00,87.38499999999212,87.24499999999968,0.1399999999924404
2024-03-10 00:00:00,76.32000000000001,75.24729885057499,1.072701149425015
2024-03-10 01:00:00,71.7299999999951,64.06169230769231,7.66830769230279
2024-03-10 02:00:00,52.499999999996646,48.56794454451889,3.9320554554777587
2024-03-10 03:00:00,46.2999999999999,43.52916282038405,2.770837179615846
2024-03-10 04:00:00,47.10000000000133,43.52916282038405,3.5708371796172784
2024-03-10 05:00:00,44.349999999993145,43.52916282038405,0.820837179609093
2024-03-10 06:00:00,45.890000000003454,43.52916282038405,2.360837179619402
2024-03-10 07:00:00,47.00000000000904,47.06774725274714,-0.06774725273810134
2024-03-10 08:00:00,60.85999999999314,64.10844551282017,-3.2484455128270255
2024-03-10 09:00:00,68.66000000000253,73.03060000000065,-4.37059999999812
2024-03-10 10:00:00,68.66999999999047,74.49263888888912,-5.822638888898652
2024-03-10 11:00:00,71.92000000000526,76.65033691062638,-4.730336910621119
2024-03-10 12:00:00,78.03999999999937,76.65033691062638,1.3896630893729878
2024-03-10 13:00:00,77.4100000000031,64.10844551282017,13.301554487182926
2024-03-10 14:00:00,75.3900000000005,71.35411602209948,4.0358839779010225
2024-03-10 15:00:00,75.91000000000233,71.35411602209948,4.555883977902852
2024-03-10 16:00:00,75.5899999999994,62.45111111111098,13.138888888888424
2024-03-10 17:00:00,75.50999999999777,74.82856435643554,0.6814356435622386
2024-03-10 18:00:00,81.99999999999916,102.87600000000157,-20.876000000002406
2024-03-10 19:00:00,95.70999999999626,104.6489855072468,-8.93898550725055
2024-03-10 20:00:00,112.92500000000231,94.39002638470537,18.53497361529695
2024-03-10 21:00:00,107.76999999999859,94.39002638470537,13.379973615293224
2024-03-10 22:00:00,110.66000000000028,94.39002638470537,16.269973615294916
2024-03-10 23:00:00,91.46999999999716,94.39002638470537,-2.9200263847082084
2024-03-11 00:00:00,79.61999999999259,75.24729885057499,4.372701149417594
2024-03-11 01:00:00,70.64000000000698,64.06169230769231,6.578307692314667
2024-03-11 02:00:00,48.06000000000034,51.005579710145774,-2.945579710145431
2024-03-11 03:00:00,44.03999999999138,43.52916282038405,0.5108371796073286
2024-03-11 04:00:00,44.05000000000592,43.52916282038405,0.5208371796218714
2024-03-11 05:00:00,45.009999999991976,43.52916282038405,1.4808371796079243
2024-03-11 06:00:00,49.330000000005214,47.63720306513405,1.6927969348711613
2024-03-11 07:00:00,59.55000000000104,57.58416666666662,1.9658333333344231
2024-03-11 08:00:00,75.68000000000332,73.03060000000065,2.6494000000026716
2024-03-11 09:00:00,67.91499999999866,64.87138461538505,3.0436153846136023
2024-03-11 10:00:00,58.02999999999673,55.39161495080987,2.6383850491868657
2024-03-11 11:00:00,50.63000000000914,55.39161495080987,-4.761614950800727
2024-03-11 12:00:00,58.18999999998897,55.39161495080987,2.798385049179103
2024-03-11 13:00:00,55.559999999992954,55.39161495080987,0.16838504918308672
2024-03-11 14:00:00,58.380000000012785,55.39161495080987,2.9883850492029183
2024-03-11 15:00:00,55.340000000001,55.39161495080987,-0.0516149508088688
2024-03-11 16:00:00,54.87999999998789,55.39161495080987,-0.5116149508219792
2024-03-11 17:00:00,60.300000000007174,55.39161495080987,4.908385049197307
2024-03-11 18:00:00,70.97999999999566,102.80000000000076,-31.82000000000511
2024-03-11 19:00:00,94.39000000000098,103.34666666666719,-8.956666666666209
2024-03-11 20:00:00,99.4199999999972,94.39002638470537,5.029973615291837
2024-03-11 21:00:00,102.35000000000045,99.71449999999908,2.6355000000013717
2024-03-11 22:00:00,89.26000000000167,94.39002638470537,-5.130026384703697
2024-03-11 23:00:00,84.17000000000016,89.7614608990136,-5.591460899013441
2024-03-12 00:00:00,73.76000000000005,75.24729885057499,-1.4872988505749447
2024-03-12 01:00:00,63.3799999999979,65.96999999999956,-2.590000000001659
2024-03-12 02:00:00,49.860000000001094,51.005579710145774,-1.1455797101446805
2024-03-12 03:00:00,45.55999999999591,43.52916282038405,2.030837179611858
2024-03-12 04:00:00,45.669999999994786,43.52916282038405,2.1408371796107346
2024-03-12 05:00:00,44.530000000005145,47.63720306513405,-3.107203065128907
2024-03-12 06:00:00,47.5999999999994,53.38899999999883,-5.788999999999433
2024-03-12 07:00:00,60.17999999999046,57.58416666666662,2.5958333333238386
2024-03-12 08:00:00,77.6600000000089,76.65033691062638,1.0096630893825278
2024-03-12 09:00:00,72.41999999999717,69.57125925925938,2.848740740737796
2024-03-12 10:00:00,61.569999999998515,55.39161495080987,6.178385049188648
2024-03-12 11:00:00,57.83000000000328,55.39161495080987,2.438385049193414
2024-03-12 12:00:00,52.64000000000118,55.39161495080987,-2.751614950808687
2024-03-12 13:00:00,53.40000000000333,55.39161495080987,-1.991614950806536
2024-03-12 14:00:00,50.54999999999171,55.39161495080987,-4.841614950818155
2024-03-12 15:00:00,49.07000000000022,55.39161495080987,-6.321614950809646
2024-03-12 16:00:00,46.040000000007524,55.39161495080987,-9.351614950802343
2024-03-12 17:00:00,54.90000000000503,60.02277777777816,-5.1227777777731305
2024-03-12 18:00:00,75.50999999999198,73.18166666666637,2.3283333333256024
2024-03-12 19:00:00,93.7899999999972,121.06428571428863,-27.274285714291423
2024-03-12 20:00:00,100.95999999999466,94.39002638470537,6.5699736152893
2024-03-12 21:00:00,93.43000000000492,99.71449999999908,-6.2844999999941535
2024-03-12 22:00:00,91.75999999999519,104.13437500000063,-12.374375000005443
2024-03-12 23:00:00,88.35000000000078,103.34666666666719,-14.996666666666414
2024-03-13 00:00:00,79.04000000000536,73.28225352112676,5.757746478878602
2024-03-13 01:00:00,68.07000000000613,65.96999999999956,2.100000000006574
2024-03-13 02:00:00,47.92000000000229,52.557873563218756,-4.637873563216466
2024-03-13 03:00:00,44.60999999999848,47.63720306513405,-3.0272030651355735
2024-03-13 04:00:00,43.579999999986455,47.63720306513405,-4.057203065147597
2024-03-13 05:00:00,42.50999999999436,43.52916282038405,-1.0191628203896883
2024-03-13 06:00:00,46.59000000001123,53.38899999999883,-6.7989999999876005
2024-03-13 07:00:00,63.21999999999656,57.58416666666662,5.635833333329941
2024-03-13 08:00:00,74.77999999999936,69.57125925925938,5.208740740739984
2024-03-13 09:00:00,72.5100000000013,67.66864679267474,4.841353207326563
2024-03-13 10:00:00,54.8999999999923,61.018463021778345,-6.118463021786042
2024-03-13 11:00:00,51.61500000001246,55.39161495080987,-3.776614950797409
2024-03-13 12:00:00,47.590000000003045,55.39161495080987,-7.801614950806822
2024-03-13 13:00:00,50.32000000000295,55.39161495080987,-5.071614950806918
2024-03-13 14:00:00,52.29999999998671,55.39161495080987,-3.091614950823157
2024-03-13 15:00:00,47.130000000013126,67.66864679267474,-20.53864679266161
2024-03-13 16:00:00,50.34000000000816,69.57125925925938,-19.231259259251217
2024-03-13 17:00:00,58.43999999999966,55.39161495080987,3.0483850491897897
2024-03-13 18:00:00,68.6199999999937,73.18166666666637,-4.561666666672679
2024-03-13 19:00:00,86.83000000000284,127.66308823529425,-40.83308823529141
2024-03-13 20:00:00,96.97000000000091,116.6411111111109,-19.671111111109994
2024-03-13 21:00:00,102.08999999999409,127.66308823529425,-25.573088235300162
2024-03-13 22:00:00,97.51000000000712,94.39002638470537,3.1199736153017597
2024-03-13 23:00:00,94.49999999999258,96.03166666666634,-1.5316666666737575
2024-03-14 00:00:00,78.1600000000079,73.28225352112676,4.877746478881136
2024-03-14 01:00:00,61.81000000000456,60.584916967508896,1.225083032495661
2024-03-14 02:00:00,50.41000000000878,47.63720306513405,2.7727969348747266
2024-03-14 03:00:00,45.370000000008815,47.63720306513405,-2.267203065125237
2024-03-14 04:00:00,48.16999999999706,52.557873563218756,-4.387873563221696
2024-03-14 05:00:00,43.7400000000012,43.52916282038405,0.2108371796171511
2024-03-14 06:00:00,45.510000000012326,47.63720306513405,-2.1272030651217264
2024-03-14 07:00:00,56.62000000000063,71.35952380952304,-14.73952380952241
2024-03-14 08:00:00,79.16999999999923,67.11016164233827,12.059838357660965
2024-03-14 09:00:00,61.13999999999834,67.66864679267474,-6.528646792676398
2024-03-14 10:00:00,55.19999999999874,55.39161495080987,-0.1916149508111289
2024-03-14 11:00:00,51.770000000007656,64.31904255319142,-12.549042553183767
2024-03-14 12:00:00,49.279999999999575,62.45111111111098,-13.171111111111408
2024-03-14 13:00:00,51.770000000000834,64.31904255319142,-12.549042553190588
2024-03-14 14:00:00,52.829999999996005,64.31904255319142,-11.489042553195418
2024-03-14 15:00:00,46.25000000000438,55.39161495080987,-9.14161495080549
2024-03-14 16:00:00,50.35499999999598,64.31904255319142,-13.96404255319544
2024-03-14 17:00:00,52.4700000000036,62.45111111111098,-9.981111111107381
2024-03-14 18:00:00,65.10999999999348,71.35411602209948,-6.244116022105999
2024-03-14 19:00:00,82.34000000000293,127.66308823529425,-45.32308823529132
2024-03-14 20:00:00,96.189999999999,94.39002638470537,1.7999736152936379
2024-03-14 21:00:00,93.01000000000565,104.6489855072468,-11.63898550724116
2024-03-14 22:00:00,92.26999999999641,99.71449999999908,-7.444500000002662
2024-03-14 23:00:00,86.78000000000185,110.64078947368485,-23.860789473683
2024-03-15 00:00:00,81.01999999999958,74.49263888888912,6.527361111110466
2024-03-15 01:00:00,60.900000000002095,65.96999999999956,-5.069999999997464
2024-03-15 02:00:00,50.07999999999794,51.005579710145774,-0.9255797101478365
2024-03-15 03:00:00,45.77000000000095,43.52916282038405,2.2408371796168964
2024-03-15 04:00:00,43.93000000000069,43.52916282038405,0.40083717961663723
2024-03-15 05:00:00,46.309999999990225,64.06169230769231,-17.751692307702086
2024-03-15 06:00:00,53.3700000000004,53.38899999999883,-0.018999999998428052
2024-03-15 07:00:00,59.74000000000143,57.58416666666662,2.1558333333348116
2024-03-15 08:00:00,76.10000000000451,60.339511535421316,15.760488464583197
2024-03-15 09:00:00,68.05999999999977,69.57125925925938,-1.511259259259603
2024-03-15 10:00:00,60.730000000002576,55.39161495080987,5.338385049192709
2024-03-15 11:00:00,53.030000000000484,55.39161495080987,-2.3616149508093827
2024-03-15 12:00:00,54.309999999992954,55.39161495080987,-1.0816149508169133
2024-03-15 13:00:00,50.8600000000012,64.31904255319142,-13.459042553190223
2024-03-15 14:00:00,53.48999999999552,55.39161495080987,-1.9016149508143485
2024-03-15 15:00:00,54.95999999999475,55.39161495080987,-0.431614950815117
2024-03-15 16:00:00,51.56999999999772,71.35411602209948,-19.784116022101756
2024-03-15 17:00:00,54.329999999996915,60.339511535421316,-6.0095115354244015
2024-03-15 18:00:00,69.24000000000223,79.9567999999992,-10.71679999999698
2024-03-15 19:00:00,82.63999999999754,99.71449999999908,-17.074500000001535
2024-03-15 20:00:00,90.98000000000022,94.39002638470537,-3.410026384705148
2024-03-15 21:00:00,93.28999999999448,99.71449999999908,-6.424500000004599
2024-03-15 22:00:00,89.03999999999516,94.39002638470537,-5.350026384710205
2024-03-15 23:00:00,88.80000000000196,87.96747747747717,0.8325225225247834
2024-03-16 00:00:00,79.67999999999377,71.35411602209948,8.325883977894293
2024-03-16 01:00:00,65.35000000000542,64.06169230769231,1.2883076923131114
2024-03-16 02:00:00,51.55999999999614,47.63720306513405,3.9227969348620846
2024-03-16 03:00:00,45.74000000000473,43.52916282038405,2.2108371796206754
2024-03-16 04:00:00,46.25999999998197,43.52916282038405,2.73083717959792
2024-03-16 05:00:00,44.06999999999556,46.36297405984513,-2.29297405984957
2024-03-16 06:00:00,41.42000000000251,46.36297405984513,-4.942974059842619
2024-03-16 07:00:00,51.71000000000021,57.58416666666662,-5.874166666666412
2024-03-16 08:00:00,58.889999999996746,67.11016164233827,-8.220161642341523
2024-03-16 09:00:00,68.54000000000593,83.74233333333419,-15.202333333328255
2024-03-16 10:00:00,84.25999999999837,64.80274879227063,19.457251207727737
2024-03-16 11:00:00,67.62000000001507,64.10844551282017,3.5115544871949
2024-03-16 12:00:00,70.66999999998637,82.57367601246094,-11.903676012474563
2024-03-16 13:00:00,76.61000000000406,76.65033691062638,-0.04033691062231526
2024-03-16 14:00:00,80.84999999999953,67.11016164233827,13.739838357661256
2024-03-16 15:00:00,65.5499999999999,74.82856435643554,-9.278564356435638
2024-03-16 16:00:00,60.48000000000178,67.79691964285698,-7.316919642855197
2024-03-16 17:00:00,61.03000000000356,71.35411602209948,-10.324116022095915
2024-03-16 18:00:00,73.90000000000276,82.57367601246094,-8.673676012458174
2024-03-16 19:00:00,94.17000000000016,199.03000000000293,-104.86000000000277
2024-03-17 16:00:00,0.0,78.54666666666473,-78.54666666666473
2024-03-17 17:00:00,53.80000000000334,71.35411602209948,-17.55411602209614
2024-03-17 18:00:00,95.94999999999672,82.57367601246094,13.376323987535784
2024-03-17 19:00:00,111.12999999999872,104.6489855072468,6.48101449275191
2024-03-17 20:00:00,108.76999999999131,110.64078947368485,-1.8707894736935344
2024-03-17 21:00:00,111.99000000001203,94.39002638470537,17.599973615306666
2024-03-17 22:00:00,103.25999999999655,94.39002638470537,8.869973615291187
2024-03-17 23:00:00,88.869999999996,89.7614608990136,-0.8914608990176021
2024-03-18 00:00:00,78.35000000000352,75.24729885057499,3.102701149428526
2024-03-18 01:00:00,64.53000000000289,65.96999999999956,-1.4399999999966724
2024-03-18 02:00:00,42.529999999999475,47.63720306513405,-5.107203065134577
2024-03-18 03:00:00,45.180000000006146,52.557873563218756,-7.37787356321261
2024-03-18 04:00:00,48.439999999987606,43.52916282038405,4.910837179603554
2024-03-18 05:00:00,44.409999999997865,43.52916282038405,0.8808371796138132
2024-03-18 06:00:00,49.16500000000207,46.36297405984513,2.8020259401569376
2024-03-18 07:00:00,61.9099999999981,57.58416666666662,4.325833333331481
2024-03-18 08:00:00,68.9599999999993,69.57125925925938,-0.6112592592600805
2024-03-18 09:00:00,67.53999999999638,67.11016164233827,0.42983835765811307
2024-03-18 10:00:00,59.14999999999708,55.39161495080987,3.7583850491872113
2024-03-18 11:00:00,53.24999999999483,55.39161495080987,-2.1416149508150397
2024-03-18 12:00:00,53.860000000002685,55.39161495080987,-1.5316149508071817
2024-03-18 13:00:00,57.03999999999638,55.39161495080987,1.6483850491865155
2024-03-18 14:00:00,51.29000000000548,55.39161495080987,-4.1016149508043895
2024-03-18 15:00:00,52.90999999999843,55.39161495080987,-2.4816149508114336
2024-03-18 16:00:00,49.26999999999708,55.39161495080987,-6.121614950812784
2024-03-18 17:00:00,57.3000000000032,55.39161495080987,1.9083850491933347
2024-03-18 18:00:00,70.41000000000025,111.29230769230738,-40.88230769230712
2024-03-18 19:00:00,89.23999999999555,94.39002638470537,-5.150026384709818
2024-03-18 20:00:00,103.27000000000189,104.6489855072468,-1.37898550724492
2024-03-18 21:00:00,103.59000000000717,87.96747747747717,15.62252252252999
2024-03-18 22:00:00,100.36000000000976,94.39002638470537,5.969973615304397
2024-03-18 23:00:00,96.90000000000381,84.18444444444533,12.715555555558481
2024-03-19 00:00:00,75.70999999998908,77.11291576867816,-1.402915768689084
2024-03-19 01:00:00,57.75500000000574,65.16952432265936,-7.4145243226536195
2024-03-19 02:00:00,50.340000000006455,52.557873563218756,-2.217873563212301
2024-03-19 03:00:00,45.11000000000371,43.52916282038405,1.5808371796196568
2024-03-19 04:00:00,46.31499999999215,43.52916282038405,2.7858371796081016
2024-03-19 05:00:00,45.76000000000164,43.52916282038405,2.2308371796175877
2024-03-19 06:00:00,48.22000000000088,46.36297405984513,1.8570259401557507
2024-03-19 07:00:00,59.65999999999195,67.11016164233827,-7.450161642346316
2024-03-19 08:00:00,72.34000000001498,70.78777104503305,1.5522289549819277
2024-03-19 09:00:00,67.48999999999131,70.78777104503305,-3.297771045041742
2024-03-19 10:00:00,60.199999999997374,55.39161495080987,4.808385049187507
2024-03-19 11:00:00,54.72000000000156,55.39161495080987,-0.6716149508083049
2024-03-19 12:00:00,53.58999999999304,55.39161495080987,-1.8016149508168269
2024-03-19 13:00:00,51.879999999991924,55.39161495080987,-3.5116149508179433
2024-03-19 14:00:00,49.440000000013754,55.39161495080987,-5.951614950796113
2024-03-19 15:00:00,49.01999999999299,55.39161495080987,-6.371614950816877
2024-03-19 16:00:00,47.34999999999599,55.39161495080987,-8.04161495081388
2024-03-19 17:00:00,52.400000000009584,86.14319148936151,-33.74319148935193
2024-03-19 18:00:00,80.79999999999798,71.35411602209948,9.445883977898504
2024-03-19 19:00:00,90.90000000000448,87.96747747747717,2.9325225225273073
2024-03-19 20:00:00,96.63999999999382,83.74233333333419,12.897666666659632
2024-03-19 21:00:00,96.75000000000429,94.39002638470537,2.3599736152989266
2024-03-19 22:00:00,92.5900000000001,111.53030303030367,-18.940303030303568
2024-03-19 23:00:00,89.9599999999983,94.39002638470537,-4.4300263847070624
2024-03-20 00:00:00,70.65999999999514,65.96999999999956,4.689999999995578
2024-03-20 01:00:00,55.20000000000159,65.16952432265936,-9.969524322657769
2024-03-20 02:00:00,46.85000000000497,48.56794454451889,-1.7179445445139194
2024-03-20 03:00:00,47.91999999999672,43.52916282038405,4.390837179612667
2024-03-20 04:00:00,43.77999999999946,46.36297405984513,-2.582974059845668
2024-03-20 05:00:00,44.840000000005205,43.52916282038405,1.3108371796211529
2024-03-20 06:00:00,47.49000000000632,46.36297405984513,1.1270259401611895
2024-03-20 07:00:00,63.55000000000593,64.80274879227063,-1.252748792264704
2024-03-20 08:00:00,76.06999999998908,67.66864679267474,8.401353207314344
2024-03-20 09:00:00,65.91499999999229,69.57125925925938,-3.656259259267088
2024-03-20 10:00:00,56.94000000000284,55.39161495080987,1.548385049192973
2024-03-20 11:00:00,54.06000000000034,55.39161495080987,-1.3316149508095236
2024-03-20 12:00:00,56.68000000000285,55.39161495080987,1.288385049192982
2024-03-20 13:00:00,53.32999999999544,55.39161495080987,-2.0616149508144304
2024-03-20 14:00:00,51.830000000001576,55.39161495080987,-3.5616149508082913
2024-03-20 15:00:00,51.42999999999762,55.39161495080987,-3.9616149508122476
2024-03-20 16:00:00,49.850000000001785,67.11016164233827,-17.260161642336485
2024-03-20 17:00:00,57.569999999999766,55.39161495080987,2.178385049189899
2024-03-20 18:00:00,76.33000000000112,76.65033691062638,-0.32033691062525804
2024-03-20 19:00:00,88.45999999998602,94.39002638470537,-5.930026384719341
2024-03-20 20:00:00,95.4400000000023,94.39002638470537,1.0499736152969348
2024-03-20 21:00:00,102.4099999999972,87.96747747747717,14.442522522520022
2024-03-20 22:00:00,95.57999999999899,94.39002638470537,1.1899736152936242
2024-03-20 23:00:00,88.16999999999868,87.96747747747717,0.20252252252150527
2024-03-21 00:00:00,75.55000000000615,73.28225352112676,2.2677464788793884
2024-03-21 01:00:00,65.07999999999726,65.16952432265936,-0.08952432266210053
2024-03-21 02:00:00,47.81999999999681,52.557873563218756,-4.737873563221946
2024-03-21 03:00:00,46.76999999998867,47.63720306513405,-0.8672030651453824
2024-03-21 04:00:00,40.769999999997424,47.63720306513405,-6.8672030651366285
2024-03-21 05:00:00,40.640000000001294,43.52916282038405,-2.889162820382758
2024-03-21 06:00:00,48.10999999999643,46.36297405984513,1.7470259401513033
2024-03-21 07:00:00,59.41999999999297,71.35952380952304,-11.939523809530073
2024-03-21 08:00:00,75.01000000000766,70.78777104503305,4.222228954974611
2024-03-21 09:00:00,64.55000000000422,64.87138461538505,-0.3213846153808362
2024-03-21 10:00:00,54.78999999998979,55.39161495080987,-0.6016149508200783
2024-03-21 11:00:00,50.330000000011125,55.39161495080987,-5.061614950798742
2024-03-21 12:00:00,50.24000000000461,55.39161495080987,-5.151614950805254
2024-03-21 13:00:00,49.669999999993536,55.39161495080987,-5.721614950816331
2024-03-21 14:00:00,46.11999999999858,55.39161495080987,-9.271614950811284
2024-03-21 15:00:00,46.39000000000186,55.39161495080987,-9.001614950808005
2024-03-21 16:00:00,48.8599999999995,62.45111111111098,-13.59111111111148
2024-03-21 17:00:00,54.049999999997965,60.584916967508896,-6.534916967510931
2024-03-21 18:00:00,67.50999999999516,83.74233333333419,-16.232333333339028
2024-03-21 19:00:00,87.8499999999902,104.6489855072468,-16.798985507256603
2024-03-21 20:00:00,102.59000000000546,94.39002638470537,8.199973615300095
2024-03-21 21:00:00,96.60000000000102,94.39002638470537,2.2099736152956524
2024-03-21 22:00:00,91.2999999999931,119.64000000000054,-28.340000000007436
2024-03-21 23:00:00,85.42999999999705,87.96747747747717,-2.537477477480124
2024-03-22 00:00:00,72.74000000000747,73.28225352112676,-0.5422535211192923
2024-03-22 01:00:00,58.98999999999495,71.35411602209948,-12.364116022104525
2024-03-22 02:00:00,49.6199999999987,52.557873563218756,-2.9378735632200588
2024-03-22 03:00:00,46.82000000000659,52.557873563218756,-5.737873563212169
2024-03-22 04:00:00,41.92999999999114,43.52916282038405,-1.5991628203929125
2024-03-22 05:00:00,41.02000000000538,47.63720306513405,-6.61720306512867
2024-03-22 06:00:00,44.729999999994845,68.31000000000006,-23.580000000005214
2024-03-22 07:00:00,60.3300000000051,57.58416666666662,2.7458333333384815
2024-03-22 08:00:00,74.76500000000495,67.66864679267474,7.0963532073302105
2024-03-22 09:00:00,71.64000000000004,67.66864679267474,3.9713532073253077
2024-03-22 10:00:00,52.84000000000236,61.018463021778345,-8.178463021775983
2024-03-22 11:00:00,58.13000000000437,55.39161495080987,2.7383850491945054
2024-03-22 12:00:00,48.909999999991385,55.39161495080987,-6.481614950818482
2024-03-22 13:00:00,58.83000000000169,55.39161495080987,3.4383850491918224
2024-03-22 14:00:00,50.59000000000373,55.39161495080987,-4.80161495080614
2024-03-22 15:00:00,64.15000000000276,69.57125925925938,-5.421259259256615
2024-03-22 16:00:00,55.89999999999197,55.39161495080987,0.5083850491821025
2024-03-22 17:00:00,72.02999999999525,67.11016164233827,4.919838357656985
2024-03-22 18:00:00,80.2700000000095,127.66308823529425,-47.39308823528475
2024-03-22 19:00:00,90.8899999999928,94.39002638470537,-3.5000263847125694
2024-03-22 20:00:00,103.59999999999624,94.39002638470537,9.209973615290878
2024-03-22 21:00:00,97.76999999999846,104.6489855072468,-6.878985507248345
2024-03-22 22:00:00,93.24000000001135,87.96747747747717,5.2725225225341745
2024-03-22 23:00:00,87.8000000000007,89.7614608990136,-1.9614608990129057
2024-03-23 00:00:00,77.09999999999738,82.57367601246094,-5.473676012463557
2024-03-23 01:00:00,75.05000000000342,65.96999999999956,9.080000000003864
2024-03-23 02:00:00,51.250000000004604,51.005579710145774,0.24442028985883013
2024-03-23 03:00:00,48.25000000000472,43.52916282038405,4.720837179620666
2024-03-23 04:00:00,43.91999999999581,43.52916282038405,0.3908371796117578
2024-03-23 05:00:00,42.49999999999358,43.52916282038405,-1.029162820390475
2024-03-23 06:00:00,50.24000000000689,43.52916282038405,6.710837179622835
2024-03-23 07:00:00,51.04999999999467,46.36297405984513,4.687025940149539
2024-03-23 08:00:00,59.65000000000367,57.70809523809509,1.9419047619085816
2024-03-23 09:00:00,67.12000000000461,77.72993055555564,-10.609930555551031
2024-03-23 10:00:00,83.12999999999336,76.65033691062638,6.47966308936698
2024-03-23 11:00:00,69.85999999999905,68.31000000000006,1.5499999999989882
2024-03-23 12:00:00,73.61999999999563,81.81000000000108,-8.190000000005455
2024-03-23 13:00:00,79.60999999999929,64.10844551282017,15.50155448717912
2024-03-23 14:00:00,75.91999999999626,68.31000000000006,7.609999999996205
2024-03-23 15:00:00,66.29000000000093,67.11016164233827,-0.8201616423373395
2024-03-23 16:00:00,70.65000000000333,66.23910256410272,4.410897435900608
2024-03-23 17:00:00,67.47999999999485,72.07929824561485,-4.599298245620005
2024-03-23 18:00:00,70.88000000000756,126.61499999999967,-55.73499999999211
2024-03-23 19:00:00,83.60999999999939,104.13437500000063,-20.524375000001243
2024-03-23 20:00:00,88.96999999999248,102.87600000000157,-13.906000000009087
2024-03-23 21:00:00,93.38000000000702,94.39002638470537,-1.0100263846983495
2024-03-23 22:00:00,98.84999999999727,94.39002638470537,4.459973615291901
2024-03-23 23:00:00,84.6299999999869,94.39002638470537,-9.760026384718472
2024-03-24 00:00:00,78.23000000000758,76.65033691062638,1.5796630893811994
2024-03-24 01:00:00,76.98000000000019,73.28225352112676,3.6977464788734267
2024-03-24 02:00:00,53.29999999999524,48.56794454451889,4.732055455476349
2024-03-24 03:00:00,50.96999999999895,43.52916282038405,7.4408371796148955
2024-03-24 04:00:00,44.460000000007255,43.52916282038405,0.9308371796232038
2024-03-24 05:00:00,42.229999999995414,43.52916282038405,-1.2991628203886378
2024-03-24 06:00:00,44.59999999999724,60.584916967508896,-15.984916967511658
2024-03-24 07:00:00,49.010000000005505,43.52916282038405,5.480837179621453
2024-03-24 08:00:00,56.889999999995155,74.82856435643554,-17.93856435644038
2024-03-24 09:00:00,77.07000000000252,71.35952380952304,5.710476190479483
2024-03-24 10:00:00,83.74999999999767,111.29230769230738,-27.542307692309706
2024-03-24 11:00:00,73.89000000001164,67.79691964285698,6.093080357154662
2024-03-24 12:00:00,74.98999999999609,76.65033691062638,-1.660336910630292
2024-03-24 13:00:00,74.59999999999519,64.10844551282017,10.491554487175023
2024-03-24 14:00:00,66.38000000000778,94.17187499999866,-27.79187499999088
2024-03-24 15:00:00,73.44000000000273,73.03060000000065,0.4094000000020799
2024-03-24 16:00:00,66.71000000000146,62.45111111111098,4.258888888890475
2024-03-24 17:00:00,67.60000000000088,73.28225352112676,-5.682253521125887
2024-03-24 18:00:00,77.11000000000043,82.57367601246094,-5.46367601246051
2024-03-24 19:00:00,100.02999999999176,126.61499999999967,-26.58500000000791
2024-03-24 20:00:00,112.27000000000871,111.53030303030367,0.7396969697050366
2024-03-24 21:00:00,105.96999999998908,94.39002638470537,11.57997361528372
2024-03-24 22:00:00,107.59999999999738,94.39002638470537,13.209973615292014
2024-03-24 23:00:00,94.35000000000409,95.9599999999994,-1.6099999999953098
2024-03-25 00:00:00,75.32999999999703,77.11291576867816,-1.7829157686811357
2024-03-25 01:00:00,65.93999999999727,64.06169230769231,1.8783076923049578
2024-03-25 02:00:00,49.61999999999995,52.557873563218756,-2.937873563218808
2024-03-25 03:00:00,47.07000000000386,52.557873563218756,-5.487873563214897
2024-03-25 04:00:00,47.149999999986846,43.52916282038405,3.6208371796027947
2024-03-25 05:00:00,41.465000000003045,47.63720306513405,-6.172203065131008
2024-03-25 06:00:00,46.90999999998718,47.63720306513405,-0.7272030651468739
2024-03-25 07:00:00,58.33000000000931,57.58416666666662,0.745833333342695
2024-03-25 08:00:00,69.87999999999494,73.03060000000065,-3.15060000000571
2024-03-25 09:00:00,66.39000000000505,70.78777104503305,-4.3977710450280085
2024-03-25 10:00:00,58.7600000000005,55.39161495080987,3.3683850491906355
2024-03-25 11:00:00,49.840000000006114,55.39161495080987,-5.551614950803753
2024-03-25 12:00:00,50.599999999997124,55.39161495080987,-4.791614950812743
2024-03-25 13:00:00,51.23000000000144,61.018463021778345,-9.788463021776906
2024-03-25 14:00:00,53.39000000000084,55.39161495080987,-2.001614950809028
2024-03-25 15:00:00,51.39000000000549,55.39161495080987,-4.001614950804374
2024-03-25 16:00:00,57.099999999999966,55.39161495080987,1.708385049190099
2024-03-25 17:00:00,59.60999999999996,55.39161495080987,4.21838504919009
2024-03-25 18:00:00,77.42999999999502,76.65033691062638,0.7796630893686398
2024-03-25 19:00:00,85.39000000000519,64.10844551282017,21.28155448718502
2024-03-25 20:00:00,94.40999999999538,64.10844551282017,30.30155448717521
2024-03-25 21:00:00,96.1700000000005,119.64000000000054,-23.47000000000004
2024-03-25 22:00:00,91.86999999999884,94.39002638470537,-2.520026384706526
2024-03-25 23:00:00,81.1600000000029,94.39002638470537,-13.23002638470247
2024-03-26 00:00:00,73.89999999999893,60.339511535421316,13.56048846457761
2024-03-26 01:00:00,57.72999999998871,60.584916967508896,-2.8549169675201824
2024-03-26 02:00:00,46.12000000000256,67.11016164233827,-20.990161642335707
2024-03-26 03:00:00,47.54499999999831,47.63720306513405,-0.09220306513574172
2024-03-26 04:00:00,42.610000000003595,43.52916282038405,-0.9191628203804569
2024-03-26 05:00:00,40.72000000001498,47.63720306513405,-6.917203065119075
2024-03-26 06:00:00,45.82999999999544,53.38899999999883,-7.559000000003394
2024-03-26 07:00:00,60.219999999998045,57.58416666666662,2.6358333333314263
2024-03-26 08:00:00,78.00000000000416,64.31904255319142,13.68095744681274
2024-03-26 09:00:00,68.39000000000561,70.78777104503305,-2.39777104502744
2024-03-26 10:00:00,62.78000000000367,55.39161495080987,7.388385049193801
2024-03-26 11:00:00,54.019999999993786,55.39161495080987,-1.371614950816081
2024-03-26 12:00:00,48.75999999999493,55.39161495080987,-6.631614950814935
2024-03-26 13:00:00,51.329999999998506,61.018463021778345,-9.688463021779839
2024-03-26 14:00:00,52.5299999999998,55.39161495080987,-2.861614950810065
2024-03-26 15:00:00,48.22000000000202,55.39161495080987,-7.17161495080785
2024-03-26 16:00:00,46.46000000000282,83.74233333333419,-37.282333333331366
2024-03-26 17:00:00,53.16999999999206,64.31904255319142,-11.149042553199365
2024-03-26 18:00:00,72.74000000000473,87.24499999999968,-14.50499999999495
2024-03-26 19:00:00,86.5599999999982,99.71449999999908,-13.15450000000088
2024-03-26 20:00:00,99.81999999999854,94.39002638470537,5.429973615293179
2024-03-26 21:00:00,101.88999999999893,73.96166666666643,27.928333333332503
2024-03-26 22:00:00,97.34999999999056,94.39002638470537,2.959973615285193
2024-03-26 23:00:00,100.97000000000796,87.96747747747717,13.002522522530782
2024-03-27 00:00:00,81.28999999999493,76.65033691062638,4.639663089368554
2024-03-27 01:00:00,65.8700000000112,65.16952432265936,0.7004756773518466
2024-03-27 02:00:00,46.67999999999614,51.005579710145774,-4.325579710149633
2024-03-27 03:00:00,47.96999999999565,43.52916282038405,4.440837179611599
2024-03-27 04:00:00,42.810000000007165,43.52916282038405,-0.7191628203768872
2024-03-27 05:00:00,41.06999999999976,43.52916282038405,-2.459162820384293
2024-03-27 06:00:00,44.570000000004654,47.06774725274714,-2.497747252742485
2024-03-27 07:00:00,55.81000000000023,57.58416666666662,-1.774166666666389
2024-03-27 08:00:00,74.78999999999422,69.57125925925938,5.2187407407348445
2024-03-27 09:00:00,67.47999999999973,67.66864679267474,-0.1886467926750015
2024-03-27 10:00:00,50.25999999999402,61.018463021778345,-10.758463021784323
2024-03-27 11:00:00,50.73000000001042,55.39161495080987,-4.661614950799446
2024-03-27 12:00:00,47.219999999997576,55.39161495080987,-8.171614950812291
2024-03-27 13:00:00,48.8600000000028,55.39161495080987,-6.531614950807068
2024-03-27 14:00:00,51.0400000000007,55.39161495080987,-4.351614950809164
2024-03-27 15:00:00,50.53999999999775,55.39161495080987,-4.85161495081212
2024-03-27 16:00:00,49.8600000000053,55.39161495080987,-5.531614950804567
2024-03-27 17:00:00,53.83999999999361,55.39161495080987,-1.5516149508162584
2024-03-27 18:00:00,69.59499999999917,116.34285714285724,-46.74785714285807
2024-03-27 19:00:00,83.4650000000026,94.39002638470537,-10.925026384702761
2024-03-27 20:00:00,102.53999999999346,87.96747747747717,14.57252252251628
2024-03-27 21:00:00,97.23000000000542,104.6489855072468,-7.418985507241388
2024-03-27 22:00:00,95.08000000000011,94.39002638470537,0.6899736152947469
2024-03-27 23:00:00,87.68999999999764,87.96747747747717,-0.2774774774795361
2024-03-28 00:00:00,79.74999999999994,75.24729885057499,4.502701149424951
2024-03-28 01:00:00,59.600000000003035,65.16952432265936,-5.569524322656321
2024-03-28 02:00:00,46.489999999997565,48.56794454451889,-2.0779445445213227
2024-03-28 03:00:00,46.35999999999905,43.52916282038405,2.8308371796149956
2024-03-28 04:00:00,42.710000000005095,43.52916282038405,-0.8191628203789563
2024-03-28 05:00:00,40.88999999999743,43.52916282038405,-2.6391628203866233
2024-03-28 06:00:00,46.81000000000262,53.38899999999883,-6.578999999996213
2024-03-28 07:00:00,57.3999999999923,57.58416666666662,-0.18416666667431514
2024-03-28 08:00:00,74.79999999999774,70.78777104503305,4.012228954964684
2024-03-28 09:00:00,72.37999999999961,64.87138461538505,7.508615384614558
2024-03-28 10:00:00,54.650000000007765,55.39161495080987,-0.7416149508021022
2024-03-28 11:00:00,51.90999999999991,55.39161495080987,-3.4816149508099556
2024-03-28 12:00:00,52.129999999992094,55.39161495080987,-3.2616149508177728
2024-03-28 13:00:00,59.74000000000791,55.39161495080987,4.348385049198043
2024-03-28 14:00:00,56.27999999999753,55.39161495080987,0.8883850491876615
2024-03-28 15:00:00,54.36000000000644,55.39161495080987,-1.03161495080343
2024-03-28 16:00:00,50.87999999999175,55.39161495080987,-4.511614950818114
2024-03-28 17:00:00,59.67000000001127,55.39161495080987,4.278385049201404
2024-03-28 18:00:00,69.65999999999015,76.65033691062638,-6.9903369106362305
2024-03-28 19:00:00,91.39999999999688,104.6489855072468,-13.248985507249927
2024-03-28 20:00:00,95.63000000000872,83.74233333333419,11.887666666674534
2024-03-28 21:00:00,97.97000000000045,104.6489855072468,-6.678985507246352
2024-03-28 22:00:00,94.78000000000176,99.71449999999908,-4.934499999997314
2024-03-28 23:00:00,90.20000000000434,94.39002638470537,-4.190026384701028
2024-03-29 00:00:00,77.78999999999891,73.96166666666643,3.8283333333324805
2024-03-29 01:00:00,57.60000000000656,65.16952432265936,-7.569524322652796
2024-03-29 02:00:00,44.97999999999496,51.005579710145774,-6.025579710150815
2024-03-29 03:00:00,46.47000000000202,43.52916282038405,2.940837179617965
2024-03-29 04:00:00,44.39000000000334,47.06774725274714,-2.6777472527437993
2024-03-29 05:00:00,42.05999999999818,43.52916282038405,-1.4691628203858684
2024-03-29 06:00:00,44.33000000000146,53.888062015503714,-9.558062015502252
2024-03-29 07:00:00,55.47999999999803,57.58416666666662,-2.10416666666859
2024-03-29 08:00:00,71.76000000000323,64.10844551282017,7.651554487183063
2024-03-29 09:00:00,65.4500000000051,64.87138461538505,0.5786153846200506
2024-03-29 10:00:00,56.91499999999263,55.39161495080987,1.5233850491827639
2024-03-29 11:00:00,56.89000000000061,55.39161495080987,1.4983850491907447
2024-03-29 12:00:00,61.56500000000011,55.39161495080987,6.1733850491902444
2024-03-29 13:00:00,56.870000000009725,55.39161495080987,1.4783850491998578
2024-03-29 14:00:00,58.25000000000483,55.39161495080987,2.8583850491949647
2024-03-29 15:00:00,54.29999999999751,55.39161495080987,-1.0916149508123567
2024-03-29 16:00:00,50.590000000001226,55.39161495080987,-4.801614950808641
2024-03-29 17:00:00,55.759999999997774,55.39161495080987,0.36838504918790704
2024-03-29 18:00:00,66.84999999999519,111.29230769230738,-44.442307692312184
2024-03-29 19:00:00,85.3499999999976,79.9567999999992,5.3931999999984015
2024-03-29 20:00:00,92.58000000000183,92.21800000000147,0.36200000000036425
2024-03-29 21:00:00,97.87000000000543,102.98094086021506,-5.110940860209624
2024-03-29 22:00:00,100.42000000000027,102.98094086021506,-2.560940860214785
2024-03-29 23:00:00,92.53500000000687,94.39002638470537,-1.8550263846984905
2024-03-30 00:00:00,80.65999999999379,87.24499999999968,-6.585000000005891
2024-03-30 01:00:00,64.960000000001,65.16952432265936,-0.2095243226583534
2024-03-30 02:00:00,50.6399999999997,51.005579710145774,-0.36557971014607205
2024-03-30 03:00:00,49.45000000000465,43.52916282038405,5.920837179620598
2024-03-30 04:00:00,44.50000000000324,43.52916282038405,0.9708371796191884
2024-03-30 05:00:00,44.030000000002644,43.52916282038405,0.5008371796185926
2024-03-30 06:00:00,43.14000000000016,43.52916282038405,-0.3891628203838948
2024-03-30 07:00:00,48.83999999999065,53.38899999999883,-4.549000000008178
2024-03-30 08:00:00,62.3100000000058,53.38899999999883,8.92100000000697
2024-03-30 09:00:00,78.61999999999746,76.65033691062638,1.9696630893710818
2024-03-30 10:00:00,70.840000000001,76.65033691062638,-5.810336910625381
2024-03-30 11:00:00,77.37000000000668,67.66864679267474,9.701353207331948
2024-03-30 12:00:00,75.27999999999798,118.7214285714289,-43.44142857143092
2024-03-30 13:00:00,78.93000000000592,67.11016164233827,11.81983835766765
2024-03-30 14:00:00,65.24000000000632,67.11016164233827,-1.8701616423319507
2024-03-30 15:00:00,67.46999999999747,66.23910256410272,1.2308974358947466
2024-03-30 16:00:00,58.730000000001894,64.10844551282017,-5.378445512818274
2024-03-30 17:00:00,63.98000000000064,68.31000000000006,-4.329999999999416
2024-03-30 18:00:00,74.62000000000029,127.66308823529425,-53.043088235293965
2024-03-30 19:00:00,94.89999999999903,127.66308823529425,-32.76308823529523
2024-03-30 20:00:00,93.28000000000641,111.53030303030367,-18.25030303029726
2024-03-30 21:00:00,97.76000000000167,94.39002638470537,3.3699736152963027
2024-03-30 22:00:00,93.00000000000566,103.34666666666719,-10.346666666661534
2024-03-30 23:00:00,92.09999999999441,89.7614608990136,2.3385391009808103
2024-03-31 00:00:00,79.70999999999306,71.35411602209948,8.355883977893583
2024-03-31 01:00:00,66.63999999999913,64.06169230769231,2.578307692306822
2024-03-31 02:00:00,51.43999999999637,48.56794454451889,2.8720554554774793
2024-03-31 03:00:00,37.28000000000095,47.06774725274714,-9.787747252746186
2024-03-31 04:00:00,42.12000000000336,47.06774725274714,-4.947747252743781
2024-03-31 05:00:00,40.61999999999699,47.06774725274714,-6.447747252750148
2024-03-31 06:00:00,43.720000000009065,43.52916282038405,0.19083717962501368
2024-03-31 07:00:00,46.379999999994595,43.52916282038405,2.8508371796105436
2024-03-31 08:00:00,57.87000000000813,57.70809523809509,0.1619047619130427
2024-03-31 09:00:00,68.91999999999946,64.10844551282017,4.8115544871792935
2024-03-31 10:00:00,71.97999999999121,67.11016164233827,4.869838357652938
2024-03-31 11:00:00,71.69000000000216,71.35411602209948,0.3358839779026823
2024-03-31 12:00:00,74.61999999999769,73.27749999999952,1.342499999998168
2024-03-31 13:00:00,78.03000000000699,75.24729885057499,2.7827011494320004
2024-03-31 14:00:00,65.360000000007,73.28225352112676,-7.922253521119757
2024-03-31 15:00:00,63.149999999992424,66.23910256410272,-3.0891025641102985
2024-03-31 16:00:00,58.40000000000515,64.06169230769231,-5.6616923076871615
2024-03-31 17:00:00,65.7099999999992,71.35411602209948,-5.6441160221002775
2024-03-31 18:00:00,82.94000000000526,82.57367601246094,0.3663239875443196
2024-03-31 19:00:00,99.93999999999457,126.61499999999967,-26.6750000000051
2024-03-31 20:00:00,122.79000000000403,104.6489855072468,18.141014492757222
2024-03-31 21:00:00,103.94000000000105,102.87600000000157,1.0639999999994814
2024-03-31 22:00:00,107.57000000000434,94.39002638470537,13.179973615298977
2024-03-31 23:00:00,92.45000000000013,89.7614608990136,2.6885391009865316
2024-04-01 00:00:00,76.56999999999205,60.584916967508896,15.985083032483153
2024-04-01 01:00:00,60.2099999999976,65.16952432265936,-4.959524322661757
2024-04-01 02:00:00,47.94000000001023,48.56794454451889,-0.627944544508658
2024-04-01 03:00:00,46.19000000000614,43.52916282038405,2.660837179622085
2024-04-01 04:00:00,40.28000000001015,43.52916282038405,-3.249162820373904
2024-04-01 05:00:00,43.58999999999861,43.52916282038405,0.060837179614559034
2024-04-01 06:00:00,43.18000000001729,46.36297405984513,-3.182974059827842
2024-04-01 07:00:00,63.129999999994936,57.58416666666662,5.545833333328318
2024-04-01 08:00:00,72.91999999999717,77.72993055555564,-4.809930555558466
2024-04-01 09:00:00,66.40999999999741,69.57125925925938,-3.1612592592619677
2024-04-01 10:00:00,59.619999999995855,60.584916967508896,-0.9649169675130409
2024-04-01 11:00:00,61.389999999997315,55.39161495080987,5.998385049187448
2024-04-01 12:00:00,53.67999999999398,55.39161495080987,-1.7116149508158855
2024-04-01 13:00:00,53.32000000001898,55.39161495080987,-2.071614950790888
2024-04-01 14:00:00,51.70999999998918,55.39161495080987,-3.6816149508206877
2024-04-01 15:00:00,49.46000000001544,55.39161495080987,-5.931614950794426
2024-04-01 16:00:00,54.04999999999046,55.39161495080987,-1.3416149508194053
2024-04-01 17:00:00,51.299999999996146,55.39161495080987,-4.091614950813721
2024-04-01 18:00:00,68.96000000000032,76.65033691062638,-7.690336910626058
2024-04-01 19:00:00,91.4199999999939,99.71449999999908,-8.294500000005172
2024-04-01 20:00:00,97.37000000000452,94.39002638470537,2.9799736152991585
2024-04-01 21:00:00,100.92999999999697,83.74233333333419,17.18766666666278
2024-04-01 22:00:00,93.80000000000527,94.39002638470537,-0.5900263847000957
2024-04-01 23:00:00,83.66000000000233,87.96747747747717,-4.307477477474848
2024-04-02 00:00:00,72.26000000000096,71.35411602209948,0.9058839779014818
2024-04-02 01:00:00,62.61999999998973,65.16952432265936,-2.549524322669626
2024-04-02 02:00:00,46.030000000000825,48.56794454451889,-2.537944544518062
2024-04-02 03:00:00,36.58000000000523,60.584916967508896,-24.004916967503668
2024-04-02 04:00:00,44.839999999997474,43.52916282038405,1.3108371796134222
2024-04-02 05:00:00,41.05999999998761,43.52916282038405,-2.4691628203964413
2024-04-02 06:00:00,44.19000000000216,47.06774725274714,-2.8777472527449817
2024-04-02 07:00:00,58.20999999999782,57.58416666666662,0.625833333331201
2024-04-02 08:00:00,72.44999999999784,70.78777104503305,1.6622289549647888
2024-04-02 09:00:00,64.31999999998942,70.78777104503305,-6.467771045043634
2024-04-02 10:00:00,53.31000000000898,55.39161495080987,-2.0816149508008834
2024-04-02 11:00:00,45.969999999993945,55.39161495080987,-9.421614950815922
2024-04-02 12:00:00,48.23000000000326,55.39161495080987,-7.161614950806609
2024-04-02 13:00:00,50.10999999998984,55.39161495080987,-5.281614950820028
2024-04-02 14:00:00,47.93000000001376,55.39161495080987,-7.461614950796104
2024-04-02 15:00:00,47.81000000000125,55.39161495080987,-7.581614950808614
2024-04-02 16:00:00,47.29999999999592,55.39161495080987,-8.091614950813948
2024-04-02 17:00:00,55.19999999999715,55.39161495080987,-0.1916149508127205
2024-04-02 18:00:00,68.18000000000649,83.74233333333419,-15.5623333333277
2024-04-02 19:00:00,81.05999999999716,94.39002638470537,-13.330026384708205
2024-04-02 20:00:00,89.63999999998515,94.39002638470537,-4.750026384720215
2024-04-02 21:00:00,95.31000000001106,104.6489855072468,-9.338985507235748
2024-04-02 22:00:00,100.84000000000387,94.39002638470537,6.449973615298504
2024-04-02 23:00:00,88.1799999999899,89.7614608990136,-1.5814608990236962
2024-04-03 00:00:00,73.56000000000115,60.584916967508896,12.975083032492257
2024-04-03 01:00:00,56.890000000001635,65.16952432265936,-8.279524322657721
2024-04-03 02:00:00,46.19999999998703,51.005579710145774,-4.805579710158746
2024-04-03 03:00:00,46.74000000001132,43.52916282038405,3.2108371796272692
2024-04-03 04:00:00,43.78000000000412,43.52916282038405,0.25083717962007057
2024-04-03 05:00:00,40.46999999998849,43.52916282038405,-3.0591628203955636
2024-04-03 06:00:00,46.700000000000664,53.38899999999883,-6.688999999998167
2024-04-03 07:00:00,58.72000000000372,67.11016164233827,-8.390161642334547
2024-04-03 08:00:00,73.56000000000819,68.31000000000006,5.250000000008129
2024-04-03 09:00:00,72.73999999999597,70.78777104503305,1.9522289549629193
2024-04-03 10:00:00,59.20000000000613,55.39161495080987,3.8083850491962608
2024-04-03 11:00:00,51.75000000000813,55.39161495080987,-3.6416149508017384
2024-04-03 12:00:00,51.919999999997174,55.39161495080987,-3.4716149508126932
2024-04-03 13:00:00,58.71999999999338,55.39161495080987,3.3283850491835096
2024-04-03 14:00:00,54.54999999999694,55.39161495080987,-0.8416149508129251
2024-04-03 15:00:00,51.07999999998975,60.584916967508896,-9.504916967519144
2024-04-03 16:00:00,54.91000000000298,60.584916967508896,-5.674916967505915
2024-04-03 17:00:00,60.419999999998204,60.584916967508896,-0.16491696751069185
2024-04-03 18:00:00,69.97000000000465,73.18166666666637,-3.2116666666617277
2024-04-03 19:00:00,91.84999999999602,94.39002638470537,-2.54002638470935
2024-04-03 20:00:00,100.81000000000833,94.39002638470537,6.419973615302965
2024-04-03 21:00:00,100.87999999999747,94.39002638470537,6.489973615292101
2024-04-03 22:00:00,97.06000000000162,94.39002638470537,2.669973615296257
2024-04-03 23:00:00,90.2300000000067,94.39002638470537,-4.160026384698668
2024-04-04 00:00:00,75.27999999999821,73.96166666666643,1.318333333331779
2024-04-04 01:00:00,57.639999999992426,65.96999999999956,-8.330000000007132
2024-04-04 02:00:00,46.74999999999574,52.557873563218756,-5.807873563223019
2024-04-04 03:00:00,44.43000000000262,43.52916282038405,0.9008371796185699
2024-04-04 04:00:00,39.86999999999517,43.52916282038405,-3.659162820388879
2024-04-04 05:00:00,39.37000000000302,43.52916282038405,-4.1591628203810345
2024-04-04 06:00:00,46.57999999999328,46.9506521739135,-0.3706521739202202
2024-04-04 07:00:00,54.48999999999154,67.11016164233827,-12.62016164234673
2024-04-04 08:00:00,77.16000000000015,67.11016164233827,10.049838357661883
2024-04-04 09:00:00,67.3499999999978,69.57125925925938,-2.221259259261572
2024-04-04 10:00:00,50.44000000000261,60.339511535421316,-9.899511535418704
2024-04-04 11:00:00,52.92000000000161,55.39161495080987,-2.4716149508082594
2024-04-04 12:00:00,47.37000000000609,55.39161495080987,-8.02161495080378
2024-04-04 13:00:00,47.26999999999788,55.39161495080987,-8.121614950811988
2024-04-04 14:00:00,49.93999999999966,55.39161495080987,-5.45161495081021
2024-04-04 15:00:00,45.90000000000629,55.39161495080987,-9.49161495080358
2024-04-04 16:00:00,47.59999999999882,55.39161495080987,-7.791614950811045
2024-04-04 17:00:00,51.75999999999311,55.39161495080987,-3.631614950816754
2024-04-04 18:00:00,62.49000000000518,67.66864679267474,-5.178646792669554
2024-04-04 19:00:00,85.2599999999994,94.39002638470537,-9.130026384705971
2024-04-04 20:00:00,90.92999999999572,94.39002638470537,-3.46002638470965
2024-04-04 21:00:00,92.94000000000355,102.98094086021506,-10.040940860211506
2024-04-04 22:00:00,92.73000000000488,99.71449999999908,-6.984499999994199
2024-04-04 23:00:00,87.32999999999863,94.39002638470537,-7.060026384706731
2024-04-05 00:00:00,79.26999999999643,60.584916967508896,18.685083032487533
2024-04-05 01:00:00,58.2099999999993,65.96999999999956,-7.760000000000261
2024-04-05 02:00:00,46.0299999999973,52.557873563218756,-6.527873563221455
2024-04-05 03:00:00,44.68000000000785,43.52916282038405,1.1508371796237995
2024-04-05 04:00:00,43.129999999997665,43.52916282038405,-0.39916282038638684
2024-04-05 05:00:00,41.220000000001676,43.52916282038405,-2.309162820382376
2024-04-05 06:00:00,45.89999999999014,46.36297405984513,-0.46297405985498585
2024-04-05 07:00:00,62.54000000000741,57.58416666666662,4.955833333340792
2024-04-05 08:00:00,75.0999999999919,70.78777104503305,4.31222895495884
2024-04-05 09:00:00,63.609999999997,64.87138461538505,-1.261384615388053
2024-04-05 10:00:00,56.38000000000244,79.9567999999992,-23.576799999996766
2024-04-05 11:00:00,53.300000000007856,55.39161495080987,-2.091614950802011
2024-04-05 12:00:00,50.30999999999136,55.39161495080987,-5.081614950818505
2024-04-05 13:00:00,50.08000000000203,60.339511535421316,-10.259511535419286
2024-04-05 14:00:00,52.94000000000523,55.39161495080987,-2.4516149508046396
2024-04-05 15:00:00,53.12000000000074,55.39161495080987,-2.2716149508091235
2024-04-05 16:00:00,48.77999999999969,55.39161495080987,-6.6116149508101785
2024-04-05 17:00:00,53.28000000000071,55.39161495080987,-2.1116149508091553
2024-04-05 18:00:00,59.90000000000311,111.53030303030367,-51.63030303030056
2024-04-05 19:00:00,85.2099999999975,87.24499999999968,-2.035000000002171
2024-04-05 20:00:00,98.18999999999683,94.39002638470537,3.7999736152914636
2024-04-05 21:00:00,91.08000000000058,99.71449999999908,-8.634499999998496
2024-04-05 22:00:00,89.44000000000491,94.39002638470537,-4.95002638470045
2024-04-05 23:00:00,93.0400000000046,89.7614608990136,3.278539100990997
2024-04-06 00:00:00,78.60999999999406,67.11016164233827,11.49983835765579
2024-04-06 01:00:00,67.94000000000068,65.16952432265936,2.7704756773413237
2024-04-06 02:00:00,52.42999999999466,52.557873563218756,-0.12787356322409238
2024-04-06 03:00:00,44.72000000000201,43.52916282038405,1.190837179617958
2024-04-06 04:00:00,42.040000000010934,43.52916282038405,-1.4891628203731173
2024-04-06 05:00:00,42.159999999987406,52.557873563218756,-10.39787356323135
2024-04-06 06:00:00,47.30000000000319,43.52916282038405,3.770837179619136
2024-04-06 07:00:00,52.319999999999766,46.36297405984513,5.957025940154637
2024-04-06 08:00:00,59.37999999999687,64.10844551282017,-4.728445512823299
2024-04-06 09:00:00,65.35000000000201,104.6489855072468,-39.298985507244794
2024-04-06 10:00:00,79.06000000000603,76.65033691062638,2.4096630893796487
2024-04-06 11:00:00,70.65000000000015,73.96166666666643,-3.3116666666662837
2024-04-06 12:00:00,72.03999999999537,76.65033691062638,-4.6103369106310055
2024-04-06 13:00:00,65.57999999999862,76.65033691062638,-11.07033691062776
2024-04-06 14:00:00,64.25000000000495,68.31000000000006,-4.059999999995114
2024-04-06 15:00:00,53.950000000004536,75.60625000000218,-21.65624999999764
2024-04-06 16:00:00,58.02999999998957,73.05166666666652,-15.02166666667695
2024-04-06 17:00:00,68.47999999999996,67.11016164233827,1.369838357661692
2024-04-06 18:00:00,68.8600000000045,76.65033691062638,-7.790336910621875
2024-04-06 19:00:00,73.37999999999948,126.61499999999967,-53.235000000000184
2024-04-06 20:00:00,95.11999999999475,79.9567999999992,15.163199999995541
2024-04-06 21:00:00,92.49000000000896,87.96747747747717,4.522522522531787
2024-04-06 22:00:00,88.69000000000094,87.96747747747717,0.7225225225237608
2024-04-06 23:00:00,84.26999999999643,94.39002638470537,-10.120026384708936
2024-04-07 00:00:00,85.63999999999791,75.24729885057499,10.39270114942292
2024-04-07 01:00:00,79.80999999999412,64.79000000000006,15.019999999994056
2024-04-07 02:00:00,51.7300000000019,51.005579710145774,0.7244202898561269
2024-04-07 03:00:00,45.05000000001036,43.52916282038405,1.5208371796263052
2024-04-07 04:00:00,43.679999999995914,43.52916282038405,0.15083717961186238
2024-04-07 05:00:00,42.26000000000073,43.52916282038405,-1.2691628203833218
2024-04-07 06:00:00,43.47999999999814,43.52916282038405,-0.049162820385909356
2024-04-07 07:00:00,58.60999999999848,46.36297405984513,12.24702594015335
2024-04-07 08:00:00,56.390000000004136,64.10844551282017,-7.718445512816032
2024-04-07 09:00:00,72.94000000000159,74.82856435643554,-1.888564356433946
2024-04-07 10:00:00,77.32999999999043,74.82856435643554,2.501435643554899
2024-04-07 11:00:00,77.1900000000042,73.03060000000065,4.159400000003558
2024-04-07 12:00:00,71.94999999999533,64.10844551282017,7.841554487175159
2024-04-07 13:00:00,80.76000000000779,71.35411602209948,9.405883977908317
2024-04-07 14:00:00,72.8199999999967,74.82856435643554,-2.008564356438839
2024-04-07 15:00:00,71.85999999999598,77.72993055555564,-5.869930555559662
2024-04-07 16:00:00,69.25000000000199,67.11016164233827,2.13983835766372
2024-04-07 17:00:00,72.77999999999855,67.11016164233827,5.669838357660282
2024-04-07 18:00:00,81.54000000000367,102.87600000000157,-21.335999999997895
2024-04-07 19:00:00,102.7100000000016,102.98094086021506,-0.2709408602134573
2024-04-07 20:00:00,101.24999999999986,94.39002638470537,6.859973615294493
2024-04-07 21:00:00,113.4800000000075,94.39002638470537,19.089973615302128
2024-04-07 22:00:00,96.5700000000032,94.39002638470537,2.1799736152978397
2024-04-07 23:00:00,98.2100000000082,95.9599999999994,2.2500000000087965
2024-04-08 00:00:00,74.64999999998957,75.24729885057499,-0.5972988505854175
2024-04-08 01:00:00,63.87999999999573,76.57857142857122,-12.698571428575491
2024-04-08 02:00:00,48.970000000006564,48.56794454451889,0.40205545548767674
2024-04-08 03:00:00,43.28999999999536,43.52916282038405,-0.2391628203886924
2024-04-08 04:00:00,44.530000000001166,43.52916282038405,1.0008371796171147
2024-04-08 05:00:00,40.67000000000627,47.06774725274714,-6.397747252740871
2024-04-08 06:00:00,48.01000000000255,47.63720306513405,0.3727969348684965
2024-04-08 07:00:00,59.62999999999312,57.58416666666662,2.045833333326499
2024-04-08 08:00:00,80.03000000000901,70.78777104503305,9.242228954975957
2024-04-08 09:00:00,63.669999999999334,64.87138461538505,-1.2013846153857202
2024-04-08 10:00:00,56.6500000000122,55.39161495080987,1.2583850492023316
2024-04-08 11:00:00,56.5050000000013,55.39161495080987,1.1133850491914359
2024-04-08 12:00:00,51.6200000000004,55.39161495080987,-3.7716149508094645
2024-04-08 13:00:00,54.85000000000122,55.39161495080987,-0.5416149508086505
2024-04-08 14:00:00,54.37999999999562,55.39161495080987,-1.0116149508142485
2024-04-08 15:00:00,49.29000000000457,55.39161495080987,-6.101614950805299
2024-04-08 16:00:00,53.290000000003204,55.39161495080987,-2.1016149508066633
2024-04-08 17:00:00,52.674999999990234,55.39161495080987,-2.7166149508196327
2024-04-08 18:00:00,67.2050000000026,67.66864679267474,-0.4636467926721366
2024-04-08 19:00:00,85.36000000000942,73.18166666666637,12.178333333343048
2024-04-08 20:00:00,90.92999999999492,87.96747747747717,2.9625225225177445
2024-04-08 21:00:00,92.4700000000051,94.39002638470537,-1.9200263847002645
2024-04-08 22:00:00,98.77000000000007,94.39002638470537,4.379973615294702
2024-04-08 23:00:00,90.47000000000784,94.39002638470537,-3.920026384697522
2024-04-09 00:00:00,73.58999999999614,75.24729885057499,-1.6572988505788544
2024-04-09 01:00:00,60.90999999999525,76.57857142857122,-15.668571428575973
2024-04-09 02:00:00,48.19000000000773,48.56794454451889,-0.3779445445111591
2024-04-09 03:00:00,47.06000000000944,43.52916282038405,3.5308371796253866
2024-04-09 04:00:00,41.27999999998991,43.52916282038405,-2.2491628203941403
2024-04-09 05:00:00,39.10999999999598,43.52916282038405,-4.419162820388074
2024-04-09 06:00:00,46.43000000000421,47.63720306513405,-1.207203065129839
2024-04-09 07:00:00,57.279999999993436,57.58416666666662,-0.3041666666731828
2024-04-09 08:00:00,70.54000000001048,70.78777104503305,-0.2477710450225743
2024-04-09 09:00:00,64.17999999998909,70.78777104503305,-6.607771045043961
2024-04-09 10:00:00,55.2100000000068,55.39161495080987,-0.18161495080306622
2024-04-09 11:00:00,50.68999999999534,55.39161495080987,-4.70161495081453
2024-04-09 12:00:00,49.49000000000052,55.39161495080987,-5.901614950809346
2024-04-09 13:00:00,47.99000000000052,55.39161495080987,-7.401614950809346
2024-04-09 14:00:00,49.39000000000493,55.39161495080987,-6.001614950804935
2024-04-09 15:00:00,46.44000000000796,55.39161495080987,-8.951614950801904
2024-04-09 16:00:00,45.59999999999292,55.39161495080987,-9.79161495081695
2024-04-09 17:00:00,57.2899999999982,79.9567999999992,-22.666800000001004
2024-04-09 18:00:00,60.92000000000161,76.65033691062638,-15.730336910624771
2024-04-09 19:00:00,77.19000000001012,111.29230769230738,-34.10230769229726
2024-04-09 20:00:00,85.07999999999626,104.6489855072468,-19.568985507250545
2024-04-09 21:00:00,87.93999999999478,94.39002638470537,-6.450026384710583
2024-04-09 22:00:00,93.49999999999837,87.96747747747717,5.532522522521191
2024-04-09 23:00:00,97.8600000000001,87.96747747747717,9.892522522522924
2024-04-10 00:00:00,76.67000000000706,73.28225352112676,3.3877464788803024
2024-04-10 01:00:00,65.45999999999066,76.57857142857122,-11.118571428580566
2024-04-10 02:00:00,47.67000000000115,48.56794454451889,-0.8979445445177348
2024-04-10 03:00:00,42.84999999999724,43.52916282038405,-0.6791628203868143
2024-04-10 04:00:00,42.89000000000856,43.52916282038405,-0.6391628203754891
2024-04-10 05:00:00,40.51000000000198,52.557873563218756,-12.047873563216775
2024-04-10 06:00:00,45.460000000002935,53.38899999999883,-7.928999999995895
2024-04-10 07:00:00,48.969999999994855,53.38899999999883,-4.419000000003976
2024-04-10 08:00:00,58.755000000001985,70.78777104503305,-12.032771045031069
2024-04-10 09:00:00,65.91000000000616,73.03060000000065,-7.120599999994482
2024-04-10 10:00:00,70.01999999999754,55.39161495080987,14.62838504918767
2024-04-10 11:00:00,66.20999999999589,61.018463021778345,5.191536978217542
2024-04-10 12:00:00,78.39000000000811,73.96166666666643,4.428333333341683
2024-04-10 13:00:00,68.08000000000487,73.96166666666643,-5.881666666661559
2024-04-10 14:00:00,71.30000000000334,55.39161495080987,15.90838504919347
2024-04-10 15:00:00,57.12000000000211,67.11016164233827,-9.990161642336162
2024-04-10 16:00:00,65.89000000000357,61.018463021778345,4.8715369782252225
2024-04-10 17:00:00,66.92000000000058,67.11016164233827,-0.19016164233768507
2024-04-10 18:00:00,74.0200000000014,102.87600000000157,-28.856000000000165
2024-04-10 19:00:00,88.73000000000087,102.87600000000157,-14.146000000000697
2024-04-10 20:00:00,111.43000000000242,112.80999999999624,-1.3799999999938137
2024-04-10 21:00:00,96.11999999999759,127.66308823529425,-31.543088235296665
2024-04-10 22:00:00,102.51000000000269,94.39002638470537,8.119973615297326
2024-04-10 23:00:00,90.96000000000456,94.39002638470537,-3.4300263847008097
2024-04-11 00:00:00,78.3299999999968,75.24729885057499,3.0827011494218084
2024-04-11 01:00:00,69.9199999999982,65.16952432265936,4.750475677338841
2024-04-11 02:00:00,46.90000000000515,48.56794454451889,-1.6679445445137375
2024-04-11 03:00:00,46.56999999999579,43.52916282038405,3.040837179611735
2024-04-11 04:00:00,42.01000000000016,43.52916282038405,-1.5191628203838903
2024-04-11 05:00:00,39.68000000000205,43.52916282038405,-3.8491628203819985
2024-04-11 06:00:00,43.920000000000925,47.06774725274714,-3.147747252746214
2024-04-11 07:00:00,62.81000000000046,57.58416666666662,5.2258333333338385
2024-04-11 08:00:00,74.47000000000031,70.78777104503305,3.6822289549672576
2024-04-11 09:00:00,68.44999999999669,70.78777104503305,-2.3377710450363622
2024-04-11 10:00:00,53.85999999999973,64.10844551282017,-10.248445512820439
2024-04-11 11:00:00,52.039999999988424,55.39161495080987,-3.3516149508214426
2024-04-11 12:00:00,55.1099999999978,55.39161495080987,-0.2816149508120702
2024-04-11 13:00:00,46.870000000007565,55.39161495080987,-8.521614950802302
2024-04-11 14:00:00,46.64999999999992,55.39161495080987,-8.741614950809947
2024-04-11 15:00:00,55.180000000001826,55.39161495080987,-0.21161495080804116
2024-04-11 16:00:00,51.330000000004304,55.39161495080987,-4.061614950805563
2024-04-11 17:00:00,52.730000000000985,67.66864679267474,-14.938646792673751
2024-04-11 18:00:00,69.86999999999676,61.018463021778345,8.85153697821842
2024-04-11 19:00:00,85.52000000000004,99.71449999999908,-14.194499999999039
2024-04-11 20:00:00,99.81999999999218,94.39002638470537,5.429973615286812
2024-04-11 21:00:00,98.64999999999381,104.6489855072468,-5.998985507252996
2024-04-11 22:00:00,92.34000000000898,94.39002638470537,-2.0500263846963804
2024-04-11 23:00:00,86.52999999999756,94.39002638470537,-7.860026384707808
2024-04-12 00:00:00,73.37000000000427,75.24729885057499,-1.8772988505707247
2024-04-12 01:00:00,59.11000000000383,65.96999999999956,-6.859999999995729
2024-04-12 02:00:00,44.81000000000353,48.56794454451889,-3.757944544515361
2024-04-12 03:00:00,41.159999999992635,52.557873563218756,-11.39787356322612
2024-04-12 04:00:00,42.37999999999402,43.52916282038405,-1.149162820390032
2024-04-12 05:00:00,38.62000000000574,47.63720306513405,-9.017203065128314
2024-04-12 06:00:00,47.34999999999792,46.36297405984513,0.9870259401527903
2024-04-12 07:00:00,58.620000000003586,57.58416666666662,1.0358333333369671
2024-04-12 08:00:00,69.47499999998473,70.78777104503305,-1.312771045048322
2024-04-12 09:00:00,63.23000000000553,70.78777104503305,-7.557771045027522
2024-04-12 10:00:00,56.0000000000054,61.018463021778345,-5.018463021772945
2024-04-12 11:00:00,56.09999999999121,55.39161495080987,0.708385049181345
2024-04-12 12:00:00,47.08000000000476,55.39161495080987,-8.311614950805108
2024-04-12 13:00:00,47.600000000006446,55.39161495080987,-7.791614950803421
2024-04-12 14:00:00,50.9699999999994,55.39161495080987,-4.421614950810465
2024-04-12 15:00:00,49.87000000000188,60.584916967508896,-10.714916967507015
2024-04-12 16:00:00,54.1499999999981,64.10844551282017,-9.958445512822067
2024-04-12 17:00:00,55.79999999999104,60.584916967508896,-4.784916967517859
2024-04-12 18:00:00,65.60999999999814,86.14319148936151,-20.533191489363375
2024-04-12 19:00:00,75.74000000000053,121.06428571428863,-45.324285714288095
2024-04-12 20:00:00,100.29999999999708,94.39002638470537,5.909973615291719
2024-04-12 21:00:00,89.77999999999903,104.6489855072468,-14.868985507247771
2024-04-12 22:00:00,89.87000000000464,94.39002638470537,-4.520026384700728
2024-04-12 23:00:00,85.37999999999883,94.39002638470537,-9.010026384706535
2024-04-13 00:00:00,77.46999999999292,86.14319148936151,-8.673191489368591
2024-04-13 01:00:00,72.0900000000068,65.96999999999956,6.120000000007238
2024-04-13 02:00:00,48.61000000000439,48.56794454451889,0.042055455485503046
2024-04-13 03:00:00,43.299999999993645,43.52916282038405,-0.2291628203904068
2024-04-13 04:00:00,42.29000000000002,43.52916282038405,-1.2391628203840312
2024-04-13 05:00:00,39.69000000001205,43.52916282038405,-3.839162820372003
2024-04-13 06:00:00,42.569999999996696,43.52916282038405,-0.9591628203873555
2024-04-13 07:00:00,50.82999999999964,46.36297405984513,4.467025940154514
2024-04-13 08:00:00,58.79000000000025,57.70809523809509,1.0819047619051574
2024-04-13 09:00:00,65.47000000000759,73.96166666666643,-8.491666666658844
2024-04-13 10:00:00,65.35999999999098,73.28225352112676,-7.9222535211357865
2024-04-13 11:00:00,75.91000000000493,69.57125925925938,6.33874074074555
2024-04-13 12:00:00,74.37999999999573,102.87600000000157,-28.496000000005836
2024-04-13 13:00:00,70.36000000000303,67.11016164233827,3.249838357664757
2024-04-13 14:00:00,74.33999999998873,60.584916967508896,13.755083032479838
2024-04-13 15:00:00,62.20999999998975,68.31000000000006,-6.100000000010311
2024-04-13 16:00:00,62.910000000009475,81.81000000000108,-18.899999999991607
2024-04-13 17:00:00,61.690000000002044,71.35411602209948,-9.664116022097431
2024-04-13 18:00:00,70.02999999999025,76.65033691062638,-6.6203369106361265
2024-04-13 19:00:00,86.13000000000235,121.06428571428863,-34.934285714286275
2024-04-13 20:00:00,91.46999999998738,94.39002638470537,-2.9200263847179855
2024-04-13 21:00:00,89.08000000000784,102.87600000000157,-13.795999999993725
2024-04-13 22:00:00,90.3399999999917,94.39002638470537,-4.050026384713661
2024-04-13 23:00:00,91.19000000001196,94.39002638470537,-3.200026384693402
2024-04-14 00:00:00,76.14999999999254,76.65033691062638,-0.500336910633834
2024-04-14 01:00:00,67.84000000000954,65.16952432265936,2.6704756773501828
2024-04-14 02:00:00,50.53999999999014,48.56794454451889,1.9720554554712493
2024-04-14 03:00:00,43.53000000000538,43.52916282038405,0.0008371796213282323
2024-04-14 04:00:00,40.59000000000021,43.52916282038405,-2.9391628203838422
2024-04-14 05:00:00,38.66999999999979,47.63720306513405,-8.967203065134264
2024-04-14 06:00:00,43.90999999999684,47.63720306513405,-3.7272030651372106
2024-04-14 07:00:00,49.02999999999571,47.06774725274714,1.96225274724857
2024-04-14 08:00:00,61.20999999999316,67.79691964285698,-6.586919642863819
2024-04-14 09:00:00,66.24000000000893,67.79691964285698,-1.5569196428480438
2024-04-14 10:00:00,73.55999999999389,77.72993055555564,-4.1699305555617485
2024-04-14 11:00:00,75.32000000000274,62.00499999999916,13.315000000003579
2024-04-14 12:00:00,81.56000000000898,67.79691964285698,13.763080357152006
2024-04-14 13:00:00,74.91999999998865,71.35411602209948,3.5658839778891718
2024-04-14 14:00:00,71.68000000000058,71.35411602209948,0.3258839779010998
2024-04-14 15:00:00,66.52000000000311,60.02277777777816,6.4972222222249485
2024-04-14 16:00:00,69.99000000001018,60.02277777777816,9.967222222232024
2024-04-14 17:00:00,70.01999999999255,76.65033691062638,-6.6303369106338295
2024-04-14 18:00:00,89.02000000000064,73.28225352112676,15.737746478873873
2024-04-14 19:00:00,92.59999999999658,99.71449999999908,-7.114500000002494
2024-04-14 20:00:00,100.74000000000703,126.61499999999967,-25.87499999999264
2024-04-14 21:00:00,103.49999999999179,94.39002638470537,9.109973615286421
2024-04-14 22:00:00,98.99000000000805,94.39002638470537,4.599973615302687
2024-04-14 23:00:00,87.97999999999794,94.39002638470537,-6.410026384707422
2024-04-15 00:00:00,78.07999999999953,76.65033691062638,1.4296630893731503
2024-04-15 01:00:00,65.83999999999624,61.454528642936815,4.385471357059423
2024-04-15 02:00:00,47.240000000004045,48.56794454451889,-1.3279445445148426
2024-04-15 03:00:00,43.9899999999937,43.52916282038405,0.46083717960964776
2024-04-15 04:00:00,41.09000000000714,43.52916282038405,-2.4391628203769145
2024-04-15 05:00:00,38.37000000000154,43.52916282038405,-5.159162820382512
2024-04-15 06:00:00,42.39999999999321,46.36297405984513,-3.9629740598519163
2024-04-15 07:00:00,64.02000000000152,53.888062015503714,10.131937984497803
2024-04-15 08:00:00,70.63999999999834,67.66864679267474,2.9713532073236024
2024-04-15 09:00:00,80.03999999999857,70.78777104503305,9.252228954965517
2024-04-15 10:00:00,63.73999999999928,55.39161495080987,8.34838504918941
2024-04-15 11:00:00,61.07000000000614,69.57125925925938,-8.501259259253239
2024-04-15 12:00:00,64.87000000000768,64.31904255319142,0.5509574468162555
2024-04-15 13:00:00,58.70000000000386,55.39161495080987,3.308385049193994
2024-04-15 14:00:00,56.05999999999443,55.39161495080987,0.6683850491845647
2024-04-15 15:00:00,52.839999999993836,61.018463021778345,-8.17846302178451
2024-04-15 16:00:00,58.96000000000204,55.39161495080987,3.568385049192173
2024-04-15 17:00:00,68.40999999999822,83.74233333333419,-15.332333333335967
2024-04-15 18:00:00,84.39999999999836,67.66864679267474,16.73135320732362
2024-04-15 19:00:00,91.35000000001216,126.61499999999967,-35.26499999998751
2024-04-15 20:00:00,98.4099999999988,94.39002638470537,4.019973615293438
2024-04-15 21:00:00,104.93000000000686,94.39002638470537,10.539973615301491
2024-04-15 22:00:00,89.41000000000516,94.39002638470537,-4.98002638470021
2024-04-15 23:00:00,80.3000000000055,94.39002638470537,-14.090026384699868
2024-04-16 00:00:00,66.21000000000294,65.16952432265936,1.0404756773435793
2024-04-16 01:00:00,62.61999999999188,61.454528642936815,1.1654713570550683
2024-04-16 02:00:00,48.39000000000198,48.56794454451889,-0.17794454451690456
2024-04-16 03:00:00,41.970000000001676,43.52916282038405,-1.559162820382376
2024-04-16 04:00:00,42.310000000003186,43.52916282038405,-1.2191628203808662
2024-04-16 05:00:00,38.340000000008274,43.52916282038405,-5.189162820375778
2024-04-16 06:00:00,47.21999999999758,53.38899999999883,-6.1690000000012475
2024-04-16 07:00:00,59.510000000005164,57.58416666666662,1.9258333333385451
2024-04-16 08:00:00,76.2299999999968,67.11016164233827,9.119838357658537
2024-04-16 09:00:00,69.98000000000326,70.78777104503305,-0.8077710450297957
2024-04-16 10:00:00,58.20000000000613,55.39161495080987,2.8083850491962608
2024-04-16 11:00:00,51.03000000001174,55.39161495080987,-4.361614950798128
2024-04-16 12:00:00,55.06999999998703,55.39161495080987,-0.3216149508228341
2024-04-16 13:00:00,53.950000000002035,61.018463021778345,-7.06846302177631
2024-04-16 14:00:00,51.200000000006014,55.39161495080987,-4.191614950803853
2024-04-16 15:00:00,49.05999999999466,55.39161495080987,-6.331614950815208
2024-04-16 16:00:00,49.66999999999649,55.39161495080987,-5.721614950813375
2024-04-16 17:00:00,58.76000000000107,55.39161495080987,3.368385049191204
2024-04-16 18:00:00,68.3299999999976,62.45111111111098,5.878888888886614
2024-04-16 19:00:00,82.1400000000036,94.39002638470537,-12.25002638470177
2024-04-16 20:00:00,94.18999999999298,99.71449999999908,-5.5245000000061
2024-04-16 21:00:00,91.74000000000713,94.39002638470537,-2.6500263846982364
2024-04-16 22:00:00,97.92499999999902,94.39002638470537,3.5349736152936515
2024-04-16 23:00:00,86.54000000000926,94.39002638470537,-7.850026384696108
2024-04-17 00:00:00,77.98999999999234,60.584916967508896,17.40508303248344
2024-04-17 01:00:00,56.459999999993386,61.454528642936815,-4.994528642943429
2024-04-17 02:00:00,49.33999999999588,48.56794454451889,0.7720554554769947
2024-04-17 03:00:00,46.3600000000086,43.52916282038405,2.8308371796245453
2024-04-17 04:00:00,41.659999999985246,43.52916282038405,-1.869162820398806
2024-04-17 05:00:00,39.36999999999688,43.52916282038405,-4.1591628203871736
2024-04-17 06:00:00,45.769999999994354,47.63720306513405,-1.867203065139698
2024-04-17 07:00:00,55.65000000000288,57.58416666666662,-1.9341666666637352
2024-04-17 08:00:00,68.82000000001786,69.57125925925938,-0.7512592592415217
2024-04-17 09:00:00,70.74999999999403,67.66864679267474,3.081353207319296
2024-04-17 10:00:00,53.70999999999759,55.39161495080987,-1.6816149508122749
2024-04-17 11:00:00,51.33000000000669,55.39161495080987,-4.061614950803175
2024-04-17 12:00:00,48.339999999996444,61.018463021778345,-12.678463021781901
2024-04-17 13:00:00,49.37999999999653,55.39161495080987,-6.011614950813339
2024-04-17 14:00:00,50.90000000000048,55.39161495080987,-4.491614950809385
2024-04-17 15:00:00,49.26000000000255,55.39161495080987,-6.131614950807318
2024-04-17 16:00:00,46.320000000001244,55.39161495080987,-9.071614950808623
2024-04-17 17:00:00,60.88000000001472,55.39161495080987,5.488385049204851
2024-04-17 18:00:00,70.01999999999221,102.87600000000157,-32.85600000000936
2024-04-17 19:00:00,83.62999999999937,104.6489855072468,-21.018985507247436
2024-04-17 20:00:00,89.55000000000095,94.39002638470537,-4.840026384704416
2024-04-17 21:00:00,95.58000000000877,102.87600000000157,-7.295999999992802
2024-04-17 22:00:00,99.20000000000138,94.39002638470537,4.809973615296016
2024-04-17 23:00:00,96.8199999999998,94.39002638470537,2.429973615294429
2024-04-18 00:00:00,72.8899999999914,73.96166666666643,-1.0716666666750285
2024-04-18 01:00:00,59.840000000005205,60.584916967508896,-0.7449169675036913
2024-04-18 02:00:00,45.31999999999579,51.005579710145774,-5.685579710149987
2024-04-18 03:00:00,45.93000000001149,43.52916282038405,2.4008371796274375
2024-04-18 04:00:00,42.65999999999309,43.52916282038405,-0.8691628203909616
2024-04-18 05:00:00,39.18499999999465,43.52916282038405,-4.3441628203894
2024-04-18 06:00:00,41.82000000000385,53.888062015503714,-12.068062015499862
2024-04-18 07:00:00,55.76999999999583,60.339511535421316,-4.569511535425484
2024-04-18 08:00:00,72.22000000000114,70.78777104503305,1.4322289549680818
2024-04-18 09:00:00,66.71999999999588,70.78777104503305,-4.067771045037176
2024-04-18 10:00:00,57.37999999999755,55.39161495080987,1.9883850491876842
2024-04-18 11:00:00,50.76000000000437,55.39161495080987,-4.631614950805499
2024-04-18 12:00:00,50.72999999999928,61.018463021778345,-10.288463021779066
2024-04-18 13:00:00,49.5799999999968,55.39161495080987,-5.811614950813066
2024-04-18 14:00:00,49.769999999998674,55.39161495080987,-5.621614950811193
2024-04-18 15:00:00,51.94999999999317,67.66864679267474,-15.718646792681568
2024-04-18 16:00:00,49.200000000006014,53.57499999999774,-4.374999999991729
2024-04-18 17:00:00,54.8700000000012,60.339511535421316,-5.469511535420118
2024-04-18 18:00:00,65.76999999999254,73.18166666666637,-7.411666666673838
2024-04-18 19:00:00,79.48000000000155,94.39002638470537,-14.910026384703812
2024-04-18 20:00:00,97.73000000000295,94.39002638470537,3.3399736152975805
2024-04-18 21:00:00,91.99999999999815,102.87600000000157,-10.876000000003415
2024-04-18 22:00:00,100.60999999999783,94.39002638470537,6.21997361529246
2024-04-18 23:00:00,87.7999999999998,94.39002638470537,-6.590026384705567
2024-04-19 00:00:00,75.43999999999808,77.11291576867816,-1.6729157686800846
2024-04-19 01:00:00,57.15000000000187,76.57857142857122,-19.428571428569356
2024-04-19 02:00:00,47.330000000004645,48.56794454451889,-1.2379445445142423
2024-04-19 03:00:00,46.56999999999806,43.52916282038405,3.040837179614009
2024-04-19 04:00:00,42.47999999999303,43.52916282038405,-1.0491628203910253
2024-04-19 05:00:00,42.329999999999075,43.52916282038405,-1.1991628203849771
2024-04-19 06:00:00,41.44000000000341,46.36297405984513,-4.922974059841721
2024-04-19 07:00:00,58.2000000000017,67.11016164233827,-8.910161642336568
2024-04-19 08:00:00,69.18000000000706,70.78777104503305,-1.6077710450259985
2024-04-19 09:00:00,66.23999999998995,64.87138461538505,1.3686153846048938
2024-04-19 10:00:00,57.600000000006105,55.39161495080987,2.208385049196238
2024-04-19 11:00:00,54.95000000001136,55.39161495080987,-0.44161495079850965
2024-04-19 12:00:00,52.959999999993045,55.39161495080987,-2.4316149508168223
2024-04-19 13:00:00,63.130000000001424,55.39161495080987,7.738385049191557
2024-04-19 14:00:00,52.740000000008365,55.39161495080987,-2.651614950801502
2024-04-19 15:00:00,48.200000000006696,55.39161495080987,-7.191614950803171
2024-04-19 16:00:00,51.74999999999858,55.39161495080987,-3.641614950811288
2024-04-19 17:00:00,56.75000000000051,55.39161495080987,1.3583850491906446
2024-04-19 18:00:00,62.83999999999987,82.57367601246094,-19.733676012461068
2024-04-19 19:00:00,90.47999999999465,94.39002638470537,-3.9100263847107186
2024-04-19 20:00:00,88.86999999999281,102.87600000000157,-14.006000000008754
2024-04-19 21:00:00,93.3800000000069,102.87600000000157,-9.495999999994666
2024-04-19 22:00:00,94.35999999999498,94.39002638470537,-0.030026384710382104
2024-04-19 23:00:00,83.95000000000364,73.96166666666643,9.98833333333721
2024-04-20 00:00:00,75.9399999999982,73.28225352112676,2.657746478871431
2024-04-20 01:00:00,64.03000000000662,75.24729885057499,-11.217298850568369
2024-04-20 02:00:00,49.79999999999558,48.56794454451889,1.23205545547669
2024-04-20 03:00:00,45.789999999999,43.52916282038405,2.2608371796149456
2024-04-20 04:00:00,44.280000000004236,43.52916282038405,0.7508371796201843
2024-04-20 05:00:00,40.380000000002205,43.52916282038405,-3.1491628203818465
2024-04-20 06:00:00,40.43999999999295,43.52916282038405,-3.0891628203911026
2024-04-20 07:00:00,49.529999999994004,52.13333333333211,-2.6033333333381066
2024-04-20 08:00:00,66.15999999999764,57.70809523809509,8.451904761902547
2024-04-20 09:00:00,67.63999999999254,67.93614583333354,-0.29614583334100075
2024-04-20 10:00:00,81.94999999999908,83.10142857142826,-1.1514285714291788
2024-04-20 11:00:00,64.05000000000729,83.10142857142826,-19.05142857142097
2024-04-20 12:00:00,80.38000000000028,83.13333333333239,-2.753333333332108
2024-04-20 13:00:00,73.64000000000985,71.35411602209948,2.2858839779103732
2024-04-20 14:00:00,78.94000000000229,81.81000000000108,-2.8699999999987966
2024-04-20 15:00:00,64.4599999999985,67.11016164233827,-2.650161642339768
2024-04-20 16:00:00,72.75000000001097,60.584916967508896,12.165083032502075
2024-04-20 17:00:00,70.00999999999823,71.35411602209948,-1.3441160221012467
2024-04-20 18:00:00,81.03000000000027,82.57367601246094,-1.543676012460665
2024-04-20 19:00:00,94.72999999999384,111.53030303030367,-16.800303030309834
2024-04-20 20:00:00,106.61000000000351,99.71449999999908,6.895500000004432
2024-04-20 21:00:00,95.18000000000083,99.71449999999908,-4.534499999998246
2024-04-20 22:00:00,101.79000000000732,94.39002638470537,7.39997361530196
2024-04-20 23:00:00,85.25000000000213,94.39002638470537,-9.140026384703233
2024-04-21 00:00:00,83.99000000000667,87.24499999999968,-3.2549999999930037
2024-04-21 01:00:00,60.48999999999746,65.16952432265936,-4.679524322661898
2024-04-21 02:00:00,50.20999999999941,48.56794454451889,1.6420554554805236
2024-04-21 03:00:00,47.84000000000589,43.52916282038405,4.310837179621835
2024-04-21 04:00:00,42.88000000000335,43.52916282038405,-0.6491628203807025
2024-04-21 05:00:00,38.71999999999929,43.52916282038405,-4.809162820384763
2024-04-21 06:00:00,39.04000000000457,43.52916282038405,-4.489162820379484
2024-04-21 07:00:00,50.09499999998599,43.52916282038405,6.565837179601935
2024-04-21 08:00:00,61.880000000004145,67.79691964285698,-5.916919642852832
2024-04-21 09:00:00,66.58999999999179,83.74233333333419,-17.152333333342398
2024-04-21 10:00:00,73.02000000000845,104.6489855072468,-31.628985507238355
2024-04-21 11:00:00,78.75999999999792,77.72993055555564,1.030069444442276
2024-04-21 12:00:00,74.58999999999192,126.61499999999967,-52.02500000000775
2024-04-21 13:00:00,86.42000000000081,74.82856435643554,11.591435643565276
2024-04-21 14:00:00,80.65000000000063,71.35411602209948,9.295883977901156
2024-04-21 15:00:00,80.2500000000143,79.6701923076925,0.5798076923217934
2024-04-21 16:00:00,78.12000000000542,110.64078947368485,-32.52078947367943
2024-04-21 17:00:00,90.98000000000192,82.57367601246094,8.406323987540986
2024-04-21 18:00:00,95.88000000000008,82.57367601246094,13.306323987539145
2024-04-21 19:00:00,100.68999999998832,94.39002638470537,6.299973615282951
2024-04-21 20:00:00,106.05999999999639,121.06428571428863,-15.004285714292237
2024-04-21 21:00:00,104.74000000000714,99.71449999999908,5.025500000008066
2024-04-21 22:00:00,98.33000000000627,102.98094086021506,-4.650940860208792
2024-04-21 23:00:00,86.07999999999524,87.24499999999968,-1.16500000000444
2024-04-22 00:00:00,76.56000000000708,75.24729885057499,1.3127011494320868
2024-04-22 01:00:00,62.47999999999723,65.16952432265936,-2.6895243226621233
2024-04-22 02:00:00,45.78000000000981,48.56794454451889,-2.787944544509081
2024-04-22 03:00:00,46.149999999996965,43.52916282038405,2.620837179612913
2024-04-22 04:00:00,44.210000000004754,43.52916282038405,0.6808371796207027
2024-04-22 05:00:00,38.769999999997076,43.52916282038405,-4.759162820386976
2024-04-22 06:00:00,46.419999999997174,46.36297405984513,0.05702594015204454
2024-04-22 07:00:00,53.67999999999967,57.58416666666662,-3.9041666666669457
2024-04-22 08:00:00,69.20000000000658,64.10844551282017,5.091554487186414
2024-04-22 09:00:00,60.309999999995,73.96166666666643,-13.651666666671431
2024-04-22 10:00:00,54.09000000000202,55.39161495080987,-1.3016149508078456
2024-04-22 11:00:00,55.77499999999276,55.39161495080987,0.3833850491828912
2024-04-22 12:00:00,47.34999999999769,55.39161495080987,-8.041614950812175
2024-04-22 13:00:00,49.54000000000002,67.11016164233827,-17.57016164233825
2024-04-22 14:00:00,56.950000000003854,55.39161495080987,1.558385049193987
2024-04-22 15:00:00,56.12000000000677,55.39161495080987,0.728385049196902
2024-04-22 16:00:00,49.99999999999915,60.339511535421316,-10.339511535422169
2024-04-22 17:00:00,49.15999999999377,60.339511535421316,-11.179511535427544
2024-04-22 18:00:00,73.41999999999706,80.05565217391269,-6.635652173915631
2024-04-22 19:00:00,86.93999999999014,126.61499999999967,-39.67500000000953
2024-04-22 20:00:00,99.7900000000046,94.39002638470537,5.399973615299231
2024-04-22 21:00:00,96.56999999999263,94.39002638470537,2.179973615287267
2024-04-22 22:00:00,94.4200000000063,94.39002638470537,0.02997361530093201
2024-04-22 23:00:00,87.78999999999664,94.39002638470537,-6.600026384708727
2024-04-23 00:00:00,71.9399999999992,73.96166666666643,-2.0216666666672296
2024-04-23 09:00:00,0.0,64.87138461538505,-64.87138461538505
2024-04-23 10:00:00,23.81000000000651,55.39161495080987,-31.581614950803356
2024-04-23 11:00:00,53.68999999999875,55.39161495080987,-1.7016149508111198
2024-04-23 12:00:00,48.259999999999586,55.39161495080987,-7.131614950810281
2024-04-23 13:00:00,57.830000000004645,55.39161495080987,2.4383850491947783
2024-04-23 14:00:00,45.26000000000072,61.018463021778345,-15.758463021777622
2024-04-23 15:00:00,55.24999999999824,55.39161495080987,-0.14161495081162911
2024-04-23 16:00:00,48.9599999999985,55.39161495080987,-6.431614950811365
2024-04-23 17:00:00,60.20999999999782,55.39161495080987,4.8183850491879525
2024-04-23 18:00:00,68.31999999999988,104.6489855072468,-36.32898550724693
2024-04-23 19:00:00,89.77000000000142,94.39002638470537,-4.620026384703948
2024-04-23 20:00:00,92.11999999999293,79.9567999999992,12.163199999993722
2024-04-23 21:00:00,88.48000000001204,94.39002638470537,-5.9100263846933245
2024-04-23 22:00:00,80.77999999999687,94.39002638470537,-13.61002638470849
2024-04-23 23:00:00,90.29999999999207,67.11016164233827,23.189838357653798
2024-04-24 00:00:00,65.49000000002111,75.24729885057499,-9.75729885055388
2024-04-24 01:00:00,60.50000000000426,61.454528642936815,-0.9545286429325515
2024-04-24 02:00:00,45.550000000006264,60.339511535421316,-14.789511535415052
2024-04-24 03:00:00,46.239999999999384,47.06774725274714,-0.8277472527477556
2024-04-24 04:00:00,42.34999999999451,60.02277777777816,-17.67277777778365
2024-04-24 05:00:00,48.36999999999493,43.52916282038405,4.84083717961088
2024-04-24 06:00:00,46.94999999999805,47.63720306513405,-0.6872030651360035
2024-04-24 07:00:00,63.59000000000975,57.58416666666662,6.0058333333431335
2024-04-24 08:00:00,80.459999999995,70.78777104503305,9.672228954961952
2024-04-24 09:00:00,68.17999999999489,70.78777104503305,-2.607771045038163
2024-04-24 10:00:00,55.53999999999968,55.39161495080987,0.14838504918981243
2024-04-24 11:00:00,48.0999999999961,55.39161495080987,-7.291614950813766
2024-04-24 12:00:00,53.350000000003604,55.39161495080987,-2.041614950806263
2024-04-24 13:00:00,57.08999999998508,61.018463021778345,-3.928463021793263
2024-04-24 14:00:00,60.720000000005996,64.31904255319142,-3.599042553185427
2024-04-24 15:00:00,53.12999999999698,86.14319148936151,-33.01319148936453
2024-04-24 16:00:00,55.54999999999717,55.39161495080987,0.15838504918730223
2024-04-24 17:00:00,54.60000000001169,71.35411602209948,-16.754116022087786
2024-04-24 18:00:00,77.94000000000148,74.82856435643554,3.1114356435659403
2024-04-24 19:00:00,81.6900000000025,99.71449999999908,-18.02449999999658
2024-04-24 20:00:00,95.40999999999721,83.74233333333419,11.667666666663024
2024-04-24 21:00:00,92.34999999999827,94.39002638470537,-2.0400263847070903
2024-04-24 22:00:00,86.51000000001096,99.71449999999908,-13.204499999988116
2024-04-24 23:00:00,89.8899999999945,94.39002638470537,-4.500026384710864
2024-04-25 00:00:00,77.52999999999764,73.28225352112676,4.24774647887088
2024-04-25 01:00:00,55.720000000000994,61.454528642936815,-5.734528642935821
2024-04-25 02:00:00,44.919999999990125,48.56794454451889,-3.6479445445287624
2024-04-25 03:00:00,44.559999999999775,43.52916282038405,1.0308371796157232
2024-04-25 04:00:00,40.30000000000342,43.52916282038405,-3.2291628203806297
2024-04-25 05:00:00,42.00999999999538,43.52916282038405,-1.5191628203886722
2024-04-25 06:00:00,42.86000000000291,53.888062015503714,-11.028062015500801
2024-04-25 07:00:00,59.16999999999376,57.58416666666662,1.5858333333271446
2024-04-25 08:00:00,69.56000000000762,77.72993055555564,-8.16993055554802
2024-04-25 09:00:00,64.41000000000196,67.66864679267474,-3.258646792672778
2024-04-25 10:00:00,55.909999999994,55.39161495080987,0.5183850491841326
2024-04-25 11:00:00,55.780000000006396,55.39161495080987,0.38838504919652905
2024-04-25 12:00:00,50.58999999999634,61.018463021778345,-10.428463021782008
2024-04-25 13:00:00,56.140000000010275,55.39161495080987,0.748385049200408
2024-04-25 14:00:00,52.120000000015864,55.39161495080987,-3.271614950794003
2024-04-25 15:00:00,49.58999999999793,62.45111111111098,-12.861111111113054
2024-04-25 16:00:00,48.059999999995796,62.45111111111098,-14.391111111115187
2024-04-25 17:00:00,52.12000000000609,55.39161495080987,-3.27161495080378
2024-04-25 18:00:00,60.66000000000139,82.57367601246094,-21.913676012459547
2024-04-25 19:00:00,81.15000000000835,94.39002638470537,-13.240026384697018
2024-04-25 20:00:00,91.00999999998712,99.71449999999908,-8.704500000011961
2024-04-25 21:00:00,92.3100000000024,94.39002638470537,-2.080026384702961
2024-04-25 22:00:00,88.83000000000045,94.39002638470537,-5.560026384704912
2024-04-25 23:00:00,95.85999999999794,94.39002638470537,1.4699736152925738
2024-04-26 00:00:00,75.98000000000248,73.96166666666643,2.018333333336045
2024-04-26 01:00:00,65.3800000000004,65.16952432265936,0.21047567734103723
2024-04-26 02:00:00,45.7699999999939,48.56794454451889,-2.797944544524988
2024-04-26 03:00:00,42.63000000001551,43.52916282038405,-0.8991628203685451
2024-04-26 04:00:00,43.08999999999838,43.52916282038405,-0.43916282038566834
2024-04-26 05:00:00,39.21999999999348,43.52916282038405,-4.3091628203905685
2024-04-26 06:00:00,48.359999999998365,47.06774725274714,1.2922527472512257
2024-04-26 07:00:00,55.259999999995046,57.58416666666662,-2.324166666671573
2024-04-26 08:00:00,64.48000000000792,70.78777104503305,-6.3077710450251345
2024-04-26 09:00:00,65.13999999999311,70.78777104503305,-5.647771045039946
2024-04-26 10:00:00,57.69000000000625,55.39161495080987,2.2983850491963835
2024-04-26 11:00:00,55.090000000003045,55.39161495080987,-0.30161495080682243
2024-04-26 12:00:00,57.52999999999821,61.018463021778345,-3.4884630217801345
2024-04-26 13:00:00,54.11999999999881,55.39161495080987,-1.2716149508110561
2024-04-26 14:00:00,50.88000000000176,55.39161495080987,-4.511614950808109
2024-04-26 15:00:00,47.989999999991994,55.39161495080987,-7.401614950817873
2024-04-26 16:00:00,48.73999999999734,55.39161495080987,-6.6516149508125295
2024-04-26 17:00:00,52.510000000010734,64.10844551282017,-11.598445512809434
2024-04-26 18:00:00,69.8399999999952,60.339511535421316,9.500488464573884
2024-04-26 19:00:00,83.92999999999252,94.39002638470537,-10.460026384712847
2024-04-26 20:00:00,93.42000000000083,94.39002638470537,-0.9700263847045392
2024-04-26 21:00:00,90.76999999999346,94.39002638470537,-3.620026384711906
2024-04-26 22:00:00,98.01999999999529,94.39002638470537,3.629973615289927
2024-04-26 23:00:00,88.72999999999885,94.39002638470537,-5.660026384706512
2024-04-27 00:00:00,77.11999999999836,60.584916967508896,16.53508303248946
2024-04-27 01:00:00,63.27000000000504,64.79000000000006,-1.5199999999950222
2024-04-27 02:00:00,51.54999999999751,51.005579710145774,0.5444202898517361
2024-04-27 03:00:00,45.16999999999774,43.52916282038405,1.6408371796136905
2024-04-27 04:00:00,41.22999999999655,43.52916282038405,-2.299162820387501
2024-04-27 05:00:00,42.37000000000904,43.52916282038405,-1.159162820375009
2024-04-27 06:00:00,43.93999999999261,43.52916282038405,0.41083717960855637
2024-04-27 07:00:00,46.94000000000409,57.58416666666662,-10.644166666662528
2024-04-27 08:00:00,58.44000000000284,57.70809523809509,0.7319047619077494
2024-04-27 09:00:00,73.14000000000198,74.82856435643554,-1.6885643564335595
2024-04-27 10:00:00,75.06000000000525,76.65033691062638,-1.590336910621133
2024-04-27 11:00:00,74.52999999999697,64.10844551282017,10.421554487176806
2024-04-27 12:00:00,69.72000000000475,76.65033691062638,-6.930336910621634
2024-04-27 13:00:00,74.55000000000115,64.10844551282017,10.44155448718098
2024-04-27 14:00:00,56.30000000000126,60.584916967508896,-4.284916967507634
2024-04-27 15:00:00,67.2299999999936,64.10844551282017,3.1215544871734267
2024-04-27 16:00:00,54.270000000005496,64.10844551282017,-9.838445512814673
2024-04-27 17:00:00,63.4399999999942,67.11016164233827,-3.6701616423440697
2024-04-27 18:00:00,61.11000000000189,60.584916967508896,0.5250830324929936
2024-04-27 19:00:00,81.0999999999936,94.39002638470537,-13.290026384711766
2024-04-27 20:00:00,82.88000000001452,94.39002638470537,-11.510026384690846
2024-04-27 21:00:00,96.93999999999104,94.39002638470537,2.54997361528568
2024-04-27 22:00:00,87.70000000000408,94.39002638470537,-6.690026384701284
2024-04-27 23:00:00,85.62000000000756,94.39002638470537,-8.7700263846978
2024-04-28 00:00:00,74.97999999999419,60.584916967508896,14.395083032485296
2024-04-28 01:00:00,69.71999999999963,60.584916967508896,9.135083032490734
2024-04-28 02:00:00,51.11000000000053,48.56794454451889,2.542055455481645
2024-04-28 03:00:00,44.09000000000634,43.52916282038405,0.5608371796222897
2024-04-28 04:00:00,43.6599999999965,43.52916282038405,0.130837179612449
2024-04-28 05:00:00,39.58999999999975,43.52916282038405,-3.939162820384304
2024-04-28 06:00:00,41.50999999999265,43.52916282038405,-2.0191628203914007
2024-04-28 07:00:00,41.699999999992826,47.06774725274714,-5.367747252754313
2024-04-28 08:00:00,55.18999999999966,64.06169230769231,-8.871692307692655
2024-04-28 09:00:00,61.01000000000483,64.06169230769231,-3.051692307687482
2024-04-28 10:00:00,67.52999999999616,76.65033691062638,-9.120336910630215
2024-04-28 11:00:00,72.14000000000084,87.24499999999968,-15.104999999998839
2024-04-28 12:00:00,74.60000000000451,71.35411602209948,3.245883977905038
2024-04-28 13:00:00,73.94000000000909,62.45111111111098,11.48888888889811
2024-04-28 14:00:00,73.94000000000455,71.35411602209948,2.5858839779050697
2024-04-28 15:00:00,70.33999999999237,75.24729885057499,-4.90729885058262
2024-04-28 16:00:00,72.15999999999696,64.10844551282017,8.051554487176787
2024-04-28 17:00:00,71.45999999999862,67.11016164233827,4.349838357660346
2024-04-28 18:00:00,92.44000000000162,116.34285714285724,-23.902857142855623
2024-04-28 19:00:00,96.74000000000453,94.39002638470537,2.349973615299163
2024-04-28 20:00:00,110.06999999999047,99.71449999999908,10.355499999991395
2024-04-28 21:00:00,101.18000000000549,94.39002638470537,6.789973615300127
2024-04-28 22:00:00,98.86000000000203,94.39002638470537,4.4699736152966665
2024-04-28 23:00:00,91.71999999999966,84.18444444444533,7.535555555554325
2024-04-29 00:00:00,73.2700000000014,67.11016164233827,6.1598383576631335
2024-04-29 01:00:00,56.2499999999888,65.16952432265936,-8.919524322670554
2024-04-29 02:00:00,45.880000000001985,48.56794454451889,-2.6879445445169026
2024-04-29 03:00:00,44.9999999999979,43.52916282038405,1.470837179613845
2024-04-29 04:00:00,41.849999999999966,43.52916282038405,-1.6791628203840858
2024-04-29 05:00:00,42.12000000000097,43.52916282038405,-1.4091628203830808
2024-04-29 06:00:00,44.23999999999734,46.9506521739135,-2.7106521739161593
2024-04-29 07:00:00,62.399999999989234,57.58416666666662,4.815833333322615
2024-04-29 08:00:00,68.41000000000992,82.57367601246094,-14.16367601245102
2024-04-29 09:00:00,71.43999999999728,79.9567999999992,-8.516800000001922
2024-04-29 10:00:00,57.96999999999258,55.39161495080987,2.578385049182714
2024-04-29 11:00:00,49.23999999999927,64.10844551282017,-14.868445512820898
2024-04-29 12:00:00,54.160000000002185,55.39161495080987,-1.231614950807682
2024-04-29 13:00:00,55.859999999994386,60.584916967508896,-4.72491696751451
2024-04-29 14:00:00,51.46000000000737,61.018463021778345,-9.558463021770976
2024-04-29 15:00:00,51.549999999994895,55.39161495080987,-3.8416149508149715
2024-04-29 16:00:00,51.980000000005305,55.39161495080987,-3.4116149508045623
2024-04-29 17:00:00,55.13999999999413,55.39161495080987,-0.2516149508157355
2024-04-29 18:00:00,68.27999999999662,60.584916967508896,7.695083032487723
2024-04-29 19:00:00,78.64000000000323,104.6489855072468,-26.00898550724358
2024-04-29 20:00:00,101.07000000000411,104.6489855072468,-3.5789855072426917
2024-04-29 21:00:00,94.50999999998132,94.39002638470537,0.11997361527595274
2024-04-29 22:00:00,96.02000000001325,94.39002638470537,1.6299736153078896
2024-04-29 23:00:00,87.31999999999786,94.39002638470537,-7.0700263847075036
2024-04-30 00:00:00,70.15999999999629,73.28225352112676,-3.1222535211304745
2024-04-30 01:00:00,55.859999999995075,61.454528642936815,-5.594528642941739
2024-04-30 02:00:00,44.0699999999959,48.56794454451889,-4.497944544522987
2024-04-30 03:00:00,41.37000000001643,43.52916282038405,-2.1591628203676194
2024-04-30 04:00:00,39.329999999994754,43.52916282038405,-4.199162820389297
2024-04-30 05:00:00,40.52000000000493,43.52916282038405,-3.0091628203791245
2024-04-30 06:00:00,48.98000000000849,46.36297405984513,2.6170259401633587
2024-04-30 07:00:00,66.7700000000038,67.11016164233827,-0.3401616423344649
2024-04-30 08:00:00,74.8300000000032,79.9567999999992,-5.12679999999601
2024-04-30 09:00:00,64.54999999998353,64.87138461538505,-0.3213846154015272
2024-04-30 10:00:00,50.02999999999446,55.39161495080987,-5.361614950815408
2024-04-30 11:00:00,47.95999999999782,55.39161495080987,-7.4316149508120475
2024-04-30 12:00:00,48.53000000000026,61.018463021778345,-12.488463021778088
2024-04-30 13:00:00,52.819999999995105,55.39161495080987,-2.5716149508147623
2024-04-30 14:00:00,50.07999999999885,67.11016164233827,-17.030161642339422
2024-04-30 15:00:00,49.209999999996796,64.10844551282017,-14.898445512823372
2024-04-30 16:00:00,50.330000000005214,67.11016164233827,-16.780161642333056
2024-04-30 17:00:00,53.619999999990966,69.57125925925938,-15.951259259268411
2024-04-30 18:00:00,68.94000000000739,67.66864679267474,1.271353207332652
2024-04-30 19:00:00,79.14999999999529,94.39002638470537,-15.240026384710077
2024-04-30 20:00:00,91.49999999999815,99.71449999999908,-8.214500000000925
2024-04-30 21:00:00,89.26999999999654,94.39002638470537,-5.120026384708822
2024-04-30 22:00:00,97.76999999999869,94.39002638470537,3.3799736152933235
2024-04-30 23:00:00,88.49000000000271,94.39002638470537,-5.900026384702656
2024-05-01 00:00:00,74.35999999999156,60.584916967508896,13.775083032482662
2024-05-01 01:00:00,58.45000000000159,61.454528642936815,-3.0045286429352274
2024-05-01 02:00:00,48.680000000000575,48.56794454451889,0.11205545548168772
2024-05-01 03:00:00,45.48999999999859,46.36297405984513,-0.8729740598465412
2024-05-01 04:00:00,40.68000000000126,43.52916282038405,-2.8491628203827943
2024-05-01 05:00:00,39.22499999999985,47.06774725274714,-7.842747252747287
2024-05-01 06:00:00,44.859999999997456,53.888062015503714,-9.028062015506258
2024-05-01 07:00:00,58.11000000000007,64.80274879227063,-6.692748792270564
2024-05-01 08:00:00,67.67999999999739,67.66864679267474,0.011353207322656544
2024-05-01 09:00:00,69.81999999999124,69.57125925925938,0.24874074073186137
2024-05-01 10:00:00,62.539999999998315,61.018463021778345,1.5215369782199701
2024-05-01 11:00:00,63.589999999996564,55.39161495080987,8.198385049186697
2024-05-01 12:00:00,60.42000000001161,61.018463021778345,-0.598463021766733
2024-05-01 13:00:00,68.08000000000135,55.39161495080987,12.688385049191481
2024-05-01 14:00:00,61.15999999999128,67.11016164233827,-5.950161642346991
2024-05-01 15:00:00,60.55000000001014,55.39161495080987,5.15838504920027
2024-05-01 16:00:00,59.64999999999765,73.28225352112676,-13.632253521129115
2024-05-01 17:00:00,66.79999999999603,67.11016164233827,-0.3101616423422371
2024-05-01 18:00:00,74.99000000000484,99.71449999999908,-24.724499999994237
2024-05-01 19:00:00,86.63000000000099,116.6411111111109,-30.011111111109912
2024-05-01 20:00:00,97.49000000000191,99.71449999999908,-2.224499999997164
2024-05-01 21:00:00,95.71499999999762,99.71449999999908,-3.9995000000014613
2024-05-01 22:00:00,93.7099999999974,111.53030303030367,-17.820303030306277
2024-05-01 23:00:00,87.38000000000406,102.98094086021506,-15.600940860210997
2024-05-02 00:00:00,69.5399999999924,73.28225352112676,-3.7422535211343586
2024-05-02 01:00:00,54.840000000005205,65.96999999999956,-11.129999999994354
2024-05-02 02:00:00,44.76999999998901,52.557873563218756,-7.787873563229745
2024-05-02 03:00:00,40.400000000009015,47.63720306513405,-7.237203065125037
2024-05-02 04:00:00,44.689999999999316,43.52916282038405,1.160837179615264
2024-05-02 05:00:00,37.800000000006264,43.52916282038405,-5.729162820377788
2024-05-02 06:00:00,42.01999999999936,53.38899999999883,-11.368999999999474
2024-05-02 07:00:00,53.3499999999911,67.11016164233827,-13.760161642347171
2024-05-02 08:00:00,69.5300000000056,64.10844551282017,5.421554487185432
2024-05-02 09:00:00,61.27999999999617,60.584916967508896,0.6950830324872754
2024-05-02 10:00:00,59.790000000002635,64.10844551282017,-4.318445512817533
2024-05-02 11:00:00,50.53000000000344,55.39161495080987,-4.861614950806427
2024-05-02 12:00:00,49.28499999999457,55.39161495080987,-6.106614950815299
2024-05-02 13:00:00,55.230000000009966,55.39161495080987,-0.16161495079990118
2024-05-02 14:00:00,52.06999999999101,55.39161495080987,-3.321614950818855
2024-05-02 15:00:00,50.67000000000445,55.39161495080987,-4.721614950805417
2024-05-02 16:00:00,49.58999999999611,64.10844551282017,-14.518445512824059
2024-05-02 17:00:00,52.44,73.96166666666643,-21.521666666666434
2024-05-02 18:00:00,61.589999999997936,73.96166666666643,-12.371666666668496
2024-05-02 19:00:00,76.41999999999958,121.06428571428863,-44.644285714289055
2024-05-02 20:00:00,102.28000000000279,99.71449999999908,2.565500000003709
2024-05-02 21:00:00,95.13000000000463,104.6489855072468,-9.518985507242178
2024-05-02 22:00:00,89.9200000000049,83.74233333333419,6.177666666670717
2024-05-02 23:00:00,81.95999999999249,94.39002638470537,-12.430026384712875
2024-05-03 00:00:00,69.00000000000324,75.24729885057499,-6.247298850571752
2024-05-03 01:00:00,53.380000000005396,61.454528642936815,-8.07452864293142
2024-05-03 02:00:00,45.149999999996396,60.584916967508896,-15.4349169675125
2024-05-03 03:00:00,44.55999999999557,47.06774725274714,-2.507747252751571
2024-05-03 04:00:00,42.310000000004095,43.52916282038405,-1.2191628203799567
2024-05-03 05:00:00,40.60000000000519,43.52916282038405,-2.9291628203788633
2024-05-03 06:00:00,42.679999999991594,60.584916967508896,-17.904916967517302
2024-05-03 07:00:00,56.18000000000012,67.11016164233827,-10.930161642338149
2024-05-03 08:00:00,72.1300000000046,70.78777104503305,1.3422289549715458
2024-05-03 09:00:00,61.190000000005114,64.87138461538505,-3.6813846153799403
2024-05-03 10:00:00,57.790000000000816,55.39161495080987,2.3983850491909493
2024-05-03 11:00:00,57.45999999999759,55.39161495080987,2.068385049187725
2024-05-03 12:00:00,59.88000000000278,55.39161495080987,4.488385049192914
2024-05-03 13:00:00,55.23000000001224,55.39161495080987,-0.16161495079762744
2024-05-03 14:00:00,50.83999999998781,55.39161495080987,-4.5516149508220565
2024-05-03 15:00:00,59.53000000000526,60.584916967508896,-1.0549169675036367
2024-05-03 16:00:00,53.54999999999842,55.39161495080987,-1.8416149508114472
2024-05-03 17:00:00,59.319999999990785,55.39161495080987,3.9283850491809176
2024-05-03 18:00:00,65.55999999999933,55.39161495080987,10.168385049189467
2024-05-03 19:00:00,85.46000000000865,94.4099999999994,-8.949999999990752
2024-05-03 20:00:00,90.06999999999388,94.39002638470537,-4.320026384711483
2024-05-03 21:00:00,88.3500000000001,94.39002638470537,-6.040026384705271
2024-05-03 22:00:00,88.29000000000005,94.39002638470537,-6.100026384705316
2024-05-03 23:00:00,90.1100000000101,83.74233333333419,6.367666666675916
2024-05-04 00:00:00,75.67999999999194,75.24729885057499,0.4327011494169426
2024-05-04 01:00:00,61.650000000004695,65.96999999999956,-4.319999999994863
2024-05-04 02:00:00,47.039999999986264,48.56794454451889,-1.5279445445326232
2024-05-04 03:00:00,43.730000000007806,46.9506521739135,-3.220652173905691
2024-05-04 04:00:00,45.830000000000325,43.52916282038405,2.3008371796162734
2024-05-04 05:00:00,41.4800000000036,43.52916282038405,-2.0491628203804524
2024-05-04 06:00:00,41.56000000000182,43.52916282038405,-1.9691628203822304
2024-05-04 07:00:00,49.640000000001635,71.35411602209948,-21.71411602209784
2024-05-04 08:00:00,59.78999999999388,60.584916967508896,-0.7949169675150145
2024-05-04 09:00:00,66.32000000000022,81.81000000000108,-15.490000000000862
2024-05-04 10:00:00,65.53500000000003,74.49263888888912,-8.957638888889093
2024-05-04 11:00:00,64.62000000000086,64.10844551282017,0.511554487180689
2024-05-04 12:00:00,62.22999999999451,64.10844551282017,-1.8784455128256567
2024-05-04 13:00:00,59.68000000000399,64.10844551282017,-4.428445512816175
2024-05-04 14:00:00,61.42999999998387,64.10844551282017,-2.678445512836298
2024-05-04 15:00:00,62.11000000000587,62.45111111111098,-0.34111111110511416
2024-05-04 16:00:00,66.85999999999439,71.35411602209948,-4.494116022105089
2024-05-04 17:00:00,63.91000000000446,67.79691964285698,-3.8869196428525186
2024-05-04 18:00:00,70.42999999999853,67.79691964285698,2.6330803571415515
2024-05-04 19:00:00,72.62999999999778,94.17187499999866,-21.541875000000886
2024-05-04 20:00:00,87.54000000000231,99.71449999999908,-12.174499999996769
2024-05-04 21:00:00,85.92000000000141,111.53030303030367,-25.610303030302262
2024-05-04 22:00:00,82.9199999999981,94.39002638470537,-11.470026384707268
2024-05-04 23:00:00,80.72000000000544,104.6489855072468,-23.928985507241364
2024-05-05 00:00:00,71.7100000000026,76.65033691062638,-4.940336910623785
2024-05-05 01:00:00,59.51999999999606,65.96999999999956,-6.450000000003499
2024-05-05 02:00:00,48.6300000000063,47.63720306513405,0.9927969348722456
2024-05-05 03:00:00,47.96999999999167,43.52916282038405,4.44083717960762
2024-05-05 04:00:00,43.17999999999387,43.52916282038405,-0.349162820390184
2024-05-05 05:00:00,38.360000000003026,43.52916282038405,-5.169162820381025
2024-05-05 06:00:00,40.040000000007744,43.52916282038405,-3.4891628203763076
2024-05-05 07:00:00,48.639999999989584,43.52916282038405,5.110837179605532
2024-05-05 08:00:00,53.030000000005714,83.74233333333419,-30.712333333328473
2024-05-05 09:00:00,63.85999999999757,64.06169230769231,-0.2016923076947421
2024-05-05 10:00:00,67.72500000000224,96.10444444444491,-28.37944444444267
2024-05-05 11:00:00,77.54999999999731,96.10444444444491,-18.554444444447597
2024-05-05 12:00:00,77.15000000000323,96.10444444444491,-18.954444444441677
2024-05-05 13:00:00,71.75000000000642,79.6701923076925,-7.920192307686079
2024-05-05 14:00:00,67.33000000000033,79.6701923076925,-12.340192307692178
2024-05-05 15:00:00,67.09999999999019,75.60625000000218,-8.506250000011988
2024-05-05 16:00:00,76.03000000000617,64.10844551282017,11.921554487186
2024-05-05 17:00:00,70.11500000000689,96.10444444444491,-25.98944444443802
2024-05-05 18:00:00,80.01000000000234,73.96166666666643,6.048333333335904
2024-05-05 19:00:00,99.60999999998964,96.90600000000025,2.7039999999893922
2024-05-05 20:00:00,92.08000000000206,102.87600000000157,-10.795999999999509
2024-05-05 21:00:00,91.06999999999967,99.71449999999908,-8.644499999999411
2024-05-05 22:00:00,87.49000000001669,126.61499999999967,-39.124999999982975
2024-05-05 23:00:00,87.34999999999647,94.39002638470537,-7.040026384708895
2024-05-06 00:00:00,73.68999999999613,68.31000000000006,5.379999999996073
2024-05-06 01:00:00,60.2799999999998,65.96999999999956,-5.689999999999756
2024-05-06 02:00:00,47.95999999999783,47.63720306513405,0.32279693486377425
2024-05-06 03:00:00,44.96999999998474,47.63720306513405,-2.667203065149309
2024-05-06 04:00:00,45.980000000008715,43.52916282038405,2.4508371796246635
2024-05-06 07:00:00,0.0,43.52916282038405,-43.52916282038405
2024-05-06 08:00:00,21.659999999995957,0.0,21.659999999995957
2024-05-06 11:00:00,0.0,61.018463021778345,-61.018463021778345
2024-05-07 16:00:00,0.0,62.45111111111098,-62.45111111111098
2024-05-07 17:00:00,38.4199999999997,64.10844551282017,-25.688445512820465
2024-05-07 18:00:00,71.59999999999462,55.39161495080987,16.208385049184756
2024-05-07 19:00:00,87.02000000000189,116.6411111111109,-29.621111111109016
2024-05-07 20:00:00,102.32999999999353,127.66308823529425,-25.33308823530072
2024-05-07 21:00:00,89.27000000000984,99.71449999999908,-10.444499999989233
2024-05-07 22:00:00,94.71999999999977,94.39002638470537,0.3299736152944064
2024-05-07 23:00:00,83.24999999999007,87.96747747747717,-4.717477477487108
2024-05-08 00:00:00,68.02999999999832,82.57367601246094,-14.543676012462612
2024-05-08 01:00:00,57.36000000001019,65.96999999999956,-8.60999999998937
2024-05-08 02:00:00,43.17999999999455,48.56794454451889,-5.387944544524338
2024-05-08 03:00:00,47.530000000006964,43.52916282038405,4.000837179622913
2024-05-08 04:00:00,38.439999999996814,47.63720306513405,-9.197203065137238
2024-05-08 05:00:00,37.510000000008006,43.52916282038405,-6.019162820376046
2024-05-08 06:00:00,43.750000000000625,47.63720306513405,-3.887203065133427
2024-05-08 07:00:00,57.309999999994545,67.11016164233827,-9.800161642343724
2024-05-08 08:00:00,72.39000000000584,73.03060000000065,-0.6405999999948051
2024-05-08 09:00:00,70.14999999999685,67.66864679267474,2.4813532073221154
2024-05-08 10:00:00,53.350000000001785,55.39161495080987,-2.041614950808082
2024-05-08 11:00:00,47.85000000000417,55.39161495080987,-7.541614950805695
2024-05-08 12:00:00,44.93000000000421,55.39161495080987,-10.461614950805654
2024-05-08 13:00:00,49.96000000000157,55.39161495080987,-5.431614950808296
2024-05-08 14:00:00,43.5999999999936,55.39161495080987,-11.791614950816268
2024-05-08 15:00:00,43.51999999999572,67.66864679267474,-24.148646792679017
2024-05-08 16:00:00,52.25999999999982,55.39161495080987,-3.1316149508100466
2024-05-08 17:00:00,65.84999999999474,55.39161495080987,10.45838504918487
2024-05-08 18:00:00,60.69999999999408,73.03060000000065,-12.33060000000657
2024-05-08 19:00:00,74.23999999999404,94.39002638470537,-20.150026384711325
2024-05-08 20:00:00,93.3099999999975,79.6701923076925,13.639807692304998
2024-05-08 21:00:00,86.98000000000431,94.39002638470537,-7.410026384701055
2024-05-08 22:00:00,86.78000000000482,102.98094086021506,-16.20094086021024
2024-05-08 23:00:00,84.50999999999084,95.9599999999994,-11.450000000008558
2024-05-09 00:00:00,77.03000000000867,73.96166666666643,3.0683333333422382
2024-05-09 01:00:00,54.899999999994236,65.96999999999956,-11.070000000005322
2024-05-09 02:00:00,46.069999999999425,48.56794454451889,-2.497944544519463
2024-05-09 03:00:00,45.129999999994936,43.52916282038405,1.6008371796108847
2024-05-09 04:00:00,39.12999999999232,43.52916282038405,-4.39916282039173
2024-05-09 05:00:00,41.760000000010955,43.52916282038405,-1.7691628203730971
2024-05-09 06:00:00,46.50999999999243,47.63720306513405,-1.1272030651416216
2024-05-09 07:00:00,56.26999999999708,67.11016164233827,-10.840161642341187
2024-05-09 08:00:00,74.69999999999476,73.96166666666643,0.7383333333283275
2024-05-09 09:00:00,69.17999999999876,64.87138461538505,4.308615384613702
2024-05-09 10:00:00,52.56000000000273,55.39161495080987,-2.831614950807136
2024-05-09 11:00:00,49.68999999999045,55.39161495080987,-5.701614950819419
2024-05-09 12:00:00,50.84000000000498,55.39161495080987,-4.55161495080489
2024-05-09 13:00:00,49.43000000000501,55.39161495080987,-5.961614950804858
2024-05-09 14:00:00,47.1300000000046,55.39161495080987,-8.261614950805267
2024-05-09 15:00:00,51.13999999998606,55.39161495080987,-4.251614950823807
2024-05-09 16:00:00,49.970000000010884,55.39161495080987,-5.421614950798983
2024-05-09 17:00:00,54.14999999999469,60.584916967508896,-6.434916967514205
2024-05-09 18:00:00,67.97000000000031,60.584916967508896,7.385083032491416
2024-05-09 19:00:00,76.14000000000188,134.6958333333366,-58.55583333333472
2024-05-09 20:00:00,91.96000000000626,94.39002638470537,-2.4300263846991044
2024-05-09 21:00:00,87.85000000000443,94.39002638470537,-6.540026384700937
2024-05-09 22:00:00,89.85999999999508,94.39002638470537,-4.530026384710283
2024-05-09 23:00:00,92.08000000001263,94.39002638470537,-2.3100263846927334
2024-05-10 00:00:00,75.05999999999433,76.65033691062638,-1.5903369106320469
2024-05-10 01:00:00,60.16000000000389,64.06169230769231,-3.901692307688421
2024-05-10 02:00:00,41.77999999999662,48.56794454451889,-6.787944544522269
2024-05-10 03:00:00,41.640000000006296,43.52916282038405,-1.8891628203777557
2024-05-10 04:00:00,38.7899999999949,43.52916282038405,-4.739162820389154
2024-05-10 05:00:00,39.04000000000423,43.52916282038405,-4.489162820379825
2024-05-10 06:00:00,43.79999999999524,47.06774725274714,-3.267747252751903
2024-05-10 07:00:00,61.36000000000496,57.58416666666662,3.7758333333383405
2024-05-10 08:00:00,71.07000000000465,64.10844551282017,6.961554487184486
2024-05-10 09:00:00,65.38000000000278,70.78777104503305,-5.407771045030273
2024-05-10 10:00:00,50.78999999999934,55.39161495080987,-4.601614950810529
2024-05-10 11:00:00,46.879999999995164,55.39161495080987,-8.511614950814703
2024-05-10 12:00:00,49.930000000007055,55.39161495080987,-5.461614950802812
2024-05-10 13:00:00,53.41999999999376,55.39161495080987,-1.9716149508161038
2024-05-10 14:00:00,53.51000000001244,55.39161495080987,-1.8816149507974274
2024-05-10 15:00:00,49.309999999997046,55.39161495080987,-6.0816149508128206
2024-05-10 16:00:00,47.74000000001155,55.39161495080987,-7.651614950798319
2024-05-10 17:00:00,55.03999999998683,64.10844551282017,-9.068445512833335
2024-05-10 18:00:00,65.2300000000086,60.584916967508896,4.645083032499706
2024-05-10 19:00:00,72.2000000000001,94.39002638470537,-22.190026384705263
2024-05-10 20:00:00,87.83000000000092,94.39002638470537,-6.560026384704443
2024-05-10 21:00:00,92.46000000000205,99.71449999999908,-7.254499999997023
2024-05-10 22:00:00,97.06000000000276,94.39002638470537,2.669973615297394
2024-05-10 23:00:00,88.22000000000091,94.39002638470537,-6.170026384704457
2024-05-11 00:00:00,72.71999999999284,67.11016164233827,5.609838357654567
2024-05-11 01:00:00,60.620000000001426,65.96999999999956,-5.349999999998133
2024-05-11 02:00:00,47.920000000003995,47.63720306513405,0.2827969348699426
2024-05-11 03:00:00,45.729999999997915,43.52916282038405,2.2008371796138633
2024-05-11 04:00:00,39.07999999999453,43.52916282038405,-4.449162820389525
2024-05-11 05:00:00,39.46999999999372,47.06774725274714,-7.597747252753422
2024-05-11 06:00:00,39.91000000001026,43.52916282038405,-3.619162820373795
2024-05-11 07:00:00,50.70000000000579,46.36297405984513,4.3370259401606575
2024-05-11 08:00:00,60.69,71.35411602209948,-10.664116022099478
2024-05-11 09:00:00,70.9200000000024,71.35411602209948,-0.4341160220970721
2024-05-11 10:00:00,72.2599999999913,69.57125925925938,2.688740740731916
2024-05-11 11:00:00,65.06999999999795,71.35411602209948,-6.284116022101529
2024-05-11 12:00:00,60.640000000024145,83.10142857142826,-22.461428571404113
2024-05-11 13:00:00,67.21000000000123,83.10142857142826,-15.891428571427028
2024-05-11 14:00:00,67.26999999999163,71.35411602209948,-4.08411602210785
2024-05-11 15:00:00,74.6299999999996,86.14319148936151,-11.513191489361915
2024-05-11 16:00:00,74.98000000000373,67.11016164233827,7.869838357665458
2024-05-11 17:00:00,72.05000000000467,71.35411602209948,0.6958839779051971
2024-05-11 18:00:00,78.40000000001027,64.10844551282017,14.291554487190098
2024-05-11 19:00:00,102.29999999999322,96.03166666666634,6.268333333326879
2024-05-11 20:00:00,94.12999999999792,94.39002638470537,-0.26002638470744444
2024-05-11 21:00:00,92.87000000000032,102.98094086021506,-10.11094086021474
2024-05-11 22:00:00,93.64999999999336,94.39002638470537,-0.7400263847120101
2024-05-11 23:00:00,91.24000000001305,94.39002638470537,-3.1500263846923104
2024-05-12 00:00:00,75.229999999997,60.584916967508896,14.64508303248811
2024-05-12 01:00:00,64.57000000000352,61.454528642936815,3.1154713570667028
2024-05-12 02:00:00,48.71000000000055,47.63720306513405,1.0727969348664956
2024-05-12 03:00:00,47.749999999991985,47.63720306513405,0.11279693485793274
2024-05-12 04:00:00,44.839999999999975,43.52916282038405,1.3108371796159233
2024-05-12 05:00:00,38.84999999999667,43.52916282038405,-4.679162820387383
2024-05-12 06:00:00,39.75000000000688,64.06169230769231,-24.311692307685433
2024-05-12 07:00:00,45.32999999999589,71.35411602209948,-26.024116022103584
2024-05-12 08:00:00,55.83000000000078,104.6489855072468,-48.818985507246026
2024-05-12 09:00:00,69.0100000000029,76.65033691062638,-7.640336910623475
2024-05-12 10:00:00,80.77999999999608,69.57125925925938,11.208740740736701
2024-05-12 11:00:00,76.26999999999926,83.74233333333419,-7.47233333333493
2024-05-12 12:00:00,78.44000000000341,60.339511535421316,18.100488464582092
2024-05-12 13:00:00,73.69999999999646,64.10844551282017,9.591554487176296
2024-05-12 14:00:00,71.64000000000391,64.10844551282017,7.53155448718374
2024-05-12 15:00:00,65.39000000000402,67.11016164233827,-1.7201616423342472
2024-05-12 16:00:00,64.33999999999111,73.96166666666643,-9.621666666675324
2024-05-12 17:00:00,68.55999999999977,71.35411602209948,-2.7941160220997006
2024-05-12 18:00:00,82.4400000000048,134.83705555555557,-52.397055555550764
2024-05-12 19:00:00,96.44000000000162,73.96166666666643,22.478333333335186
2024-05-12 20:00:00,97.61000000000135,94.39002638470537,3.2199736152959844
2024-05-12 21:00:00,99.64999999999961,127.66308823529425,-28.013088235294646
2024-05-12 22:00:00,106.39999999999085,126.61499999999967,-20.215000000008814
2024-05-12 23:00:00,94.14000000000564,94.39002638470537,-0.2500263846997228
2024-05-13 00:00:00,69.4399999999941,60.584916967508896,8.855083032485204
2024-05-13 01:00:00,53.95000000000033,61.454528642936815,-7.504528642936485
2024-05-13 02:00:00,45.32000000000602,48.56794454451889,-3.247944544512869
2024-05-13 03:00:00,44.07000000000136,43.52916282038405,0.5408371796173057
2024-05-13 04:00:00,39.330000000004645,43.52916282038405,-4.1991628203794065
2024-05-13 05:00:00,38.349999999997465,43.52916282038405,-5.179162820386587
2024-05-13 06:00:00,46.89000000000277,46.36297405984513,0.5270259401576425
2024-05-13 07:00:00,55.950000000005446,64.06169230769231,-8.111692307686866
2024-05-13 08:00:00,64.23000000000064,69.57125925925938,-5.3412592592587345
2024-05-13 09:00:00,73.46000000000066,69.57125925925938,3.8887407407412837
2024-05-13 10:00:00,62.160000000003436,55.39161495080987,6.768385049193569
2024-05-13 11:00:00,58.569999999997265,60.584916967508896,-2.014916967511631
2024-05-13 12:00:00,51.46000000000316,55.39161495080987,-3.931614950806704
2024-05-13 13:00:00,53.48999999999472,64.10844551282017,-10.618445512825446
2024-05-13 14:00:00,54.7699999999906,55.39161495080987,-0.6216149508192643
2024-05-13 15:00:00,52.76000000000391,64.10844551282017,-11.348445512816255
2024-05-13 16:00:00,48.83000000000237,64.10844551282017,-15.278445512817797
2024-05-13 17:00:00,54.40999999998764,67.11016164233827,-12.70016164235063
2024-05-13 18:00:00,69.91000000001264,83.74233333333419,-13.832333333321543
2024-05-13 19:00:00,78.23000000000113,127.66308823529425,-49.43308823529313
2024-05-13 20:00:00,92.30999999999594,94.39002638470537,-2.080026384709427
2024-05-13 21:00:00,91.98999999999657,102.87600000000157,-10.886000000004998
2024-05-13 22:00:00,92.69999999999365,94.39002638470537,-1.6900263847117145
2024-05-13 23:00:00,94.47000000000432,71.35411602209948,23.115883977904844
2024-05-14 00:00:00,69.76000000000529,75.24729885057499,-5.487298850569701
2024-05-14 01:00:00,57.54999999999728,65.96999999999956,-8.420000000002275
2024-05-14 02:00:00,43.38999999999163,52.557873563218756,-9.167873563227126
2024-05-14 03:00:00,40.220000000000994,43.52916282038405,-3.309162820383058
2024-05-14 04:00:00,42.65000000000549,43.52916282038405,-0.8791628203785606
2024-05-14 05:00:00,41.31999999999658,43.52916282038405,-2.209162820387469
2024-05-14 06:00:00,40.62999999999391,46.36297405984513,-5.732974059851216
2024-05-14 07:00:00,57.1200000000045,71.35411602209948,-14.234116022094973
2024-05-14 08:00:00,74.40000000000119,70.78777104503305,3.6122289549681312
2024-05-14 09:00:00,70.1000000000027,64.87138461538505,5.22861538461764
2024-05-14 10:00:00,58.1799999999949,55.39161495080987,2.788385049185031
2024-05-14 11:00:00,49.74000000000814,64.10844551282017,-14.36844551281203
2024-05-14 12:00:00,52.71000000000009,55.39161495080987,-2.6816149508097737
2024-05-14 13:00:00,48.749999999995396,55.39161495080987,-6.641614950814471
2024-05-14 14:00:00,48.34000000000634,61.018463021778345,-12.678463021772004
2024-05-14 15:00:00,48.999999999995396,55.39161495080987,-6.391614950814471
2024-05-14 16:00:00,47.7199999999994,55.39161495080987,-7.671614950810465
2024-05-14 17:00:00,57.109999999999616,55.39161495080987,1.7183850491897488
2024-05-14 18:00:00,62.62000000000586,60.584916967508896,2.0350830324969635
2024-05-14 19:00:00,73.58000000000067,104.6489855072468,-31.06898550724614
2024-05-14 20:00:00,89.1400000000053,94.39002638470537,-5.250026384700064
2024-05-14 21:00:00,89.21999999998157,102.98094086021506,-13.76094086023349
2024-05-14 22:00:00,82.5200000000138,99.71449999999908,-17.194499999985283
2024-05-14 23:00:00,80.86999999999816,83.74233333333419,-2.87233333333603
2024-05-15 00:00:00,75.79000000000048,65.96999999999956,9.820000000000917
2024-05-15 01:00:00,55.704999999997824,65.16952432265936,-9.464524322661532
2024-05-15 02:00:00,45.47999999999257,51.005579710145774,-5.5255797101532025
2024-05-15 03:00:00,44.13000000001392,43.52916282038405,0.6008371796298704
2024-05-15 04:00:00,38.819999999975664,43.52916282038405,-4.7091628204083875
2024-05-15 05:00:00,42.19000000000136,43.52916282038405,-1.3391628203826897
2024-05-15 06:00:00,44.13000000000176,43.52916282038405,0.6008371796177059
2024-05-15 07:00:00,50.479999999999954,74.49263888888912,-24.012638888889164
2024-05-15 08:00:00,63.659999999989,74.82856435643554,-11.168564356446538
2024-05-15 09:00:00,71.28999999999945,71.35411602209948,-0.06411602210002343
2024-05-15 10:00:00,66.74000000000348,79.6701923076925,-12.930192307689026
2024-05-15 11:00:00,83.23999999999756,67.42064327485359,15.819356725143976
2024-05-15 12:00:00,69.12999999999255,67.11016164233827,2.0198383576542795
2024-05-15 13:00:00,74.8399999999968,104.6489855072468,-29.80898550725
2024-05-15 14:00:00,80.93999999999977,104.6489855072468,-23.708985507247036
2024-05-15 15:00:00,89.76000000000393,64.10844551282017,25.65155448718376
2024-05-15 16:00:00,74.22999999999338,55.39161495080987,18.838385049183515
2024-05-15 17:00:00,86.20999999998692,60.339511535421316,25.870488464565604
2024-05-15 18:00:00,79.1099999999984,121.06428571428863,-41.954285714290236
2024-05-15 19:00:00,108.53999999999584,126.61499999999967,-18.075000000003826
2024-05-15 20:00:00,103.41000000000426,127.66308823529425,-24.253088235289994
2024-05-15 21:00:00,99.22999999998714,94.39002638470537,4.839973615281778
2024-05-15 22:00:00,93.4099999999946,94.39002638470537,-0.9800263847107686
2024-05-15 23:00:00,77.38000000000793,84.18444444444533,-6.804444444437408
2024-05-16 00:00:00,67.93999999998908,60.584916967508896,7.355083032480188
2024-05-16 01:00:00,57.380000000004486,65.96999999999956,-8.589999999995072
2024-05-16 02:00:00,45.260000000006755,48.56794454451889,-3.3079445445121323
2024-05-16 03:00:00,41.14999999998844,43.52916282038405,-2.3791628203956137
2024-05-16 04:00:00,42.290000000007296,43.52916282038405,-1.2391628203767553
2024-05-16 05:00:00,39.119999999997674,43.52916282038405,-4.409162820386378
2024-05-16 06:00:00,47.260000000005164,47.06774725274714,0.19225274725802421
2024-05-16 07:00:00,52.37000000000313,60.339511535421316,-7.969511535418185
2024-05-16 08:00:00,69.71999999999724,69.57125925925938,0.14874074073786403
2024-05-16 09:00:00,65.73000000000008,64.87138461538505,0.8586153846150211
2024-05-16 10:00:00,51.95000000000829,55.39161495080987,-3.441614950801579
2024-05-16 11:00:00,49.73999999999813,55.39161495080987,-5.651614950811734
2024-05-16 12:00:00,56.05000000000365,55.39161495080987,0.6583850491937824
2024-05-16 13:00:00,52.6199999999963,55.39161495080987,-2.7716149508135643
2024-05-16 14:00:00,56.26000000000562,79.6701923076925,-23.410192307686884
2024-05-16 15:00:00,66.24999999999642,55.39161495080987,10.858385049186552
2024-05-16 16:00:00,51.77000000000379,55.39161495080987,-3.6216149508060766
2024-05-16 17:00:00,58.40999999998161,60.584916967508896,-2.174916967527288
2024-05-16 18:00:00,61.89999999999993,76.65033691062638,-14.750336910626451
2024-05-16 19:00:00,73.79999999999671,102.87600000000157,-29.076000000004854
2024-05-16 20:00:00,94.64000000000382,94.39002638470537,0.24997361529845818
2024-05-16 21:00:00,91.91000000000597,94.39002638470537,-2.4800263846994
2024-05-16 22:00:00,87.92000000000515,0.0,87.92000000000515
2024-05-16 23:00:00,82.2599999999928,94.39002638470537,-12.130026384712565
2024-05-17 00:00:00,71.60999999999963,65.96999999999956,5.640000000000072
2024-05-17 01:00:00,54.33000000000602,61.454528642936815,-7.124528642930798
2024-05-17 02:00:00,43.87999999999937,48.56794454451889,-4.687944544519517
2024-05-17 03:00:00,39.30999999999966,47.06774725274714,-7.757747252747478
2024-05-17 04:00:00,37.979999999999166,43.52916282038405,-5.549162820384886
2024-05-17 05:00:00,41.35000000000508,43.52916282038405,-2.17916282037897
2024-05-17 06:00:00,43.500000000008924,47.06774725274714,-3.567747252738215
2024-05-17 07:00:00,63.779999999996626,71.35411602209948,-7.574116022102849
2024-05-17 08:00:00,74.33999999999897,73.96166666666643,0.3783333333325345
2024-05-17 09:00:00,61.059999999995796,64.87138461538505,-3.811384615389258
2024-05-17 10:00:00,49.950000000010334,55.39161495080987,-5.441614950799533
2024-05-17 11:00:00,53.46999999998792,55.39161495080987,-1.9216149508219473
2024-05-17 12:00:00,53.50999999999368,60.339511535421316,-6.829511535427635
2024-05-17 13:00:00,49.809999999996705,55.39161495080987,-5.581614950813162
2024-05-17 14:00:00,49.40000000000424,55.39161495080987,-5.9916149508056264
2024-05-17 15:00:00,50.94999999999669,55.39161495080987,-4.441614950813175
2024-05-17 16:00:00,53.920000000007526,71.35952380952304,-17.439523809515514
2024-05-17 17:00:00,63.16999999999808,60.02277777777816,3.1472222222199235
2024-05-17 18:00:00,61.05999999999591,104.6489855072468,-43.5889855072509
2024-05-17 19:00:00,86.48999999999383,104.6489855072468,-18.15898550725298
2024-05-17 20:00:00,91.87999999999565,94.39002638470537,-2.510026384709718
2024-05-17 21:00:00,92.69000000000457,94.39002638470537,-1.7000263847007915
2024-05-17 22:00:00,83.55000000000152,94.39002638470537,-10.840026384703847
2024-05-17 23:00:00,87.31000000000583,73.96166666666643,13.348333333339397
2024-05-18 00:00:00,72.91000000000219,75.24729885057499,-2.3372988505728074
2024-05-18 01:00:00,68.03999999999638,72.16636363636346,-4.126363636367074
2024-05-18 02:00:00,48.05000000000331,48.56794454451889,-0.5179445445155793
2024-05-18 03:00:00,42.02000000000356,47.06774725274714,-5.0477472527435765
2024-05-18 04:00:00,39.05999999999864,43.52916282038405,-4.469162820385414
2024-05-18 05:00:00,37.20999999999543,43.52916282038405,-6.31916282038862
2024-05-18 06:00:00,44.22000000000554,43.52916282038405,0.6908371796214894
2024-05-18 07:00:00,51.930000000003645,67.66864679267474,-15.73864679267109
2024-05-18 08:00:00,64.91000000000082,67.66864679267474,-2.7586467926739147
2024-05-18 09:00:00,68.18999999999967,68.31000000000006,-0.12000000000038824
2024-05-18 10:00:00,76.149999999998,60.584916967508896,15.565083032489106
2024-05-18 11:00:00,67.83999999999713,73.28225352112676,-5.442253521129629
2024-05-18 12:00:00,77.08000000000362,62.45111111111098,14.62888888889264
2024-05-18 13:00:00,65.91999999999751,67.11016164233827,-1.1901616423407546
2024-05-18 14:00:00,74.4500000000092,62.45111111111098,11.998888888898215
2024-05-18 15:00:00,64.76999999999197,62.45111111111098,2.318888888880984
2024-05-18 16:00:00,62.15000000000062,67.11016164233827,-4.960161642337653
2024-05-18 17:00:00,61.94999999999919,71.35952380952304,-9.409523809523847
2024-05-18 18:00:00,73.85000000000235,73.96166666666643,-0.1116666666640782
2024-05-18 19:00:00,79.77999999999628,121.06428571428863,-41.28428571429235
2024-05-18 20:00:00,89.96000000000035,99.71449999999908,-9.754499999998728
2024-05-18 21:00:00,90.34000000000194,94.39002638470537,-4.050026384703429
2024-05-18 22:00:00,94.61000000000385,94.39002638470537,0.21997361529848547
2024-05-18 23:00:00,86.73999999999997,94.39002638470537,-7.650026384705399
2024-05-19 00:00:00,82.30999999999798,73.10727272727283,9.202727272725156
2024-05-19 01:00:00,61.69000000000034,73.10727272727283,-11.41727272727249
2024-05-19 02:00:00,51.90999999999684,52.557873563218756,-0.6478735632219141
2024-05-19 03:00:00,47.44999999999851,43.52916282038405,3.920837179614459
2024-05-19 04:00:00,40.91000000000059,47.63720306513405,-6.727203065133459
2024-05-19 05:00:00,41.71999999998769,43.52916282038405,-1.8091628203963595
2024-05-19 06:00:00,41.230000000004395,47.63720306513405,-6.407203065129657
2024-05-19 07:00:00,45.270000000002874,74.49263888888912,-29.222638888886245
2024-05-19 08:00:00,55.93999999999921,87.24499999999968,-31.30500000000047
2024-05-19 09:00:00,70.84000000000282,67.11016164233827,3.7298383576645477
2024-05-19 10:00:00,72.17999999999466,112.80999999999624,-40.63000000000157
2024-05-19 11:00:00,76.59999999999998,67.11016164233827,9.48983835766171
2024-05-19 12:00:00,72.97999999999848,79.9567999999992,-6.976800000000722
2024-05-19 13:00:00,78.81999999999351,71.35411602209948,7.465883977894038
2024-05-19 14:00:00,72.85999999999565,76.65033691062638,-3.790336910630728
2024-05-19 15:00:00,77.9000000000112,76.65033691062638,1.2496630893848248
2024-05-19 16:00:00,72.57999999999909,76.65033691062638,-4.07033691062729
2024-05-19 17:00:00,69.28999999999948,67.11016164233827,2.179838357661211
2024-05-19 18:00:00,78.89000000000358,60.584916967508896,18.305083032494686
2024-05-19 19:00:00,97.12999999999678,102.87600000000157,-5.746000000004784
2024-05-19 20:00:00,98.26999999999632,94.39002638470537,3.8799736152909503
2024-05-19 21:00:00,112.77999999999244,94.39002638470537,18.389973615287076
2024-05-19 22:00:00,101.9400000000015,94.39002638470537,7.549973615296139
2024-05-19 23:00:00,94.95000000000888,84.18444444444533,10.765555555563552
2024-05-20 00:00:00,80.93000000000264,75.24729885057499,5.682701149427643
2024-05-20 01:00:00,64.32999999999328,65.96999999999956,-1.6400000000062818
2024-05-20 02:00:00,47.31000000000205,52.557873563218756,-5.247873563216707
2024-05-20 03:00:00,42.17999999999489,52.557873563218756,-10.377873563223865
2024-05-20 04:00:00,42.700000000002255,52.557873563218756,-9.8578735632165
2024-05-20 05:00:00,40.69999999999976,47.63720306513405,-6.937203065134291
2024-05-20 06:00:00,47.70000000000101,47.63720306513405,0.06279693486695948
2024-05-20 07:00:00,54.860000000009855,64.06169230769231,-9.201692307682457
2024-05-20 08:00:00,68.61999999999702,73.28225352112676,-4.662253521129742
2024-05-20 09:00:00,65.2199999999977,64.87138461538505,0.34861538461264274
2024-05-20 10:00:00,60.65999999999718,55.39161495080987,5.268385049187316
2024-05-20 11:00:00,58.179999999998415,55.39161495080987,2.7883850491885482
2024-05-20 12:00:00,54.480000000003486,67.11016164233827,-12.630161642334784
2024-05-20 13:00:00,58.02999999999889,55.39161495080987,2.6383850491890257
2024-05-20 14:00:00,60.749999999993804,64.31904255319142,-3.569042553197619
2024-05-20 15:00:00,57.1499999999964,64.10844551282017,-6.958445512823765
2024-05-20 16:00:00,57.68000000000194,67.11016164233827,-9.43016164233633
2024-05-20 17:00:00,59.42999999998818,55.39161495080987,4.038385049178316
2024-05-20 18:00:00,71.28000000000071,83.74233333333419,-12.462333333333476
2024-05-20 19:00:00,85.36999999999873,121.06428571428863,-35.694285714289904
2024-05-20 20:00:00,90.68999999999082,94.39002638470537,-3.7000263847145476
2024-05-20 21:00:00,99.41999999999379,126.61499999999967,-27.195000000005876
2024-05-20 22:00:00,101.17499999999833,99.71449999999908,1.4604999999992572
2024-05-20 23:00:00,88.33999999999898,89.7614608990136,-1.421460899014619
2024-05-21 00:00:00,76.20999999999714,60.02277777777816,16.187222222218978
2024-05-21 01:00:00,61.01999999999492,65.96999999999956,-4.950000000004636
2024-05-21 02:00:00,46.71499999999384,48.56794454451889,-1.8529445445250445
2024-05-21 03:00:00,45.86000000000644,43.52916282038405,2.3308371796223852
2024-05-21 04:00:00,41.81999999999704,43.52916282038405,-1.7091628203870144
2024-05-21 05:00:00,38.00999999999732,46.36297405984513,-8.35297405984781
2024-05-21 06:00:00,43.43000000000819,53.888062015503714,-10.458062015495521
2024-05-21 07:00:00,61.520000000000266,57.58416666666662,3.9358333333336475
2024-05-21 08:00:00,69.85999999999463,73.96166666666643,-4.101666666671804
2024-05-21 09:00:00,69.67999999999876,64.10844551282017,5.571554487178588
2024-05-21 10:00:00,55.740000000006205,55.39161495080987,0.34838504919633806
2024-05-21 11:00:00,53.83999999999736,55.39161495080987,-1.5516149508125068
2024-05-21 12:00:00,51.85000000001452,55.39161495080987,-3.541614950795349
2024-05-21 13:00:00,55.23999999999097,55.39161495080987,-0.15161495081889598
2024-05-21 14:00:00,53.419999999993195,55.39161495080987,-1.9716149508166723
2024-05-21 15:00:00,52.75000000000438,55.39161495080987,-2.64161495080549
2024-05-21 16:00:00,54.24999999999449,64.10844551282017,-9.858445512825675
2024-05-21 17:00:00,55.25000000000199,64.10844551282017,-8.858445512818179
2024-05-21 18:00:00,67.6999999999976,60.584916967508896,7.115083032488705
2024-05-21 19:00:00,80.04000000000653,127.66308823529425,-47.623088235287725
2024-05-21 20:00:00,93.31999999999513,99.71449999999908,-6.394500000003944
2024-05-21 21:00:00,92.14999999999368,94.39002638470537,-2.2400263847116832
2024-05-21 22:00:00,98.90000000001153,94.39002638470537,4.509973615306166
2024-05-21 23:00:00,89.51999999998868,94.39002638470537,-4.870026384716681
2024-05-22 00:00:00,71.94000000000571,87.24499999999968,-15.304999999993967
2024-05-22 01:00:00,66.11999999999608,64.06169230769231,2.058307692303771
2024-05-22 02:00:00,47.7100000000034,48.56794454451889,-0.8579445445154903
2024-05-22 03:00:00,35.809999999998766,43.52916282038405,-7.719162820385286
2024-05-22 04:00:00,39.57999999999839,43.52916282038405,-3.9491628203856592
2024-05-22 05:00:00,38.610000000007126,47.63720306513405,-9.027203065126926
2024-05-22 06:00:00,44.02999999999321,47.63720306513405,-3.607203065140844
2024-05-22 07:00:00,56.09999999999906,57.58416666666662,-1.484166666667555
2024-05-22 08:00:00,68.39500000000584,70.78777104503305,-2.3927710450272173
2024-05-22 09:00:00,61.68999999999306,77.72993055555564,-16.039930555562577
2024-05-22 10:00:00,58.62500000000722,83.74233333333419,-25.117333333326968
2024-05-22 11:00:00,51.809999999991135,55.39161495080987,-3.5816149508187323
2024-05-22 12:00:00,51.96499999999736,55.39161495080987,-3.4266149508125068
2024-05-22 13:00:00,50.43000000000637,60.584916967508896,-10.154916967502523
2024-05-22 14:00:00,52.930000000000575,55.39161495080987,-2.4616149508092917
2024-05-22 15:00:00,52.45999999999964,55.39161495080987,-2.9316149508102285
2024-05-22 16:00:00,52.605000000011216,62.45111111111098,-9.846111111099766
2024-05-22 17:00:00,59.43000000000217,71.35411602209948,-11.924116022097309
2024-05-22 18:00:00,69.23999999999472,85.00999999999874,-15.770000000004018
2024-05-22 19:00:00,76.89999999999971,94.39002638470537,-17.490026384705658
2024-05-22 20:00:00,101.45999999999978,83.74233333333419,17.717666666665593
2024-05-22 21:00:00,95.90999999999731,83.74233333333419,12.167666666663123
2024-05-22 22:00:00,93.93000000000902,94.39002638470537,-0.4600263846963486
2024-05-22 23:00:00,88.239999999996,92.21800000000147,-3.9780000000054656
2024-05-23 00:00:00,78.97000000000409,73.96166666666643,5.00833333333766
2024-05-23 01:00:00,61.34000000000191,65.96999999999956,-4.629999999997651
2024-05-23 02:00:00,48.4599999999943,47.63720306513405,0.82279693486025
2024-05-23 03:00:00,46.91000000001105,47.63720306513405,-0.7272030651229997
2024-05-23 04:00:00,40.05999999999011,43.52916282038405,-3.46916282039394
2024-05-23 05:00:00,39.15000000000424,43.52916282038405,-4.379162820379811
2024-05-23 06:00:00,43.61999999999858,53.38899999999883,-9.769000000000247
2024-05-23 07:00:00,59.34499999999417,53.38899999999883,5.955999999995342
2024-05-23 08:00:00,73.41000000000935,69.57125925925938,3.8387407407499694
2024-05-23 09:00:00,65.88999999999947,67.66864679267474,-1.7786467926752607
2024-05-23 10:00:00,60.549999999999216,55.39161495080987,5.158385049189349
2024-05-23 11:00:00,49.00999999999323,55.39161495080987,-6.38161495081664
2024-05-23 12:00:00,50.57000000000534,55.39161495080987,-4.8216149508045305
2024-05-23 13:00:00,51.94999999999965,55.39161495080987,-3.4416149508102194
2024-05-23 14:00:00,53.19000000000648,55.39161495080987,-2.201614950803389
2024-05-23 15:00:00,54.86999999999881,55.39161495080987,-0.5216149508110561
2024-05-23 16:00:00,51.50999999999311,55.39161495080987,-3.881614950816754
2024-05-23 17:00:00,55.23000000000803,60.584916967508896,-5.354916967500863
2024-05-23 18:00:00,65.68999999999545,79.6701923076925,-13.980192307697052
2024-05-23 19:00:00,79.73999999999894,0.0,79.73999999999894
2024-05-23 20:00:00,94.90999999999755,94.39002638470537,0.5199736152921872
2024-05-23 21:00:00,94.26500000000678,83.74233333333419,10.522666666672592
2024-05-23 22:00:00,91.78000000000094,126.61499999999967,-34.83499999999873
2024-05-23 23:00:00,95.13000000000179,84.18444444444533,10.945555555556453
2024-05-24 00:00:00,75.07000000000332,75.24729885057499,-0.17729885057167394
2024-05-24 01:00:00,58.31999999999841,65.96999999999956,-7.65000000000115
2024-05-24 02:00:00,44.109999999991544,47.63720306513405,-3.5272030651425084
2024-05-24 03:00:00,45.3800000000046,43.52916282038405,1.850837179620548
2024-05-24 04:00:00,37.199999999993054,43.52916282038405,-6.329162820390998
2024-05-24 05:00:00,36.87000000000438,43.52916282038405,-6.65916282037967
2024-05-24 06:00:00,45.30999999999875,46.36297405984513,-1.0529740598463775
2024-05-24 07:00:00,55.03000000001015,68.31000000000006,-13.279999999989911
2024-05-24 08:00:00,68.74999999999199,70.78777104503305,-2.037771045041069
2024-05-24 09:00:00,67.00000000000644,70.78777104503305,-3.7877710450266164
2024-05-24 10:00:00,57.87999999999789,60.584916967508896,-2.7049169675110036
2024-05-24 11:00:00,52.719999999995196,60.584916967508896,-7.8649169675137
2024-05-24 12:00:00,56.390000000001976,55.39161495080987,0.9983850491921089
2024-05-24 13:00:00,52.26000000000198,55.39161495080987,-3.1316149508078865
2024-05-24 14:00:00,50.76000000000619,55.39161495080987,-4.63161495080368
2024-05-24 15:00:00,51.529999999999006,55.39161495080987,-3.8616149508108606
2024-05-24 16:00:00,51.85500000000121,55.39161495080987,-3.536614950808655
2024-05-24 17:00:00,58.58999999999259,64.06169230769231,-5.471692307699719
2024-05-24 18:00:00,66.74000000000655,102.87600000000157,-36.13599999999502
2024-05-24 19:00:00,78.8499999999986,102.87600000000157,-24.026000000002966
2024-05-24 20:00:00,95.88000000000372,99.71449999999908,-3.8344999999953586
2024-05-24 21:00:00,96.15000000000677,99.71449999999908,-3.5644999999923073
2024-05-24 22:00:00,88.99500000000418,94.39002638470537,-5.395026384701183
2024-05-24 23:00:00,90.270000000007,94.39002638470537,-4.120026384698363
2024-05-25 00:00:00,76.19000000000091,87.96747747747717,-11.777477477476268
2024-05-25 01:00:00,61.43000000000263,65.96999999999956,-4.53999999999693
2024-05-25 02:00:00,48.96000000000407,47.63720306513405,1.32279693487002
2024-05-25 03:00:00,47.74499999999699,43.52916282038405,4.21583717961294
2024-05-25 04:00:00,40.68999999999397,43.52916282038405,-2.8391628203900794
2024-05-25 05:00:00,39.4200000000107,43.52916282038405,-4.109162820373349
2024-05-25 06:00:00,41.60999999999052,71.35411602209948,-29.744116022108955
2024-05-25 07:00:00,52.714999999999975,57.58416666666662,-4.8691666666666436
2024-05-25 08:00:00,64.02999999999923,67.42064327485359,-3.390643274854355
2024-05-25 09:00:00,71.47000000000168,64.10844551282017,7.3615544871815075
2024-05-25 10:00:00,75.26999999999472,64.10844551282017,11.161554487174556
2024-05-25 11:00:00,66.48000000000735,67.42064327485359,-0.9406432748462379
2024-05-25 12:00:00,68.11000000000587,67.42064327485359,0.6893567251522796
2024-05-25 13:00:00,71.34000000000646,75.24729885057499,-3.9072988505685373
2024-05-25 14:00:00,70.19999999999169,75.24729885057499,-5.047298850583303
2024-05-25 15:00:00,64.60999999998803,64.06169230769231,0.5483076922957224
2024-05-25 16:00:00,63.74999999999871,67.11016164233827,-3.3601616423395626
2024-05-25 17:00:00,62.04000000000833,67.11016164233827,-5.070161642329943
2024-05-25 18:00:00,74.41000000000379,80.05565217391269,-5.6456521739089
2024-05-25 19:00:00,85.59999999999818,94.39002638470537,-8.79002638470719
2024-05-25 20:00:00,91.6400000000053,94.39002638470537,-2.750026384700064
2024-05-25 21:00:00,95.80999999999501,94.39002638470537,1.4199736152896492
2024-05-25 22:00:00,90.61999999999782,94.39002638470537,-3.770026384707549
2024-05-25 23:00:00,85.90999999999676,94.39002638470537,-8.480026384708609
2024-05-26 00:00:00,77.30000000000287,75.24729885057499,2.0527011494278753
2024-05-26 01:00:00,66.96999999999372,73.28225352112676,-6.312253521133044
2024-05-26 02:00:00,51.509999999998804,47.63720306513405,3.872796934864752
2024-05-26 03:00:00,47.91999999998342,52.557873563218756,-4.637873563235338
2024-05-26 04:00:00,44.75999999999755,47.63720306513405,-2.8772030651365057
2024-05-26 05:00:00,38.62000000001689,43.52916282038405,-4.909162820367165
2024-05-26 06:00:00,41.86999999999654,47.06774725274714,-5.197747252750602
2024-05-26 07:00:00,45.58000000000169,43.52916282038405,2.0508371796176377
2024-05-26 08:00:00,57.85999999999268,67.66864679267474,-9.808646792682055
2024-05-26 09:00:00,65.32999999999168,67.66864679267474,-2.3386467926830505
2024-05-26 10:00:00,73.72000000000793,71.0209999999999,2.699000000008027
2024-05-26 11:00:00,73.73000000000646,71.0209999999999,2.7090000000065544
2024-05-26 12:00:00,82.04000000000083,73.03060000000065,9.009400000000184
2024-05-26 13:00:00,75.84999999998986,66.23910256410272,9.61089743588714
2024-05-26 14:00:00,75.22999999999294,64.10844551282017,11.121554487172773
2024-05-26 15:00:00,81.78999999999684,72.07929824561485,9.710701754381986
2024-05-26 16:00:00,88.48000000000295,73.28225352112676,15.197746478876184
2024-05-26 17:00:00,84.63500000000394,73.96166666666643,10.67333333333751
2024-05-26 18:00:00,92.02999999999221,89.65304347826041,2.376956521731799
2024-05-26 19:00:00,107.3800000000077,126.61499999999967,-19.23499999999197
2024-05-26 20:00:00,118.06499999998866,94.39002638470537,23.674973615283292
2024-05-26 21:00:00,109.50999999999507,94.39002638470537,15.119973615289709
2024-05-26 22:00:00,104.49000000000294,95.9599999999994,8.53000000000354
2024-05-26 23:00:00,96.82999999999319,84.18444444444533,12.645555555547858
2024-05-27 00:00:00,71.31999999999626,60.02277777777816,11.297222222218096
2024-05-27 01:00:00,60.50999999999459,65.96999999999956,-5.4600000000049675
2024-05-27 02:00:00,47.760000000005846,64.06169230769231,-16.301692307686466
2024-05-27 03:00:00,44.96999999999372,47.06774725274714,-2.0977472527534218
2024-05-27 04:00:00,42.06999999999306,43.52916282038405,-1.4591628203909934
2024-05-27 05:00:00,40.36000000000496,43.52916282038405,-3.1691628203790927
2024-05-27 06:00:00,46.79999999999751,53.888062015503714,-7.088062015506203
2024-05-27 07:00:00,58.149999999998215,67.11016164233827,-8.960161642340054
2024-05-27 08:00:00,72.64999999999948,73.96166666666643,-1.3116666666669516
2024-05-27 09:00:00,65.56000000000785,70.78777104503305,-5.227771045025207
2024-05-27 10:00:00,56.73000000000019,61.018463021778345,-4.288463021778156
2024-05-27 11:00:00,56.11000000000769,61.018463021778345,-4.9084630217706575
2024-05-27 12:00:00,55.649999999996055,61.018463021778345,-5.36846302178229
2024-05-27 13:00:00,52.88499999999698,61.018463021778345,-8.133463021781367
2024-05-27 14:00:00,54.38999999999493,55.39161495080987,-1.0016149508149397
2024-05-27 15:00:00,53.724999999997806,55.39161495080987,-1.6666149508120611
2024-05-27 16:00:00,58.280000000008215,64.10844551282017,-5.828445512811953
2024-05-27 17:00:00,56.765000000002544,55.39161495080987,1.3733850491926773
2024-05-27 18:00:00,68.66999999999035,62.45111111111098,6.21888888887937
2024-05-27 19:00:00,86.09000000001285,94.39002638470537,-8.300026384692515
2024-05-27 20:00:00,99.45000000000104,104.6489855072468,-5.198985507245766
2024-05-27 21:00:00,97.27000000000245,94.39002638470537,2.8799736152970894
2024-05-27 22:00:00,92.05999999999923,94.39002638470537,-2.33002638470613
2024-05-27 23:00:00,86.74000000000076,94.39002638470537,-7.650026384704603
2024-05-28 00:00:00,70.02000000000017,65.96999999999956,4.050000000000608
2024-05-28 01:00:00,56.88500000000869,65.96999999999956,-9.08499999999087
2024-05-28 02:00:00,44.55999999999602,52.557873563218756,-7.997873563222733
2024-05-28 03:00:00,41.65999999999946,43.52916282038405,-1.8691628203845951
2024-05-28 04:00:00,38.05000000000285,43.52916282038405,-5.479162820381198
2024-05-28 05:00:00,38.58000000000794,43.52916282038405,-4.9491628203761096
2024-05-28 06:00:00,42.02999999999798,53.888062015503714,-11.85806201550573
2024-05-28 07:00:00,54.48000000000269,57.58416666666662,-3.1041666666639287
2024-05-28 08:00:00,69.67999999999671,70.78777104503305,-1.107771045036344
2024-05-28 09:00:00,65.5400000000081,64.87138461538505,0.6686153846230525
2024-05-28 10:00:00,54.249999999999034,61.018463021778345,-6.768463021779311
2024-05-28 11:00:00,50.499999999991644,61.018463021778345,-10.518463021786701
2024-05-28 12:00:00,53.350000000006105,55.39161495080987,-2.041614950803762
2024-05-28 13:00:00,49.16999999999956,55.39161495080987,-6.221614950810306
2024-05-28 14:00:00,54.45000000000579,55.39161495080987,-0.9416149508040803
2024-05-28 15:00:00,53.83999999999986,55.39161495080987,-1.5516149508100057
2024-05-28 16:00:00,49.8899999999922,55.39161495080987,-5.501614950817668
2024-05-28 17:00:00,53.78000000001151,71.35411602209948,-17.574116022087964
2024-05-28 18:00:00,65.38999999999629,67.66864679267474,-2.278646792678444
2024-05-28 19:00:00,73.80999999999058,73.96166666666643,-0.15166666667585105
2024-05-28 20:00:00,94.45500000001161,94.39002638470537,0.06497361530624346
2024-05-28 21:00:00,95.22999999999954,94.39002638470537,0.8399736152941699
2024-05-28 22:00:00,87.07000000000139,94.39002638470537,-7.320026384703979
2024-05-28 23:00:00,83.3849999999969,87.96747747747717,-4.582477477480282
2024-05-29 00:00:00,68.61999999999097,73.28225352112676,-4.662253521135796
2024-05-29 01:00:00,56.62000000001041,64.06169230769231,-7.441692307681905
2024-05-29 02:00:00,45.74000000000041,64.06169230769231,-18.321692307691904
2024-05-29 03:00:00,43.450000000000784,43.52916282038405,-0.07916282038326727
2024-05-29 04:00:00,37.97999999999951,43.52916282038405,-5.549162820384545
2024-05-29 05:00:00,37.25999999999095,43.52916282038405,-6.269162820393099
2024-05-29 06:00:00,42.02000000000061,47.06774725274714,-5.047747252746532
2024-05-29 07:00:00,61.7000000000067,60.339511535421316,1.3604884645853872
2024-05-29 08:00:00,68.21000000000669,69.57125925925938,-1.3612592592526909
2024-05-29 09:00:00,74.68000000000296,70.78777104503305,3.8922289549699087
2024-05-29 10:00:00,54.08999999999497,55.39161495080987,-1.3016149508148942
2024-05-29 11:00:00,50.25999999999493,55.39161495080987,-5.131614950814935
2024-05-29 12:00:00,53.28999999999718,60.339511535421316,-7.049511535424138
2024-05-29 13:00:00,50.490000000011435,55.39161495080987,-4.901614950798432
2024-05-29 14:00:00,50.71999999999815,55.39161495080987,-4.6716149508117155
2024-05-29 15:00:00,55.76000000000255,60.339511535421316,-4.579511535418767
2024-05-29 16:00:00,55.8900000000005,55.39161495080987,0.498385049190631
2024-05-29 17:00:00,54.67000000000422,55.39161495080987,-0.7216149508056446
2024-05-29 18:00:00,63.62000000000165,102.87600000000157,-39.255999999999915
2024-05-29 19:00:00,75.94999999999318,87.96747747747717,-12.017477477483993
2024-05-29 20:00:00,86.52000000000518,94.39002638470537,-7.870026384700182
2024-05-29 21:00:00,86.70999999999557,94.39002638470537,-7.680026384709791
2024-05-29 22:00:00,92.03000000000449,94.39002638470537,-2.3600263847008733
2024-05-29 23:00:00,90.38000000000224,94.39002638470537,-4.010026384703124
2024-05-30 00:00:00,68.12999999999188,75.24729885057499,-7.117298850583111
2024-05-30 01:00:00,56.32000000000795,65.96999999999956,-9.649999999991607
2024-05-30 02:00:00,44.30000000000376,47.63720306513405,-3.3372030651302893
2024-05-30 03:00:00,43.28999999999672,47.06774725274714,-3.777747252750416
2024-05-30 04:00:00,40.869999999999486,43.52916282038405,-2.659162820384566
2024-05-30 05:00:00,36.429999999998415,43.52916282038405,-7.0991628203856365
2024-05-30 06:00:00,39.309999999991135,46.36297405984513,-7.0529740598539945
2024-05-30 07:00:00,54.09000000000782,53.888062015503714,0.20193798450410583
2024-05-30 08:00:00,70.6099999999977,73.28225352112676,-2.672253521129065
2024-05-30 09:00:00,65.27999999999344,64.87138461538505,0.40861538460838176
2024-05-30 10:00:00,55.89999999999935,55.39161495080987,0.508385049189485
2024-05-30 11:00:00,47.74000000000348,55.39161495080987,-7.65161495080639
2024-05-30 12:00:00,50.2600000000013,55.39161495080987,-5.131614950808569
2024-05-30 13:00:00,50.819999999996696,55.39161495080987,-4.571614950813171
2024-05-30 14:00:00,55.3400000000002,55.39161495080987,-0.051614950809664606
2024-05-30 15:00:00,55.06000000001319,55.39161495080987,-0.331614950796677
2024-05-30 16:00:00,52.76999999998617,60.339511535421316,-7.569511535435147
2024-05-30 17:00:00,54.74000000000609,55.39161495080987,-0.6516149508037756
2024-05-30 18:00:00,66.38000000000267,79.6701923076925,-13.290192307689836
2024-05-30 19:00:00,79.72999999999246,85.00999999999874,-5.280000000006282
2024-05-30 20:00:00,93.73000000000395,94.39002638470537,-0.6600263847014105
2024-05-30 21:00:00,90.94000000000386,99.71449999999908,-8.774499999995214
2024-05-30 22:00:00,95.19999999999627,94.39002638470537,0.8099736152909003
2024-05-30 23:00:00,84.43999999999569,95.9599999999994,-11.520000000003705
2024-05-31 00:00:00,75.06000000000546,73.28225352112676,1.7777464788786972
2024-05-31 01:00:00,53.37999999999789,76.57857142857122,-23.19857142857333
2024-05-31 02:00:00,45.3600000000003,48.56794454451889,-3.2079445445185897
2024-05-31 03:00:00,45.25999999999664,43.52916282038405,1.7308371796125854
2024-05-31 04:00:00,40.19000000000477,43.52916282038405,-3.339162820379279
2024-05-31 05:00:00,38.839999999992926,43.52916282038405,-4.689162820391125
2024-05-31 06:00:00,46.190000000010684,47.06774725274714,-0.8777472527364552
2024-05-31 07:00:00,53.770000000005496,67.11016164233827,-13.340161642332774
2024-05-31 08:00:00,65.57000000000193,60.584916967508896,4.98508303249303
2024-05-31 09:00:00,66.40999999999354,64.87138461538505,1.538615384608491
2024-05-31 10:00:00,55.00000000000483,55.39161495080987,-0.3916149508050353
2024-05-31 11:00:00,48.640000000009366,55.39161495080987,-6.7516149508005014
2024-05-31 12:00:00,54.589999999993154,55.39161495080987,-0.8016149508167132
2024-05-31 13:00:00,53.10999999998893,55.39161495080987,-2.281614950820938
2024-05-31 14:00:00,52.8100000000025,55.39161495080987,-2.5816149508073636
2024-05-31 15:00:00,55.45499999999544,55.39161495080987,0.06338504918556964
2024-05-31 16:00:00,56.68999999999682,55.39161495080987,1.2983850491869546
2024-05-31 17:00:00,58.1800000000041,55.39161495080987,2.7883850491942326
2024-05-31 18:00:00,64.97999999999473,104.6489855072468,-39.668985507252074
2024-05-31 19:00:00,80.73999999999917,104.6489855072468,-23.908985507247635
2024-05-31 20:00:00,96.59000000000489,94.39002638470537,2.199973615299527
2024-05-31 21:00:00,90.76999999999711,94.39002638470537,-3.620026384708254
2024-05-31 22:00:00,90.20000000000434,83.74233333333419,6.45766666667015
2024-05-31 23:00:00,90.77999999999824,94.39002638470537,-3.610026384707126
2024-06-01 00:00:00,72.98999999998951,71.35411602209948,1.6358839778900318
2024-06-01 01:00:00,61.21500000000634,61.454528642936815,-0.23952864293047327
2024-06-01 02:00:00,48.23499999999137,47.63720306513405,0.5977969348573211
2024-06-01 03:00:00,44.5399999999774,47.63720306513405,-3.0972030651566556
2024-06-01 04:00:00,47.0500000000107,43.52916282038405,3.520837179626646
2024-06-01 05:00:00,38.13999999998708,53.888062015503714,-15.74806201551663
2024-06-01 06:00:00,43.440000000001476,47.06774725274714,-3.627747252745664
2024-06-01 07:00:00,47.53999999999763,60.339511535421316,-12.799511535423683
2024-06-01 08:00:00,62.099999999998154,83.74233333333419,-21.642333333336033
2024-06-01 09:00:00,70.12000000000347,67.66864679267474,2.4513532073287365
2024-06-01 10:00:00,74.37999999999903,72.07929824561485,2.3007017543841783
2024-06-01 11:00:00,67.9300000000191,72.07929824561485,-4.149298245595745
2024-06-01 12:00:00,69.0899999999918,60.339511535421316,8.750488464570488
2024-06-01 13:00:00,68.21000000000068,67.42064327485359,0.789356725147087
2024-06-01 14:00:00,69.06999999999817,64.10844551282017,4.961554487178006
2024-06-01 15:00:00,61.229999999997574,68.31000000000006,-7.080000000002485
2024-06-01 16:00:00,65.37000000000563,68.31000000000006,-2.939999999994427
2024-06-01 17:00:00,67.98999999999495,60.584916967508896,7.405083032486054
2024-06-01 18:00:00,68.43999999999716,127.66308823529425,-59.2230882352971
2024-06-01 19:00:00,79.14000000000394,94.39002638470537,-15.250026384701428
2024-06-01 20:00:00,84.99999999999486,94.39002638470537,-9.39002638471051
2024-06-01 21:00:00,86.14000000000803,112.77018518518503,-26.630185185176998
2024-06-01 22:00:00,95.9800000000051,94.39002638470537,1.5899736152997406
2024-06-01 23:00:00,85.67999999999637,96.10444444444491,-10.42444444444854
2024-06-02 00:00:00,75.05000000000047,75.24729885057499,-0.19729885057452634
2024-06-02 01:00:00,60.330000000009875,65.96999999999956,-5.6399999999896835
2024-06-02 02:00:00,50.98999999998358,48.56794454451889,2.422055455464694
2024-06-02 03:00:00,45.63000000000312,53.888062015503714,-8.258062015500592
2024-06-02 04:00:00,43.3299999999943,43.52916282038405,-0.19916282038975197
2024-06-02 05:00:00,42.05000000000979,53.888062015503714,-11.838062015493925
2024-06-02 06:00:00,40.88000000000369,47.06774725274714,-6.187747252743449
2024-06-02 07:00:00,50.20999999999168,43.52916282038405,6.680837179607629
2024-06-02 08:00:00,57.54999999999899,64.10844551282017,-6.55844551282118
2024-06-02 09:00:00,65.8500000000061,60.339511535421316,5.510488464584789
2024-06-02 10:00:00,70.32,66.23910256410272,4.0808974358972705
2024-06-02 11:00:00,77.87000000000145,60.584916967508896,17.285083032492558
2024-06-02 12:00:00,74.17999999998625,64.06169230769231,10.11830769229394
2024-06-02 13:00:00,79.82999999999942,99.71449999999908,-19.88449999999966
2024-06-02 14:00:00,79.5099999999978,64.10844551282017,15.401554487177634
2024-06-02 15:00:00,70.48499999999916,75.60625000000218,-5.121250000003016
2024-06-02 16:00:00,73.14999999999607,73.96166666666643,-0.8116666666703622
2024-06-02 17:00:00,74.0100000000029,71.35411602209948,2.6558839779034287
2024-06-02 18:00:00,81.91999999999946,104.13437500000063,-22.21437500000117
2024-06-02 19:00:00,94.57999999998694,104.13437500000063,-9.554375000013692
2024-06-02 20:00:00,98.90000000000836,94.39002638470537,4.509973615302997
2024-06-02 21:00:00,99.30000000000516,94.39002638470537,4.909973615299791
2024-06-02 22:00:00,101.64999999999881,127.66308823529425,-26.01308823529544
2024-06-02 23:00:00,95.670000000008,88.880000000001,6.790000000006998
2024-06-03 00:00:00,69.60999999999632,65.96999999999956,3.6399999999967605
2024-06-03 01:00:00,55.0000000000021,65.96999999999956,-10.969999999997455
2024-06-03 02:00:00,45.76499999999958,48.56794454451889,-2.802944544519306
2024-06-03 03:00:00,41.770000000000266,47.63720306513405,-5.867203065133786
2024-06-03 04:00:00,45.63000000000733,43.52916282038405,2.1008371796232765
2024-06-03 05:00:00,40.96999999999963,43.52916282038405,-2.5591628203844223
2024-06-03 06:00:00,46.330000000006464,47.06774725274714,-0.7377472527406752
2024-06-03 07:00:00,54.1599999999915,64.06169230769231,-9.901692307700813
2024-06-03 08:00:00,66.58000000000216,69.57125925925938,-2.9912592592572196
2024-06-03 09:00:00,62.53000000000753,69.57125925925938,-7.041259259251845
2024-06-03 10:00:00,58.60000000000099,55.39161495080987,3.208385049191122
2024-06-03 11:00:00,52.27999999999582,55.39161495080987,-3.111614950814044
2024-06-03 12:00:00,49.42999999999671,55.39161495080987,-5.961614950813157
2024-06-03 13:00:00,48.799999999991485,55.39161495080987,-6.591614950818382
2024-06-03 14:00:00,53.19000000001216,55.39161495080987,-2.2016149507977048
2024-06-03 15:00:00,53.5699999999926,55.39161495080987,-1.8216149508172634
2024-06-03 16:00:00,49.11000000000655,64.31904255319142,-15.209042553184872
2024-06-03 17:00:00,51.92999999999296,55.39161495080987,-3.4616149508169087
2024-06-03 18:00:00,61.08000000001135,67.66864679267474,-6.588646792663383
2024-06-03 19:00:00,79.39999999999074,99.71449999999908,-20.314500000008337
2024-06-03 20:00:00,89.42000000000095,0.0,89.42000000000095
2024-06-03 21:00:00,90.02999999999209,94.39002638470537,-4.360026384713279
2024-06-03 22:00:00,87.89000000000621,94.39002638470537,-6.500026384699154
2024-06-03 23:00:00,80.21000000000694,94.39002638470537,-14.180026384698422
2024-06-04 00:00:00,75.6799999999914,65.96999999999956,9.709999999991837
2024-06-04 01:00:00,53.33000000000579,65.96999999999956,-12.639999999993769
2024-06-04 02:00:00,44.69999999999703,52.557873563218756,-7.857873563221723
2024-06-04 03:00:00,43.97000000000281,43.52916282038405,0.4408371796187609
2024-06-04 04:00:00,40.00999999999743,47.06774725274714,-7.0577472527497065
2024-06-04 05:00:00,37.80000000000456,43.52916282038405,-5.729162820379493
2024-06-04 06:00:00,44.83000000000965,47.06774725274714,-2.237747252737492
2024-06-04 07:00:00,61.92999999999194,67.11016164233827,-5.180161642346327
2024-06-04 08:00:00,68.10999999999802,69.57125925925938,-1.4612592592613538
2024-06-04 09:00:00,62.12000000001029,67.66864679267474,-5.548646792664442
2024-06-04 10:00:00,55.00999999999891,55.39161495080987,-0.3816149508109561
2024-06-04 11:00:00,50.69999999999999,55.39161495080987,-4.691614950809878
2024-06-04 12:00:00,48.739999999999384,60.584916967508896,-11.844916967509512
2024-06-04 13:00:00,54.63000000000119,55.39161495080987,-0.7616149508086778
2024-06-04 14:00:00,49.719999999997356,55.39161495080987,-5.671614950812511
2024-06-04 15:00:00,47.13000000000642,55.39161495080987,-8.261614950803448
2024-06-04 16:00:00,48.03000000000708,77.72993055555564,-29.699930555548562
2024-06-04 17:00:00,59.30999999999602,60.584916967508896,-1.2749169675128726
2024-06-04 18:00:00,71.02000000000007,79.6701923076925,-8.650192307692436
2024-06-04 19:00:00,74.97999999999772,94.39002638470537,-19.41002638470765
2024-06-04 20:00:00,87.15000000000757,104.6489855072468,-17.49898550723924
2024-06-04 21:00:00,98.60999999999248,94.39002638470537,4.219973615287117
2024-06-04 22:00:00,99.57000000000582,94.39002638470537,5.1799736153004545
2024-06-04 23:00:00,82.77999999998673,94.39002638470537,-11.610026384718637
2024-06-05 00:00:00,74.55999999999602,71.35411602209948,3.2058839778965478
2024-06-05 01:00:00,67.11000000000655,71.35411602209948,-4.244116022092925
2024-06-05 02:00:00,47.119999999993695,52.557873563218756,-5.437873563225061
2024-06-05 03:00:00,44.27000000000697,60.339511535421316,-16.069511535414343
2024-06-05 04:00:00,41.85999999999211,43.52916282038405,-1.6691628203919393
2024-06-05 05:00:00,39.100000000001444,43.52916282038405,-4.429162820382608
2024-06-05 06:00:00,45.46999999999758,47.63720306513405,-2.1672030651364693
2024-06-05 07:00:00,62.02999999999901,60.584916967508896,1.4450830324901176
2024-06-05 08:00:00,69.84999999999928,73.96166666666643,-4.111666666667148
2024-06-05 09:00:00,65.94000000000432,70.78777104503305,-4.847771045028736
2024-06-05 10:00:00,56.48999999999984,61.018463021778345,-4.5284630217785065
2024-06-05 11:00:00,52.580000000003736,61.018463021778345,-8.43846302177461
2024-06-05 12:00:00,61.829999999993845,60.584916967508896,1.2450830324849491
2024-06-05 13:00:00,57.7600000000063,61.018463021778345,-3.2584630217720445
2024-06-05 14:00:00,54.98999999999597,55.39161495080987,-0.40161495081389376
2024-06-05 15:00:00,50.690000000002044,55.39161495080987,-4.701614950807823
