METER_DATE,actual,prediction,residual
2023-11-12 22:00:00,180.78739274924197,177.1518240435681,3.635568705673876
2023-11-12 23:00:00,168.29597885196569,172.46460805801223,-4.168629206046546
2023-11-13 00:00:00,137.68456495467666,152.1561805555557,-14.471615600879034
2023-11-13 01:00:00,124.74315105739478,120.40178490028484,4.341366157109945
2023-11-13 02:00:00,105.80673716012035,96.15257293007274,9.654164230047613
2023-11-13 03:00:00,87.61032326283842,91.36549118511769,-3.75516792227927
2023-11-13 04:00:00,81.39890936557049,82.336780442283,-0.9378710767125114
2023-11-13 05:00:00,80.67749546827244,82.336780442283,-1.6592849740105606
2023-11-13 06:00:00,85.14608157099298,85.17059168174407,-0.02451011075109477
2023-11-13 07:00:00,111.74466767371797,139.93581592883675,-28.191148255118776
2023-11-13 08:00:00,129.1632537764434,130.93865605795287,-1.7754022815094572
2023-11-13 09:00:00,122.25183987914544,126.06179840065603,-3.8099585215105947
2023-11-13 10:00:00,112.2504259818741,105.55287591572196,6.6975500661521465
2023-11-13 11:00:00,106.77901208459701,106.98220924077397,-0.20319715617695522
2023-11-13 12:00:00,109.23759818730657,121.16934803469817,-11.9317498473916
2023-11-13 13:00:00,112.5961842900187,105.55287591572196,7.043308374296743
2023-11-13 14:00:00,97.56477039275694,105.55287591572196,-7.988105522965014
2023-11-13 15:00:00,92.61335649546821,106.26871918569447,-13.655362690226255
2023-11-13 16:00:00,110.40194259818345,101.32082260108302,9.08111999710043
2023-11-13 17:00:00,115.31052870090949,122.41747209366683,-7.106943392757344
2023-11-13 18:00:00,163.28911480361268,162.79670054699082,0.49241425662185634
2023-11-13 19:00:00,188.24770090635417,176.89284425412094,11.354856652233224
2023-11-13 20:00:00,188.05628700905734,182.34449089567363,5.711796113383713
2023-11-13 21:00:00,191.83487311178425,182.34449089567363,9.490382216110618
2023-11-13 22:00:00,200.64345921450519,177.1518240435681,23.491635170937087
2023-11-13 23:00:00,170.6520453172262,166.94624210330807,3.7058032139181307
2023-11-14 00:00:00,135.55063141993153,142.68944638092316,-7.138814960991624
2023-11-14 01:00:00,118.24921752265277,120.79340038116561,-2.5441828585128405
2023-11-14 02:00:00,104.22780362538552,89.81319733204472,14.414606293340796
2023-11-14 03:00:00,84.96638972808393,82.336780442283,2.6296092858009246
2023-11-14 04:00:00,90.87497583081975,85.17059168174407,5.704384149075679
2023-11-14 05:00:00,79.53356193352283,82.336780442283,-2.8032185087601675
2023-11-14 06:00:00,81.88214803625263,82.336780442283,-0.45463240603037036
2023-11-14 07:00:00,102.35073413897346,120.51608630952302,-18.165352170549554
2023-11-14 08:00:00,129.62932024168916,129.7221442721792,-0.09282403049004984
2023-11-14 09:00:00,120.92790634441175,126.41164710353931,-5.483740759127556
2023-11-14 10:00:00,101.69649244712103,111.01549100931612,-9.318998562195091
2023-11-14 11:00:00,107.07507854986325,105.66407309388435,1.411005455978895
2023-11-14 12:00:00,99.84866465258834,105.6133731925676,-5.764708539979253
2023-11-14 13:00:00,94.0722507552796,105.55287591572196,-11.480625160442358
2023-11-14 14:00:00,90.9608368580031,116.29249037740132,-25.331653519398216
2023-11-14 15:00:00,97.70942296072333,105.55287591572196,-7.843452954998625
2023-11-14 16:00:00,96.49800906344073,109.51135534191383,-13.013346278473094
2023-11-14 17:00:00,127.41659516616895,109.51135534191383,17.90523982425512
2023-11-14 18:00:00,145.93518126886846,142.8762279997352,3.0589532691332693
2023-11-14 19:00:00,172.25376737159831,176.89284425412094,-4.63907688252263
2023-11-14 20:00:00,178.60235347432362,182.34449089567363,-3.7421374213500087
2023-11-14 21:00:00,186.08093957703528,176.89284425412094,9.188095322914336
2023-11-14 22:00:00,184.07952567976102,172.46460805801223,11.614917621748788
2023-11-14 23:00:00,172.88811178247738,172.46460805801223,0.4235037244651494
2023-11-15 00:00:00,144.07669788520224,135.27504504504444,8.8016528401578
2023-11-15 01:00:00,120.69528398791208,127.28337837837756,-6.588094390465486
2023-11-15 02:00:00,98.13887009063001,86.444820687033,11.694049403597006
2023-11-15 03:00:00,94.61245619334997,82.336780442283,12.27567575106697
2023-11-15 04:00:00,88.88104229607853,82.336780442283,6.544261853795533
2023-11-15 05:00:00,80.18962839878671,82.336780442283,-2.147152043496291
2023-11-15 06:00:00,86.21821450151447,82.336780442283,3.8814340592314664
2023-11-15 07:00:00,103.79680060422058,120.869645684877,-17.07284508065642
2023-11-15 08:00:00,139.36538670695515,137.81362818789,1.551758519065146
2023-11-15 09:00:00,126.62397280967882,126.41164710353931,0.2123257061395094
2023-11-15 10:00:00,112.35255891237576,116.64233908028461,-4.289780167908859
2023-11-15 11:00:00,102.37114501510915,119.5144274508101,-17.143282435700954
2023-11-15 12:00:00,99.97973111782797,105.6133731925676,-5.633642074739626
2023-11-15 13:00:00,101.58831722053831,105.6133731925676,-4.0250559720292785
2023-11-15 14:00:00,102.91690332326489,105.6133731925676,-2.696469869302703
2023-11-15 15:00:00,110.81548942597419,108.08202201686181,2.7334674091123787
2023-11-15 16:00:00,116.38407552870868,120.35905385872668,-3.974978330018004
2023-11-15 17:00:00,121.84266163141433,130.15493638930377,-8.31227475788944
2023-11-15 18:00:00,159.96124773414624,146.01383299457996,13.947414739566284
2023-11-15 19:00:00,178.54983383685843,177.1518240435681,1.3980097932903277
2023-11-15 20:00:00,187.58841993957128,182.34449089567363,5.243929043897651
2023-11-15 21:00:00,183.7670060422781,182.34449089567363,1.4225151466044679
2023-11-15 22:00:00,182.5655921450164,182.34449089567363,0.2211012493427802
2023-11-15 23:00:00,168.46417824773212,156.72346432552916,11.740713922202957
2023-11-16 00:00:00,140.06276435046277,133.3800547798872,6.682709570575582
2023-11-16 01:00:00,120.97135045316891,128.45500334086972,-7.4836528877008135
2023-11-16 02:00:00,95.01993655587823,87.69991758241778,7.320018973460449
2023-11-16 03:00:00,90.46852265861526,106.02317797189906,-15.554655313283803
2023-11-16 04:00:00,87.4571087613418,82.336780442283,5.1203283190588
2023-11-16 05:00:00,83.17569486403804,88.50690953091049,-5.331214666872455
2023-11-16 06:00:00,89.36428096676723,99.96174764475096,-10.597466677983732
2023-11-16 07:00:00,113.23286706949003,120.7089352272441,-7.476068157754071
2023-11-16 08:00:00,130.44645317220886,131.98065243988393,-1.5341992676750635
2023-11-16 09:00:00,126.64003927491986,131.37144817507743,-4.731408900157575
2023-11-16 10:00:00,120.68862537763005,119.38247286844314,1.3061525091869015
2023-11-16 11:00:00,121.78721148037133,117.89040503443246,3.8968064459388643
2023-11-16 12:00:00,113.63579758308754,131.92436426624937,-18.288566683161832
2023-11-16 13:00:00,122.6143836857976,115.02450703402837,7.589876651769231
2023-11-16 14:00:00,118.77296978851952,119.80056870839022,-1.027598919870698
2023-11-16 15:00:00,116.52155589124217,129.3407439766783,-12.819188085436139
2023-11-16 16:00:00,127.4301419939585,113.02991860147326,14.400223392485245
2023-11-16 17:00:00,130.03872809666726,123.62499055363169,6.413737543035566
2023-11-16 18:00:00,156.91731419939825,125.24339108910792,31.673923110290332
2023-11-16 19:00:00,171.92590030213006,176.89284425412094,-4.966943951990885
2023-11-16 20:00:00,187.68448640483066,177.1518240435681,10.532662361262567
2023-11-16 21:00:00,193.38307250754394,182.34449089567363,11.038581611870313
2023-11-16 22:00:00,190.3816586102893,177.1518240435681,13.229834566721195
2023-11-16 23:00:00,170.84024471299273,166.95458167330787,3.8856630396848573
2023-11-17 00:00:00,147.70883081570878,137.2471456848768,10.461685130831967
2023-11-17 01:00:00,123.50741691842948,137.89194980694924,-14.384532888519757
2023-11-17 02:00:00,99.92600302114838,94.8938181390977,5.032184882050672
2023-11-17 03:00:00,90.48458912387201,106.81464183859444,-16.330052714722427
2023-11-17 04:00:00,91.26317522657747,88.50690953091049,2.7562656956669827
2023-11-17 05:00:00,83.30176132930761,85.17059168174407,-1.8688303524364613
2023-11-17 06:00:00,90.14034743203105,85.17059168174407,4.9697557502869785
2023-11-17 07:00:00,105.92893353474182,120.07818181818163,-14.149248283439817
2023-11-17 08:00:00,133.4275196374644,139.2650505050516,-5.837530867587191
2023-11-17 09:00:00,126.67610574017243,136.36430165727805,-9.688195917105617
2023-11-17 10:00:00,119.64469184289769,115.5424999637297,4.102191879167989
2023-11-17 11:00:00,108.23327794561857,111.24022126353609,-3.006943317917518
2023-11-17 12:00:00,98.02686404834483,106.1930350691533,-8.166171020808463
2023-11-17 13:00:00,106.7504501510578,118.67709396902025,-11.926643817962443
2023-11-17 14:00:00,106.0990362537751,105.55287591572196,0.5461603380531415
2023-11-17 15:00:00,104.5376223564993,128.02764172335597,-23.49001936685667
2023-11-17 16:00:00,118.02620845920504,128.02764172335597,-10.001433264150933
2023-11-17 17:00:00,120.23479456194144,129.86116589099862,-9.626371329057179
2023-11-17 18:00:00,162.493380664651,148.79956710156975,13.69381356308125
2023-11-17 19:00:00,174.42196676737456,177.34096432552985,-2.918997558155297
2023-11-17 20:00:00,184.10055287009877,202.40179765886327,-18.301244788764507
2023-11-17 21:00:00,178.72913897281006,178.86624210330766,-0.13710313049759293
2023-11-17 22:00:00,170.5627250755182,178.79346432552907,-8.230739250010885
2023-11-17 23:00:00,180.4963111782516,178.79346432552907,1.70284685272253
2023-11-18 00:00:00,141.254897280958,130.39564066054865,10.859256620409354
2023-11-18 01:00:00,142.11348338368543,129.25547901820994,12.858004365475495
2023-11-18 02:00:00,100.28206948640457,113.20155044678165,-12.919480960377086
2023-11-18 03:00:00,90.45065558912331,109.64845307805551,-19.197797488932196
2023-11-18 04:00:00,84.21924169183495,85.17059168174407,-0.9513499899091187
2023-11-18 05:00:00,82.93782779457095,82.336780442283,0.6010473522879494
2023-11-18 06:00:00,82.53141389728069,82.336780442283,0.19463345499768536
2023-11-18 07:00:00,91.24499999999748,91.34072077037156,-0.09572077037408633
2023-11-18 08:00:00,118.23358610272936,120.99357425630546,-2.759988153576103
2023-11-18 09:00:00,125.91717220542219,128.51982296337792,-2.602650757955729
2023-11-18 10:00:00,144.2407583081573,129.07020702306042,15.170551285096877
2023-11-18 11:00:00,143.97934441087702,128.97893631036584,15.00040810051118
2023-11-18 12:00:00,130.92793051359223,138.8321574642121,-7.904226950619858
2023-11-18 13:00:00,139.496516616309,138.8321574642121,0.664359152096921
2023-11-18 14:00:00,132.89510271903885,129.7221442721792,3.1729584468596386
2023-11-18 15:00:00,124.09368882175879,133.64915734399034,-9.55546852223155
2023-11-18 16:00:00,118.60227492446711,132.53913759022038,-13.936862665753267
2023-11-18 17:00:00,137.88086102718324,134.6945039355317,3.18635709165153
2023-11-18 18:00:00,162.6694471299123,135.95254923169904,26.71689789821326
2023-11-18 19:00:00,172.94803323262943,166.04205915078404,6.905974081845386
2023-11-18 20:00:00,187.34661933535972,166.04205915078404,21.304560184575678
2023-11-18 21:00:00,184.2152054380569,172.46460805801223,11.750597380044667
2023-11-18 22:00:00,170.61379154077343,172.46460805801223,-1.8508165172387976
2023-11-18 23:00:00,168.90237764350576,156.72346432552916,12.178913317976594
2023-11-19 00:00:00,151.1809637462353,137.2471456848768,13.933818061358494
2023-11-19 01:00:00,128.7895498489383,140.13312987012978,-11.343580021191485
2023-11-19 02:00:00,111.45813595166774,110.92268208334443,0.5354538683233159
2023-11-19 03:00:00,96.44672205437303,109.64845307805551,-13.201731023682484
2023-11-19 04:00:00,85.5353081570872,82.336780442283,3.1985277148042
2023-11-19 05:00:00,85.40389425982238,85.8753648746461,-0.47147061482371555
2023-11-19 06:00:00,87.69248036253421,85.8753648746461,1.8171154878881168
2023-11-19 07:00:00,90.23106646525787,90.06153846153842,0.16952800371944932
2023-11-19 08:00:00,107.64965256797367,107.3128337619827,0.3368188059909727
2023-11-19 09:00:00,125.27823867069193,136.22460681964515,-10.946368148953212
2023-11-19 10:00:00,138.02682477342722,128.42733794134136,9.599486832085859
2023-11-19 11:00:00,150.10541087613012,131.5185002927078,18.58691058342231
2023-11-19 12:00:00,146.0339969788597,139.1443520621414,6.889644916718311
2023-11-19 13:00:00,151.80258308156493,152.11549079754533,-0.31290771598040124
2023-11-19 14:00:00,146.85116918429316,138.69839415756428,8.152775026728875
2023-11-19 15:00:00,145.089755286995,129.1369826981528,15.952772588842208
2023-11-19 16:00:00,151.91834138973326,133.53856435643502,18.37977703329824
2023-11-19 17:00:00,147.95692749244617,141.01540957376602,6.941517918680148
2023-11-19 18:00:00,179.17551359516904,148.28189743589724,30.8936161592718
2023-11-19 19:00:00,196.47409969788754,189.41774412315976,7.056355574727775
2023-11-19 20:00:00,201.96268580060453,182.34449089567363,19.618194904930903
2023-11-19 21:00:00,196.89127190331803,184.2036538356856,12.687618067632428
2023-11-19 22:00:00,185.85985800603245,182.34449089567363,3.5153671103588238
2023-11-19 23:00:00,178.2384441087708,172.52325855787632,5.715185550894489
2023-11-20 00:00:00,139.81703021148374,129.25547901820994,10.5615511932738
2023-11-20 01:00:00,122.16561631419572,129.36690476190722,-7.201288447711505
2023-11-20 02:00:00,99.7742024169059,89.81319733204472,9.96100508486117
2023-11-20 03:00:00,93.95278851963045,82.336780442283,11.616008077347445
2023-11-20 04:00:00,82.12137462234955,85.17059168174407,-3.049217059394522
2023-11-20 05:00:00,84.4199607250741,85.17059168174407,-0.7506309566699656
2023-11-20 06:00:00,91.07854682779924,99.14712915732025,-8.068582329521007
2023-11-20 07:00:00,109.287132930509,110.56126977717904,-1.2741368466700322
2023-11-20 08:00:00,131.73571903323037,129.7221442721792,2.01357476105116
2023-11-20 09:00:00,127.66430513595826,130.93865605795287,-3.2743509219946105
2023-11-20 10:00:00,113.88289123867555,115.5424999637297,-1.6596087250541416
2023-11-20 11:00:00,110.80147734138431,106.1930350691533,4.6084422722310165
2023-11-20 12:00:00,116.95006344409803,124.98982532134761,-8.039761877249575
2023-11-20 13:00:00,119.40864954683484,105.55287591572196,13.855773631112882
2023-11-20 14:00:00,109.46723564955053,105.55287591572196,3.914359733828576
2023-11-20 15:00:00,100.23582175227136,105.55287591572196,-5.317054163450592
2023-11-20 16:00:00,108.97440785497726,108.08202201686181,0.8923858381154446
2023-11-20 17:00:00,110.25299395770588,118.67709396902025,-8.424100011314366
2023-11-20 18:00:00,157.93158006041853,151.76009661835633,6.171483442062197
2023-11-20 19:00:00,182.09016616313852,177.1518240435681,4.938342119570422
2023-11-20 20:00:00,183.65875226587144,176.89284425412094,6.765908011750497
2023-11-20 21:00:00,183.65733836857626,176.89284425412094,6.764494114455317
2023-11-20 22:00:00,176.68592447128867,177.1518240435681,-0.4658995722794259
2023-11-20 23:00:00,156.74451057402322,177.1518240435681,-20.407313469544874
2023-11-21 00:00:00,144.60309667673633,136.39275174548322,8.210344931253104
2023-11-21 01:00:00,115.86168277945762,121.50961691525188,-5.647934135794259
2023-11-21 02:00:00,96.58026888217066,99.88530226608216,-3.305033383911507
2023-11-21 03:00:00,97.76885498489963,85.17059168174407,12.598263303155562
2023-11-21 04:00:00,85.69744108761384,85.17059168174407,0.5268494058697684
2023-11-21 05:00:00,89.08602719032628,85.17059168174407,3.915435508582206
2023-11-21 06:00:00,90.03461329305898,93.87370456663552,-3.8390912735765426
2023-11-21 07:00:00,111.71319939577077,107.80592490842434,3.9072744873464273
2023-11-21 08:00:00,140.89178549849152,137.81362818789,3.0781573106015117
2023-11-21 09:00:00,129.72037160121857,125.02226962830488,4.69810197291369
2023-11-21 10:00:00,105.09895770392272,105.55287591572196,-0.453918211799234
2023-11-21 11:00:00,99.69754380665248,106.1930350691533,-6.4954912625008205
2023-11-21 12:00:00,112.36612990935942,106.1930350691533,6.173094840206119
2023-11-21 13:00:00,103.88471601209173,114.61723660668417,-10.732520594592444
2023-11-21 14:00:00,100.81330211479762,106.1930350691533,-5.379732954355674
2023-11-21 15:00:00,99.8818882175361,105.6133731925676,-5.731484975031492
2023-11-21 16:00:00,95.28047432023425,111.01549100931612,-15.735016689081874
2023-11-21 17:00:00,103.67906042295007,132.64720706605115,-28.96814664310108
2023-11-21 18:00:00,149.36764652568695,133.89453788178355,15.473108643903402
2023-11-21 19:00:00,177.5362326283984,177.1518240435681,0.38440858483031093
2023-11-21 20:00:00,183.104818731113,177.1518240435681,5.952994687544901
2023-11-21 21:00:00,184.54340483384425,177.1518240435681,7.3915807902761514
2023-11-21 22:00:00,181.77199093654693,177.1518240435681,4.62016689297883
2023-11-21 23:00:00,171.6005770392735,177.1518240435681,-5.551247004294595
2023-11-22 00:00:00,147.76916314199298,142.27315599343194,5.496007148561034
2023-11-22 01:00:00,132.34774924471043,121.89829534588691,10.44945389882352
2023-11-22 02:00:00,97.48633534743149,93.71517317745469,3.7711621699768045
2023-11-22 03:00:00,94.40492145014171,82.336780442283,12.068141007858713
2023-11-22 04:00:00,82.74350755285737,82.336780442283,0.4067271105743657
2023-11-22 05:00:00,81.64209365558615,82.336780442283,-0.6946867866968489
2023-11-22 06:00:00,85.1356797583152,92.5994755613466,-7.463795803031388
2023-11-22 07:00:00,109.31926586102922,107.80592490842434,1.513340952604878
2023-11-22 08:00:00,132.79785196374038,137.88081556847547,-5.082963604735085
2023-11-22 09:00:00,138.6964380664735,130.93865605795287,7.757782008520621
2023-11-22 10:00:00,111.20502416917358,105.66407309388435,5.540951075289229
2023-11-22 11:00:00,106.33361027191643,111.01549100931612,-4.681880737399695
2023-11-22 12:00:00,117.11219637461082,106.1930350691533,10.919161305457521
2023-11-22 13:00:00,101.58078247734852,106.1930350691533,-4.612252591804776
2023-11-22 14:00:00,98.69936858005607,108.08202201686181,-9.38265343680574
2023-11-22 15:00:00,108.63795468278704,105.66407309388435,2.9738815889026853
2023-11-22 16:00:00,111.11654078550201,108.08202201686181,3.034518768640197
2023-11-22 17:00:00,119.48512688822763,172.21643589743647,-52.73130900920884
2023-11-22 18:00:00,160.66371299093956,153.9329665608069,6.730746430132655
2023-11-22 19:00:00,180.12229909365269,176.89284425412094,3.2294548395317406
2023-11-22 20:00:00,180.2508851963766,177.1518240435681,3.0990611528085026
2023-11-22 21:00:00,186.1144712990972,182.34449089567363,3.769980403423574
2023-11-22 22:00:00,176.06805740181602,177.1518240435681,-1.083766641752078
2023-11-22 23:00:00,162.71664350453727,178.72179765886213,-16.005154154324856
2023-11-23 00:00:00,144.50522960725175,128.2523239227191,16.252905684532635
2023-11-23 01:00:00,116.21381570996276,120.35905385872668,-4.145238148763923
2023-11-23 02:00:00,106.87240181268697,101.23597665003987,5.6364251626471
2023-11-23 03:00:00,99.56098791541355,88.50690953091049,11.054078384503057
2023-11-23 04:00:00,83.89957401813149,82.336780442283,1.562793575848488
2023-11-23 05:00:00,80.90816012083653,89.76566432188551,-8.857504201048982
2023-11-23 06:00:00,88.7267462235655,85.17059168174407,3.556154541821428
2023-11-23 07:00:00,107.78533232628487,106.7407291666666,1.0446031596182763
2023-11-23 08:00:00,139.5039184290099,130.15493638930377,9.34898203970613
2023-11-23 09:00:00,130.41250453172233,122.94267414829771,7.469830383424622
2023-11-23 10:00:00,113.24109063444189,110.66564230643284,2.5754483280090454
2023-11-23 11:00:00,101.36967673716376,114.61723660668417,-13.247559869520416
2023-11-23 12:00:00,99.48826283987,108.9903885357157,-9.502125695845692
2023-11-23 13:00:00,107.93684894259192,108.9903885357157,-1.053539593123773
2023-11-23 14:00:00,108.71543504532413,105.6133731925676,3.1020618527565347
2023-11-23 15:00:00,99.86402114803124,105.55287591572196,-5.688854767690714
2023-11-23 16:00:00,106.37260725075942,113.02991860147326,-6.65731135071384
2023-11-23 17:00:00,127.08119335347713,122.26166632531132,4.819527028165808
2023-11-23 18:00:00,155.98977945617094,126.56540262453012,29.424376831640814
2023-11-23 19:00:00,184.28836555892366,176.89284425412094,7.395521304802713
2023-11-23 20:00:00,187.58695166163142,182.34449089567363,5.242460765957787
2023-11-23 21:00:00,187.33553776433348,177.1518240435681,10.183713720765383
2023-11-23 22:00:00,192.7041238670896,177.1518240435681,15.552299823521508
2023-11-23 23:00:00,174.86270996978394,172.46460805801223,2.398101911771704
2023-11-24 00:00:00,161.241296072505,128.00432040489795,33.236975667607055
2023-11-24 01:00:00,123.85988217522585,128.45500334086972,-4.595121165643874
2023-11-24 02:00:00,101.45846827795808,94.8938181390977,6.564650138860372
2023-11-24 03:00:00,93.96705438066675,85.17059168174407,8.796462698922682
2023-11-24 04:00:00,85.26564048337869,85.17059168174407,0.09504880163461848
2023-11-24 05:00:00,89.92422658610907,82.336780442283,7.587446143826071
2023-11-24 06:00:00,96.46281268882043,85.17059168174407,11.292221007076364
2023-11-24 07:00:00,109.56139879153177,120.869645684877,-11.308246893345228
2023-11-24 08:00:00,134.87998489425564,134.6945039355317,0.18548095872392878
2023-11-24 09:00:00,131.38857099698498,132.53913759022038,-1.1505665932353963
2023-11-24 10:00:00,113.86715709969909,117.82990775758682,-3.9627506578877387
2023-11-24 11:00:00,108.15574320240826,111.17972398669042,-3.023980784282159
2023-11-24 12:00:00,104.03932930513858,105.55287591572196,-1.5135466105833757
2023-11-24 13:00:00,106.12291540785709,105.55287591572196,0.5700394921351375
2023-11-24 14:00:00,108.92150151056153,105.55287591572196,3.368625594839571
2023-11-24 15:00:00,111.09008761330223,105.55287591572196,5.537211697580275
2023-11-24 16:00:00,104.02867371601091,111.01549100931612,-6.986817293305208
2023-11-24 17:00:00,121.80725981873185,118.67709396902025,3.1301658497116023
2023-11-24 18:00:00,149.5058459214526,155.99097791072242,-6.485131989269831
2023-11-24 19:00:00,171.53443202417026,176.89284425412094,-5.358412229950687
2023-11-24 20:00:00,181.73301812689974,177.1518240435681,4.5811940833316385
2023-11-24 21:00:00,182.56160422960744,177.1518240435681,5.409780186039342
2023-11-24 22:00:00,185.1901903323207,177.1518240435681,8.038366288752599
2023-11-24 23:00:00,174.68877643505095,156.72346432552916,17.96531210952179
2023-11-25 00:00:00,156.20736253776508,140.39839478688856,15.80896775087652
2023-11-25 01:00:00,126.49594864048201,128.9997624178981,-2.5038137774160845
2023-11-25 02:00:00,112.51453474320317,95.9833264206722,16.531208322530972
2023-11-25 03:00:00,97.77812084592253,82.336780442283,15.44134040363953
2023-11-25 04:00:00,83.83170694864492,85.17059168174407,-1.3388847330991496
2023-11-25 05:00:00,83.40029305135775,82.336780442283,1.063512609074749
2023-11-25 06:00:00,82.86887915409181,82.336780442283,0.5320987118088141
2023-11-25 07:00:00,88.71746525679563,100.5779578754579,-11.860492618662263
2023-11-25 08:00:00,110.61605135950987,137.88081556847547,-27.2647642089656
2023-11-25 09:00:00,127.55463746224447,137.90109079754632,-10.346453335301845
2023-11-25 10:00:00,144.05322356495498,149.70682830900367,-5.6536047440486925
2023-11-25 11:00:00,145.17180966767842,159.24700357729176,-14.075193909613347
2023-11-25 12:00:00,145.27039577039542,127.74956631530894,17.520829455086485
2023-11-25 13:00:00,158.41898187310045,134.63959504030987,23.77938683279058
2023-11-25 14:00:00,132.23756797582587,127.39392453103055,4.843643444795319
2023-11-25 15:00:00,127.71615407854999,136.05054230699102,-8.334388228441028
2023-11-25 16:00:00,128.14474018126143,149.7205244833777,-21.57578430211626
2023-11-25 17:00:00,132.90332628399904,121.16859409755327,11.734732186445768
2023-11-25 18:00:00,157.57191238671533,159.86014460293484,-2.2882322162195123
2023-11-25 19:00:00,178.50049848943465,184.2036538356856,-5.703155346250952
2023-11-25 20:00:00,197.09908459214637,177.1518240435681,19.94726054857827
2023-11-25 21:00:00,179.6076706948589,177.1518240435681,2.4558466512908126
2023-11-25 22:00:00,171.39625679756847,176.89284425412094,-5.496587456552476
2023-11-25 23:00:00,161.56484290030133,176.89284425412094,-15.328001353819616
2023-11-26 00:00:00,147.05342900302765,144.060391690514,2.99303731251365
2023-11-26 01:00:00,138.0120151057386,127.89193040293105,10.12008470280756
2023-11-26 02:00:00,101.38060120846993,118.19303457376611,-16.812433365296187
2023-11-26 03:00:00,98.90918731117554,100.66652083765297,-1.7573335264774244
2023-11-26 04:00:00,86.09777341388664,85.8753648746461,0.22240853924054704
2023-11-26 05:00:00,82.44635951663116,82.336780442283,0.1095790743481615
2023-11-26 06:00:00,80.10494561934107,82.336780442283,-2.2318348229419342
2023-11-26 07:00:00,88.75353172205179,86.52295402917534,2.2305776928764516
2023-11-26 08:00:00,108.10211782475925,100.70188644688636,7.400231377872885
2023-11-26 09:00:00,124.12070392749065,142.23861913632317,-18.117915208832514
2023-11-26 10:00:00,144.64929003021672,155.3775322573648,-10.728242227148087
2023-11-26 11:00:00,146.5478761329271,135.72005477988768,10.827821353039411
2023-11-26 12:00:00,139.87646223565503,133.1804907975457,6.695971438109325
2023-11-26 13:00:00,147.5850483383684,136.80122192354622,10.783826414822187
2023-11-26 14:00:00,144.90363444108044,142.22686752287137,2.6767669182090685
2023-11-26 15:00:00,150.21222054380542,134.57331339712985,15.638907146675564
2023-11-26 16:00:00,144.55080664652814,136.1903551712088,8.360451475319337
2023-11-26 17:00:00,165.19939274925855,149.4020039401115,15.797388809147037
2023-11-26 18:00:00,188.49797885195966,152.05016132478647,36.447817527173186
2023-11-26 19:00:00,218.22656495468493,176.89284425412094,41.33372070056399
2023-11-26 20:00:00,223.82515105740077,190.93540537118332,32.88974568621745
2023-11-26 21:00:00,194.25373716011438,182.34449089567363,11.909246264440753
2023-11-26 22:00:00,189.0623232628313,185.48375872963064,3.5785645332006766
2023-11-26 23:00:00,180.30090936554944,176.89284425412094,3.408065111428499
2023-11-27 00:00:00,144.63949546829107,134.44650041771055,10.192995050580521
2023-11-27 01:00:00,129.36808157097653,130.9541258108851,-1.5860442399085741
2023-11-27 02:00:00,100.38666767372236,88.72368905047023,11.66297862325213
2023-11-27 03:00:00,101.60525377643857,85.8753648746461,15.729888901792478
2023-11-27 04:00:00,84.75383987915623,106.81464183859444,-22.06080195943821
2023-11-27 05:00:00,81.74242598186684,82.336780442283,-0.5943544604161559
2023-11-27 06:00:00,89.18101208459674,85.17059168174407,4.010420402852674
2023-11-27 07:00:00,104.7495981873199,106.7407291666666,-1.9911309793466927
2023-11-27 08:00:00,137.2581842900184,134.07325006324345,3.184934226774942
2023-11-27 09:00:00,135.3367703927737,143.2842183462522,-7.947447953478502
2023-11-27 10:00:00,120.37535649546047,111.01549100931612,9.359865486144344
2023-11-27 11:00:00,108.76394259818693,114.9098656311636,-6.145923032976668
2023-11-27 12:00:00,118.22252870091373,117.48786495080964,0.7346637501040902
2023-11-27 13:00:00,112.37111480362807,115.5424999637297,-3.1713851601016216
2023-11-27 14:00:00,110.154700906339,105.55287591572196,4.601824990617047
2023-11-27 15:00:00,116.43828700906744,121.63506709097722,-5.196780081909779
2023-11-27 16:00:00,116.2968731117887,115.97529208085425,0.32158103093445334
2023-11-27 17:00:00,117.81545921450981,137.8454649744932,-20.030005759983396
2023-11-27 18:00:00,163.03404531721128,150.9705676798572,12.063477637354083
2023-11-27 19:00:00,189.78263141994088,177.1518240435681,12.630807376372786
2023-11-27 20:00:00,215.51121752266096,182.34449089567363,33.16672662698733
2023-11-27 21:00:00,197.29980362536617,175.92194198844544,21.377861636920727
2023-11-27 22:00:00,186.5583897280967,177.71592540998185,8.84246431811485
2023-11-27 23:00:00,169.26697583081534,154.1159136809622,15.151062149853146
2023-11-28 00:00:00,142.32556193355305,142.65735363046264,-0.33179169690959043
2023-11-28 01:00:00,125.46414803624148,126.48290270103736,-1.0187546647958783
2023-11-28 02:00:00,105.24273413897923,99.88530226608216,5.357431872897067
2023-11-28 03:00:00,98.56132024170525,82.336780442283,16.224539799422246
2023-11-28 04:00:00,83.98490634440503,82.336780442283,1.6481259021220325
2023-11-28 05:00:00,84.79849244711899,82.336780442283,2.461712004835988
2023-11-28 06:00:00,88.74707854986184,106.81464183859444,-18.0675632887326
2023-11-28 07:00:00,113.16566465256253,129.60417679385327,-16.438512141290744
2023-11-28 08:00:00,135.56425075529933,130.93865605795287,4.6255946973464575
2023-11-28 09:00:00,128.0278368579961,130.93865605795287,-2.9108191999567623
2023-11-28 10:00:00,106.8914229607484,106.94767067205149,-0.05624771130308659
2023-11-28 11:00:00,97.9900090634271,105.66407309388435,-7.674064030457259
2023-11-28 12:00:00,106.68859516616743,105.6133731925676,1.075221973599838
2023-11-28 13:00:00,102.72718126888142,105.55287591572196,-2.8256946468405317
2023-11-28 14:00:00,97.86576737160402,105.55287591572196,-7.687108544117933
2023-11-28 15:00:00,94.91435347432045,111.01549100931612,-16.101137534995672
2023-11-28 16:00:00,102.00293957703748,108.08202201686181,-6.079082439824333
2023-11-28 17:00:00,121.37152567976429,147.90674873737413,-26.53522305760984
2023-11-28 18:00:00,145.2801117824764,148.79956710156975,-3.519455319093339
2023-11-28 19:00:00,182.63869788519702,177.1518240435681,5.4868738416289204
2023-11-28 20:00:00,189.3672839879091,177.1518240435681,12.215459944341006
2023-11-28 21:00:00,189.33587009064007,177.1518240435681,12.184046047071973
2023-11-28 22:00:00,186.6944561933505,177.1518240435681,9.542632149782406
2023-11-28 23:00:00,169.5930422960855,177.1518240435681,-7.558781747482584
2023-11-29 00:00:00,145.48162839879387,140.3081106639837,5.1735177348101615
2023-11-29 01:00:00,127.72021450151232,128.45500334086972,-0.7347888393574067
2023-11-29 02:00:00,103.9788006042235,118.19303457376611,-14.214233969542619
2023-11-29 03:00:00,96.7573867069484,88.50690953091049,8.250477176037904
2023-11-29 04:00:00,84.90597280967037,106.81464183859444,-21.908669028924066
2023-11-29 05:00:00,92.524558912376,82.336780442283,10.187778470092994
2023-11-29 06:00:00,89.39314501511129,99.14712915732025,-9.753984142208964
2023-11-29 07:00:00,113.94173111781345,109.49607403542129,4.4456570823921595
2023-11-29 08:00:00,132.80031722055014,130.93865605795287,1.8616611625972723
2023-11-29 09:00:00,124.04890332326175,116.71697869530621,7.331924627955544
2023-11-29 10:00:00,110.5374894259871,121.16934803469817,-10.63185860871107
2023-11-29 11:00:00,100.52607552869011,111.01549100931612,-10.489415480626008
2023-11-29 12:00:00,98.75466163142838,111.01549100931612,-12.260829377887745
2023-11-29 13:00:00,102.61324773413304,105.55287591572196,-2.9396281815889154
2023-11-29 14:00:00,102.34183383685789,105.55287591572196,-3.211042078864068
2023-11-29 15:00:00,103.38041993957246,118.67709396902025,-15.296674029447786
2023-11-29 16:00:00,111.72900604230311,113.02991860147326,-1.3009125591701434
2023-11-29 17:00:00,126.50759214501024,108.08202201686181,18.425570128148422
2023-11-29 18:00:00,160.09617824774102,153.9329665608069,6.163211686934119
2023-11-29 19:00:00,177.58476435045856,182.34449089567363,-4.759726545215074
2023-11-29 20:00:00,192.29335045316378,182.34449089567363,9.948859557490152
2023-11-29 21:00:00,186.8819365558952,182.34449089567363,4.537445660221579
2023-11-29 22:00:00,188.89052265860226,178.79346432552907,10.097058333073193
2023-11-29 23:00:00,172.64910876133575,162.2590261177522,10.390082643583554
2023-11-30 00:00:00,158.22769486404664,132.19538146551633,26.032313398530306
2023-11-30 01:00:00,125.06628096676319,185.6416666666674,-60.5753856999042
2023-11-30 02:00:00,107.99486706947955,113.20155044678165,-5.206683377302099
2023-11-30 03:00:00,95.04345317219477,82.336780442283,12.706672729911773
2023-11-30 04:00:00,85.3220392749189,82.336780442283,2.9852588326358926
2023-11-30 05:00:00,88.35062537765245,89.4583704706572,-1.1077450930047519
2023-11-30 06:00:00,91.08421148036548,88.482974059844,2.6012374205214854
2023-11-30 07:00:00,112.9077975830907,129.60417679385327,-16.696379210762572
2023-11-30 08:00:00,133.53638368580334,136.59711640211634,-3.060732716312998
2023-11-30 09:00:00,130.56496978851348,136.981314039147,-6.416344250633529
2023-11-30 10:00:00,110.3535558912514,124.30394203998873,-13.950386148737323
2023-11-30 11:00:00,106.77214199395284,118.67709396902025,-11.904951975067405
2023-11-30 12:00:00,109.36072809667657,106.1930350691533,3.1676930275232706
2023-11-30 13:00:00,103.48431419939241,111.01549100931612,-7.531176809923707
2023-11-30 14:00:00,97.95790030210544,108.9903885357157,-11.032488233610252
2023-11-30 15:00:00,106.38648640483738,111.01549100931612,-4.629004604478737
2023-11-30 16:00:00,102.15507250754543,108.08202201686181,-5.926949509316387
2023-11-30 17:00:00,122.79365861027702,120.35905385872668,2.4346047515503386
2023-11-30 18:00:00,156.74224471300346,148.339554612937,8.402690100066451
2023-11-30 19:00:00,176.41083081571455,177.1518240435681,-0.7409932278535507
2023-11-30 20:00:00,191.64941691842864,177.1518240435681,14.497592874860544
2023-11-30 21:00:00,193.7380030211507,182.34449089567363,11.39351212547706
2023-11-30 22:00:00,184.63658912386873,177.1518240435681,7.484765080300633
2023-11-30 23:00:00,181.42517522658315,178.79346432552907,2.6317109010540776
2023-12-01 00:00:00,166.88376132930438,127.28337837837756,39.600382950926814
2023-12-01 01:00:00,122.53234743201995,128.45500334086972,-5.9226559088497766
2023-12-01 02:00:00,97.68093353473873,94.8938181390977,2.787115395641024
2023-12-01 03:00:00,94.85951963746135,82.336780442283,12.522739195178346
2023-12-01 04:00:00,85.83810574019296,82.336780442283,3.5013252979099576
2023-12-01 05:00:00,84.82669184288727,82.336780442283,2.489911400604271
2023-12-01 06:00:00,95.71527794561335,85.17059168174407,10.54468626386928
2023-12-01 07:00:00,109.48386404833033,120.07818181818163,-10.594317769851301
2023-12-01 08:00:00,135.42245015106135,136.59711640211634,-1.1746662510549868
2023-12-01 09:00:00,136.05103625377876,118.47015820029088,17.58087805348788
2023-12-01 10:00:00,107.67962235649013,105.55287591572196,2.126746440768173
2023-12-01 11:00:00,106.01820845921891,108.9903885357157,-2.972180076496784
2023-12-01 12:00:00,105.44679456193285,105.55287591572196,-0.10608135378910788
2023-12-01 13:00:00,100.97538066464416,116.64233908028461,-15.666958415640451
2023-12-01 14:00:00,110.58396676736919,108.9903885357157,1.5935782316534954
2023-12-01 15:00:00,98.33255287009425,105.6133731925676,-7.280820322473346
2023-12-01 16:00:00,106.4711389728131,106.1930350691533,0.2781039036597974
2023-12-01 17:00:00,114.43972507552938,122.82227939256425,-8.382554317034874
2023-12-01 18:00:00,170.92831117824346,162.0273062409289,8.901004937314553
2023-12-01 19:00:00,174.21189728095902,176.89284425412094,-2.680946973161923
2023-12-01 20:00:00,179.39548338368405,176.89284425412094,2.502639129563107
2023-12-01 21:00:00,186.11406948639825,177.1518240435681,8.962245442830152
2023-12-01 22:00:00,193.35265558913412,172.46460805801223,20.888047531121885
2023-12-01 23:00:00,176.44124169183044,172.46460805801223,3.97663363381821
2023-12-02 00:00:00,153.4798277945564,146.7553896103897,6.724438184166701
2023-12-02 01:00:00,146.378413897288,126.48290270103736,19.895511196250638
2023-12-02 02:00:00,103.27699999999221,94.8938181390977,8.38318186089451
2023-12-02 03:00:00,97.17558610272464,88.50690953091049,8.668676571814146
2023-12-02 04:00:00,92.37417220543782,91.34072077037156,1.0334514350662545
2023-12-02 05:00:00,88.73275830815192,109.64845307805551,-20.915694769903595
2023-12-02 06:00:00,96.50134441087383,82.336780442283,14.164563968590826
2023-12-02 07:00:00,95.51993051360112,120.869645684877,-25.349715171275875
2023-12-02 08:00:00,110.01851661632868,117.85898025101491,-7.84046363468623
2023-12-02 09:00:00,132.9371027190479,137.28697982415673,-4.349877105108817
2023-12-02 10:00:00,153.25568882174053,135.07870157256235,18.176987249178183
2023-12-02 11:00:00,158.64427492446868,127.20495713635104,31.439317788117634
2023-12-02 12:00:00,152.5028610272008,133.64915734399034,18.853703683210455
2023-12-02 13:00:00,147.58144712990014,131.5185002927078,16.062946837192328
2023-12-02 14:00:00,143.7700332326356,138.69533553429434,5.074697698341254
2023-12-02 15:00:00,138.41861933534835,131.13430265567712,7.284316679671235
2023-12-02 16:00:00,140.5772054380536,127.45175702896981,13.125448409083788
2023-12-02 17:00:00,149.56579154079608,179.62833616106764,-30.062544620271552
2023-12-02 18:00:00,186.054377643505,144.93423934965068,41.120138293854325
2023-12-02 19:00:00,165.09296374621343,176.89284425412094,-11.799880507907517
2023-12-02 20:00:00,180.60154984894302,172.46460805801223,8.136941790930791
2023-12-02 21:00:00,176.8201359516782,172.46460805801223,4.355527893665965
2023-12-02 22:00:00,179.96872205436136,172.46460805801223,7.504113996349133
2023-12-02 23:00:00,165.37730815709725,172.46460805801223,-7.087299900914985
2023-12-03 00:00:00,152.1058942598242,145.42411703239347,6.681777227430729
2023-12-03 01:00:00,141.6144803625345,134.54534379671082,7.069136565823669
2023-12-03 02:00:00,105.7930664652601,113.20155044678165,-7.408483981521556
2023-12-03 03:00:00,107.75165256797858,85.17059168174407,22.58106088623451
2023-12-03 04:00:00,90.75523867068709,85.17059168174407,5.584646988943021
2023-12-03 05:00:00,84.58882477339496,85.17059168174407,-0.5817669083491097
2023-12-03 06:00:00,86.21741087613547,82.336780442283,3.880630433852474
2023-12-03 07:00:00,91.0359969788556,103.33330274421259,-12.297305765356995
2023-12-03 08:00:00,108.66458308156894,120.99357425630546,-12.32899117473653
2023-12-03 09:00:00,132.06316918428408,128.51982296337792,3.543346220906159
2023-12-03 10:00:00,142.21175528700292,168.7398581560269,-26.528102869023996
2023-12-03 11:00:00,143.250341389727,127.74956631530894,15.500775074418058
2023-12-03 12:00:00,147.63892749244033,127.74956631530894,19.88936117713139
2023-12-03 13:00:00,152.9575135951651,145.0477777777764,7.909735817388707
2023-12-03 14:00:00,144.26609969789428,137.5055025641025,6.7605971337917765
2023-12-03 15:00:00,137.65468580059945,123.45566964285703,14.19901615774242
2023-12-03 16:00:00,141.17327190331906,133.2649597069597,7.908312196359361
2023-12-03 17:00:00,155.82185800603907,181.9071894736846,-26.085331467645545
2023-12-03 18:00:00,198.5504441087597,156.89390678169175,41.65653732706795
2023-12-03 19:00:00,204.18903021147383,176.89284425412094,27.29618595735289
2023-12-03 20:00:00,206.4776163141966,177.1518240435681,29.32579227062851
2023-12-03 21:00:00,201.69620241692397,177.1518240435681,24.54437837335587
2023-12-03 22:00:00,191.85478851963973,182.34449089567363,9.510297623966096
2023-12-03 23:00:00,168.83337462235892,172.46460805801223,-3.6312334356533142
2023-12-04 00:00:00,148.64196072507403,144.060391690514,4.581569034560033
2023-12-04 01:00:00,130.89054682779587,137.89194980694924,-7.001402979153369
2023-12-04 02:00:00,100.09913293050393,94.8938181390977,5.205314791406224
2023-12-04 03:00:00,103.75771903323636,82.336780442283,21.420938590953355
2023-12-04 04:00:00,87.10630513595387,82.336780442283,4.769524693670874
2023-12-04 05:00:00,87.49489123866704,82.336780442283,5.158110796384037
2023-12-04 06:00:00,91.79347734139546,85.17059168174407,6.622885659651388
2023-12-04 07:00:00,109.73706344411363,107.80592490842434,1.9311385356892856
2023-12-04 08:00:00,122.39064954682628,124.38654462993888,-1.9958950831126003
2023-12-04 09:00:00,126.51923564955027,130.93865605795287,-4.419420408402601
2023-12-04 10:00:00,119.61782175226452,116.64233908028461,2.975482671979904
2023-12-04 11:00:00,110.05640785498855,105.6133731925676,4.443034662420956
2023-12-04 12:00:00,117.80499395770161,105.6133731925676,12.191620765134019
2023-12-04 13:00:00,108.34358006042248,108.9903885357157,-0.6468084752932128
2023-12-04 14:00:00,110.82216616314119,108.9903885357157,1.8317776274254953
2023-12-04 15:00:00,105.5407522658643,105.6133731925676,-0.07262092670329423
2023-12-04 16:00:00,101.11933836857695,105.55287591572196,-4.433537547145008
2023-12-04 17:00:00,121.49292447129973,132.85182328414302,-11.358898812843293
2023-12-04 18:00:00,162.30651057402036,162.79670054699082,-0.4901899729704553
2023-12-04 19:00:00,179.06509667674163,176.89284425412094,2.172252422620687
2023-12-04 20:00:00,181.71368277944788,177.1518240435681,4.561858735879781
2023-12-04 21:00:00,188.79226888219483,177.1518240435681,11.640444838626735
2023-12-04 22:00:00,186.73085498488126,172.46460805801223,14.26624692686903
2023-12-04 23:00:00,168.4294410876081,167.83604257232048,0.5933985152876176
2023-12-05 00:00:00,141.7480271903324,137.23401404067076,4.5140131496616505
2023-12-05 01:00:00,117.7466132930616,128.45500334086972,-10.708390047808123
2023-12-05 02:00:00,94.11519939576385,99.88530226608216,-5.770102870318311
2023-12-05 03:00:00,94.24378549848333,91.34072077037156,2.9030647281117723
2023-12-05 04:00:00,87.08237160122059,109.64845307805551,-22.566081476834924
2023-12-05 05:00:00,90.91095770391897,85.17059168174407,5.740366022174896
2023-12-05 06:00:00,87.67454380663645,85.17059168174407,2.503952124892379
2023-12-05 07:00:00,102.36812990936082,127.34717132590269,-24.979041416541875
2023-12-05 08:00:00,143.00671601208919,131.37144817507743,11.635267837011753
2023-12-05 09:00:00,129.2853021147994,130.93865605795287,-1.653353943153462
2023-12-05 10:00:00,113.15388821753174,115.5424999637297,-2.3886117461979524
2023-12-05 11:00:00,107.60247432024521,105.55287591572196,2.049598404523252
2023-12-05 12:00:00,106.3310604229604,105.6133731925676,0.7176872303928121
2023-12-05 13:00:00,105.67003927492546,111.01549100931612,-5.3454517343906645
2023-12-05 14:00:00,106.805000000005,105.6133731925676,1.1916268074374017
2023-12-05 15:00:00,102.58999999999708,105.6133731925676,-3.023373192570517
2023-12-05 16:00:00,100.90000000000072,119.79301750101712,-18.893017501016402
2023-12-05 17:00:00,120.30999999999761,130.9541258108851,-10.644125810887488
2023-12-05 18:00:00,152.6199999999938,144.93423934965068,7.685760650343127
2023-12-05 19:00:00,182.60000000000244,177.1518240435681,5.448175956434341
2023-12-05 20:00:00,176.64999999999594,177.1518240435681,-0.5018240435721566
2023-12-05 21:00:00,177.67999999999807,177.1518240435681,0.5281759564299762
2023-12-05 22:00:00,196.81000000000404,172.46460805801223,24.345391941991807
2023-12-05 23:00:00,168.67999999999478,166.95458167330787,1.7254183266869063
2023-12-06 00:00:00,151.6400000000035,154.27085714285664,-2.630857142853131
2023-12-06 01:00:00,134.38000000000255,122.31009259259207,12.069907407410483
2023-12-06 02:00:00,77.85000000000241,92.61494977566048,-14.764949775658067
2023-12-06 03:00:00,88.19999999998944,91.34072077037156,-3.140720770382117
2023-12-06 04:00:00,84.5600000000048,82.336780442283,2.223219557721805
2023-12-06 05:00:00,82.3899999999926,96.219569886436,-13.829569886443409
2023-12-06 06:00:00,83.8350000000038,85.17059168174407,-1.3355916817402687
2023-12-06 07:00:00,111.06999999999479,107.80592490842434,3.2640750915704473
2023-12-06 08:00:00,150.86000000000786,137.81362818789,13.046371812117854
2023-12-06 09:00:00,125.84000000000982,123.29252285118099,2.5474771488288326
2023-12-06 10:00:00,111.06999999999181,129.7648967926745,-18.694896792682698
2023-12-06 11:00:00,108.2499999999882,118.67709396902025,-10.427093969032043
2023-12-06 12:00:00,108.35000000000328,118.67709396902025,-10.327093969016971
2023-12-06 13:00:00,116.02999999999402,118.67709396902025,-2.64709396902623
2023-12-06 14:00:00,114.55500000000427,108.08202201686181,6.4729779831424565
2023-12-06 15:00:00,133.5399999999982,122.26166632531132,11.278333674686877
2023-12-06 16:00:00,126.25999999999621,132.05402711640232,-5.794027116406113
2023-12-06 17:00:00,144.9199999999982,113.02991860147326,31.89008139852494
2023-12-06 18:00:00,158.00999999999823,142.8762279997352,15.133772000263036
2023-12-06 19:00:00,176.80999999998758,207.50002638470534,-30.690026384717754
2023-12-06 20:00:00,186.15000000000245,176.89284425412094,9.257155745881505
2023-12-06 21:00:00,182.76999999999228,182.34449089567363,0.42550910431864963
2023-12-06 22:00:00,182.80000000001286,177.1518240435681,5.64817595644476
2023-12-06 23:00:00,175.9949999999894,152.0362483399733,23.958751660016105
2023-12-07 00:00:00,146.94499999999607,141.86639476252444,5.078605237471635
2023-12-07 01:00:00,125.21000000000993,123.30825679598854,1.9017432040213862
2023-12-07 02:00:00,104.86000000001113,115.84335258142913,-10.983352581418004
2023-12-07 03:00:00,90.95999999999364,82.336780442283,8.623219557710641
2023-12-07 04:00:00,83.06999999999161,82.336780442283,0.7332195577086082
2023-12-07 05:00:00,83.35000000000845,82.336780442283,1.0132195577254492
2023-12-07 06:00:00,87.76999999999938,85.17059168174407,2.599408318255314
2023-12-07 07:00:00,105.91000000000096,120.07818181818163,-14.16818181818067
2023-12-07 08:00:00,143.86999999999205,127.81953180559456,16.05046819439748
2023-12-07 09:00:00,131.51999999999737,129.7221442721792,1.7978557278181597
2023-12-07 10:00:00,115.51999999999322,115.5424999637297,-0.02249996373647889
2023-12-07 11:00:00,108.96000000000456,105.6133731925676,3.3466268074369623
2023-12-07 12:00:00,106.96000000000005,111.24022126353609,-4.280221263536035
2023-12-07 13:00:00,99.75999999999615,105.6133731925676,-5.853373192571439
2023-12-07 14:00:00,95.7100000000162,105.6133731925676,-9.903373192551399
2023-12-07 15:00:00,113.52000000000058,105.55287591572196,7.967124084278623
2023-12-07 16:00:00,106.66000000000349,105.55287591572196,1.107124084281537
2023-12-07 17:00:00,118.14999999998861,113.02991860147326,5.120081398515353
2023-12-07 18:00:00,149.07000000001432,126.56540262453012,22.504597375484195
2023-12-07 19:00:00,166.77999999999105,177.1518240435681,-10.37182404357705
2023-12-07 20:00:00,174.68000000000336,209.37679765886242,-34.696797658859055
2023-12-07 21:00:00,176.33999999998946,177.1518240435681,-0.811824043578639
2023-12-07 22:00:00,176.09000000000577,177.1518240435681,-1.061824043562325
2023-12-07 23:00:00,180.87000000000324,171.64179765886374,9.228202341139507
2023-12-08 00:00:00,144.38999999998111,149.67354885057506,-5.283548850593945
2023-12-08 01:00:00,139.57500000002258,118.21328465323761,21.361715346784976
2023-12-08 02:00:00,98.44999999998748,92.61494977566048,5.835050224327006
2023-12-08 03:00:00,91.02000000001217,91.34072077037156,-0.3207207703593866
2023-12-08 04:00:00,84.35999999999446,85.17059168174407,-0.8105916817496137
2023-12-08 05:00:00,80.63500000001326,91.34072077037156,-10.705720770358298
2023-12-08 06:00:00,83.87000000000077,85.17059168174407,-1.300591681743299
2023-12-08 07:00:00,108.68000000000295,120.07818181818163,-11.398181818178685
2023-12-08 08:00:00,136.8599999999872,134.13601878519523,2.723981214791962
2023-12-08 09:00:00,129.9600000000092,113.59785444294789,16.362145557061297
2023-12-08 10:00:00,104.05999999999288,108.43537528138812,-4.375375281395236
2023-12-08 11:00:00,103.62999999999884,116.64233908028461,-13.01233908028577
2023-12-08 12:00:00,104.01000000000752,105.6133731925676,-1.6033731925600705
2023-12-08 13:00:00,100.47999999999601,105.6133731925676,-5.133373192571582
2023-12-08 14:00:00,103.70000000000472,105.6133731925676,-1.9133731925628723
2023-12-08 15:00:00,103.8949999999942,105.55287591572196,-1.6578759157277574
2023-12-08 16:00:00,108.26000000001095,115.64665383628443,-7.3866538362734815
2023-12-08 17:00:00,122.57000000000062,146.67474808586212,-24.1047480858615
2023-12-08 18:00:00,152.59000000000324,142.8762279997352,9.713772000268051
2023-12-08 19:00:00,178.14000000000536,177.1518240435681,0.9881759564372601
2023-12-08 20:00:00,178.32000000000411,177.1518240435681,1.1681759564360163
2023-12-08 21:00:00,179.3199999999977,182.34449089567363,-3.024490895675939
2023-12-08 22:00:00,178.66999999999393,182.34449089567363,-3.6744908956796962
2023-12-08 23:00:00,163.09000000002044,176.89284425412094,-13.802844254100506
2023-12-09 00:00:00,150.53999999998626,145.42411703239347,5.115882967592796
2023-12-09 01:00:00,135.39000000001175,136.560677228953,-1.1706772289412584
2023-12-09 02:00:00,108.11999999999851,115.84335258142913,-7.723352581430618
2023-12-09 03:00:00,100.33000000000389,88.50690953091049,11.823090469093401
2023-12-09 04:00:00,87.69999999999652,82.336780442283,5.363219557713521
2023-12-09 05:00:00,84.4599999999956,82.336780442283,2.123219557712602
2023-12-09 06:00:00,87.8399999999942,82.336780442283,5.503219557711205
2023-12-09 07:00:00,90.61999999999615,100.5779578754579,-9.957957875461744
2023-12-09 08:00:00,103.12499999999815,103.33330274421259,-0.20830274421443562
2023-12-09 09:00:00,130.03000000001646,118.9598076502738,11.070192349742655
2023-12-09 10:00:00,149.94999999999231,147.08024708758012,2.8697529124121957
2023-12-09 11:00:00,152.8799999999962,141.90269366877675,10.977306331219438
2023-12-09 12:00:00,166.02999999999486,130.8904263657758,35.13957363421906
2023-12-09 13:00:00,150.3300000000094,138.37997316495643,11.950026835052967
2023-12-09 14:00:00,139.88999999999717,130.15493638930377,9.735063610693402
2023-12-09 15:00:00,131.34999999998783,142.27315599343194,-10.923155993444112
2023-12-09 16:00:00,132.75999999999098,148.38791666666648,-15.627916666675503
2023-12-09 17:00:00,133.24999999999773,154.09644230769254,-20.846442307694815
2023-12-09 18:00:00,164.67000000000633,173.4339024390244,-8.763902439018068
2023-12-09 19:00:00,195.86000000000035,152.0362483399733,43.82375166002706
2023-12-09 20:00:00,176.46499999999475,172.46460805801223,4.000391941982514
2023-12-09 21:00:00,177.719999999996,172.46460805801223,5.25539194198376
2023-12-09 22:00:00,175.98999999999512,172.46460805801223,3.525391941982889
2023-12-09 23:00:00,167.85000000000207,177.1518240435681,-9.301824043566029
2023-12-10 00:00:00,153.08000000000035,148.91888888888917,4.1611111111111825
2023-12-10 01:00:00,149.02000000001073,113.62867729808715,35.39132270192357
2023-12-10 02:00:00,105.54999999998844,97.53562027374518,8.014379726243263
2023-12-10 03:00:00,97.68000000000004,88.50690953091049,9.173090469089544
2023-12-10 04:00:00,94.26000000000279,82.336780442283,11.92321955771979
2023-12-10 05:00:00,82.19499999999775,82.336780442283,-0.14178044228525266
2023-12-10 06:00:00,84.66000000001006,82.336780442283,2.3232195577270573
2023-12-10 07:00:00,87.87499999999596,90.06153846153842,-2.1865384615424546
2023-12-10 08:00:00,103.40000000001115,117.82235556522681,-14.422355565215668
2023-12-10 09:00:00,120.72999999999361,135.4122414864799,-14.68224148648629
2023-12-10 10:00:00,142.0700000000091,132.6496715776554,9.420328422353691
2023-12-10 11:00:00,151.11999999999523,144.060391690514,7.059608309481234
2023-12-10 12:00:00,152.47000000000932,131.5050010350193,20.96499896499003
2023-12-10 13:00:00,158.6500000000041,128.4608850129199,30.189114987084196
2023-12-10 14:00:00,146.64000000000595,131.5050010350193,15.134998964986664
2023-12-10 15:00:00,136.11999999999446,142.27315599343194,-6.15315599343748
2023-12-10 16:00:00,142.27999999999668,142.95567132590287,-0.6756713259061939
2023-12-10 17:00:00,162.39000000000425,147.74233691062685,14.647663089377403
2023-12-10 18:00:00,182.95000000000107,156.89390678169175,26.056093218309314
2023-12-10 19:00:00,209.99999999999224,182.34449089567363,27.65550910431861
2023-12-10 20:00:00,210.30000000000211,182.34449089567363,27.955509104328485
2023-12-10 21:00:00,192.95500000000715,182.34449089567363,10.610509104333516
2023-12-10 22:00:00,190.07999999998748,182.34449089567363,7.735509104313849
2023-12-10 23:00:00,174.05000000001735,167.83604257232048,6.213957427696869
2023-12-11 00:00:00,142.4299999999901,127.36536867827827,15.064631321711815
2023-12-11 01:00:00,120.53000000001052,128.45500334086972,-7.925003340859206
2023-12-11 02:00:00,97.84999999999494,99.88530226608216,-2.0353022660872284
2023-12-11 03:00:00,103.54999999999887,82.336780442283,21.213219557715874
2023-12-11 04:00:00,89.11999999998571,106.81464183859444,-17.69464183860873
2023-12-11 05:00:00,82.07500000000172,86.444820687033,-4.369820687031279
2023-12-11 06:00:00,88.74000000000218,86.444820687033,2.295179312969182
2023-12-11 07:00:00,105.2400000000072,120.869645684877,-15.6296456848698
2023-12-11 08:00:00,138.29999999999194,134.6945039355317,3.605496064460226
2023-12-11 09:00:00,137.79999999999905,121.00952928679078,16.790470713208265
2023-12-11 10:00:00,119.69999999999516,105.66407309388435,14.035926906110802
2023-12-11 11:00:00,113.54999999999623,108.9903885357157,4.559611464280536
2023-12-11 12:00:00,111.00000000000314,105.6133731925676,5.3866268074355474
2023-12-11 13:00:00,131.38999999999865,126.89899879227039,4.49100120772826
2023-12-11 14:00:00,124.9099999999979,105.66407309388435,19.24592690611354
2023-12-11 15:00:00,106.30000000000145,115.61353889104429,-9.313538891042839
2023-12-11 16:00:00,128.02000000000658,120.73580198042873,7.284198019577843
2023-12-11 17:00:00,134.6700000000032,122.8016697306975,11.868330269305702
2023-12-11 18:00:00,159.90000000001135,162.79670054699082,-2.896700546979474
2023-12-11 19:00:00,182.06999999999135,177.1518240435681,4.918175956423255
2023-12-11 20:00:00,201.7100000000049,177.1518240435681,24.5581759564368
2023-12-11 21:00:00,190.23999999999634,176.89284425412094,13.347155745875398
2023-12-11 22:00:00,188.19000000000142,177.1518240435681,11.03817595643332
2023-12-11 23:00:00,166.89000000000294,177.1518240435681,-10.261824043565156
2023-12-12 00:00:00,148.2799999999989,142.27315599343194,6.006844006566951
2023-12-12 01:00:00,128.92000000001,118.21328465323761,10.706715346772384
2023-12-12 02:00:00,98.77000000000163,99.88530226608216,-1.1153022660805334
2023-12-12 03:00:00,99.2699999999926,88.50690953091049,10.763090469082115
2023-12-12 04:00:00,84.88999999999376,82.336780442283,2.5532195577107615
2023-12-12 05:00:00,85.62000000000714,86.444820687033,-0.8248206870258628
2023-12-12 06:00:00,86.4050000000077,134.64500282773344,-48.24000282772573
2023-12-12 07:00:00,108.73999999999512,120.07818181818163,-11.338181818186513
2023-12-12 08:00:00,145.47000000001012,127.81953180559456,17.650468194415552
2023-12-12 09:00:00,130.27000000000066,131.37144817507743,-1.1014481750767686
2023-12-12 10:00:00,121.4199999999944,105.66407309388435,15.755926906110048
2023-12-12 11:00:00,106.68000000000634,108.9903885357157,-2.3103885357093503
2023-12-12 12:00:00,110.51999999999964,105.55287591572196,4.967124084277685
2023-12-12 13:00:00,104.72000000000922,105.66407309388435,-0.9440730938751329
2023-12-12 14:00:00,107.15999999999188,105.66407309388435,1.4959269061075275
2023-12-12 15:00:00,102.04999999999538,105.66407309388435,-3.614073093888976
2023-12-12 16:00:00,104.02999999999551,108.08202201686181,-4.052022016866303
2023-12-12 17:00:00,106.30000000001297,120.35905385872668,-14.05905385871371
2023-12-12 18:00:00,149.2099999999994,141.98887756190555,7.2211224380938575
2023-12-12 19:00:00,184.38999999999058,178.79346432552907,5.5965356744615065
2023-12-12 20:00:00,180.02000000000436,177.1518240435681,2.8681759564362608
2023-12-12 21:00:00,186.19999999999806,182.34449089567363,3.855509104324426
2023-12-12 22:00:00,180.6399999999943,178.79346432552907,1.8465356744652297
2023-12-12 23:00:00,169.57000000000187,177.1518240435681,-7.581824043566229
2023-12-13 00:00:00,147.64000000000976,136.80122192354622,10.83877807646354
2023-12-13 01:00:00,119.6199999999931,129.25547901820994,-9.635479018216841
2023-12-13 02:00:00,97.29999999999686,94.8938181390977,2.406181860899153
2023-12-13 03:00:00,90.70000000000516,86.444820687033,4.25517931297216
2023-12-13 04:00:00,85.92999999998915,82.336780442283,3.593219557706149
2023-12-13 05:00:00,81.34000000000839,82.336780442283,-0.9967804422746127
2023-12-13 06:00:00,87.46999999999913,86.444820687033,1.0251793129661309
2023-12-13 07:00:00,103.69000000000406,120.869645684877,-17.179645684872938
2023-12-13 08:00:00,141.19000000000625,134.6945039355317,6.495496064474537
2023-12-13 09:00:00,133.080000000001,121.06022918810754,12.019770811893466
2023-12-13 10:00:00,113.01000000000415,118.67709396902025,-5.6670939690160935
2023-12-13 11:00:00,106.01999999999062,105.66407309388435,0.3559269061062622
2023-12-13 12:00:00,103.57000000000075,105.66407309388435,-2.0940730938836083
2023-12-13 13:00:00,110.02000000000184,117.38261978541277,-7.362619785410928
2023-12-13 14:00:00,115.84000000000313,105.6133731925676,10.226626807435537
2023-12-13 15:00:00,105.44500000000255,105.6133731925676,-0.16837319256504202
2023-12-13 16:00:00,109.06000000000844,117.89040503443246,-8.830405034424018
2023-12-13 17:00:00,116.0399999999926,126.42755477988672,-10.387554779894117
2023-12-13 18:00:00,152.19999999999672,142.8762279997352,9.323772000261528
2023-12-13 19:00:00,171.6900000000049,176.89284425412094,-5.202844254116059
2023-12-13 20:00:00,177.76000000000312,176.89284425412094,0.8671557458821724
2023-12-13 21:00:00,182.060000000005,177.1518240435681,4.9081759564369065
2023-12-13 22:00:00,184.179999999991,177.1518240435681,7.028175956422899
2023-12-13 23:00:00,167.42999999999685,172.52325855787632,-5.093258557879466
2023-12-14 00:00:00,144.76999999999896,136.80122192354622,7.968778076452736
2023-12-14 01:00:00,125.60999999999603,127.89193040293105,-2.281930402935018
2023-12-14 02:00:00,95.54999999999362,94.8938181390977,0.6561818608959129
2023-12-14 03:00:00,90.03000000000122,91.34072077037156,-1.310720770370338
2023-12-14 04:00:00,85.20999999999572,82.336780442283,2.8732195577127158
2023-12-14 05:00:00,85.51999999999458,82.336780442283,3.183219557711581
2023-12-14 06:00:00,87.38999999998931,85.17059168174407,2.219408318245243
2023-12-14 07:00:00,108.24000000001668,106.7407291666666,1.4992708333500815
2023-12-14 08:00:00,133.24000000000063,128.2523239227191,4.98767607728152
2023-12-14 09:00:00,139.63999999999768,130.93865605795287,8.701343942044815
2023-12-14 10:00:00,114.41000000001772,101.32082260108302,13.089177398934694
2023-12-14 11:00:00,105.22000000000887,105.66407309388435,-0.4440730938754882
2023-12-14 12:00:00,103.56999999999091,105.66407309388435,-2.094073093893442
2023-12-14 13:00:00,104.77000000000211,111.01549100931612,-6.245491009314009
2023-12-14 14:00:00,111.87999999999887,110.2445360195359,1.6354639804629727
2023-12-14 15:00:00,106.26999999999872,119.84371740233388,-13.573717402335163
2023-12-14 16:00:00,110.6199999999925,122.26166632531132,-11.641666325318823
2023-12-14 17:00:00,123.85000000000767,122.26166632531132,1.5883336746963437
2023-12-14 18:00:00,153.25999999999343,153.9329665608069,-0.672966560813478
2023-12-14 19:00:00,179.73000000001366,176.89284425412094,2.8371557458927157
2023-12-14 20:00:00,182.51000000000067,176.89284425412094,5.617155745879728
2023-12-14 21:00:00,197.45000000000377,176.89284425412094,20.557155745882824
2023-12-14 22:00:00,180.3499999999974,196.82240733708537,-16.472407337087958
2023-12-14 23:00:00,174.80000000000425,176.39404761904643,-1.5940476190421862
2023-12-15 00:00:00,150.22000000000622,142.27315599343194,7.946844006574281
2023-12-15 01:00:00,132.3900000000029,130.39564066054865,1.9943593394542631
2023-12-15 02:00:00,102.50999999999816,99.88530226608216,2.624697733915994
2023-12-15 03:00:00,92.06000000000101,106.81464183859444,-14.754641838593429
2023-12-15 04:00:00,87.16000000000149,106.81464183859444,-19.65464183859295
2023-12-15 05:00:00,83.96999999998417,106.81464183859444,-22.844641838610272
2023-12-15 06:00:00,91.820000000007,85.17059168174407,6.649408318262928
2023-12-15 07:00:00,103.28000000000259,107.80592490842434,-4.525924908421757
2023-12-15 08:00:00,134.58999999999864,141.11718845934172,-6.52718845934308
2023-12-15 09:00:00,143.34999999998533,125.02226962830488,18.327730371680445
2023-12-15 10:00:00,124.27000000001907,111.01549100931612,13.254508990702945
2023-12-15 11:00:00,112.21999999999592,105.55287591572196,6.667124084273965
2023-12-15 12:00:00,114.3399999999999,105.55287591572196,8.787124084277949
2023-12-15 13:00:00,121.14999999999627,122.73403770084454,-1.5840377008482704
2023-12-15 14:00:00,125.05000000000513,105.66407309388435,19.385926906120773
2023-12-15 15:00:00,119.4800000000024,122.94267414829771,-3.4626741482953065
2023-12-15 16:00:00,125.6200000000015,120.35905385872668,5.260946141274815
2023-12-15 17:00:00,135.74999999999233,119.80056870839022,15.94943129160211
2023-12-15 18:00:00,164.62000000001433,133.89453788178355,30.72546211823078
2023-12-15 19:00:00,174.51999999999003,150.5587173017197,23.961282698270338
2023-12-15 20:00:00,186.48500000000809,157.59036201529827,28.894637984709817
2023-12-15 21:00:00,196.62999999999116,176.89284425412094,19.73715574587021
2023-12-15 22:00:00,178.7499999999862,177.1518240435681,1.598175956418089
2023-12-15 23:00:00,168.68000000000552,177.1518240435681,-8.471824043562577
2023-12-16 00:00:00,155.0899999999989,145.78036602209954,9.309633977899352
2023-12-16 01:00:00,150.88999999999686,131.81585714285703,19.074142857139833
2023-12-16 02:00:00,104.29000000000603,95.9833264206722,8.306673579333832
2023-12-16 03:00:00,95.57000000000026,82.336780442283,13.233219557717263
2023-12-16 04:00:00,88.24000000000015,82.336780442283,5.903219557717151
2023-12-16 05:00:00,83.28000000000152,82.336780442283,0.9432195577185212
2023-12-16 06:00:00,85.40000000000177,85.8753648746461,-0.47536487464432753
2023-12-16 07:00:00,95.32999999999568,119.68041666666639,-24.35041666667071
2023-12-16 08:00:00,112.22000000000033,118.29177236813948,-6.0717723681391504
2023-12-16 09:00:00,135.73999999999302,120.49039654834114,15.249603451651879
2023-12-16 10:00:00,148.15000000000376,134.97944936935536,13.170550630648393
2023-12-16 11:00:00,156.38999999999635,156.55538501292023,-0.16538501292387764
2023-12-16 12:00:00,157.94999999998583,142.72456102538075,15.225438974605083
2023-12-16 13:00:00,162.73000000000968,135.61743634303917,27.112563656970508
2023-12-16 14:00:00,156.2099999999911,117.28332367237263,38.92667632761848
2023-12-16 15:00:00,156.38000000000045,131.5050010350193,24.87499896498116
2023-12-16 16:00:00,151.42999999998995,136.80122192354622,14.628778076443723
2023-12-16 17:00:00,145.56000000001046,149.59953315531789,-4.039533155307424
2023-12-16 18:00:00,168.51000000000417,156.89390678169175,11.616093218312415
2023-12-16 19:00:00,190.02999999999878,172.46460805801223,17.565391941986547
2023-12-16 20:00:00,183.4000000000044,177.1518240435681,6.248175956436313
2023-12-16 21:00:00,187.79000000000332,182.34449089567363,5.4455091043296875
2023-12-16 22:00:00,180.44000000000017,186.64083333333548,-6.200833333335311
2023-12-16 23:00:00,179.7250000000062,167.83604257232048,11.88895742768571
2023-12-17 00:00:00,157.41999999998896,134.13601878519523,23.283981214793727
2023-12-17 01:00:00,131.86999999998898,117.02866696750793,14.841333032481046
2023-12-17 02:00:00,110.69000000000975,91.36549118511769,19.324508814892056
2023-12-17 03:00:00,95.77999999999633,82.336780442283,13.443219557713334
2023-12-17 04:00:00,87.33999999999733,92.69567963740266,-5.355679637405331
2023-12-17 05:00:00,88.76000000000042,106.81464183859444,-18.054641838594023
2023-12-17 06:00:00,88.45000000000331,82.336780442283,6.1132195577203134
2023-12-17 07:00:00,94.74000000000068,86.52295402917534,8.217045970825339
2023-12-17 08:00:00,103.66000000000685,120.99357425630546,-17.33357425629862
2023-12-17 09:00:00,138.1899999999985,127.47245617700985,10.717543822988645
2023-12-17 10:00:00,145.3299999999917,141.90269366877675,3.4273063312149645
2023-12-17 11:00:00,161.59000000000455,135.4122414864799,26.17775851352465
2023-12-17 12:00:00,162.84999999999428,123.62499055363169,39.22500944636259
2023-12-17 13:00:00,152.17000000001013,154.58621951219453,-2.416219512184398
2023-12-17 14:00:00,148.87000000000003,163.83656435643525,-14.966564356435214
2023-12-17 15:00:00,152.78999999999252,123.7466666666669,29.04333333332562
2023-12-17 16:00:00,150.58000000000658,133.37485380117076,17.20514619883582
2023-12-17 17:00:00,150.89000000000576,127.74956631530894,23.140433684696816
2023-12-17 18:00:00,187.6699999999961,163.87629419192007,23.793705808076027
2023-12-17 19:00:00,206.55000000000427,177.1518240435681,29.398175956436177
2023-12-17 20:00:00,199.23000000000337,182.34449089567363,16.885509104329742
2023-12-17 21:00:00,193.57000000000727,182.34449089567363,11.22550910433364
2023-12-17 22:00:00,196.06999999998516,176.89284425412094,19.177155745864212
2023-12-17 23:00:00,177.37999999999988,174.03458167330626,3.3454183266936184
2023-12-18 00:00:00,142.9700000000022,201.06299145299045,-58.09299145298826
2023-12-18 01:00:00,138.83000000000425,121.60541365585664,17.22458634414761
2023-12-18 02:00:00,99.69999999999825,94.8938181390977,4.806181860900551
2023-12-18 03:00:00,92.28000000000648,93.80162096345855,-1.5216209634520652
2023-12-18 04:00:00,86.10000000000086,82.336780442283,3.7632195577178607
2023-12-18 05:00:00,86.37000000000369,93.80162096345855,-7.431620963454861
2023-12-18 06:00:00,90.77000000000244,85.17059168174407,5.599408318258369
2023-12-18 07:00:00,112.2799999999869,130.39564066054865,-18.115640660561752
2023-12-18 08:00:00,134.58999999998605,137.4068669569825,-2.8168669569964493
2023-12-18 09:00:00,128.9100000000086,115.03264558029713,13.87735441971148
2023-12-18 10:00:00,106.7000000000031,105.55287591572196,1.1471240842811454
2023-12-18 11:00:00,104.41999999999537,111.01549100931612,-6.595491009320753
2023-12-18 12:00:00,101.84999999998811,105.55287591572196,-3.7028759157338413
2023-12-18 13:00:00,109.61000000001299,105.55287591572196,4.057124084291033
2023-12-18 14:00:00,110.97999999998669,105.55287591572196,5.427124084264733
2023-12-18 15:00:00,111.52000000000275,108.9903885357157,2.5296114642870577
2023-12-18 16:00:00,117.41000000000808,112.09497563148486,5.3150243685232255
2023-12-18 17:00:00,124.7800000000037,117.00944961924337,7.7705503807603264
2023-12-18 18:00:00,173.03999999999724,144.93423934965068,28.105760650346554
2023-12-18 19:00:00,194.65000000000109,177.1518240435681,17.498175956432988
2023-12-18 20:00:00,195.5600000000057,176.89284425412094,18.66715574588474
2023-12-18 21:00:00,186.64999999998955,182.34449089567363,4.305509104315917
2023-12-18 22:00:00,185.82999999999967,176.89284425412094,8.937155745878727
2023-12-18 23:00:00,178.05000000000263,172.46460805801223,5.585391941990395
2023-12-19 00:00:00,147.44000000000153,134.11255167958626,13.327448320415272
2023-12-19 01:00:00,127.92999999999843,130.39564066054865,-2.4656406605502212
2023-12-19 02:00:00,102.57000000000087,113.20155044678165,-10.631550446780778
2023-12-19 03:00:00,97.0699999999937,82.336780442283,14.733219557710697
2023-12-19 04:00:00,89.97000000000386,82.336780442283,7.633219557720864
2023-12-19 05:00:00,90.29000000000201,82.336780442283,7.9532195577190095
2023-12-19 06:00:00,89.44999999998464,98.79437506472021,-9.344375064735573
2023-12-19 07:00:00,111.22000000001162,107.80592490842434,3.4140750915872786
2023-12-19 08:00:00,137.22999999999337,131.37144817507743,5.858551824915935
2023-12-19 09:00:00,127.29000000000404,55.62387605850626,71.66612394149777
2023-12-19 10:00:00,113.38999999999265,111.01549100931612,2.3745089906765315
2023-12-19 11:00:00,99.3300000000059,116.64233908028461,-17.31233908027872
2023-12-19 12:00:00,108.23999999999376,111.01549100931612,-2.7754910093223657
2023-12-19 13:00:00,113.16000000000781,111.01549100931612,2.1445089906916905
2023-12-19 14:00:00,117.59999999999695,111.01549100931612,6.584508990680831
2023-12-19 15:00:00,111.20000000000346,111.01549100931612,0.18450899068733406
2023-12-19 16:00:00,112.62000000000515,130.70612229306397,-18.08612229305882
2023-12-19 17:00:00,130.53999999999115,123.62499055363169,6.915009446359463
2023-12-19 18:00:00,158.5199999999947,162.79670054699082,-4.276700546996125
2023-12-19 19:00:00,186.52000000000368,190.93540537118332,-4.415405371179645
2023-12-19 20:00:00,200.1000000000052,176.89284425412094,23.20715574588425
2023-12-19 21:00:00,193.2899999999908,177.1518240435681,16.138175956422714
2023-12-19 22:00:00,187.16000000000264,177.1518240435681,10.008175956434542
2023-12-19 23:00:00,171.83999999999,172.46460805801223,-0.6246080580222326
2023-12-20 00:00:00,155.97500000001332,130.70612229306397,25.268877706949354
2023-12-20 01:00:00,129.30999999999156,121.89829534588691,7.411704654104653
2023-12-20 02:00:00,100.61000000000018,94.8938181390977,5.716181860902481
2023-12-20 03:00:00,95.21000000000029,91.34072077037156,3.869279229628731
2023-12-20 04:00:00,88.7499999999977,91.34072077037156,-2.5907207703738635
2023-12-20 05:00:00,88.13999999999558,91.34072077037156,-3.2007207703759804
2023-12-20 06:00:00,93.38000000001406,110.92268208334443,-17.542682083330362
2023-12-20 07:00:00,110.54000000000093,111.18294025157245,-0.6429402515715168
2023-12-20 08:00:00,134.5199999999874,120.49039654834114,14.029603451646253
2023-12-20 09:00:00,134.5499999999916,126.41164710353931,8.13835289645229
2023-12-20 10:00:00,111.81999999999073,119.94291861169768,-8.12291861170695
2023-12-20 11:00:00,109.4900000000103,111.17972398669042,-1.6897239866801215
2023-12-20 12:00:00,111.35999999999899,105.55287591572196,5.807124084277035
2023-12-20 13:00:00,111.47999999999902,111.01549100931612,0.4645089906829014
2023-12-20 14:00:00,109.20000000000638,108.43537528138812,0.7646247186182649
2023-12-20 15:00:00,110.42999999998963,122.01071086275931,-11.580710862769678
2023-12-20 16:00:00,117.81000000000597,108.08202201686181,9.727977983144157
2023-12-20 17:00:00,140.4700000000112,130.39564066054865,10.074359339462546
2023-12-20 18:00:00,166.05999999999344,151.37463675213615,14.685363247857282
2023-12-20 19:00:00,192.88500000000394,182.34449089567363,10.540509104330312
2023-12-20 20:00:00,204.53000000000878,176.89284425412094,27.63715574588784
2023-12-20 21:00:00,194.91999999998512,176.89284425412094,18.027155745864178
2023-12-20 22:00:00,184.1800000000054,176.89284425412094,7.287155745884462
2023-12-20 23:00:00,170.00999999999573,172.26427876842916,-2.254278768433437
2023-12-21 00:00:00,148.91000000000003,148.00088501291714,0.9091149870828872
2023-12-21 01:00:00,130.62999999999235,128.6202380952388,2.00976190475356
2023-12-21 02:00:00,105.04000000001159,99.88530226608216,5.154697733929424
2023-12-21 03:00:00,103.6900000000025,91.34072077037156,12.349279229630937
2023-12-21 04:00:00,92.30000000000297,91.34072077037156,0.9592792296314059
2023-12-21 05:00:00,90.67000000000465,109.64845307805551,-18.978453078050862
2023-12-21 06:00:00,99.20999999999839,109.64845307805551,-10.438453078057123
2023-12-21 07:00:00,125.99999999998576,117.73505167958645,8.264948320399313
2023-12-21 08:00:00,133.81999999999402,135.65826184257872,-1.8382618425847
2023-12-21 09:00:00,131.60000000000076,127.81953180559456,3.780468194406197
2023-12-21 10:00:00,114.00999999999951,120.71240712325299,-6.702407123253479
2023-12-21 11:00:00,100.8600000000097,115.5424999637297,-14.68249996371999
2023-12-21 12:00:00,107.33999999998744,117.48786495080964,-10.147864950822196
2023-12-21 13:00:00,109.65000000000555,117.48786495080964,-7.837864950804089
2023-12-21 14:00:00,113.26999999999612,122.41747209366683,-9.147472093670714
2023-12-21 15:00:00,106.81999999999314,115.5424999637297,-8.722499963736553
2023-12-21 16:00:00,101.03000000000128,127.2610466552581,-26.23104665525682
2023-12-21 17:00:00,118.73999999999722,134.5202164222259,-15.780216422228676
2023-12-21 18:00:00,146.44999999999305,138.8146060867819,7.635393913211146
2023-12-21 19:00:00,171.8300000000197,176.89284425412094,-5.062844254101236
2023-12-21 20:00:00,185.24999999999636,176.89284425412094,8.357155745875417
2023-12-21 21:00:00,185.28999999998064,177.1518240435681,8.138175956412539
2023-12-21 22:00:00,190.34000000000634,177.1518240435681,13.188175956438243
2023-12-21 23:00:00,176.69000000001597,177.1518240435681,-0.46182404355212725
2023-12-22 00:00:00,156.15999999998246,147.70850352112683,8.451496478855631
2023-12-22 01:00:00,145.18999999998516,121.89829534588691,23.291704654098254
2023-12-22 02:00:00,104.06999999999346,93.71517317745469,10.354826822538769
2023-12-22 03:00:00,102.21999999998599,82.336780442283,19.883219557702986
2023-12-22 04:00:00,90.48000000000684,85.17059168174407,5.3094083182627685
2023-12-22 05:00:00,91.0100000000055,85.17059168174407,5.839408318261434
2023-12-22 06:00:00,93.74999999999972,84.14682021369164,9.603179786308075
2023-12-22 07:00:00,112.87999999999616,116.26672414233823,-3.386724142342075
2023-12-22 08:00:00,139.8199999999987,127.81953180559456,12.00046819440415
2023-12-22 09:00:00,134.68999999999943,138.9350467926745,-4.245046792675083
2023-12-22 10:00:00,114.98499999999672,113.62867729808715,1.356322701909562
2023-12-22 11:00:00,114.17000000000425,124.69212264286455,-10.522122642860296
2023-12-22 12:00:00,113.47999999999564,127.69383877238265,-14.213838772387007
2023-12-22 13:00:00,115.76000000001966,133.7292575542877,-17.96925755426804
2023-12-22 14:00:00,111.02999999999096,117.38261978541277,-6.352619785421808
2023-12-22 15:00:00,111.08500000001078,117.38261978541277,-6.2976197854019915
2023-12-22 16:00:00,111.75000000000443,122.8016697306975,-11.051669730693064
2023-12-22 17:00:00,132.67999999999648,155.3775322573648,-22.697532257368323
2023-12-22 18:00:00,154.74000000001317,162.287708246708,-7.547708246694839
2023-12-22 19:00:00,182.51499999999257,177.1518240435681,5.36317595642447
2023-12-22 20:00:00,183.54999999998856,177.1518240435681,6.398175956420459
2023-12-22 21:00:00,186.86000000000547,176.89284425412094,9.967155745884526
2023-12-22 22:00:00,183.40999999999735,185.48375872963064,-2.0737587296332833
2023-12-22 23:00:00,171.70000000000584,176.89284425412094,-5.192844254115101
2023-12-23 00:00:00,163.29999999999643,138.76417080198712,24.53582919800931
2023-12-23 01:00:00,134.72000000000006,132.19538146551633,2.5246185344837215
2023-12-23 02:00:00,113.14999999999614,94.8938181390977,18.256181860898437
2023-12-23 03:00:00,107.33000000000146,104.11283995042842,3.217160049573039
2023-12-23 04:00:00,103.09999999999798,110.35322627095752,-7.253226270959544
2023-12-23 05:00:00,94.52000000000268,88.50690953091049,6.013090469092191
2023-12-23 06:00:00,93.43000000000882,88.50690953091049,4.923090469098327
2023-12-23 07:00:00,94.64999999999557,111.18294025157245,-16.532940251576875
2023-12-23 08:00:00,118.73999999999498,118.29177236813948,0.4482276318555023
2023-12-23 09:00:00,133.52000000000044,131.72909733307904,1.7909026669213972
2023-12-23 10:00:00,151.0100000000024,124.46992756611125,26.540072433891154
2023-12-23 11:00:00,152.3799999999912,165.63264921946643,-13.252649219475217
2023-12-23 12:00:00,149.01500000000294,138.9350467926745,10.07995320732843
2023-12-23 13:00:00,140.1000000000028,137.90109079754632,2.198909202456491
2023-12-23 14:00:00,145.19000000001716,125.21000233296697,19.9799976670502
2023-12-23 15:00:00,133.74999999999284,133.8481311736145,-0.09813117362165258
2023-12-23 16:00:00,143.06500000000085,127.39392453103055,15.671075468970301
2023-12-23 17:00:00,133.19000000000116,126.64647198601457,6.543528013986588
2023-12-23 18:00:00,172.32999999999015,152.05016132478647,20.279838675203678
2023-12-23 19:00:00,171.24000000000515,185.7427385190778,-14.502738519072636
2023-12-23 20:00:00,173.60999999999768,185.7427385190778,-12.132738519080107
2023-12-23 21:00:00,191.73999999999785,185.7427385190778,5.997261480920059
2023-12-23 22:00:00,173.33000000000717,182.34449089567363,-9.014490895666455
2023-12-23 23:00:00,166.58999999999673,182.34449089567363,-15.754490895676895
2023-12-24 00:00:00,157.94999999999865,136.72945644149104,21.220543558507615
2023-12-24 01:00:00,153.7500000000046,131.5050010350193,22.244998964985314
2023-12-24 02:00:00,110.4799999999928,110.49974855861565,-0.019748558622850965
2023-12-24 03:00:00,102.20999999999957,92.61494977566048,9.59505022433909
2023-12-24 04:00:00,92.31999999999243,88.50690953091049,3.813090469081942
2023-12-24 05:00:00,88.98000000000687,88.50690953091049,0.47309046909637686
2023-12-24 06:00:00,89.79999999999731,88.50690953091049,1.2930904690868203
2023-12-24 07:00:00,95.7600000000105,91.34072077037156,4.419279229638946
2023-12-24 08:00:00,111.4799999999866,110.39850230414703,1.0814976958395732
2023-12-24 09:00:00,131.10000000000466,135.34620061322119,-4.24620061321653
2023-12-24 10:00:00,142.27999999999798,124.39787635267773,17.882123647320256
2023-12-24 11:00:00,147.18999999999653,124.39787635267773,22.792123647318803
2023-12-24 12:00:00,149.09000000000043,131.49103866501216,17.598961334988275
2023-12-24 13:00:00,165.07000000000232,188.23650000000214,-23.166499999999814
2023-12-24 14:00:00,183.15000000000546,155.58426420644054,27.565735793564926
2023-12-24 15:00:00,157.96000000000203,124.9528896070053,33.00711039299672
2023-12-24 16:00:00,161.34000000000202,114.9098656311636,46.430134368838424
2023-12-24 17:00:00,164.5899999999991,171.92356271707695,-7.333562717077854
2023-12-24 18:00:00,178.25000000000063,150.85757845148527,27.392421548515358
2023-12-24 19:00:00,214.71000000000518,177.1518240435681,37.55817595643708
2023-12-24 20:00:00,193.80000000000084,177.1518240435681,16.648175956432738
2023-12-24 21:00:00,188.24999999999505,182.34449089567363,5.905509104321425
2023-12-24 22:00:00,175.24999999999983,159.30858053306773,15.941419466932103
2023-12-24 23:00:00,169.76000000000613,170.27031786941635,-0.5103178694102155
2023-12-25 00:00:00,154.0499999999922,137.7781179070995,16.271882092892696
2023-12-25 01:00:00,130.93999999999576,124.41515506274763,6.524844937248133
2023-12-25 02:00:00,108.67000000000735,92.61494977566048,16.05505022434687
2023-12-25 03:00:00,97.36999999999011,92.61494977566048,4.755050224329636
2023-12-25 04:00:00,92.05000000001252,106.81464183859444,-14.764641838581923
2023-12-25 05:00:00,87.24000000000945,88.50690953091049,-1.2669095309010459
2023-12-25 06:00:00,93.01999999999106,92.61494977566048,0.40505022433058
2023-12-25 07:00:00,94.28999999999539,110.62792699724487,-16.337926997249482
2023-12-25 08:00:00,106.16000000000571,113.38327186599956,-7.223271865993851
2023-12-25 09:00:00,138.05000000000234,117.9151449459633,20.134855054039036
2023-12-25 10:00:00,160.62000000000495,142.23861913632317,18.381380863681784
2023-12-25 11:00:00,154.14000000000078,133.45036602209925,20.689633977901536
2023-12-25 12:00:00,153.40000000000117,122.11902777777792,31.280972222223255
2023-12-25 13:00:00,155.5299999999991,148.35117713004513,7.178822869953962
2023-12-25 14:00:00,167.38999999999496,146.69648851246117,20.693511487533783
2023-12-25 15:00:00,154.00000000000273,130.2491104955322,23.750889504470535
2023-12-25 16:00:00,159.4300000000024,122.1555361404429,37.27446385955949
2023-12-25 17:00:00,159.5399999999973,141.833858401084,17.70614159891329
2023-12-25 18:00:00,203.9200000000002,156.89390678169175,47.02609321830843
2023-12-25 19:00:00,233.5500000000012,195.64108337315088,37.90891662685033
2023-12-25 20:00:00,206.82000000000602,177.1518240435681,29.66817595643792
2023-12-25 21:00:00,207.430000000007,182.34449089567363,25.08550910433337
2023-12-25 22:00:00,199.04999999999882,182.34449089567363,16.705509104325188
2023-12-25 23:00:00,170.23000000001554,146.61126338223573,23.618736617779803
2023-12-26 00:00:00,152.03999999998982,147.22166164233784,4.818338357651982
2023-12-26 01:00:00,135.24999999999923,127.28337837837756,7.96662162162167
2023-12-26 02:00:00,104.2200000000027,97.53562027374518,6.684379726257518
2023-12-26 03:00:00,94.71000000000396,92.61494977566048,2.095050224343481
2023-12-26 04:00:00,85.89999999999927,92.61494977566048,-6.714949775661211
2023-12-26 05:00:00,84.10999999999882,92.61494977566048,-8.504949775661657
2023-12-26 06:00:00,91.64000000000237,92.61494977566048,-0.9749497756581036
2023-12-26 07:00:00,114.16999999999138,111.18294025157245,2.987059748418929
2023-12-26 08:00:00,135.07999999999936,131.79145929267497,3.288540707324387
2023-12-26 09:00:00,137.6599999999912,126.41164710353931,11.248352896451877
2023-12-26 10:00:00,125.1700000000057,122.73403770084454,2.4359622991611616
2023-12-26 11:00:00,113.31000000000515,117.48786495080964,-4.177864950804491
2023-12-26 12:00:00,123.71999999999517,111.01549100931612,12.704508990679045
2023-12-26 13:00:00,113.8399999999859,127.2610466552581,-13.421046655272193
2023-12-26 14:00:00,110.79999999998836,111.01549100931612,-0.21549100932776355
2023-12-26 15:00:00,114.3100000000091,123.03478824115535,-8.724788241146257
2023-12-26 16:00:00,114.29999999999748,149.84701048951098,-35.5470104895135
2023-12-26 17:00:00,151.50999999999337,151.25295649568756,0.2570435043058126
2023-12-26 18:00:00,169.14999999999628,133.33605273144707,35.813947268549214
2023-12-26 19:00:00,193.37000000000535,170.7292751363399,22.64072486366544
2023-12-26 20:00:00,194.21999999997678,177.1518240435681,17.06817595640868
2023-12-26 21:00:00,193.4000000000077,185.7427385190778,7.657261480929918
2023-12-26 22:00:00,192.1500000000093,181.05552253352192,11.094477466487376
2023-12-26 23:00:00,165.58999999999082,172.46460805801223,-6.874608058021408
2023-12-27 00:00:00,142.93000000000046,143.67619405348336,-0.7461940534828955
2023-12-27 01:00:00,130.97000000000244,132.99585714285652,-2.025857142854079
2023-12-27 02:00:00,99.70999999999941,99.88530226608216,-0.17530226608275257
2023-12-27 03:00:00,93.59000000000364,92.61494977566048,0.975050224343164
2023-12-27 04:00:00,90.5599999999948,92.61494977566048,-2.0549497756656763
2023-12-27 05:00:00,83.59999999999823,88.50690953091049,-4.906909530912259
2023-12-27 06:00:00,89.70000000001329,101.23597665003987,-11.535976650026583
2023-12-27 07:00:00,105.43000000000603,120.07818181818163,-14.648181818175601
2023-12-27 08:00:00,133.29999999999012,127.81953180559456,5.480468194395556
2023-12-27 09:00:00,131.80999999999884,116.71697869530621,15.093021304692627
2023-12-27 10:00:00,118.24999999999318,118.67709396902025,-0.4270939690270694
2023-12-27 11:00:00,106.36999999999898,108.9903885357157,-2.620388535716714
2023-12-27 12:00:00,113.65000000000404,108.9903885357157,4.659611464288346
2023-12-27 13:00:00,120.59999999999675,118.67709396902025,1.922906030976506
2023-12-27 14:00:00,120.68000000000995,115.97529208085425,4.704707919155709
2023-12-27 15:00:00,113.81999999999461,105.55287591572196,8.267124084272652
2023-12-27 16:00:00,111.49000000000143,111.01549100931612,0.47450899068530816
2023-12-27 17:00:00,130.91000000000676,127.6045215714018,3.3054784286049568
2023-12-27 18:00:00,167.14999999999804,148.339554612937,18.810445387061037
2023-12-27 19:00:00,206.21000000000188,170.7292751363399,35.480724863661976
2023-12-27 20:00:00,191.84999999998803,182.34449089567363,9.505509104314399
2023-12-27 21:00:00,186.1100000000087,182.34449089567363,3.765509104335081
2023-12-27 22:00:00,191.40999999999605,176.89284425412094,14.517155745875101
2023-12-27 23:00:00,178.00999999999837,166.04205915078404,11.96794084921433
2023-12-28 00:00:00,149.75999999999013,140.3081106639837,9.451889336006417
2023-12-28 01:00:00,137.1599999999993,126.48290270103736,10.677097298961925
2023-12-28 02:00:00,98.94000000000011,88.72368905047023,10.216310949529884
2023-12-28 03:00:00,92.24999999999423,82.336780442283,9.91321955771123
2023-12-28 04:00:00,85.70000000000707,82.336780442283,3.363219557724065
2023-12-28 05:00:00,85.80999999999963,88.50690953091049,-2.696909530910858
2023-12-28 06:00:00,86.99999999998306,82.336780442283,4.66321955770006
2023-12-28 07:00:00,105.28000000000887,124.21257732061214,-18.932577320603272
2023-12-28 08:00:00,130.95999999998452,134.28774270462418,-3.327742704639661
2023-12-28 09:00:00,134.8099999999963,140.96458922685153,-6.154589226855222
2023-12-28 10:00:00,116.17000000001016,115.5424999637297,0.6275000362804661
2023-12-28 11:00:00,108.68999999999497,115.5424999637297,-6.852499963734729
2023-12-28 12:00:00,102.16999999998919,118.67709396902025,-16.50709396903106
2023-12-28 13:00:00,112.9700000000079,112.67286935286872,0.29713064713918413
2023-12-28 14:00:00,105.60000000000232,112.67286935286872,-7.072869352866391
2023-12-28 15:00:00,112.00000000000315,117.87438280795281,-5.874382807949658
2023-12-28 16:00:00,111.36999999999156,129.59292949948122,-18.222929499489652
2023-12-28 17:00:00,134.09000000000503,139.93581592883675,-5.845815928831712
2023-12-28 18:00:00,163.6000000000183,155.99097791072242,7.609022089295877
2023-12-28 19:00:00,197.6699999999942,177.1518240435681,20.51817595642609
2023-12-28 20:00:00,192.62999999999084,177.1518240435681,15.478175956422746
2023-12-28 21:00:00,192.90000000000174,177.1518240435681,15.748175956433641
2023-12-28 22:00:00,188.61999999999745,177.1518240435681,11.468175956429349
2023-12-28 23:00:00,168.02000000000746,174.03458167330626,-6.014581673298807
2023-12-29 00:00:00,147.44999999999968,140.13312987012978,7.316870129869898
2023-12-29 01:00:00,117.46999999998587,136.39275174548322,-18.92275174549735
2023-12-29 02:00:00,99.65000000000964,115.84335258142913,-16.19335258141949
2023-12-29 03:00:00,93.44999999998632,86.444820687033,7.005179312953317
2023-12-29 04:00:00,89.2400000000051,86.444820687033,2.7951793129720954
2023-12-29 05:00:00,84.0699999999951,82.336780442283,1.7332195577121041
2023-12-29 06:00:00,88.28000000000009,82.336780442283,5.943219557717086
2023-12-29 07:00:00,104.34999999999269,107.80592490842434,-3.455924908431655
2023-12-29 08:00:00,135.23000000000687,127.81953180559456,7.410468194412303
2023-12-29 09:00:00,129.1800000000017,122.94267414829771,6.237325851704
2023-12-29 10:00:00,108.50999999998723,105.55287591572196,2.957124084265274
2023-12-29 11:00:00,109.2600000000119,105.55287591572196,3.707124084289944
2023-12-29 12:00:00,114.32000000000443,111.05036495080992,3.2696350491945054
2023-12-29 13:00:00,115.27500000000316,122.76891164233834,-7.493911642335178
2023-12-29 14:00:00,124.78999999999596,134.63959504030987,-9.849595040313915
2023-12-29 15:00:00,133.81000000000788,120.11105034090554,13.69894965910234
2023-12-29 16:00:00,116.07999999999207,129.59292949948122,-13.512929499489147
2023-12-29 17:00:00,132.4000000000132,127.69383877238265,4.706161227630545
2023-12-29 18:00:00,164.43000000000592,155.99097791072242,8.439022089283498
2023-12-29 19:00:00,191.76000000000795,177.1518240435681,14.608175956439851
2023-12-29 20:00:00,196.62999999999442,191.30113117763545,5.32886882235897
2023-12-29 21:00:00,176.71999999999986,170.7292751363399,5.990724863659949
2023-12-29 22:00:00,175.90999999999767,177.1518240435681,-1.241824043570432
2023-12-29 23:00:00,165.85499999999467,170.7292751363399,-4.874275136345233
2023-12-30 00:00:00,154.66999999999848,142.27315599343194,12.396844006566539
2023-12-30 01:00:00,143.35000000002037,131.81585714285703,11.534142857163346
2023-12-30 02:00:00,105.77999999999463,91.36549118511769,14.414508814876939
2023-12-30 03:00:00,94.45999999999577,82.336780442283,12.123219557712773
2023-12-30 04:00:00,88.42000000000053,85.8753648746461,2.544635125354432
2023-12-30 05:00:00,85.429999999995,82.336780442283,3.093219557712004
2023-12-30 06:00:00,83.93000000000606,86.444820687033,-2.5148206870269405
2023-12-30 07:00:00,89.98999999999336,118.24109005936627,-28.251090059372913
2023-12-30 08:00:00,102.7600000000067,106.26871918569447,-3.5087191856877666
2023-12-30 09:00:00,134.83999999999716,139.02548611111155,-4.185486111114386
2023-12-30 10:00:00,148.90000000000484,147.90674873737413,0.9932512626307073
2023-12-30 11:00:00,157.32000000000244,150.26531345934012,7.054686540662317
2023-12-30 12:00:00,156.21000000000407,155.7739202439599,0.4360797560441654
2023-12-30 13:00:00,169.37999999999516,134.03973918680305,35.34026081319212
2023-12-30 14:00:00,155.570000000007,147.91673691062616,7.653263089380857
2023-12-30 15:00:00,162.62999999998476,138.59274879227604,24.03725120770872
2023-12-30 16:00:00,158.9000000000072,173.67625000000055,-14.776249999993354
2023-12-30 17:00:00,172.160000000009,143.26943282257582,28.890567177433184
2023-12-30 18:00:00,181.8499999999919,218.44719696969747,-36.59719696970558
2023-12-30 19:00:00,192.86000000000212,177.1518240435681,15.708175956434019
2023-12-30 20:00:00,192.54000000000798,193.40258713254758,-0.862587132539602
2023-12-30 21:00:00,184.84999999999627,250.8617976588613,-66.01179765886502
2023-12-30 22:00:00,190.85999999999478,182.34449089567363,8.515509104321154
2023-12-30 23:00:00,163.81500000000585,174.03458167330626,-10.21958167330041
2023-12-31 00:00:00,150.43999999999846,142.27315599343194,8.16684400656652
2023-12-31 01:00:00,141.8200000000062,131.69104885057402,10.128951149432169
2023-12-31 02:00:00,108.53999999999627,114.05491647247393,-5.514916472477665
2023-12-31 03:00:00,94.2799999999942,86.444820687033,7.835179312961202
2023-12-31 04:00:00,87.44000000001142,89.4583704706572,-2.0183704706457775
2023-12-31 05:00:00,81.02999999999432,96.57292315096231,-15.542923150967994
2023-12-31 06:00:00,79.0500000000084,98.4870812134919,-19.43708121348351
2023-12-31 07:00:00,91.30000000000146,106.81464183859444,-15.51464183859298
2023-12-31 08:00:00,103.20500000000612,103.33330274421259,-0.12830274420646504
2023-12-31 09:00:00,121.13999999999174,134.28774270462418,-13.147742704632435
2023-12-31 10:00:00,142.49000000000808,138.76417080198712,3.7258291980209606
2023-12-31 11:00:00,155.9600000000208,130.8904263657758,25.069573634245018
2023-12-31 12:00:00,154.34999999999434,143.7689450210883,10.581054978906025
2023-12-31 13:00:00,146.75999999999365,124.46992756611125,22.2900724338824
2023-12-31 14:00:00,152.190000000005,131.5050010350193,20.68499896498571
2023-12-31 15:00:00,153.80999999999648,125.73659012932137,28.073409870675107
2023-12-31 16:00:00,156.2599999999934,146.38690758963864,9.873092410354758
2023-12-31 17:00:00,153.6899999999988,129.5245815823131,24.165418417685714
2023-12-31 18:00:00,172.26499999999697,132.46499365321154,39.80000634678544
2023-12-31 19:00:00,184.57000000001327,189.34681786941474,-4.776817869401469
2023-12-31 20:00:00,188.5799999999942,198.59525398465308,-10.015253984658898
2023-12-31 21:00:00,181.22999999999382,193.14360734310043,-11.913607343106605
2023-12-31 22:00:00,177.9999999999984,193.14360734310043,-15.143607343102019
2023-12-31 23:00:00,168.4400000000036,193.40258713254758,-24.962587132543973
2024-01-01 00:00:00,162.1700000000031,154.79335714285773,7.376642857145384
2024-01-01 01:00:00,145.94999999999504,142.27315599343194,3.676844006563101
2024-01-01 02:00:00,110.25999999999542,107.78808807805387,2.4719119219415404
2024-01-01 03:00:00,95.31000000001447,92.61494977566048,2.6950502243539916
2024-01-01 04:00:00,87.45999999999933,86.444820687033,1.0151793129663247
2024-01-01 05:00:00,81.83000000000223,110.92268208334443,-29.092682083342197
2024-01-01 06:00:00,79.8099999999919,100.32761013118599,-20.51761013119409
2024-01-01 07:00:00,86.64999999999733,110.27457373271857,-23.62457373272123
2024-01-01 08:00:00,95.27999999999415,110.03765316309332,-14.757653163099178
2024-01-01 09:00:00,119.46999999999369,127.33322998653328,-7.863229986539594
2024-01-01 10:00:00,141.0400000000036,156.55833333333183,-15.51833333332823
2024-01-01 11:00:00,143.2200000000093,125.14013888888924,18.079861111120053
2024-01-01 12:00:00,167.35999999999592,128.09141247379495,39.268587526200974
2024-01-01 13:00:00,169.18000000000097,134.63959504030987,34.5404049596911
2024-01-01 14:00:00,152.85999999999785,150.53047901821006,2.3295209817877947
2024-01-01 15:00:00,155.92000000000706,134.64352390180895,21.276476098198117
2024-01-01 16:00:00,152.44000000000088,128.97893631036584,23.46106368963504
2024-01-01 17:00:00,165.1600000000011,187.54379800597707,-22.38379800597596
2024-01-01 18:00:00,183.93999999999602,145.6743467913303,38.265653208665725
2024-01-01 19:00:00,194.94999999999965,177.1518240435681,17.79817595643155
2024-01-01 20:00:00,195.7299999999976,176.89284425412094,18.837155745876657
2024-01-01 21:00:00,206.05000000001274,177.1518240435681,28.898175956444646
2024-01-01 22:00:00,211.92999999999176,177.1518240435681,34.77817595642367
2024-01-01 23:00:00,166.34999999999087,165.31958167330654,1.0304183266843268
2024-01-02 00:00:00,144.0100000000109,144.18767951522776,-0.17767951521685177
2024-01-02 01:00:00,126.130000000004,128.45500334086972,-2.3250033408657202
2024-01-02 02:00:00,97.48999999999202,88.72368905047023,8.766310949521795
2024-01-02 03:00:00,89.89000000000559,82.336780442283,7.553219557722585
2024-01-02 04:00:00,85.18000000000339,98.80319017600704,-13.623190176003646
2024-01-02 05:00:00,81.96999999999056,86.444820687033,-4.474820687042438
2024-01-02 06:00:00,87.8700000000047,86.444820687033,1.425179312971693
2024-01-02 07:00:00,112.42000000001187,107.80592490842434,4.614075091587523
2024-01-02 08:00:00,125.29000000001318,120.92318866546569,4.366811334547492
2024-01-02 09:00:00,130.08000000000285,115.61353889104429,14.466461108958569
2024-01-02 10:00:00,119.93000000000333,118.67709396902025,1.252906030983084
2024-01-02 11:00:00,118.44000000000452,117.88563010232488,0.554369897679635
2024-01-02 12:00:00,127.69999999999507,110.41972186076771,17.280278139227363
2024-01-02 13:00:00,129.95000000000076,106.1930350691533,23.75696493084746
2024-01-02 14:00:00,124.12499999999042,106.1930350691533,17.931964930837125
2024-01-02 15:00:00,118.94000000000304,128.2523239227191,-9.312323922716075
2024-01-02 16:00:00,129.19499999999928,120.35905385872668,8.8359461412726
2024-01-02 17:00:00,129.85999999998697,123.62499055363169,6.235009446355278
2024-01-02 18:00:00,152.68000000000637,141.98887756190555,10.69112243810082
2024-01-02 19:00:00,189.24999999999105,177.1518240435681,12.09817595642295
2024-01-02 20:00:00,188.7200000000148,182.34449089567363,6.375509104341177
2024-01-02 21:00:00,188.25999999999607,177.1518240435681,11.10817595642797
2024-01-02 22:00:00,185.68999999999687,172.46460805801223,13.22539194198464
2024-01-02 23:00:00,165.679999999995,172.46460805801223,-6.784608058017227
2024-01-03 00:00:00,147.48000000000485,133.43313853404658,14.046861465958273
2024-01-03 01:00:00,139.02000000000305,134.42065110565085,4.599348894352204
2024-01-03 02:00:00,98.24999999999753,94.8938181390977,3.3561818608998237
2024-01-03 03:00:00,87.63000000000224,88.50690953091049,-0.8769095309082502
2024-01-03 04:00:00,84.29000000000738,85.17059168174407,-0.8805916817366892
2024-01-03 05:00:00,84.92999999999248,82.336780442283,2.5932195577094745
2024-01-03 06:00:00,84.9700000000054,109.64845307805551,-24.67845307805011
2024-01-03 07:00:00,101.99999999999412,107.80592490842434,-5.805924908430228
2024-01-03 08:00:00,127.89999999999591,138.12899055722792,-10.22899055723201
2024-01-03 09:00:00,137.2000000000115,157.27610437836555,-20.076104378354046
2024-01-03 10:00:00,122.33999999999097,124.30394203998873,-1.963942039997761
2024-01-03 11:00:00,118.54999999999663,118.67709396902025,-0.12709396902361902
2024-01-03 12:00:00,117.40000000000938,118.67709396902025,-1.2770939690108634
2024-01-03 13:00:00,127.52000000000632,111.01549100931612,16.504508990690198
2024-01-03 14:00:00,129.8699999999892,111.01549100931612,18.854508990673082
2024-01-03 15:00:00,117.6000000000009,118.67709396902025,-1.0770939690193444
2024-01-03 16:00:00,120.44000000001014,106.1930350691533,14.246964930856848
2024-01-03 17:00:00,132.1800000000027,123.1700328441652,9.0099671558375
2024-01-03 18:00:00,156.27999999999315,146.2815432630215,9.998456736971661
2024-01-03 19:00:00,191.0000000000099,177.1518240435681,13.848175956441793
2024-01-03 20:00:00,196.72999999999595,177.1518240435681,19.578175956427856
2024-01-03 21:00:00,194.2999999999995,177.1518240435681,17.148175956431402
2024-01-03 22:00:00,179.63000000000392,177.1518240435681,2.4781759564358197
2024-01-03 23:00:00,171.06999999999306,172.52325855787632,-1.4532585578832595
2024-01-04 00:00:00,146.74000000000513,140.3081106639837,6.431889336021413
2024-01-04 01:00:00,115.60000000000093,139.07753694581373,-23.4775369458128
2024-01-04 02:00:00,100.05999999999577,88.72368905047023,11.33631094952554
2024-01-04 03:00:00,99.93000000000198,85.8753648746461,14.054635125355887
2024-01-04 04:00:00,86.050000000003,82.336780442283,3.713219557719995
2024-01-04 05:00:00,83.7799999999875,82.336780442283,1.443219557704495
2024-01-04 06:00:00,89.1600000000017,109.64845307805551,-20.48845307805381
2024-01-04 07:00:00,114.06000000000247,120.07818181818163,-6.018181818179158
2024-01-04 08:00:00,128.97000000001276,131.37144817507743,-2.4014481750646723
2024-01-04 09:00:00,129.06999999999826,125.02226962830488,4.047730371693376
2024-01-04 10:00:00,125.56999999999849,118.67709396902025,6.892906030978239
2024-01-04 11:00:00,113.97,105.6133731925676,8.356626807432406
2024-01-04 12:00:00,102.48999999999506,118.67709396902025,-16.187093969025184
2024-01-04 13:00:00,112.19999999999786,111.01549100931612,1.184508990681735
2024-01-04 14:00:00,107.51000000000127,123.29252285118099,-15.78252285117972
2024-01-04 15:00:00,111.86000000000016,105.6133731925676,6.246626807432563
2024-01-04 16:00:00,118.8900000000132,119.80056870839022,-0.9105687083770135
2024-01-04 17:00:00,125.18999999998906,122.26166632531132,2.928333674677731
2024-01-04 18:00:00,148.08000000000425,142.8762279997352,5.203772000269055
2024-01-04 19:00:00,167.650000000008,188.71537114699169,-21.065371146983694
2024-01-04 20:00:00,176.26999999999344,172.46460805801223,3.805391941981213
2024-01-04 21:00:00,183.11999999999466,172.46460805801223,10.65539194198243
2024-01-04 22:00:00,188.56000000000955,177.1518240435681,11.408175956441454
2024-01-04 23:00:00,171.5699999999881,166.04205915078404,5.527940849204072
2024-01-05 00:00:00,155.47999999998763,140.13312987012978,15.346870129857848
2024-01-05 01:00:00,130.79000000001412,127.28337837837756,3.5066216216365547
2024-01-05 02:00:00,99.8200000000069,97.53562027374518,2.2843797262617187
2024-01-05 03:00:00,90.21999999999414,88.50690953091049,1.713090469083653
2024-01-05 04:00:00,83.44999999999513,86.444820687033,-2.9948206870378726
2024-01-05 05:00:00,88.8999999999954,82.336780442283,6.563219557712401
2024-01-05 06:00:00,90.10000000000676,85.17059168174407,4.929408318262688
2024-01-05 07:00:00,82.98000000000222,120.07818181818163,-37.09818181817941
2024-01-05 08:00:00,124.35999999999845,135.07870157256235,-10.718701572563901
2024-01-05 09:00:00,153.14999999999876,128.15686363359544,24.99313636640332
2024-01-05 10:00:00,137.6700000000017,111.01549100931612,26.65450899068557
2024-01-05 11:00:00,115.64999999999887,111.01549100931612,4.634508990682747
2024-01-05 12:00:00,117.22999999999004,106.1930350691533,11.036964930836746
2024-01-05 13:00:00,118.96500000001491,108.08202201686181,10.882977983153097
2024-01-05 14:00:00,113.40999999999806,108.08202201686181,5.32797798313625
2024-01-05 15:00:00,126.43999999999866,110.66564230643284,15.774357693565818
2024-01-05 16:00:00,115.56000000000355,110.66564230643284,4.894357693570711
2024-01-05 17:00:00,121.93499999999429,126.95860744737075,-5.023607447376463
2024-01-05 18:00:00,153.71000000001578,156.11707547169794,-2.4070754716821625
2024-01-05 19:00:00,177.5100000000039,172.46460805801223,5.0453919419916815
2024-01-05 20:00:00,174.89999999998935,172.46460805801223,2.435391941977116
2024-01-05 21:00:00,187.80999999999813,172.46460805801223,15.345391941985895
2024-01-05 22:00:00,184.7500000000045,172.46460805801223,12.285391941992259
2024-01-05 23:00:00,175.24000000000711,172.46460805801223,2.775391941994883
2024-01-06 00:00:00,154.90999999999616,168.07897747747677,-13.16897747748061
2024-01-06 01:00:00,137.3999999999981,118.21328465323761,19.186715346760494
2024-01-06 02:00:00,109.55000000000084,99.88530226608216,9.664697733918672
2024-01-06 03:00:00,96.54999999999993,106.81464183859444,-10.264641838594514
2024-01-06 04:00:00,93.06000000000145,85.8753648746461,7.184635125355356
2024-01-06 05:00:00,84.58999999998647,82.336780442283,2.253219557703474
2024-01-06 06:00:00,91.30999999999571,86.444820687033,4.8651793129627094
2024-01-06 07:00:00,96.23000000000619,100.5779578754579,-4.347957875451712
2024-01-06 08:00:00,117.67000000000124,117.85898025101491,-0.18898025101367466
2024-01-06 09:00:00,142.59999999999448,132.66741044040265,9.932589559591833
2024-01-06 10:00:00,136.28999999999633,143.2523135843481,-6.962313584351762
2024-01-06 11:00:00,137.04000000000912,145.00538253825403,-7.96538253824491
2024-01-06 12:00:00,171.9999999999962,139.57639999999984,32.423599999996355
2024-01-06 13:00:00,154.07999999999902,131.93779315214385,22.142206847855164
2024-01-06 14:00:00,156.27000000001078,134.13601878519523,22.13398121481555
2024-01-06 15:00:00,144.46999999998692,132.85819847605217,11.611801523934759
2024-01-06 16:00:00,139.65000000000182,123.62499055363169,16.025009446370134
2024-01-06 17:00:00,134.17000000000914,171.04777857656322,-36.87777857655408
2024-01-06 18:00:00,161.71499999998977,138.428676282051,23.286323717938785
2024-01-06 19:00:00,186.88999999998964,172.46460805801223,14.42539194197741
2024-01-06 20:00:00,194.15500000000816,176.89284425412094,17.262155745887213
2024-01-06 21:00:00,204.24000000000387,172.46460805801223,31.775391941991643
2024-01-06 22:00:00,180.23000000000133,174.1062483399732,6.12375166002812
2024-01-06 23:00:00,168.15499999999798,167.83604257232048,0.31895742767750335
2024-01-07 00:00:00,154.4900000000032,134.13601878519523,20.35398121480796
2024-01-07 01:00:00,134.05000000000186,120.73580198042873,13.314198019573126
2024-01-07 02:00:00,105.72999999998942,102.86930992959125,2.8606900703981637
2024-01-07 03:00:00,96.23000000000528,91.36549118511769,4.864508814887586
2024-01-07 04:00:00,92.39000000000121,82.336780442283,10.053219557718208
2024-01-07 05:00:00,82.34000000000472,82.336780442283,0.0032195577217208893
2024-01-07 06:00:00,83.68999999999167,103.68004783330389,-19.990047833312218
2024-01-07 07:00:00,85.21000000000376,86.52295402917534,-1.3129540291715784
2024-01-07 08:00:00,103.38000000000491,103.63730288836824,-0.25730288836332704
2024-01-07 09:00:00,134.24000000000237,127.9478046557768,6.292195344225561
2024-01-07 10:00:00,146.32999999998293,120.49039654834114,25.839603451641793
2024-01-07 11:00:00,144.38000000002248,134.63959504030987,9.740404959712606
2024-01-07 12:00:00,165.07999999999066,137.28697982415673,27.79302017583393
2024-01-07 13:00:00,164.63999999999902,134.5202164222259,30.11978357777312
2024-01-07 14:00:00,151.99000000000208,127.35332560123783,24.636674398764256
2024-01-07 15:00:00,148.12999999999707,115.07308945440613,33.05691054559094
2024-01-07 16:00:00,145.35999999999135,124.04452308815142,21.315476911839923
2024-01-07 17:00:00,151.09000000001146,153.8400760124607,-2.750076012449256
2024-01-07 18:00:00,177.45999999998827,155.87893456736924,21.581065432619027
2024-01-07 19:00:00,209.07999999999993,176.89284425412094,32.18715574587898
2024-01-07 20:00:00,199.49000000000495,182.34449089567363,17.145509104331325
2024-01-07 21:00:00,195.65999999999406,175.1994645109679,20.460535489026142
2024-01-07 22:00:00,185.55000000000086,177.1518240435681,8.398175956432766
2024-01-07 23:00:00,172.42999999999455,142.7845754366409,29.645424563353657
2024-01-08 00:00:00,144.18000000000282,137.03685443390913,7.143145566093693
2024-01-08 01:00:00,128.71499999999568,118.21328465323761,10.501715346758075
2024-01-08 02:00:00,99.8300000000032,99.88530226608216,-0.05530226607896793
2024-01-08 03:00:00,90.77999999999899,104.11283995042842,-13.332839950429431
2024-01-08 04:00:00,87.76000000000553,82.336780442283,5.423219557722533
2024-01-08 05:00:00,85.08999999998863,102.86930992959125,-17.77930992960262
2024-01-08 06:00:00,90.14999999999353,86.444820687033,3.7051793129605244
2024-01-08 07:00:00,99.49999999999855,107.80592490842434,-8.305924908425794
2024-01-08 08:00:00,125.79000000001143,137.81362818789,-12.023628187878572
2024-01-08 09:00:00,125.65000000000006,136.80122192354622,-11.15122192354616
2024-01-08 10:00:00,122.42000000000226,117.33191988409601,5.088080115906251
2024-01-08 11:00:00,111.21000000000353,114.3302037545779,-3.120203754574362
2024-01-08 12:00:00,104.4499999999986,130.39564066054865,-25.945640660550055
2024-01-08 13:00:00,137.91000000000363,117.33191988409601,20.578080115907625
2024-01-08 14:00:00,121.97000000000091,115.61353889104429,6.356461108956623
2024-01-08 15:00:00,124.61500000000618,120.49039654834114,4.124603451665038
2024-01-08 16:00:00,118.86999999999863,115.61353889104429,3.2564611089543405
2024-01-08 17:00:00,118.9299999999952,131.6059115354211,-12.675911535425882
2024-01-08 18:00:00,162.57000000000116,132.04395597986496,30.526044020136197
2024-01-08 19:00:00,176.3699999999974,178.79346432552907,-2.4234643255316826
2024-01-08 20:00:00,207.01999999999964,182.34449089567363,24.67550910432601
2024-01-08 21:00:00,190.84999999999866,177.1518240435681,13.69817595643056
2024-01-08 22:00:00,178.1199999999887,177.1518240435681,0.9681759564205947
2024-01-08 23:00:00,164.6800000000058,172.52325855787632,-7.843258557870513
2024-01-09 00:00:00,138.65000000000543,153.14005477988863,-14.490054779883195
2024-01-09 01:00:00,129.56999999999633,129.62233175914946,-0.05233175915313382
2024-01-09 02:00:00,94.56000000001458,95.9833264206722,-1.4233264206576166
2024-01-09 03:00:00,88.42999999999469,82.336780442283,6.093219557711691
2024-01-09 04:00:00,86.5300000000021,82.336780442283,4.193219557719104
2024-01-09 05:00:00,82.91499999999607,82.336780442283,0.5782195577130693
2024-01-09 06:00:00,89.52999999999386,86.444820687033,3.085179312960861
2024-01-09 07:00:00,104.52999999999949,106.7407291666666,-2.2107291666671074
2024-01-09 08:00:00,124.58500000000213,128.2523239227191,-3.6673239227169887
2024-01-09 09:00:00,136.95999999999387,130.93865605795287,6.021343942041
2024-01-09 10:00:00,123.74999999999707,115.5424999637297,8.207500036267376
2024-01-09 11:00:00,117.06499999999036,110.2445360195359,6.820463980454463
2024-01-09 12:00:00,122.60000000000738,108.9903885357157,13.609611464291689
2024-01-09 13:00:00,120.8700000000013,123.30825679598854,-2.438256795987243
2024-01-09 14:00:00,125.47999999999993,115.5424999637297,9.937500036270237
2024-01-09 15:00:00,131.33999999999347,127.6045215714018,3.7354784285916622
2024-01-09 16:00:00,127.45000000000923,122.26166632531132,5.188333674697901
2024-01-09 17:00:00,134.55999999999287,147.6698188307575,-13.109818830764624
2024-01-09 18:00:00,167.78000000000378,142.8762279997352,24.90377200026859
2024-01-09 19:00:00,190.47000000001674,162.43198996655525,28.03801003346149
2024-01-09 20:00:00,202.2999999999903,177.1518240435681,25.148175956422193
2024-01-09 21:00:00,190.95000000000323,177.1518240435681,13.79817595643513
2024-01-09 22:00:00,184.31000000001467,177.1518240435681,7.15817595644657
2024-01-09 23:00:00,182.8299999999967,166.95458167330787,15.875418326688816
2024-01-10 00:00:00,145.81000000000245,161.75635608522904,-15.946356085226597
2024-01-10 01:00:00,125.06000000001613,136.72945644149104,-11.669456441474907
2024-01-10 02:00:00,98.6800000000039,115.84335258142913,-17.16335258142523
2024-01-10 03:00:00,99.41999999998788,96.219569886436,3.2004301135518745
2024-01-10 04:00:00,85.07999999999228,82.336780442283,2.7432195577092813
2024-01-10 05:00:00,82.70000000000337,100.32761013118599,-17.62761013118262
2024-01-10 06:00:00,87.8600000000014,85.17059168174407,2.6894083182573354
2024-01-10 07:00:00,114.14000000001298,118.167843796711,-4.027843796698022
2024-01-10 08:00:00,126.86000000000068,128.2523239227191,-1.3923239227184325
2024-01-10 09:00:00,136.74999999999795,130.93865605795287,5.8113439420450845
2024-01-10 10:00:00,134.28999999999292,129.7221442721792,4.567855727813708
2024-01-10 11:00:00,122.510000000009,130.9541258108851,-8.444125810876102
2024-01-10 12:00:00,133.70999999999466,108.9903885357157,24.71961146427897
2024-01-10 13:00:00,123.72000000000813,124.25933052574,-0.5393305257318701
2024-01-10 14:00:00,121.38999999999797,114.3302037545779,7.059796245420074
2024-01-10 15:00:00,116.96999999999915,124.25933052574,-7.289330525740851
2024-01-10 16:00:00,124.77000000000206,117.72513846673397,7.04486153326809
2024-01-10 17:00:00,124.14999999998705,133.2594232178442,-9.109423217857142
2024-01-10 18:00:00,146.07999999999507,207.51747747747862,-61.437477477483554
2024-01-10 19:00:00,193.94000000001012,185.8494845360828,8.090515463927318
2024-01-10 20:00:00,217.25999999999073,177.1518240435681,40.10817595642263
2024-01-10 21:00:00,193.419999999999,182.34449089567363,11.075509104325363
2024-01-10 22:00:00,189.4099999999999,176.89284425412094,12.517155745878966
2024-01-10 23:00:00,190.56999999999482,170.47029534689275,20.099704653102066
2024-01-11 00:00:00,149.17999999997193,140.3081106639837,8.871889335988214
2024-01-11 01:00:00,134.10499999998478,118.21328465323761,15.891715346747176
2024-01-11 02:00:00,96.44000000001003,95.9833264206722,0.45667357933783137
2024-01-11 03:00:00,95.45999999999285,97.53562027374518,-2.0756202737523353
2024-01-11 04:00:00,89.22500000000124,106.81464183859444,-17.589641838593195
2024-01-11 05:00:00,83.79000000000102,82.336780442283,1.4532195577180147
2024-01-11 06:00:00,91.10999999999703,106.81464183859444,-15.70464183859741
2024-01-11 07:00:00,107.8400000000129,106.7407291666666,1.09927083334631
2024-01-11 08:00:00,123.62000000001431,130.15493638930377,-6.534936389289456
2024-01-11 09:00:00,135.7699999999937,120.14541197100803,15.62458802898567
2024-01-11 10:00:00,129.41999999999524,119.38247286844314,10.037527131552096
2024-01-11 11:00:00,114.04999999999714,125.21000233296697,-11.160002332969825
2024-01-11 12:00:00,117.61999999999225,151.01368228690717,-33.393682286914924
2024-01-11 13:00:00,124.35499999999101,141.4172188449845,-17.06221884499348
2024-01-11 14:00:00,114.98999999999612,116.97183328878171,-1.9818332887855945
2024-01-11 15:00:00,119.14000000001752,124.04452308815142,-4.9045230881338995
2024-01-11 16:00:00,117.67999999999805,181.41641729581207,-63.73641729581402
2024-01-11 17:00:00,133.9000000000024,135.5854425531912,-1.6854425531888069
2024-01-11 18:00:00,145.20999999999864,142.8762279997352,2.333772000263451
2024-01-11 19:00:00,180.13000000000557,182.34449089567363,-2.214490895668064
2024-01-11 20:00:00,201.75000000000392,177.1518240435681,24.598175956435824
2024-01-11 21:00:00,183.37999999999755,182.34449089567363,1.0355091043239213
2024-01-11 22:00:00,191.1299999999984,172.46460805801223,18.665391941986172
2024-01-11 23:00:00,185.72000000000168,172.46460805801223,13.255391941989444
2024-01-12 00:00:00,155.97000000000344,140.6923083010144,15.277691698989031
2024-01-12 01:00:00,131.33999999998505,132.19538146551633,-0.8553814655312806
2024-01-12 02:00:00,101.63999999999308,103.69598677619771,-2.0559867762046338
2024-01-12 03:00:00,90.89000000000155,96.219569886436,-5.329569886434456
2024-01-12 04:00:00,93.66000000000523,96.219569886436,-2.559569886430779
2024-01-12 05:00:00,83.4549999999949,96.219569886436,-12.764569886441109
2024-01-12 06:00:00,93.69000000000008,110.92268208334443,-17.232682083344343
2024-01-12 07:00:00,107.58999999998971,119.68041666666639,-12.090416666676674
2024-01-12 08:00:00,120.10999999999424,140.4406547798883,-20.330654779894047
2024-01-12 09:00:00,125.3899999999956,127.6045215714018,-2.214521571406209
2024-01-12 10:00:00,132.73000000000113,118.67709396902025,14.052906030980878
2024-01-12 11:00:00,114.54500000000249,118.67709396902025,-4.13209396901776
2024-01-12 12:00:00,119.00999999999809,111.14093165376474,7.869068346233348
2024-01-12 13:00:00,129.1000000000084,114.9098656311636,14.19013436884481
2024-01-12 14:00:00,118.38000000000122,132.85673827746976,-14.476738277468542
2024-01-12 15:00:00,115.24999999999685,130.9541258108851,-15.704125810888257
2024-01-12 16:00:00,123.75999999999542,125.73659012932137,-1.976590129325956
2024-01-12 17:00:00,126.44000000000537,129.47696825396795,-3.036968253962584
2024-01-12 18:00:00,154.14999999999677,144.93423934965068,9.215760650346084
2024-01-12 19:00:00,180.4650000000073,215.4278041624848,-34.96280416247748
2024-01-12 20:00:00,186.0400000000002,170.7292751363399,15.310724863660283
2024-01-12 21:00:00,179.09999999999962,177.34096432552985,1.7590356744697715
2024-01-12 22:00:00,168.13000000000798,177.1518240435681,-9.021824043560116
2024-01-12 23:00:00,168.6499999999981,170.7292751363399,-2.0792751363418063
2024-01-13 00:00:00,169.09999999999621,154.99333462033414,14.106665379662076
2024-01-13 01:00:00,147.05999999999278,148.3913636363647,-1.3313636363719183
2024-01-13 02:00:00,107.08999999999824,95.9833264206722,11.106673579326042
2024-01-13 03:00:00,94.64000000000496,92.04549396327357,2.5945060367313886
2024-01-13 04:00:00,90.52000000000461,85.8753648746461,4.644635125358519
2024-01-13 05:00:00,83.45000000000087,82.336780442283,1.1132195577178692
2024-01-13 06:00:00,87.20999999999518,82.336780442283,4.873219557712176
2024-01-13 07:00:00,93.63000000001293,100.5779578754579,-6.9479578754449705
2024-01-13 08:00:00,113.13999999998444,108.38031876138413,4.759681238600308
2024-01-13 09:00:00,129.5100000000011,128.08703084625336,1.4229691537477436
2024-01-13 10:00:00,139.95000000000834,131.61560858929116,8.334391410717188
2024-01-13 11:00:00,145.87999999999488,140.11778964812066,5.7622103518742165
2024-01-13 12:00:00,137.59000000000592,154.6550547798873,-17.065054779881393
2024-01-13 13:00:00,149.09999999999653,153.9507826887649,-4.850782688768362
2024-01-13 14:00:00,147.8500000000011,163.72140141467727,-15.871401414676171
2024-01-13 15:00:00,142.34000000000307,130.68078821964176,11.659211780361318
2024-01-13 16:00:00,140.34999999999982,136.36102393950637,3.9889760604934565
2024-01-13 17:00:00,140.06999999999914,171.04777857656322,-30.977778576564077
2024-01-13 18:00:00,162.05999999999722,139.12508771929723,22.93491228069999
2024-01-13 19:00:00,189.42000000000314,176.89284425412094,12.527155745882197
2024-01-13 20:00:00,179.68999999999681,182.34449089567363,-2.6544908956768154
2024-01-13 21:00:00,180.37999999999442,190.93540537118332,-10.555405371188897
2024-01-13 22:00:00,185.5300000000061,182.34449089567363,3.185509104332482
2024-01-13 23:00:00,166.0899999999836,172.46460805801223,-6.3746080580286275
2024-01-14 00:00:00,158.59000000000424,134.64352390180895,23.94647609819529
2024-01-14 01:00:00,140.57000000001278,120.73580198042873,19.83419801958405
2024-01-14 02:00:00,107.7499999999878,114.29105872835615,-6.541058728368341
2024-01-14 03:00:00,91.69999999999786,110.35322627095752,-18.653226270959664
2024-01-14 04:00:00,86.37000000001595,82.336780442283,4.033219557732949
2024-01-14 05:00:00,82.81999999998871,82.336780442283,0.48321955770570924
2024-01-14 06:00:00,80.2100000000037,88.50690953091049,-8.296909530906788
2024-01-14 07:00:00,83.1599999999979,88.50690953091049,-5.346909530912598
2024-01-14 08:00:00,100.30000000000186,100.70188644688636,-0.4018864468845038
2024-01-14 09:00:00,120.50000000000344,128.51982296337792,-8.01982296337448
2024-01-14 10:00:00,135.35000000000443,156.55833333333183,-21.208333333327403
2024-01-14 11:00:00,155.47000000000273,135.1425603436785,20.32743965632423
2024-01-14 12:00:00,156.4999999999955,161.75635608522904,-5.256356085233534
2024-01-14 13:00:00,174.91000000001128,163.18611602210123,11.723883977910049
2024-01-14 14:00:00,170.40999999998567,139.9013494330762,30.508650566909466
2024-01-14 15:00:00,171.18000000001217,170.56414414414257,0.6158558558695972
2024-01-14 16:00:00,169.1099999999936,151.25295649568756,17.857043504306034
2024-01-14 17:00:00,166.21000000000495,143.15735314250531,23.05264685749964
2024-01-14 18:00:00,191.02999999999145,156.89390678169175,34.13609321829969
2024-01-14 19:00:00,202.82000000000306,176.89284425412094,25.927155745882118
2024-01-14 20:00:00,207.08000000000357,182.34449089567363,24.735509104329935
2024-01-14 21:00:00,200.03499999999337,175.92194198844544,24.113058011547935
2024-01-14 22:00:00,195.4300000000049,183.9861311776346,11.443868822370291
2024-01-14 23:00:00,173.84999999999667,156.9954567583047,16.85454324169197
2024-01-15 00:00:00,145.87000000000253,135.83097598061937,10.039024019383163
2024-01-15 01:00:00,138.05000000000084,125.75320145270373,12.2967985472971
2024-01-15 02:00:00,98.53000000000137,109.15162167456327,-10.621621674561908
2024-01-15 03:00:00,86.47000000000375,82.336780442283,4.13321955772075
2024-01-15 04:00:00,83.25999999998973,82.336780442283,0.9232195577067301
2024-01-15 05:00:00,79.26999999999848,82.336780442283,-3.066780442284525
2024-01-15 06:00:00,89.86999999999372,85.17059168174407,4.699408318249652
2024-01-15 07:00:00,99.30999999999452,120.07818181818163,-20.768181818187117
2024-01-15 08:00:00,115.64999999999733,137.81362818789,-22.16362818789267
2024-01-15 09:00:00,133.91000000000358,131.37144817507743,2.538551824926145
2024-01-15 10:00:00,117.92000000001414,127.2610466552581,-9.341046655243957
2024-01-15 11:00:00,113.5349999999961,127.39392453103055,-13.858924531034447
2024-01-15 12:00:00,123.65000000000387,123.30825679598854,0.3417432040153301
2024-01-15 13:00:00,134.87999999998678,130.39564066054865,4.484359339438129
2024-01-15 14:00:00,125.40000000001734,130.39564066054865,-4.995640660531308
2024-01-15 15:00:00,124.4500000000032,130.39564066054865,-5.94564066054545
2024-01-15 16:00:00,117.57999999998444,101.32082260108302,16.259177398901414
2024-01-15 17:00:00,121.68000000001624,158.04536182336165,-36.36536182334541
2024-01-15 18:00:00,148.93000000001217,144.93423934965068,3.9957606503614898
2024-01-15 19:00:00,191.02999999998963,177.1518240435681,13.87817595642153
2024-01-15 20:00:00,196.23000000000604,177.1518240435681,19.078175956437946
2024-01-15 21:00:00,185.98999999998944,177.1518240435681,8.838175956421338
2024-01-15 22:00:00,185.40999999999713,177.1518240435681,8.258175956429028
2024-01-15 23:00:00,166.24000000000757,172.52325855787632,-6.2832585578687485
2024-01-16 00:00:00,145.31999999999658,146.69604945054948,-1.3760494505528982
2024-01-16 01:00:00,142.0099999999925,128.07547901821044,13.934520981782043
2024-01-16 02:00:00,99.67999999999032,87.37556216641784,12.304437833572479
2024-01-16 03:00:00,88.00000000000571,85.17059168174407,2.829408318261642
2024-01-16 04:00:00,81.54000000000511,85.17059168174407,-3.630591681738963
2024-01-16 05:00:00,81.359999999998,86.444820687033,-5.0848206870350054
2024-01-16 06:00:00,85.32999999999791,85.8753648746461,-0.5453648746481861
2024-01-16 07:00:00,96.31000000000424,131.03270833333363,-34.72270833332939
2024-01-16 08:00:00,126.53000000000665,140.0564571428576,-13.526457142850944
2024-01-16 09:00:00,119.72999999997862,124.40769495906136,-4.677694959082743
2024-01-16 10:00:00,118.05000000001533,127.6045215714018,-9.554521571386474
2024-01-16 11:00:00,112.53999999999255,134.63959504030987,-22.099595040317325
2024-01-16 12:00:00,115.01999999999927,127.39392453103055,-12.373924531031278
2024-01-16 13:00:00,115.76999999999597,127.2610466552581,-11.491046655262124
2024-01-16 14:00:00,109.74000000000595,132.85673827746976,-23.11673827746381
2024-01-16 15:00:00,122.52999999999136,118.91719827586165,3.61280172412971
2024-01-16 16:00:00,114.24999999999628,127.6045215714018,-13.354521571405527
2024-01-16 17:00:00,113.35000000000744,117.00944961924337,-3.6594496192359287
2024-01-16 18:00:00,144.3499999999985,155.87893456736924,-11.528934567370754
2024-01-16 19:00:00,193.18000000000637,209.0187502252569,-15.838750225250521
2024-01-16 20:00:00,181.15000000000424,182.34449089567363,-1.1944908956693894
2024-01-16 21:00:00,175.12999999998465,176.89284425412094,-1.7628442541362972
2024-01-16 22:00:00,185.6300000000005,176.89284425412094,8.737155745879562
2024-01-16 23:00:00,162.6099999999944,172.46460805801223,-9.854608058017845
2024-01-17 00:00:00,145.65999999998502,135.83097598061937,9.829024019365647
2024-01-17 01:00:00,139.160000000005,125.32040933557919,13.839590664425813
2024-01-17 02:00:00,99.91000000001301,119.58373070607571,-19.6737307060627
2024-01-17 03:00:00,98.81000000000105,85.8753648746461,12.934635125354959
2024-01-17 04:00:00,88.54999999999868,82.336780442283,6.213219557715675
2024-01-17 05:00:00,80.77000000000092,82.336780442283,-1.5667804422820808
2024-01-17 06:00:00,89.0599999999944,86.444820687033,2.615179312961402
2024-01-17 07:00:00,99.89000000000485,103.61075824175657,-3.7207582417517244
2024-01-17 08:00:00,119.47999999998959,140.0564571428576,-20.57645714286801
2024-01-17 09:00:00,135.460000000007,129.7418754129307,5.718124587076289
2024-01-17 10:00:00,124.09999999999732,117.89040503443246,6.209594965564861
2024-01-17 11:00:00,113.57999999999666,120.96814556305486,-7.3881455630582025
2024-01-17 12:00:00,127.49000000001132,118.67709396902025,8.812906030991073
2024-01-17 13:00:00,125.93000000000612,130.39564066054865,-4.465640660542533
2024-01-17 14:00:00,125.64999999999421,132.85673827746976,-7.2067382774755515
2024-01-17 15:00:00,129.79999999999347,118.67709396902025,11.122906030973226
2024-01-17 16:00:00,128.61999999999844,142.6004213531013,-13.980421353102855
2024-01-17 17:00:00,144.15000000000427,141.01540957376602,3.1345904262382476
2024-01-17 18:00:00,167.91999999999814,155.99097791072242,11.929022089275719
2024-01-17 19:00:00,187.50000000000358,178.79346432552907,8.706535674474509
2024-01-17 20:00:00,193.99999999999164,177.1518240435681,16.848175956423546
2024-01-17 21:00:00,189.48499999999444,177.1518240435681,12.333175956426345
2024-01-17 22:00:00,189.22000000000895,182.34449089567363,6.875509104335322
2024-01-17 23:00:00,187.70999999999788,175.92194198844544,11.788058011552437
2024-01-18 00:00:00,149.46999999999554,140.3081106639837,9.161889336011825
2024-01-18 01:00:00,129.35999999999265,127.89193040293105,1.4680695970616
2024-01-18 02:00:00,100.03000000000165,112.70875857613858,-12.678758576136929
2024-01-18 03:00:00,90.40999999999909,86.444820687033,3.965179312966086
2024-01-18 04:00:00,92.42999999999606,86.444820687033,5.985179312963055
2024-01-18 05:00:00,81.57000000000178,86.444820687033,-4.874820687031217
2024-01-18 06:00:00,84.06000000000247,86.444820687033,-2.384820687030526
2024-01-18 07:00:00,101.01000000000866,120.07818181818163,-19.068181818172974
2024-01-18 08:00:00,132.29999999999254,139.6496959119501,-7.349695911957554
2024-01-18 09:00:00,132.69999999999692,132.88402104503282,-0.18402104503590522
2024-01-18 10:00:00,123.55999999999219,134.5202164222259,-10.960216422233714
2024-01-18 11:00:00,130.73999999999424,107.62236839420532,23.117631605788915
2024-01-18 12:00:00,120.58000000000013,120.10642729407226,0.4735727059278645
2024-01-18 13:00:00,121.98000000000323,115.12046267153485,6.859537328468377
2024-01-18 14:00:00,116.37999999999144,134.9795669740891,-18.599566974097655
2024-01-18 15:00:00,111.19999999999905,120.49039654834114,-9.290396548342088
2024-01-18 16:00:00,120.64999999999813,129.7221442721792,-9.072144272181077
2024-01-18 17:00:00,127.13999999999677,128.2523239227191,-1.1123239227223394
2024-01-18 18:00:00,152.69000000000148,133.89453788178355,18.795462118217927
2024-01-18 19:00:00,176.58500000000447,162.50416164233803,14.080838357666437
2024-01-18 20:00:00,183.0900000000011,182.34449089567363,0.745509104327482
2024-01-18 21:00:00,181.16999999999496,182.34449089567363,-1.174490895678673
2024-01-18 22:00:00,181.5400000000135,176.89284425412094,4.647155745892547
2024-01-18 23:00:00,169.07999999998634,177.1518240435681,-8.071824043581756
2024-01-19 00:00:00,158.4400000000091,138.37997316495643,20.060026835052668
2024-01-19 01:00:00,126.12999999999946,132.99585714285652,-6.865857142857067
2024-01-19 02:00:00,109.90000000000313,99.39253458940784,10.507465410595287
2024-01-19 03:00:00,92.10999999999953,86.444820687033,5.665179312966529
2024-01-19 04:00:00,87.70999999999603,86.444820687033,1.2651793129630278
2024-01-19 05:00:00,81.82000000001264,86.444820687033,-4.62482068702036
2024-01-19 06:00:00,87.17999999999776,92.61494977566048,-5.434949775662716
2024-01-19 07:00:00,103.43999999999787,102.56191337719305,0.8780866228048154
2024-01-19 08:00:00,120.9099999999855,131.37144817507743,-10.461448175091931
2024-01-19 09:00:00,131.60999999999004,123.8315313756113,7.778468624378732
2024-01-19 10:00:00,132.4800000000133,121.16934803469817,11.310651965315117
2024-01-19 11:00:00,130.3499999999879,118.67709396902025,11.672906030967638
2024-01-19 12:00:00,122.18000000001192,134.5202164222259,-12.340216422213985
2024-01-19 13:00:00,129.70999999999964,127.39392453103055,2.316075468969089
2024-01-19 14:00:00,118.6200000000076,119.80056870839022,-1.1805687083826228
2024-01-19 15:00:00,125.33999999999585,130.39564066054865,-5.055640660552797
2024-01-19 16:00:00,117.98999999999111,108.08202201686181,9.9079779831293
2024-01-19 17:00:00,126.71999999999653,113.02991860147326,13.690081398523276
2024-01-19 18:00:00,150.68000000000728,135.95254923169904,14.727450768308245
2024-01-19 19:00:00,179.32000000000158,177.1518240435681,2.168175956433487
2024-01-19 20:00:00,183.56000000001023,185.7427385190778,-2.1827385190675557
2024-01-19 21:00:00,173.36999999998784,177.1518240435681,-3.781824043580258
2024-01-19 22:00:00,196.94000000001125,177.1518240435681,19.788175956443155
2024-01-19 23:00:00,170.9199999999982,162.43198996655525,8.488010033442947
2024-01-20 00:00:00,160.5599999999996,154.6550547798873,5.904945220112296
2024-01-20 01:00:00,132.310000000003,135.80601726726712,-3.4960172672641363
2024-01-20 02:00:00,104.87000000000452,95.9833264206722,8.886673579332324
2024-01-20 03:00:00,102.66000000000147,97.53562027374518,5.124379726256294
2024-01-20 04:00:00,87.70999999999307,82.336780442283,5.3732195577100725
2024-01-20 05:00:00,82.66499999999817,82.336780442283,0.3282195577151725
2024-01-20 06:00:00,81.95000000000661,96.219569886436,-14.269569886429395
2024-01-20 07:00:00,89.39999999999853,117.4864300976804,-28.08643009768187
2024-01-20 08:00:00,105.64999999999398,134.97944936935536,-29.329449369361384
2024-01-20 09:00:00,125.01999999999883,131.98065243988393,-6.960652439885095
2024-01-20 10:00:00,151.17999999999662,137.90109079754632,13.278909202450308
2024-01-20 11:00:00,140.4999999999865,174.94341811414307,-34.44341811415657
2024-01-20 12:00:00,149.96000000001342,149.84701048951098,0.11298951050244455
2024-01-20 13:00:00,155.85000000000647,141.53093420391795,14.319065796088523
2024-01-20 14:00:00,144.78999999998953,163.6823624721949,-18.892362472205377
2024-01-20 15:00:00,141.62000000000833,136.981314039147,4.638685960861324
2024-01-20 16:00:00,155.36999999999665,136.981314039147,18.388685960849642
2024-01-20 17:00:00,140.96999999998988,147.08150931676965,-6.111509316779774
2024-01-20 18:00:00,161.77000000000618,150.85757845148527,10.91242154852091
2024-01-20 19:00:00,187.51000000001835,177.1518240435681,10.358175956450253
2024-01-20 20:00:00,185.3999999999901,176.89284425412094,8.507155745869142
2024-01-20 21:00:00,192.22999999999553,176.89284425412094,15.337155745874583
2024-01-20 22:00:00,195.66999999999246,182.21731786941467,13.452682130577784
2024-01-20 23:00:00,169.44000000000148,156.72346432552916,12.716535674472311
2024-01-21 00:00:00,146.70000000000852,145.42411703239347,1.275882967615047
2024-01-21 01:00:00,129.81999999999945,133.25815774019264,-3.4381577401931906
2024-01-21 02:00:00,103.95000000001065,108.71882955743871,-4.768829557428063
2024-01-21 03:00:00,92.23999999998776,82.336780442283,9.903219557704759
2024-01-21 04:00:00,84.04000000000556,82.336780442283,1.7032195577225622
2024-01-21 05:00:00,81.11999999999804,82.336780442283,-1.216780442284957
2024-01-21 06:00:00,80.8500000000046,88.50690953091049,-7.656909530905892
2024-01-21 07:00:00,86.27000000000194,86.52295402917534,-0.25295402917339516
2024-01-21 08:00:00,98.44999999999769,117.85898025101491,-19.408980251017226
2024-01-21 09:00:00,125.63999999999172,134.9620029761905,-9.322002976198775
2024-01-21 10:00:00,152.74000000000714,125.21000233296697,27.529997667040178
2024-01-21 11:00:00,146.97000000000884,141.52082770817202,5.449172291836817
2024-01-21 12:00:00,160.26999999999924,149.98373079234858,10.286269207650662
2024-01-21 13:00:00,166.3299999999906,141.37172144655406,24.958278553436543
2024-01-21 14:00:00,159.61000000001087,138.76417080198712,20.84582919802375
2024-01-21 15:00:00,155.46999999999355,125.73659012932137,29.733409870672176
2024-01-21 16:00:00,150.25999999999206,156.999926012461,-6.739926012468942
2024-01-21 17:00:00,179.8400000000101,156.999926012461,22.84007398754909
2024-01-21 18:00:00,197.5699999999881,190.66308791208806,6.906912087900054
2024-01-21 19:00:00,202.03000000001583,209.11781786941526,-7.08781786939943
2024-01-21 20:00:00,214.6299999999943,185.7427385190778,28.88726148091652
2024-01-21 21:00:00,193.47999999999422,176.89284425412094,16.587155745873275
2024-01-21 22:00:00,189.95000000000664,185.48375872963064,4.466241270376003
2024-01-21 23:00:00,188.6700000000081,172.26427876842916,16.405721231578923
2024-01-22 00:00:00,153.29999999999416,128.29105918115323,25.008940818840927
2024-01-22 01:00:00,120.94999999999916,121.65288991379931,-0.7028899138001492
2024-01-22 02:00:00,98.54999999999032,97.53562027374518,1.0143797262451386
2024-01-22 03:00:00,87.70000000001002,88.50690953091049,-0.8069095309004695
2024-01-22 04:00:00,91.15000000000217,82.336780442283,8.813219557719165
2024-01-22 05:00:00,82.86500000000663,82.336780442283,0.5282195577236308
2024-01-22 06:00:00,84.49000000000771,86.444820687033,-1.9548206870252898
2024-01-22 07:00:00,100.26999999998512,126.89899879227039,-26.628998792285273
2024-01-22 08:00:00,122.84999999999927,130.93865605795287,-8.0886560579536
2024-01-22 09:00:00,118.7000000000111,129.7221442721792,-11.022144272168106
2024-01-22 10:00:00,115.72999999999266,130.9541258108851,-15.224125810892446
2024-01-22 11:00:00,110.53000000000944,105.6133731925676,4.916626807441844
2024-01-22 12:00:00,118.52999999999398,117.707219097726,0.8227809022679793
2024-01-22 13:00:00,127.12999999999305,130.39564066054865,-3.2656406605556043
2024-01-22 14:00:00,132.85000000000915,118.67709396902025,14.172906030988898
2024-01-22 15:00:00,124.19999999999382,126.20469551281994,-2.0046955128261175
2024-01-22 16:00:00,122.47999999999294,120.26210574835552,2.217894251637418
2024-01-22 17:00:00,126.45000000000195,129.27989220007407,-2.8298922000721234
2024-01-22 18:00:00,152.4600000000065,128.6234139744456,23.836586025560877
2024-01-22 19:00:00,174.72999999999064,177.1518240435681,-2.421824043577459
2024-01-22 20:00:00,196.149999999993,177.1518240435681,18.998175956424916
2024-01-22 21:00:00,191.07000000000443,177.1518240435681,13.918175956436329
2024-01-22 22:00:00,192.85000000000116,176.89284425412094,15.957155745880215
2024-01-22 23:00:00,179.41000000000741,174.1062483399732,5.303751660034209
2024-01-23 00:00:00,158.50000000000188,143.45907170294524,15.040928297056638
2024-01-23 01:00:00,129.48999999999543,120.49039654834114,8.999603451654295
2024-01-23 02:00:00,103.74999999999838,111.58925684019016,-7.83925684019178
2024-01-23 03:00:00,75.5499999999934,82.336780442283,-6.786780442289597
2024-01-23 04:00:00,86.58000000001326,82.336780442283,4.2432195577302565
2024-01-23 05:00:00,92.90999999999386,82.336780442283,10.573219557710857
2024-01-23 06:00:00,90.01999999998188,86.444820687033,3.575179312948876
2024-01-23 07:00:00,105.40999999999528,106.7407291666666,-1.3307291666713184
2024-01-23 08:00:00,120.8099999999964,115.85894432313188,4.951055676864527
2024-01-23 09:00:00,120.95000000000616,120.17366279069799,0.7763372093081671
2024-01-23 10:00:00,114.99999999999065,117.15220584339842,-2.1522058434077707
2024-01-23 11:00:00,116.25999999999325,101.32082260108302,14.939177398910232
2024-01-23 12:00:00,112.66000000000545,134.5202164222259,-21.860216422220446
2024-01-23 13:00:00,130.57999999999484,122.8016697306975,7.778330269297342
2024-01-23 14:00:00,123.39000000000547,134.5202164222259,-11.130216422220428
2024-01-23 15:00:00,113.71000000000969,115.5424999637297,-1.8324999637200108
2024-01-23 16:00:00,116.10999999999305,115.5424999637297,0.567500036263354
2024-01-23 17:00:00,135.9899999999955,122.8016697306975,13.188330269297992
2024-01-23 18:00:00,151.81999999998388,135.95254923169904,15.86745076828484
2024-01-23 19:00:00,180.19000000001387,154.12132146838576,26.06867853162811
2024-01-23 20:00:00,183.68999999999858,182.34449089567363,1.3455091043249467
2024-01-23 21:00:00,192.10999999999805,177.1518240435681,14.958175956429955
2024-01-23 22:00:00,181.9399999999976,176.89284425412094,5.047155745876665
2024-01-23 23:00:00,163.31499999999232,172.26427876842916,-8.949278768436841
2024-01-24 00:00:00,153.81999999998473,142.27315599343194,11.546844006552789
2024-01-24 01:00:00,139.5899999999962,128.07547901821044,11.51452098178575
2024-01-24 02:00:00,102.74999999999167,99.88530226608216,2.8646977339095088
2024-01-24 03:00:00,90.55000000000572,82.336780442283,8.213219557722724
2024-01-24 04:00:00,87.93999999998888,82.336780442283,5.603219557705884
2024-01-24 05:00:00,84.73999999999941,106.81464183859444,-22.074641838595028
2024-01-24 06:00:00,91.43999999999821,86.444820687033,4.995179312965206
2024-01-24 07:00:00,103.20999999999779,107.80592490842434,-4.595924908426554
2024-01-24 08:00:00,121.16000000000733,130.93865605795287,-9.77865605794554
2024-01-24 09:00:00,120.29999999999106,132.28143939527268,-11.981439395281626
2024-01-24 10:00:00,114.74999999999622,115.5424999637297,-0.7924999637334764
2024-01-24 11:00:00,107.07500000000161,118.67709396902025,-11.60209396901864
2024-01-24 12:00:00,105.2799999999992,127.81953180559456,-22.53953180559536
2024-01-24 13:00:00,110.98999999999668,122.8016697306975,-11.811669730700814
2024-01-24 14:00:00,110.33999999999745,131.5185002927078,-21.178500292710368
2024-01-24 15:00:00,106.55999999999526,115.5424999637297,-8.98249996373444
2024-01-24 16:00:00,115.58999999999841,139.6496959119501,-24.05969591195168
2024-01-24 17:00:00,116.09999999998857,120.49039654834114,-4.3903965483525695
2024-01-24 18:00:00,142.47000000000097,146.01383299457996,-3.5438329945789917
2024-01-24 19:00:00,169.19999999999294,177.1518240435681,-7.951824043575158
2024-01-24 20:00:00,179.07999999999555,177.1518240435681,1.9281759564274523
2024-01-24 21:00:00,181.7399999999953,176.89284425412094,4.847155745874346
2024-01-24 22:00:00,197.90000000000032,169.74781786941526,28.15218213058506
2024-01-24 23:00:00,170.09000000000077,170.0067976588624,0.08320234113836023
2024-01-25 00:00:00,154.60999999999302,142.65735363046264,11.952646369530385
2024-01-25 01:00:00,140.7999999999868,128.45500334086972,12.344996659117072
2024-01-25 02:00:00,101.40999999999465,114.29105872835615,-12.881058728361495
2024-01-25 03:00:00,93.60000000000596,82.336780442283,11.263219557722962
2024-01-25 04:00:00,87.29999999999362,82.336780442283,4.963219557710616
2024-01-25 05:00:00,93.94999999999507,85.8753648746461,8.074635125348976
2024-01-25 06:00:00,95.62000000000839,82.336780442283,13.283219557725388
2024-01-25 07:00:00,85.23000000000427,113.21825480769229,-27.988254807688023
2024-01-25 08:00:00,117.4599999999974,131.37144817507743,-13.91144817508004
2024-01-25 09:00:00,133.08999999999875,124.46992756611125,8.6200724338875
2024-01-25 10:00:00,116.66999999999271,115.97529208085425,0.694707919138466
2024-01-25 11:00:00,114.72999999999175,126.4152925531912,-11.685292553199446
2024-01-25 12:00:00,115.41000000001364,115.5424999637297,-0.13249996371605732
2024-01-25 13:00:00,115.77000000000189,122.43576153542108,-6.665761535419193
2024-01-25 14:00:00,117.35999999999856,105.6133731925676,11.746626807430971
2024-01-25 15:00:00,117.44000000000429,117.87438280795281,-0.43438280794852346
2024-01-25 16:00:00,121.94999999999183,118.47006691101817,3.4799330889736666
2024-01-25 17:00:00,126.3299999999916,111.14093165376474,15.189068346226861
2024-01-25 18:00:00,143.66999999997725,139.3730912371184,4.2969087628588625
2024-01-25 19:00:00,181.26000000000823,177.1518240435681,4.108175956440135
2024-01-25 20:00:00,187.91000000001003,185.7427385190778,2.1672614809322397
2024-01-25 21:00:00,193.13000000000244,177.1518240435681,15.978175956434342
2024-01-25 22:00:00,198.18999999999176,177.1518240435681,21.038175956423657
2024-01-25 23:00:00,182.85000000000144,170.0067976588624,12.843202341139033
2024-01-26 00:00:00,165.89000000001198,154.27085714285664,11.619142857155339
2024-01-26 01:00:00,130.33999999998423,125.68755167958832,4.652448320395905
2024-01-26 02:00:00,107.00000000000345,95.9833264206722,11.016673579331254
2024-01-26 03:00:00,91.00000000000958,82.336780442283,8.663219557726578
2024-01-26 04:00:00,84.47000000000045,82.336780442283,2.133219557717453
2024-01-26 05:00:00,80.85999999999896,82.336780442283,-1.4767804422840385
2024-01-26 06:00:00,90.05999999999867,96.63543220291962,-6.57543220292095
2024-01-26 07:00:00,99.95000000000758,134.63959504030987,-34.689595040302294
2024-01-26 08:00:00,120.01999999999911,136.31607901821104,-16.296079018211927
2024-01-26 09:00:00,124.49000000000476,110.24825020346458,14.241749796540176
2024-01-26 10:00:00,117.43999999999707,124.46992756611125,-7.029927566114182
2024-01-26 11:00:00,118.49000000000015,115.5424999637297,2.947500036270455
2024-01-26 12:00:00,118.5499999999964,131.5185002927078,-12.968500292711411
2024-01-26 13:00:00,129.97000000000426,116.79885257887211,13.171147421132147
2024-01-26 14:00:00,128.99999999999832,117.91158176068171,11.08841823931661
2024-01-26 15:00:00,130.2299999999996,129.3407439766783,0.8892560233212805
2024-01-26 16:00:00,128.2000000000044,139.93581592883675,-11.735815928832352
2024-01-26 17:00:00,129.39999999998693,140.37181951219551,-10.971819512208583
2024-01-26 18:00:00,160.08000000000965,196.20033691062784,-36.12033691061819
2024-01-26 19:00:00,185.82999999999384,177.1518240435681,8.678175956425747
2024-01-26 20:00:00,199.73999999999552,177.1518240435681,22.58817595642742
2024-01-26 21:00:00,184.1400000000146,154.1159136809622,30.0240863190524
2024-01-26 22:00:00,175.8599999999969,177.1518240435681,-1.2918240435712107
2024-01-26 23:00:00,168.38000000000466,177.1518240435681,-8.771824043563441
2024-01-27 00:00:00,144.00999999999934,154.6041388888887,-10.594138888889375
2024-01-27 01:00:00,143.87999999999755,125.68755167958832,18.192448320409227
2024-01-27 02:00:00,109.16000000001245,93.54569125504531,15.614308744967133
2024-01-27 03:00:00,103.70999999999535,88.50690953091049,15.203090469084856
2024-01-27 04:00:00,90.82999999999859,82.336780442283,8.493219557715591
2024-01-27 05:00:00,83.78000000001506,85.17059168174407,-1.3905916817290063
2024-01-27 06:00:00,86.78999999998783,85.8753648746461,0.9146351253417322
2024-01-27 07:00:00,97.09999999999977,99.75815431879909,-2.658154318799319
2024-01-27 08:00:00,111.82000000000934,118.29177236813948,-6.471772368130132
2024-01-27 09:00:00,130.53999999999408,121.69143907340754,8.848560926586543
2024-01-27 10:00:00,150.2500000000011,150.4426480836231,-0.1926480836220037
2024-01-27 11:00:00,146.73999999999293,135.1794832287555,11.560516771237445
2024-01-27 12:00:00,154.59000000000304,138.5327778687854,16.057222131217657
2024-01-27 13:00:00,155.79000000000482,133.2649597069597,22.525040293045123
2024-01-27 14:00:00,145.5599999999993,153.1187339743595,-7.5587339743601945
2024-01-27 15:00:00,143.71000000000004,134.13601878519523,9.573981214804803
2024-01-27 16:00:00,141.85999999998785,134.13601878519523,7.723981214792616
2024-01-27 17:00:00,142.7300000000131,149.59953315531789,-6.869533155304794
2024-01-27 18:00:00,151.97999999999163,157.93694591728473,-5.956945917293098
2024-01-27 19:00:00,182.72000000000455,176.89284425412094,5.827155745883601
2024-01-27 20:00:00,181.4499999999992,182.34449089567363,-0.8944908956744371
2024-01-27 21:00:00,191.89999999999895,177.1518240435681,14.748175956430856
2024-01-27 22:00:00,200.74000000000115,177.1518240435681,23.588175956433048
2024-01-27 23:00:00,168.02000000000112,177.1518240435681,-9.13182404356698
2024-01-28 00:00:00,152.83000000000072,147.3958850129195,5.434114987081216
2024-01-28 01:00:00,152.63000000000454,127.2610466552581,25.368953344746444
2024-01-28 02:00:00,115.54999999999976,101.61170487509713,13.938295124902623
2024-01-28 03:00:00,96.68999999999286,88.50690953091049,8.183090469082373
2024-01-28 04:00:00,87.17000000002818,88.50690953091049,-1.3369095308823091
2024-01-28 05:00:00,83.9250000000064,85.8753648746461,-1.950364874639689
2024-01-28 06:00:00,81.09999999999641,85.8753648746461,-4.775364874649682
2024-01-28 07:00:00,82.68000000000487,90.06153846153842,-7.381538461533552
2024-01-28 08:00:00,101.99000000000908,100.70188644688636,1.288113553122713
2024-01-28 09:00:00,128.82999999999046,117.82235556522681,11.007644434763648
2024-01-28 10:00:00,151.7899999999992,134.97944936935536,16.81055063064383
2024-01-28 11:00:00,147.8999999999941,132.53913759022038,15.360862409773716
2024-01-28 12:00:00,169.18000000000183,127.34717132590269,41.83282867409913
2024-01-28 13:00:00,158.44000000000742,138.76417080198712,19.675829198020296
2024-01-28 14:00:00,153.43999999999554,133.45036602209925,19.98963397789629
2024-01-28 15:00:00,150.83000000000777,153.08524999999997,-2.255249999992202
2024-01-28 16:00:00,159.96999999999497,127.39392453103055,32.57607546896442
2024-01-28 17:00:00,146.6599999999897,136.0579166666662,10.60208333332352
2024-01-28 18:00:00,182.57000000000545,145.89608339680132,36.673916603204134
2024-01-28 19:00:00,196.72999999999666,176.89284425412094,19.83715574587572
2024-01-28 20:00:00,198.08000000000652,177.1518240435681,20.928175956438423
2024-01-28 21:00:00,199.82999999998913,182.34449089567363,17.485509104315497
2024-01-28 22:00:00,212.95999999999793,182.34449089567363,30.615509104324303
2024-01-28 23:00:00,171.6900000000051,176.89284425412094,-5.202844254115831
2024-01-29 00:00:00,141.9299999999951,133.43313853404658,8.496861465948513
2024-01-29 01:00:00,120.10000000000763,139.86405044678162,-19.764050446773993
2024-01-29 02:00:00,108.9299999999922,95.9833264206722,12.946673579320006
2024-01-29 03:00:00,93.09000000000574,106.81464183859444,-13.724641838588695
2024-01-29 04:00:00,85.47999999999806,82.336780442283,3.1432195577150566
2024-01-29 05:00:00,85.81000000000435,85.8753648746461,-0.06536487464174456
2024-01-29 06:00:00,84.76000000000104,85.17059168174407,-0.4105916817430284
2024-01-29 07:00:00,105.61999999999315,107.80592490842434,-2.18592490843119
2024-01-29 08:00:00,122.29000000000028,129.7648967926745,-7.47489679267423
2024-01-29 09:00:00,119.87999999999678,129.7221442721792,-9.842144272182423
2024-01-29 10:00:00,127.24000000000284,113.59785444294789,13.642145557054945
2024-01-29 11:00:00,111.45000000000474,141.8544214992925,-30.404421499287764
2024-01-29 12:00:00,123.77999999998613,117.91158176068171,5.868418239304418
2024-01-29 13:00:00,145.13000000000036,134.63959504030987,10.490404959690494
2024-01-29 14:00:00,127.83999999999449,125.73659012932137,2.1034098706731186
2024-01-29 15:00:00,126.8399999999874,115.5424999637297,11.297500036257702
2024-01-29 16:00:00,121.60000000000369,105.6133731925676,15.986626807436096
2024-01-29 17:00:00,126.73499999999534,131.39149177576374,-4.6564917757684015
2024-01-29 18:00:00,163.53999999999849,135.95254923169904,27.587450768299448
2024-01-29 19:00:00,194.36999999999864,177.1518240435681,17.218175956430542
2024-01-29 20:00:00,189.3600000000022,176.89284425412094,12.467155745881257
2024-01-29 21:00:00,191.68999999999613,193.14360734310043,-1.453607343104295
2024-01-29 22:00:00,184.5400000000016,176.89284425412094,7.647155745880667
2024-01-29 23:00:00,170.03000000000435,176.89284425412094,-6.862844254116595
2024-01-30 00:00:00,145.41999999998484,142.27315599343194,3.1468440065528966
2024-01-30 01:00:00,131.61000000000132,131.08754945054926,0.5224505494520599
2024-01-30 02:00:00,101.05000000000226,111.1564647230656,-10.10646472306334
2024-01-30 03:00:00,91.98999999998895,88.50690953091049,3.483090469078462
2024-01-30 04:00:00,90.87000000000651,88.50690953091049,2.363090469096022
2024-01-30 05:00:00,82.79000000000028,92.04549396327357,-9.255493963273295
2024-01-30 06:00:00,84.13500000001082,106.57846908155565,-22.443469081544833
2024-01-30 07:00:00,100.47000000000335,114.28345054945004,-13.813450549446685
2024-01-30 08:00:00,124.78999999999857,124.84528661488235,-0.055286614883783614
2024-01-30 09:00:00,129.32999999999848,120.14541197100803,9.184588028990447
2024-01-30 10:00:00,116.40499999999903,110.66564230643284,5.739357693566191
2024-01-30 11:00:00,111.86999999999105,117.49315585832258,-5.623155858331529
2024-01-30 12:00:00,111.47999999999385,115.12046267153485,-3.640462671541002
2024-01-30 13:00:00,120.73000000001306,131.72909733307904,-10.999097333065976
2024-01-30 14:00:00,113.89999999999627,122.1555361404429,-8.255536140446637
2024-01-30 15:00:00,110.88000000000463,130.8904263657758,-20.010426365771167
2024-01-30 16:00:00,116.979999999998,118.67709396902025,-1.697093969022248
2024-01-30 17:00:00,118.19000000001117,141.01540957376602,-22.825409573754854
2024-01-30 18:00:00,141.93999999999326,144.93423934965068,-2.99423934965742
2024-01-30 19:00:00,194.2200000000047,177.1518240435681,17.06817595643659
2024-01-30 20:00:00,184.75999999998237,182.34449089567363,2.4155091043087396
2024-01-30 21:00:00,181.8300000000093,177.1518240435681,4.678175956441208
2024-01-30 22:00:00,181.41999999999842,177.1518240435681,4.268175956430326
2024-01-30 23:00:00,166.64500000001226,172.52325855787632,-5.878258557864058
2024-01-31 00:00:00,156.2600000000112,154.27085714285664,1.9891428571545475
2024-01-31 01:00:00,151.28999999998794,131.08754945054926,20.20245054943868
2024-01-31 02:00:00,105.93999999998923,100.6809633957123,5.259036604276929
2024-01-31 03:00:00,105.4699999999963,92.87985982418664,12.590140175809665
2024-01-31 04:00:00,98.58000000001007,85.17059168174407,13.409408318266003
2024-01-31 05:00:00,80.38499999998524,82.336780442283,-1.9517804422977605
2024-01-31 06:00:00,88.29999999999953,86.444820687033,1.855179312966527
2024-01-31 07:00:00,99.10999999999618,107.80592490842434,-8.695924908428168
2024-01-31 08:00:00,119.96000000001274,120.73580198042873,-0.7758019804159915
2024-01-31 09:00:00,124.50999999999314,130.93865605795287,-6.428656057959728
2024-01-31 10:00:00,111.55000000000078,127.6045215714018,-16.054521571401025
2024-01-31 11:00:00,121.8599999999897,124.46992756611125,-2.6099275661215557
2024-01-31 12:00:00,116.5300000000054,130.9541258108851,-14.424125810879701
2024-01-31 13:00:00,114.46999999999642,134.63959504030987,-20.169595040313453
2024-01-31 14:00:00,121.22000000001086,127.2610466552581,-6.041046655247243
2024-01-31 15:00:00,116.61000000000642,125.56843313262834,-8.95843313262192
2024-01-31 16:00:00,116.6899999999761,124.46992756611125,-7.779927566135157
2024-01-31 17:00:00,117.03000000000307,119.5930699088144,-2.563069908811329
2024-01-31 18:00:00,137.91999999999592,142.8762279997352,-4.956227999739269
2024-01-31 19:00:00,192.03000000000742,177.1518240435681,14.878175956439321
2024-01-31 20:00:00,191.39999999999912,176.89284425412094,14.50715574587818
2024-01-31 21:00:00,185.7399999999967,177.1518240435681,8.588175956428614
2024-01-31 22:00:00,184.6900000000054,176.89284425412094,7.797155745884453
2024-01-31 23:00:00,168.34499999999582,176.89284425412094,-8.547844254125124
2024-02-01 00:00:00,147.07000000000403,184.37474236603705,-37.304742366033025
2024-02-01 01:00:00,144.4999999999973,118.21328465323761,26.286715346759692
2024-02-01 02:00:00,96.64999999998955,95.9833264206722,0.6666735793173473
2024-02-01 03:00:00,87.43000000001021,96.57292315096231,-9.1429231509521
2024-02-01 04:00:00,82.22999999998953,104.11283995042842,-21.882839950438893
2024-02-01 05:00:00,78.33000000000212,96.219569886436,-17.88956988643389
2024-02-01 06:00:00,90.71000000000564,82.336780442283,8.373219557722635
2024-02-01 07:00:00,99.28999999999482,102.5455624999988,-3.2555625000039754
2024-02-01 08:00:00,117.8000000000008,131.37144817507743,-13.57144817507664
2024-02-01 09:00:00,125.06000000000361,124.9027196832358,0.1572803167678103
2024-02-01 10:00:00,120.74999999998963,111.01549100931612,9.734508990673504
2024-02-01 11:00:00,114.67999999999816,127.6045215714018,-12.924521571403645
2024-02-01 12:00:00,128.85000000000608,128.08822781048102,0.7617721895250611
2024-02-01 13:00:00,130.62999999999764,134.63959504030987,-4.0095950403122345
2024-02-01 14:00:00,126.22999999999885,134.63959504030987,-8.409595040311018
2024-02-01 15:00:00,109.1099999999877,130.39564066054865,-21.285640660560944
2024-02-01 16:00:00,113.42999999999486,108.08202201686181,5.347977983133049
2024-02-01 17:00:00,121.82000000000542,122.26166632531132,-0.4416663253059028
2024-02-01 18:00:00,142.14000000000257,132.34559474671664,9.79440525328593
2024-02-01 19:00:00,175.21999999999258,177.1518240435681,-1.9318240435755172
2024-02-01 20:00:00,194.91000000000525,177.1518240435681,17.758175956437157
2024-02-01 21:00:00,180.9600000000085,177.1518240435681,3.808175956440408
2024-02-01 22:00:00,180.96999999999576,177.1518240435681,3.818175956427666
2024-02-01 23:00:00,166.72999999999791,170.7292751363399,-3.9992751363419927
2024-02-02 00:00:00,148.1199999999775,155.3775322573648,-7.257532257387311
2024-02-02 01:00:00,135.13000000001577,128.07547901821044,7.054520981805325
2024-02-02 02:00:00,99.1800000000026,114.29105872835615,-15.111058728353555
2024-02-02 03:00:00,87.71000000000967,106.81464183859444,-19.10464183858477
2024-02-02 04:00:00,82.38999999998563,110.23613119212388,-27.846131192138245
2024-02-02 05:00:00,90.48999999999629,82.336780442283,8.153219557713285
2024-02-02 06:00:00,90.76000000000843,82.336780442283,8.423219557725432
2024-02-02 07:00:00,100.70000000000456,106.7407291666666,-6.040729166662032
2024-02-02 08:00:00,126.30999999999372,130.93865605795287,-4.628656057959148
2024-02-02 09:00:00,132.440000000011,127.81953180559456,4.620468194416432
2024-02-02 10:00:00,120.12999999998092,120.75777200670868,-0.6277720067277528
2024-02-02 11:00:00,124.32000000000252,122.73403770084454,1.585962299157984
2024-02-02 12:00:00,121.45999999999626,125.73659012932137,-4.276590129325115
2024-02-02 13:00:00,133.8800000000077,131.93779315214385,1.9422068478638437
2024-02-02 14:00:00,126.83999999999585,108.08202201686181,18.75797798313404
2024-02-02 15:00:00,122.79999999999879,112.09497563148486,10.705024368513932
2024-02-02 16:00:00,113.26000000000269,115.5424999637297,-2.2824999637270054
2024-02-02 17:00:00,130.4899999999969,108.08202201686181,22.407977983135098
2024-02-02 18:00:00,136.62000000000674,177.51819878141617,-40.898198781409434
2024-02-02 19:00:00,174.5699999999997,177.1518240435681,-2.581824043568389
2024-02-02 20:00:00,198.46000000000004,176.89284425412094,21.56715574587909
2024-02-02 21:00:00,176.3950000000092,177.1518240435681,-0.7568240435589075
2024-02-02 22:00:00,174.82000000000073,177.1518240435681,-2.331824043567366
2024-02-02 23:00:00,172.51999999998935,170.7292751363399,1.7907248636494444
2024-02-03 00:00:00,157.36999999999864,148.118362490397,9.251637509601636
2024-02-03 01:00:00,159.560000000003,134.11255167958626,25.447448320416726
2024-02-03 02:00:00,125.89999999999614,111.1564647230656,14.743535276930544
2024-02-03 03:00:00,112.86999999999185,114.36070695380113,-1.4907069538092799
2024-02-03 04:00:00,98.28000000000722,82.336780442283,15.94321955772422
2024-02-03 05:00:00,86.50000000000657,85.75826979581245,0.7417302041941127
2024-02-03 06:00:00,93.25000000000065,82.336780442283,10.913219557717653
2024-02-03 07:00:00,92.19999999999285,100.5779578754579,-8.377957875465043
2024-02-03 08:00:00,106.27000000000353,100.70188644688636,5.568113553117172
2024-02-03 09:00:00,126.41999999999885,131.22162485154394,-4.8016248515450854
2024-02-03 10:00:00,127.38999999999126,147.97191936897391,-20.581919368982653
2024-02-03 11:00:00,132.31000000001234,139.6990551539812,-7.3890551539688545
2024-02-03 12:00:00,144.64999999998986,138.51163992391213,6.138360076077731
2024-02-03 13:00:00,145.00000000000716,134.63959504030987,10.360404959697291
2024-02-03 14:00:00,155.0000000000002,153.9507826887649,1.04921731123531
2024-02-03 15:00:00,138.55000000000095,131.44966502501504,7.100334974985913
2024-02-03 16:00:00,138.84000000000506,135.25722222222234,3.5827777777827237
2024-02-03 17:00:00,142.51999999999737,151.5140566771137,-8.994056677116333
2024-02-03 18:00:00,164.12000000000143,133.89453788178355,30.225462118217877
2024-02-03 19:00:00,175.37000000000302,177.1518240435681,-1.7818240435650807
2024-02-03 20:00:00,198.8399999999861,177.1518240435681,21.688175956418007
2024-02-03 21:00:00,177.13000000000324,185.7427385190778,-8.612738519074554
2024-02-03 22:00:00,177.4500000000018,170.0067976588624,7.443202341139397
2024-02-03 23:00:00,165.43000000000757,157.25443654775185,8.175563452255716
2024-02-04 00:00:00,153.48999999999546,136.80122192354622,16.68877807644924
2024-02-04 01:00:00,152.60000000000116,139.06133928571415,13.538660714287005
2024-02-04 02:00:00,106.35999999999237,101.61170487509713,4.748295124895236
2024-02-04 03:00:00,98.2400000000047,82.336780442283,15.903219557721698
2024-02-04 04:00:00,88.37000000000987,82.336780442283,6.033219557726866
2024-02-04 05:00:00,84.47999999999817,82.336780442283,2.1432195577151703
2024-02-04 06:00:00,85.86999999998184,82.336780442283,3.5332195576988426
2024-02-04 07:00:00,87.46000000000905,96.219569886436,-8.75956988642696
2024-02-04 08:00:00,113.67999999998986,108.50951535643853,5.170484643551333
2024-02-04 09:00:00,125.53999999999323,138.11404337464592,-12.574043374652689
2024-02-04 10:00:00,143.19000000001705,139.93581592883675,3.2541840711803047
2024-02-04 11:00:00,146.68999999999218,144.060391690514,2.6296083094781864
2024-02-04 12:00:00,151.78000000000094,161.27499079754602,-9.494990797545086
2024-02-04 13:00:00,167.25000000000108,136.80122192354622,30.448778076454857
2024-02-04 14:00:00,158.41999999999382,131.5050010350193,26.91499896497453
2024-02-04 15:00:00,144.9299999999931,142.22263418577953,2.707365814213574
2024-02-04 16:00:00,151.39000000001934,141.37172144655406,10.01827855346528
2024-02-04 17:00:00,160.70999999998313,173.0031563620062,-12.293156362023069
2024-02-04 18:00:00,191.13000000002467,172.75764829401004,18.372351706014626
2024-02-04 19:00:00,197.4600000000009,198.59525398465308,-1.135253984652195
2024-02-04 20:00:00,207.11999999999279,182.34449089567363,24.775509104319156
2024-02-04 21:00:00,212.7599999999881,155.75138415382523,57.00861584616288
2024-02-04 22:00:00,194.8699999999955,182.34449089567363,12.525509104321884
2024-02-04 23:00:00,168.4800000000186,177.1518240435681,-8.671824043549492
2024-02-05 00:00:00,149.86999999998002,167.35649999999924,-17.48650000001922
2024-02-05 01:00:00,140.85000000001185,124.21257732061214,16.637422679399705
2024-02-05 02:00:00,95.94999999999735,127.34717132590269,-31.397171325905347
2024-02-05 03:00:00,88.5000000000006,96.219569886436,-7.7195698864354085
2024-02-05 04:00:00,86.69000000000895,82.336780442283,4.35321955772595
2024-02-05 05:00:00,85.55999999999406,86.444820687033,-0.884820687038939
2024-02-05 06:00:00,84.9650000000045,86.444820687033,-1.479820687028507
2024-02-05 07:00:00,98.34000000000358,117.73505167958645,-19.395051679582863
2024-02-05 08:00:00,125.56000000000384,121.58919116337648,3.9708088366273557
2024-02-05 09:00:00,123.14999999999593,130.93865605795287,-7.788656057956942
2024-02-05 10:00:00,128.81999999999223,124.46992756611125,4.350072433880982
2024-02-05 11:00:00,123.9300000000068,138.76957858941068,-14.839578589403885
2024-02-05 12:00:00,147.04999999999887,135.72005477988768,11.329945220111199
2024-02-05 13:00:00,144.7899999999938,124.23100305574951,20.558996944244285
2024-02-05 14:00:00,131.09999999998607,118.67709396902025,12.42290603096582
2024-02-05 15:00:00,119.95000000000246,115.5424999637297,4.407500036272765
2024-02-05 16:00:00,124.84999999999948,110.66564230643284,14.18435769356664
2024-02-05 17:00:00,127.19000000000872,150.26531345934012,-23.075313459331397
2024-02-05 18:00:00,150.7299999999879,141.43039241156907,9.299607588418837
2024-02-05 19:00:00,184.88999999999982,177.1518240435681,7.738175956431718
2024-02-05 20:00:00,193.5600000000057,177.1518240435681,16.40817595643759
2024-02-05 21:00:00,190.26999999999083,182.34449089567363,7.9255091043172
2024-02-05 22:00:00,192.8500000000019,156.72346432552916,36.126535674472734
2024-02-05 23:00:00,175.2299999999995,177.1518240435681,-1.9218240435685914
2024-02-06 00:00:00,155.6650000000023,163.814554779888,-8.149554779885705
2024-02-06 01:00:00,136.02499999998886,127.74956631530894,8.275433684679925
2024-02-06 02:00:00,97.42000000000772,87.37556216641784,10.044437833589882
2024-02-06 03:00:00,72.4899999999938,85.75826979581245,-13.268269795818654
2024-02-06 04:00:00,82.28999999999658,82.336780442283,-0.04678044228641909
2024-02-06 05:00:00,89.45000000000212,82.336780442283,7.11321955771912
2024-02-06 06:00:00,86.69000000001384,86.444820687033,0.24517931298083795
2024-02-06 07:00:00,106.70000000000496,106.7407291666666,-0.04072916666163451
2024-02-06 08:00:00,131.88000000000173,130.93865605795287,0.9413439420488601
2024-02-06 09:00:00,122.39000000000001,139.72815170968582,-17.338151709685803
2024-02-06 10:00:00,123.81999999999042,122.60199612403082,1.218003875959596
2024-02-06 11:00:00,126.12999999999809,140.4406547798883,-14.3106547798902
2024-02-06 12:00:00,129.55999999999943,128.08822781048102,1.4717721895184184
2024-02-06 13:00:00,133.35999999999765,128.08822781048102,5.271772189516639
2024-02-06 14:00:00,129.839999999983,134.63959504030987,-4.799595040326864
2024-02-06 15:00:00,121.07000000001975,122.94267414829771,-1.8726741482779659
2024-02-06 16:00:00,118.01999999999217,140.65788454352912,-22.637884543536956
2024-02-06 17:00:00,129.4500000000086,141.01540957376602,-11.565409573757421
2024-02-06 18:00:00,151.75000000000256,148.339554612937,3.4104453870655504
2024-02-06 19:00:00,178.48499999999945,177.1518240435681,1.3331759564313472
2024-02-06 20:00:00,187.96999999999997,176.89284425412094,11.077155745879026
2024-02-06 21:00:00,197.310000000005,176.89284425412094,20.41715574588406
2024-02-06 22:00:00,189.89999999999526,170.7292751363399,19.17072486365535
2024-02-06 23:00:00,184.78499999999775,186.10846432552995,-1.3234643255321998
2024-02-07 00:00:00,160.2600000000137,148.118362490397,12.141637509616686
2024-02-07 01:00:00,168.42999999999012,133.43313853404658,34.99686146594354
2024-02-07 02:00:00,129.97000000000847,105.2482806292707,24.721719370737773
2024-02-07 03:00:00,96.49000000000493,82.336780442283,14.153219557721926
2024-02-07 04:00:00,84.47999999999686,82.336780442283,2.143219557713863
2024-02-07 05:00:00,80.45999999999881,86.444820687033,-5.984820687034187
2024-02-07 06:00:00,97.23000000000005,86.444820687033,10.785179312967045
2024-02-07 07:00:00,102.16000000000022,103.61075824175657,-1.450758241756347
2024-02-07 08:00:00,126.72999999999243,129.89316964285675,-3.163169642864318
2024-02-07 09:00:00,121.69500000001588,127.2610466552581,-5.566046655242218
2024-02-07 10:00:00,118.83999999999915,123.64475585649647,-4.804755856497323
2024-02-07 11:00:00,113.06000000000009,114.92792529448617,-1.867925294486085
2024-02-07 12:00:00,111.60999999999606,125.73659012932137,-14.126590129325308
2024-02-07 13:00:00,120.69999999999905,131.5050010350193,-10.80500103502024
2024-02-07 14:00:00,116.65999999999636,123.30825679598854,-6.648256795992182
2024-02-07 15:00:00,112.42000000000999,125.73659012932137,-13.316590129311379
2024-02-07 16:00:00,116.37999999999502,115.14151817716294,1.2384818228320853
2024-02-07 17:00:00,121.35999999999936,113.02991860147326,8.330081398526104
2024-02-07 18:00:00,159.9099999999957,133.89453788178355,26.015462118212156
2024-02-07 19:00:00,177.7300000000115,177.1518240435681,0.5781759564434026
2024-02-07 20:00:00,184.03999999998842,171.38281786941658,12.65718213057184
2024-02-07 21:00:00,187.70000000000942,182.34449089567363,5.355509104335795
2024-02-07 22:00:00,190.0100000000014,176.89284425412094,13.117155745880467
2024-02-07 23:00:00,178.79000000000718,170.0067976588624,8.783202341144772
2024-02-08 00:00:00,155.06999999999385,140.3081106639837,14.761889336010142
2024-02-08 01:00:00,141.33000000000018,129.7260035211258,11.603996478874393
2024-02-08 02:00:00,99.59999999999766,89.81319733204472,9.78680266795294
2024-02-08 03:00:00,94.32999999999325,82.336780442283,11.993219557710248
2024-02-08 04:00:00,85.48000000001187,85.75826979581245,-0.27826979580058264
2024-02-08 05:00:00,93.33999999999529,110.23613119212388,-16.896131192128593
2024-02-08 06:00:00,92.93000000000305,85.17059168174407,7.759408318258977
2024-02-08 07:00:00,101.30500000000549,121.5758742638572,-20.27087426385171
2024-02-08 08:00:00,122.40000000000627,133.61427713004502,-11.214277130038752
2024-02-08 09:00:00,126.10999999999117,137.4068669569825,-11.296866956991323
2024-02-08 10:00:00,115.94999999998905,127.63755893372779,-11.687558933738742
2024-02-08 11:00:00,118.73000000000698,106.1930350691533,12.536964930853685
2024-02-08 12:00:00,122.800000000001,117.91158176068171,4.888418239319293
2024-02-08 13:00:00,139.73999999999197,134.5202164222259,5.219783577766066
2024-02-08 14:00:00,120.45499999999905,134.5202164222259,-14.065216422226854
2024-02-08 15:00:00,128.68000000000535,137.28697982415673,-8.60697982415138
2024-02-08 16:00:00,123.14999999999102,123.58402735562304,-0.43402735563201134
2024-02-08 17:00:00,129.00999999999786,139.82107732061235,-10.811077320614487
2024-02-08 18:00:00,153.0000000000037,126.56540262453012,26.434597375473572
2024-02-08 19:00:00,204.20999999998736,177.1518240435681,27.058175956419262
2024-02-08 20:00:00,193.84000000000884,177.1518240435681,16.688175956440745
2024-02-08 21:00:00,177.8199999999984,177.1518240435681,0.6681759564303036
2024-02-08 22:00:00,183.93000000000535,177.1518240435681,6.778175956437252
2024-02-08 23:00:00,188.33999999999872,177.1518240435681,11.188175956430626
2024-02-09 00:00:00,154.3799999999897,146.69604945054948,7.683950549440226
2024-02-09 01:00:00,127.82000000001042,126.12088501291939,1.6991149870910363
2024-02-09 02:00:00,103.85999999999368,111.1564647230656,-7.296464723071921
2024-02-09 03:00:00,105.5100000000007,82.336780442283,23.1732195577177
2024-02-09 04:00:00,86.85999999999447,82.336780442283,4.523219557711471
2024-02-09 05:00:00,87.27000000000183,92.69567963740266,-5.425679637400833
2024-02-09 06:00:00,90.9300000000018,82.336780442283,8.593219557718797
2024-02-09 07:00:00,88.13500000000016,93.75092106214179,-5.615921062141624
2024-02-09 08:00:00,103.08000000000314,102.5455624999988,0.5344375000043442
2024-02-09 09:00:00,130.79999999999237,102.75015592613504,28.04984407385733
2024-02-09 10:00:00,156.15000000000072,110.24825020346458,45.90174979653614
2024-02-09 11:00:00,138.22999999999107,126.19481777648525,12.035182223505814
2024-02-09 12:00:00,138.6850000000019,134.63959504030987,4.045404959692036
2024-02-09 13:00:00,138.0200000000074,114.26970647773226,23.750293522275143
2024-02-09 14:00:00,141.72999999999539,117.27142260725034,24.458577392745042
2024-02-09 15:00:00,135.78000000000364,114.26970647773226,21.510293522271382
2024-02-09 16:00:00,126.38000000000399,125.40400106837608,0.9759989316279132
2024-02-09 17:00:00,123.4099999999959,124.25933052574,-0.8493305257440937
2024-02-09 18:00:00,148.5799999999921,138.428676282051,10.151323717941125
2024-02-09 19:00:00,182.6700000000041,172.46460805801223,10.205391941991877
2024-02-09 20:00:00,172.25000000000608,166.04205915078404,6.207940849222041
2024-02-09 21:00:00,162.94000000001455,166.04205915078404,-3.1020591507694917
2024-02-09 22:00:00,167.58499999999486,154.12132146838576,13.463678531609105
2024-02-09 23:00:00,158.57999999998475,142.18302718612705,16.3969728138577
2024-02-10 00:00:00,127.43000000000328,133.25815774019264,-5.8281577401893685
2024-02-10 01:00:00,124.16999999999771,125.32040933557919,-1.1504093355814717
2024-02-10 02:00:00,92.38000000000105,111.1564647230656,-18.77646472306455
2024-02-10 03:00:00,92.90000000000842,85.8753648746461,7.024635125362323
2024-02-10 04:00:00,83.52000000000149,82.336780442283,1.1832195577184876
2024-02-10 05:00:00,82.32999999999984,82.336780442283,-0.00678044228315855
2024-02-10 06:00:00,85.60000000000721,89.76566432188551,-4.165664321878296
2024-02-10 07:00:00,87.4900000000014,86.52295402917534,0.9670459708260637
2024-02-10 08:00:00,110.39999999999239,120.99357425630546,-10.593574256313076
2024-02-10 09:00:00,126.72999999999868,137.7781179070995,-11.048117907100817
2024-02-10 10:00:00,119.39999999999887,125.61459810874733,-6.214598108748461
2024-02-10 11:00:00,128.27999999999136,131.72909733307904,-3.4490973330876784
2024-02-10 12:00:00,111.89000000001593,131.72909733307904,-19.83909733306311
2024-02-10 13:00:00,124.29999999999475,125.40400106837608,-1.1040010683813222
2024-02-10 14:00:00,113.87000000000288,115.53094827586136,-1.6609482758584875
2024-02-10 15:00:00,116.6199999999898,124.94910256410219,-8.32910256411239
2024-02-10 16:00:00,113.33000000001644,112.16831021437588,1.1616897856405615
2024-02-10 17:00:00,109.4999999999898,126.38998757702255,-16.889987577032755
2024-02-10 18:00:00,121.48000000000016,149.44891025641118,-27.96891025641102
2024-02-10 19:00:00,148.17000000000593,184.918581673306,-36.748581673300066
2024-02-10 20:00:00,144.30000000000535,152.9031460297424,-8.603146029737047
2024-02-10 21:00:00,154.14499999997685,171.17728516978565,-17.0322851698088
2024-02-10 22:00:00,152.27000000000425,149.871959301201,2.3980406988032428
2024-02-10 23:00:00,146.7049999999994,154.1159136809622,-7.410913680962807
2024-02-11 00:00:00,128.78999999999408,128.29105918115323,0.4989408188408504
2024-02-11 01:00:00,113.8000000000018,118.21328465323761,-4.413284653235806
2024-02-11 02:00:00,92.17000000000101,109.15162167456327,-16.981621674562263
2024-02-11 03:00:00,82.48499999999663,85.8753648746461,-3.390364874649464
2024-02-11 04:00:00,77.07000000001167,82.336780442283,-5.266780442271326
2024-02-11 05:00:00,74.31000000000543,92.99695490302028,-18.68695490301485
2024-02-11 06:00:00,77.49999999998809,92.99695490302028,-15.49695490303219
2024-02-11 07:00:00,75.85500000001426,96.88185322429499,-21.02685322428073
2024-02-11 08:00:00,94.1999999999878,63.28547901821038,30.914520981777414
2024-02-11 09:00:00,107.5500000000151,123.42079570136323,-15.87079570134813
2024-02-11 10:00:00,119.92999999999952,123.42079570136323,-3.4907957013637088
2024-02-11 11:00:00,129.99999999998548,133.45036602209925,-3.4503660221137693
2024-02-11 12:00:00,140.63000000000434,132.6496715776554,7.980328422348947
2024-02-11 13:00:00,134.6999999999978,133.7292575542877,0.9707424457101013
2024-02-11 14:00:00,142.08000000001178,117.28332367237263,24.796676327639148
2024-02-11 15:00:00,134.83999999998517,113.03936929261141,21.800630707373756
2024-02-11 16:00:00,130.63000000000284,113.03936929261141,17.590630707391426
2024-02-11 17:00:00,134.04000000000102,136.80122192354622,-2.7612219235452073
2024-02-11 18:00:00,164.12999999998607,138.8146060867819,25.31539391320416
2024-02-11 19:00:00,167.06000000000523,204.88179765886332,-37.82179765885809
2024-02-11 20:00:00,171.29000000000548,182.34449089567363,-11.054490895668152
2024-02-11 21:00:00,162.65999999999423,177.1518240435681,-14.491824043573871
2024-02-11 22:00:00,166.6699999999999,177.1518240435681,-10.481824043568196
2024-02-11 23:00:00,163.9300000000007,170.7292751363399,-6.799275136339219
2024-02-12 00:00:00,153.0399999999983,127.69383877238265,25.34616122761564
2024-02-12 01:00:00,128.78999999999738,129.62233175914946,-0.8323317591520834
2024-02-12 02:00:00,103.34999999998914,94.49715219479204,8.8528478051971
2024-02-12 03:00:00,93.35000000000437,97.90966120820855,-4.559661208204176
2024-02-12 04:00:00,81.83999999999915,109.64845307805551,-27.80845307805636
2024-02-12 05:00:00,89.00000000000912,82.336780442283,6.663219557726123
2024-02-12 06:00:00,81.94999999998643,86.444820687033,-4.49482068704657
2024-02-12 07:00:00,93.20500000000007,121.5758742638572,-28.370874263857132
2024-02-12 08:00:00,104.18999999999997,118.0186778846147,-13.828677884614734
2024-02-12 09:00:00,119.17999999998372,120.49039654834114,-1.3103965483574171
2024-02-12 10:00:00,149.3100000000082,134.6945039355317,14.615496064476474
2024-02-12 11:00:00,168.41000000000855,134.13601878519523,34.27398121481332
2024-02-12 12:00:00,147.68999999999428,134.13601878519523,13.553981214799052
2024-02-12 13:00:00,163.45999999999998,120.92318866546569,42.53681133453429
2024-02-12 14:00:00,150.72999999998754,139.74196507426734,10.9880349257202
2024-02-12 15:00:00,156.3600000000144,140.06916950113413,16.29083049888027
2024-02-12 16:00:00,127.35000000000551,138.37656164233806,-11.026561642332553
2024-02-12 17:00:00,145.3400000000038,188.18860256410136,-42.84860256409755
2024-02-12 18:00:00,179.40999999999696,159.41151991614174,19.998480083855213
2024-02-12 19:00:00,176.62499999999824,176.89284425412094,-0.26784425412270707
2024-02-12 20:00:00,197.46000000000328,176.89284425412094,20.56715574588233
2024-02-12 21:00:00,200.99000000000268,177.1518240435681,23.838175956434583
2024-02-12 22:00:00,193.30000000000138,177.1518240435681,16.148175956433278
2024-02-12 23:00:00,169.20999999999555,186.10846432552995,-16.898464325534405
2024-02-13 00:00:00,153.97999999999985,141.11173480083858,12.868265199161272
2024-02-13 01:00:00,128.25500000002916,121.60541365585664,6.649586344172519
2024-02-13 02:00:00,97.81999999998462,91.92839888443993,5.891601115544688
2024-02-13 03:00:00,88.12000000001117,91.92839888443993,-3.8083988844287546
2024-02-13 04:00:00,83.52999999999295,82.336780442283,1.193219557709952
2024-02-13 05:00:00,79.55000000000578,82.336780442283,-2.7867804422772195
2024-02-13 06:00:00,94.6199999999973,85.17059168174407,9.449408318253234
2024-02-13 07:00:00,98.8800000000098,121.5758742638572,-22.6958742638474
2024-02-13 08:00:00,123.27000000000763,130.93865605795287,-7.668656057945242
2024-02-13 09:00:00,125.0800000000028,126.06179840065603,-0.9817984006532328
2024-02-13 10:00:00,133.97999999998765,136.6090274573275,-2.629027457339845
2024-02-13 11:00:00,131.5899999999962,120.10642729407226,11.483572705923933
2024-02-13 12:00:00,115.55000000000601,117.91158176068171,-2.361581760675705
2024-02-13 13:00:00,120.15999999998863,122.1555361404429,-1.995536140454277
2024-02-13 14:00:00,130.72000000000642,127.81953180559456,2.9004681944118573
2024-02-13 15:00:00,135.11000000001084,128.97893631036584,6.1310636896450035
2024-02-13 16:00:00,114.15000000000057,118.67709396902025,-4.527093969019674
2024-02-13 17:00:00,116.1300000000023,118.67709396902025,-2.5470939690179506
2024-02-13 18:00:00,133.8099999999977,142.8762279997352,-9.066227999737492
2024-02-13 19:00:00,179.05000000000354,176.89284425412094,2.1571557458825907
2024-02-13 20:00:00,209.54000000000593,182.34449089567363,27.195509104332302
2024-02-13 21:00:00,197.6899999999934,177.1518240435681,20.538175956425306
2024-02-13 22:00:00,190.54999999998626,185.7427385190778,4.8072614809084655
2024-02-13 23:00:00,170.45000000000203,178.86624210330766,-8.41624210330562
2024-02-14 00:00:00,160.0200000000047,147.82867713004407,12.19132286996063
2024-02-14 01:00:00,124.73000000000164,121.50961691525188,3.2203830847497557
2024-02-14 02:00:00,98.29999999997713,93.54569125504531,4.754308744931819
2024-02-14 03:00:00,92.47000000000278,82.336780442283,10.133219557719784
2024-02-14 04:00:00,88.33999999999949,82.336780442283,6.003219557716491
2024-02-14 05:00:00,79.98999999999674,82.336780442283,-2.34678044228626
2024-02-14 06:00:00,86.68999999999633,85.17059168174407,1.5194083182522604
2024-02-14 07:00:00,111.86499999999924,107.80592490842434,4.059075091574897
2024-02-14 08:00:00,121.12999999999911,137.4068669569825,-16.276866956983383
2024-02-14 09:00:00,139.40999999999568,130.1025917120585,9.307408287937164
2024-02-14 10:00:00,125.67000000000068,115.5424999637297,10.127500036270987
2024-02-14 11:00:00,121.37000000001356,110.66564230643284,10.704357693580718
2024-02-14 12:00:00,111.87999999999661,110.66564230643284,1.2143576935637697
2024-02-14 13:00:00,127.04000000000158,119.80056870839022,7.239431291611368
2024-02-14 14:00:00,125.2799999999983,119.79301750101712,5.4869824989811775
2024-02-14 15:00:00,114.78000000002115,127.81953180559456,-13.039531805573418
2024-02-14 16:00:00,114.20000000000724,130.9541258108851,-16.754125810877866
2024-02-14 17:00:00,122.42999999999964,159.51175824175868,-37.08175824175905
2024-02-14 18:00:00,142.64000000000186,148.79956710156975,-6.1595671015678874
2024-02-14 19:00:00,168.60999999998222,177.1518240435681,-8.541824043585876
2024-02-14 20:00:00,187.77000000000697,177.1518240435681,10.618175956438876
2024-02-14 21:00:00,191.38999999999527,177.1518240435681,14.23817595642717
2024-02-14 22:00:00,184.6799999999966,177.1518240435681,7.528175956428498
2024-02-14 23:00:00,185.6900000000008,172.46460805801223,13.225391941988562
2024-02-15 00:00:00,152.85999999999552,157.42181818181814,-4.561818181822616
2024-02-15 01:00:00,131.8200000000019,125.32040933557919,6.499590664422712
2024-02-15 02:00:00,99.3600000000122,95.9833264206722,3.3766735793400073
2024-02-15 03:00:00,90.58000000000757,82.336780442283,8.243219557724572
2024-02-15 04:00:00,80.55999999999814,82.336780442283,-1.7767804422848599
2024-02-15 05:00:00,80.05999999999827,82.336780442283,-2.276780442284732
2024-02-15 06:00:00,84.18000000000464,85.17059168174407,-0.9905916817394314
2024-02-15 07:00:00,101.33999999999631,103.61075824175657,-2.2707582417602623
2024-02-15 08:00:00,129.7500000000021,128.2523239227191,1.4976760772829891
2024-02-15 09:00:00,128.19000000000838,131.72909733307904,-3.539097333070657
2024-02-15 10:00:00,131.54999999999112,115.5424999637297,16.00750003626142
2024-02-15 11:00:00,124.2449999999815,145.59071757527914,-21.34571757529764
2024-02-15 12:00:00,134.16000000001367,129.27989220007407,4.880107799939594
2024-02-15 13:00:00,133.3599999999971,123.62499055363169,9.735009446365396
2024-02-15 14:00:00,151.71999999999645,134.63959504030987,17.080404959686575
2024-02-15 15:00:00,129.4300000000044,112.7131848438301,16.716815156174306
2024-02-15 16:00:00,122.36000000000413,112.7131848438301,9.646815156174029
2024-02-15 17:00:00,122.4000000000016,147.46570695380032,-25.065706953798724
2024-02-15 18:00:00,157.55999999999364,139.4075577557752,18.152442244218435
2024-02-15 19:00:00,173.7199999999969,177.1518240435681,-3.431824043571197
2024-02-15 20:00:00,201.98999999999745,176.89284425412094,25.097155745876506
2024-02-15 21:00:00,183.09999999999746,182.34449089567363,0.7555091043238349
2024-02-15 22:00:00,183.78000000000708,177.1518240435681,6.62817595643898
2024-02-15 23:00:00,168.54000000000195,156.9954567583047,11.544543241697255
2024-02-16 00:00:00,150.38999999999618,141.90269366877675,8.487306331219429
2024-02-16 01:00:00,126.02999999998715,125.75320145270373,0.2767985472834198
2024-02-16 02:00:00,103.83000000001007,95.9833264206722,7.846673579337875
2024-02-16 03:00:00,88.5100000000007,85.8753648746461,2.634635125354606
2024-02-16 04:00:00,81.4300000000085,89.4583704706572,-8.028370470648696
2024-02-16 05:00:00,87.73999999999958,82.336780442283,5.403219557716582
2024-02-16 06:00:00,83.53999999999874,85.17059168174407,-1.6305916817453294
2024-02-16 07:00:00,99.32000000000224,128.08822781048102,-28.768227810478777
2024-02-16 08:00:00,124.70000000000996,121.00952928679078,3.6904707132191845
2024-02-16 09:00:00,127.31999999999417,130.93865605795287,-3.6186560579587024
2024-02-16 10:00:00,118.95999999998847,114.96400975718271,3.9959902428057603
2024-02-16 11:00:00,118.44000000000497,124.25933052574,-5.819330525735026
2024-02-16 12:00:00,118.54000000000227,127.2610466552581,-8.721046655255833
2024-02-16 13:00:00,133.56999999998817,123.62499055363169,9.94500944635648
2024-02-16 14:00:00,123.5100000000057,119.94291861169768,3.5670813883080257
2024-02-16 15:00:00,108.44999999999689,118.07498716961724,-9.624987169620354
2024-02-16 16:00:00,102.7600000000007,112.44482433436815,-9.684824334367448
2024-02-16 17:00:00,123.58999999999654,122.73403770084454,0.8559622991519973
2024-02-16 18:00:00,135.38000000001108,142.8762279997352,-7.496227999724113
2024-02-16 19:00:00,161.15000000000072,177.1518240435681,-16.00182404356738
2024-02-16 20:00:00,184.55999999997965,177.1518240435681,7.408175956411554
2024-02-16 21:00:00,182.28000000001344,176.89284425412094,5.3871557458925
2024-02-16 22:00:00,177.37000000000768,177.1518240435681,0.21817595643958043
2024-02-16 23:00:00,163.61999999999188,170.7292751363399,-7.109275136348032
2024-02-17 00:00:00,155.6299999999941,154.99333462033414,0.6366653796599735
2024-02-17 01:00:00,143.88000000000764,130.74605493490435,13.13394506510329
2024-02-17 02:00:00,105.62999999999639,106.66432971014584,-1.03432971014945
2024-02-17 03:00:00,89.62499999999423,99.15303887889031,-9.528038878896083
2024-02-17 04:00:00,92.24000000000072,99.15303887889031,-6.913038878889594
2024-02-17 05:00:00,84.71000000002098,93.80162096345855,-9.091620963437563
2024-02-17 06:00:00,87.0399999999967,82.336780442283,4.703219557713695
2024-02-17 07:00:00,85.469999999988,114.3341504507668,-28.864150450778794
2024-02-17 08:00:00,112.16000000000489,138.7007433217179,-26.540743321713023
2024-02-17 09:00:00,131.71000000000882,113.03936929261141,18.670630707397407
2024-02-17 10:00:00,154.70000000000078,143.7689450210883,10.93105497891247
2024-02-17 11:00:00,139.7699999999967,127.9478046557768,11.822195344219907
2024-02-17 12:00:00,137.7099999999995,126.50691964285645,11.203080357143051
2024-02-17 13:00:00,146.16000000000741,125.9160421476663,20.24395785234111
2024-02-17 14:00:00,145.3399999999896,127.39392453103055,17.94607546895905
2024-02-17 15:00:00,139.98999999999788,127.39392453103055,12.596075468967328
2024-02-17 16:00:00,129.88999999999945,125.38642592231501,4.5035740776844335
2024-02-17 17:00:00,120.42000000001158,132.85819847605217,-12.438198476040583
2024-02-17 18:00:00,151.59999999999144,150.85757845148527,0.7424215485061723
2024-02-17 19:00:00,168.8899999999956,175.92194198844544,-7.03194198844983
2024-02-17 20:00:00,169.35999999999905,182.34449089567363,-12.984490895674583
2024-02-17 21:00:00,166.16000000000207,182.34449089567363,-16.18449089567156
2024-02-17 22:00:00,183.21999999999167,175.92194198844544,7.298058011546232
2024-02-17 23:00:00,165.36499999999586,177.1518240435681,-11.786824043572238
2024-02-18 00:00:00,168.32000000000906,145.59071757527914,22.729282424729917
2024-02-18 01:00:00,132.73999999999663,140.13312987012978,-7.393129870133151
2024-02-18 02:00:00,121.15000000001149,93.54569125504531,27.604308744966175
2024-02-18 03:00:00,91.82000000000065,82.336780442283,9.483219557717646
2024-02-18 04:00:00,87.58000000000007,82.336780442283,5.243219557717069
2024-02-18 05:00:00,79.83000000000621,82.336780442283,-2.506780442276792
2024-02-18 06:00:00,85.47999999999539,85.8753648746461,-0.3953648746507099
2024-02-18 07:00:00,82.67999999998713,90.06153846153842,-7.381538461551287
2024-02-18 08:00:00,106.21999999999471,103.63730288836824,2.582697111626473
2024-02-18 09:00:00,122.19999999999916,134.6945039355317,-12.49450393553255
2024-02-18 10:00:00,138.1400000000124,165.34488066465315,-27.20488066464074
2024-02-18 11:00:00,163.75999999999172,139.93581592883675,23.824184071154974
2024-02-18 12:00:00,156.519999999995,133.8481311736145,22.671868826380518
2024-02-18 13:00:00,158.51000000000207,139.93581592883675,18.57418407116532
2024-02-18 14:00:00,148.50999999998592,147.3958850129195,1.114114987066415
2024-02-18 15:00:00,167.68000000000475,177.96889300259153,-10.288893002586775
2024-02-18 16:00:00,165.92999999999296,147.82867713004407,18.101322869948888
2024-02-18 17:00:00,165.05000000000103,142.7362500000001,22.313750000000937
2024-02-18 18:00:00,197.17999999999387,149.43437499999928,47.74562499999459
2024-02-18 19:00:00,199.73999999999506,176.89284425412094,22.84715574587412
2024-02-18 20:00:00,211.5600000000108,182.34449089567363,29.215509104337173
2024-02-18 21:00:00,197.57000000000272,182.34449089567363,15.225509104329092
2024-02-18 22:00:00,194.77999999998775,182.34449089567363,12.435509104314121
2024-02-18 23:00:00,194.37000000000268,156.72346432552916,37.64653567447351
2024-02-19 00:00:00,148.66000000000014,143.67619405348336,4.983805946516782
2024-02-19 01:00:00,119.170000000015,126.12088501291939,-6.9508850129043935
2024-02-19 02:00:00,98.46999999999221,117.10545263827056,-18.635452638278352
2024-02-19 03:00:00,85.83000000000132,92.99695490302028,-7.166954903018961
2024-02-19 04:00:00,88.53500000000659,82.336780442283,6.19821955772359
2024-02-19 05:00:00,80.74999999999264,82.336780442283,-1.5867804422903617
2024-02-19 06:00:00,82.86000000000027,105.47813047166048,-22.61813047166021
2024-02-19 07:00:00,99.22999999999823,116.67447901820921,-17.444479018210984
2024-02-19 08:00:00,125.66000000000398,137.4068669569825,-11.746866956978522
2024-02-19 09:00:00,113.97999999998845,128.3046273556236,-14.324627355635158
2024-02-19 10:00:00,116.7000000000003,128.3046273556236,-11.604627355623307
2024-02-19 11:00:00,124.50000000000355,119.5930699088144,4.906930091189153
2024-02-19 12:00:00,135.749999999997,120.07677614789361,15.673223852103376
2024-02-19 13:00:00,145.6499999999966,122.38418899796125,23.26581100203535
2024-02-19 14:00:00,133.60999999999777,131.5050010350193,2.1049989649784777
2024-02-19 15:00:00,124.09000000000086,122.60199612403082,1.488003875970037
2024-02-19 16:00:00,121.19000000000304,123.07094699847995,-1.8809469984769152
2024-02-19 17:00:00,137.03000000000512,122.60199612403082,14.428003875974298
2024-02-19 18:00:00,157.48999999998642,187.2186467926762,-29.728646792689773
2024-02-19 19:00:00,179.80000000001263,177.1518240435681,2.6481759564445326
2024-02-19 20:00:00,212.98999999999268,177.1518240435681,35.83817595642458
2024-02-19 21:00:00,197.6300000000029,176.89284425412094,20.73715574588195
2024-02-19 22:00:00,185.69999999999408,177.1518240435681,8.548175956425979
2024-02-19 23:00:00,171.97000000000384,177.1518240435681,-5.181824043564262
2024-02-20 00:00:00,163.32000000000306,146.82715509244485,16.492844907558208
2024-02-20 01:00:00,141.62000000000472,124.21257732061214,17.40742267939258
2024-02-20 02:00:00,95.7699999999958,115.84335258142913,-20.073352581433326
2024-02-20 03:00:00,86.9400000000011,106.81464183859444,-19.874641838593334
2024-02-20 04:00:00,85.88999999999194,106.81464183859444,-20.924641838602497
2024-02-20 05:00:00,81.68000000000828,85.8753648746461,-4.195364874637818
2024-02-20 06:00:00,83.63000000000775,82.336780442283,1.293219557724754
2024-02-20 07:00:00,111.93999999998348,107.80592490842434,4.13407509155914
2024-02-20 08:00:00,127.56000000001703,130.93865605795287,-3.3786560579358422
2024-02-20 09:00:00,122.3499999999971,133.18148501292046,-10.831485012923366
2024-02-20 10:00:00,120.60999999998333,123.64475585649647,-3.0347558565131436
2024-02-20 11:00:00,122.9000000000066,135.757135012922,-12.857135012915393
2024-02-20 12:00:00,123.83000000000007,135.07870157256235,-11.248701572562283
2024-02-20 13:00:00,126.71999999999676,127.2610466552581,-0.54104665526134
2024-02-20 14:00:00,125.86000000000311,135.07870157256235,-9.21870157255924
2024-02-20 15:00:00,123.99999999999912,135.07870157256235,-11.078701572563233
2024-02-20 16:00:00,119.81999999999042,140.6923083010144,-20.872308301023992
2024-02-20 17:00:00,122.3800000000148,129.19431818181758,-6.814318181802776
2024-02-20 18:00:00,144.41999999998635,168.72003964882538,-24.300039648839032
2024-02-20 19:00:00,187.1400000000089,182.34449089567363,4.795509104335281
2024-02-20 20:00:00,191.7600000000046,182.34449089567363,9.415509104330965
2024-02-20 21:00:00,201.1500000000005,177.1518240435681,23.99817595643239
2024-02-20 22:00:00,186.49000000000711,177.1518240435681,9.338175956439017
2024-02-20 23:00:00,174.79999999999376,172.46460805801223,2.335391941981527
2024-02-21 00:00:00,154.9700000000003,143.67619405348336,11.293805946516954
2024-02-21 01:00:00,132.68000000002795,132.99585714285652,-0.3158571428285768
2024-02-21 02:00:00,103.63999999999524,89.81319733204472,13.826802667950517
2024-02-21 03:00:00,91.4699999999954,82.336780442283,9.133219557712394
2024-02-21 04:00:00,84.33999999999915,82.336780442283,2.0032195577161502
2024-02-21 05:00:00,81.71999999999733,91.36549118511769,-9.645491185120363
2024-02-21 06:00:00,85.40000000000512,91.36549118511769,-5.965491185112569
2024-02-21 07:00:00,100.29000000000283,126.55570745920733,-26.265707459204492
2024-02-21 08:00:00,128.7599999999932,121.00952928679078,7.750470713202418
2024-02-21 09:00:00,118.55999999998065,123.8315313756113,-5.2715313756306585
2024-02-21 10:00:00,112.95000000000337,124.46992756611125,-11.519927566107881
2024-02-21 11:00:00,118.01000000000218,127.6045215714018,-9.594521571399625
2024-02-21 12:00:00,119.25999999999786,120.49039654834114,-1.230396548343279
2024-02-21 13:00:00,136.34000000001075,115.5424999637297,20.79750003628105
2024-02-21 14:00:00,143.81999999999655,121.60214015182272,22.21785984817383
2024-02-21 15:00:00,127.50999999999433,127.2610466552581,0.2489533447362362
2024-02-21 16:00:00,118.63000000000514,108.08202201686181,10.547977983143326
2024-02-21 17:00:00,123.04999999999443,146.41881235154278,-23.368812351548357
2024-02-21 18:00:00,152.7000000000043,141.4655691056907,11.234430894313618
2024-02-21 19:00:00,175.34999999999815,177.1518240435681,-1.801824043569951
2024-02-21 20:00:00,209.49000000000643,182.34449089567363,27.145509104332803
2024-02-21 21:00:00,200.7899999999998,177.1518240435681,23.638175956431695
2024-02-21 22:00:00,185.06000000000478,176.89284425412094,8.167155745883832
2024-02-21 23:00:00,169.10999999999632,156.72346432552916,12.386535674467154
2024-02-22 00:00:00,152.48999999999688,143.45907170294524,9.030928297051645
2024-02-22 01:00:00,133.32,126.12034379671287,7.19965620328712
2024-02-22 02:00:00,95.74000000000993,108.55550331463549,-12.815503314625559
2024-02-22 03:00:00,87.98999999999549,82.336780442283,5.6532195577124895
2024-02-22 04:00:00,83.46999999999835,106.47626441457368,-23.006264414575327
2024-02-22 05:00:00,86.71000000001598,82.336780442283,4.37321955773298
2024-02-22 06:00:00,94.18999999998792,86.444820687033,7.745179312954917
2024-02-22 07:00:00,99.98999999999583,116.26672414233823,-16.276724142342403
2024-02-22 08:00:00,126.6600000000083,138.1978258249207,-11.537825824912403
2024-02-22 09:00:00,121.59999999998868,130.93865605795287,-9.338656057964187
2024-02-22 10:00:00,116.01999999999671,122.60199612403082,-6.581996124034106
2024-02-22 11:00:00,120.16000000000432,111.01549100931612,9.144508990688195
2024-02-22 12:00:00,122.92000000000237,134.97944936935536,-12.05944936935299
2024-02-22 13:00:00,131.56000000000293,115.5424999637297,16.017500036273233
2024-02-22 14:00:00,127.21999999999608,111.01549100931612,16.204508990679955
2024-02-22 15:00:00,131.11999999999048,125.56843313262834,5.551566867362141
2024-02-22 16:00:00,114.72000000000995,118.67709396902025,-3.9570939690103017
2024-02-22 17:00:00,134.33000000000928,111.81988314012179,22.51011685988749
2024-02-22 18:00:00,153.5599999999919,135.95254923169904,17.607450768292864
2024-02-22 19:00:00,175.34000000000736,177.1518240435681,-1.8118240435607333
2024-02-22 20:00:00,178.5200000000031,156.72346432552916,21.796535674473944
2024-02-22 21:00:00,202.29999999999455,177.1518240435681,25.148175956426456
2024-02-22 22:00:00,183.63000000000483,217.4576309921993,-33.827630992194486
2024-02-22 23:00:00,180.9999999999938,172.46460805801223,8.535391941981572
2024-02-23 00:00:00,159.49000000000223,143.45907170294524,16.030928297056988
2024-02-23 01:00:00,125.66999999999317,126.12088501291939,-0.4508850129262214
2024-02-23 02:00:00,96.48000000000187,95.9833264206722,0.4966735793296664
2024-02-23 03:00:00,86.60000000000232,106.81464183859444,-20.214641838592115
2024-02-23 04:00:00,83.85999999999311,88.50690953091049,-4.646909530917384
2024-02-23 05:00:00,78.08000000000439,88.50690953091049,-10.426909530906102
2024-02-23 06:00:00,80.72999999999868,91.34072077037156,-10.610720770372879
2024-02-23 07:00:00,98.10999999999333,120.869645684877,-22.759645684883665
2024-02-23 08:00:00,119.4599999999979,126.41164710353931,-6.951647103541404
2024-02-23 09:00:00,124.17000000000249,132.85673827746976,-8.68673827746727
2024-02-23 10:00:00,125.7000000000044,135.07870157256235,-9.378701572557958
2024-02-23 11:00:00,117.92999999999577,122.8016697306975,-4.871669730701726
2024-02-23 12:00:00,114.81000000000395,127.34717132590269,-12.53717132589874
2024-02-23 13:00:00,115.86999999999787,115.5424999637297,0.3275000362681766
2024-02-23 14:00:00,123.60999999999504,115.5424999637297,8.067500036265344
2024-02-23 15:00:00,120.63999999999047,108.43537528138812,12.204624718602346
2024-02-23 16:00:00,113.1099999999964,108.43537528138812,4.674624718608285
2024-02-23 17:00:00,115.76000000000809,142.95567132590287,-27.19567132589478
2024-02-23 18:00:00,136.36000000000163,142.8762279997352,-6.516227999733559
2024-02-23 19:00:00,155.55000000000408,177.1518240435681,-21.601824043564022
2024-02-23 20:00:00,187.06999999999795,156.72346432552916,30.346535674468782
2024-02-23 21:00:00,180.9499999999893,187.66896451096733,-6.718964510978026
2024-02-23 22:00:00,180.76000000000414,177.1518240435681,3.6081759564360425
2024-02-23 23:00:00,173.7100000000001,177.1518240435681,-3.4418240435680048
2024-02-24 00:00:00,164.3500000000019,137.26380078159798,27.08619921840392
2024-02-24 01:00:00,149.39000000000524,125.32040933557919,24.06959066442606
2024-02-24 02:00:00,104.21000000000075,95.9833264206722,8.226673579328548
2024-02-24 03:00:00,101.94999999999473,92.04549396327357,9.904506036721159
2024-02-24 04:00:00,91.26000000000604,85.8753648746461,5.384635125359949
2024-02-24 05:00:00,84.32000000000781,99.75815431879909,-15.438154318791277
2024-02-24 06:00:00,89.3900000000057,110.35322627095752,-20.96322627095182
2024-02-24 07:00:00,96.00000000000401,116.26672414233823,-20.266724142334226
2024-02-24 08:00:00,117.04999999998498,110.39850230414703,6.651497695837946
2024-02-24 09:00:00,132.73000000000744,132.8066366308792,-0.07663663087177497
2024-02-24 10:00:00,134.15000000000762,132.53913759022038,1.610862409787245
2024-02-24 11:00:00,145.23999999999234,119.38247286844314,25.85752713154919
2024-02-24 12:00:00,141.85000000000463,171.99020501944167,-30.140205019437047
2024-02-24 13:00:00,139.8899999999958,129.7221442721792,10.167855727816601
2024-02-24 14:00:00,135.75999999999615,126.19481777648525,9.565182223510902
2024-02-24 15:00:00,127.65000000001115,122.38418899796125,5.265811002049901
2024-02-24 16:00:00,137.32999999998358,126.63355116514602,10.696448834837568
2024-02-24 17:00:00,128.90999999999977,132.36059937374444,-3.450599373744666
2024-02-24 18:00:00,159.79999999999387,154.193368566586,5.60663143340787
2024-02-24 19:00:00,177.3299999999985,166.04205915078404,11.287940849214465
2024-02-24 20:00:00,189.4699999999945,166.04205915078404,23.427940849210472
2024-02-24 21:00:00,178.04000000000207,177.1518240435681,0.8881759564339688
2024-02-24 22:00:00,179.84999999999667,177.1518240435681,2.698175956428571
2024-02-24 23:00:00,163.88499999999027,172.46460805801223,-8.579608058021961
2024-02-25 00:00:00,159.36000000000905,128.55628087674972,30.803719123259327
2024-02-25 01:00:00,138.4500000000019,121.24402735562253,17.205972644379358
2024-02-25 02:00:00,106.67999999999748,96.93478736041892,9.745212639578554
2024-02-25 03:00:00,92.46999999998664,82.336780442283,10.13321955770364
2024-02-25 04:00:00,82.71000000000791,82.336780442283,0.37321955772490867
2024-02-25 05:00:00,79.22999999999755,82.336780442283,-3.106780442285455
2024-02-25 06:00:00,78.32999999999507,89.4583704706572,-11.128370470662134
2024-02-25 07:00:00,84.81000000001043,92.99695490302028,-8.186954903009848
2024-02-25 08:00:00,114.7699999999875,113.72612729313013,1.0438727068573712
2024-02-25 09:00:00,121.29000000000329,123.7466666666669,-2.456666666663608
2024-02-25 10:00:00,136.08000000000177,117.28332367237263,18.796676327629143
2024-02-25 11:00:00,146.84000000000225,141.2523555555551,5.587644444447136
2024-02-25 12:00:00,149.55999999999565,138.68121951219322,10.87878048780243
2024-02-25 13:00:00,153.1999999999979,131.98065243988393,21.219347560113988
2024-02-25 14:00:00,148.90999999999886,146.9409063231904,1.9690936768084555
2024-02-25 15:00:00,145.45000000000678,130.19959595959665,15.250404040410132
2024-02-25 16:00:00,161.9099999999942,137.28697982415673,24.623020175837468
2024-02-25 17:00:00,144.4499999999994,130.19959595959665,14.250404040402742
2024-02-25 18:00:00,156.35999999999302,241.80089108911034,-85.44089108911732
2024-02-25 19:00:00,191.35000000000747,193.14360734310043,-1.7936073430929582
2024-02-25 20:00:00,194.51999999999413,176.89284425412094,17.627155745873182
2024-02-25 21:00:00,190.92000000000388,190.93540537118332,-0.015405371179440408
2024-02-25 22:00:00,204.08999999999702,177.1518240435681,26.93817595642892
2024-02-25 23:00:00,171.5499999999958,185.7427385190778,-14.192738519081985
2024-02-26 00:00:00,142.3799999999904,134.13601878519523,8.243981214795156
2024-02-26 01:00:00,133.74000000000368,121.24402735562253,12.49597264438114
2024-02-26 02:00:00,98.93999999999883,106.27960706576874,-7.339607065769911
2024-02-26 03:00:00,90.33999999999881,82.336780442283,8.00321955771581
2024-02-26 04:00:00,83.41000000000773,82.336780442283,1.0732195577247268
2024-02-26 05:00:00,87.69000000000474,82.336780442283,5.353219557721744
2024-02-26 06:00:00,86.05000000000055,85.17059168174407,0.8794083182564805
2024-02-26 07:00:00,101.90999999998726,110.27457373271857,-8.364573732731301
2024-02-26 08:00:00,126.5300000000075,115.61353889104429,10.916461108963219
2024-02-26 09:00:00,122.34000000000756,133.00395791117862,-10.663957911171053
2024-02-26 10:00:00,115.38999999999945,119.38247286844314,-3.9924728684436985
2024-02-26 11:00:00,118.19999999999327,122.38418899796125,-4.184188997967979
2024-02-26 12:00:00,119.68999999999326,129.68497612506516,-9.9949761250719
2024-02-26 13:00:00,124.80000000000305,122.38418899796125,2.4158110020418064
2024-02-26 14:00:00,116.42000000000363,129.59292949948122,-13.17292949947759
2024-02-26 15:00:00,109.98000000000334,129.59292949948122,-19.612929499477872
2024-02-26 16:00:00,104.23999999999276,110.66564230643284,-6.425642306440082
2024-02-26 17:00:00,113.69999999999803,122.8016697306975,-9.10166973069947
2024-02-26 18:00:00,135.54999999999885,141.4655691056907,-5.915569105691844
2024-02-26 19:00:00,180.02000000000345,177.1518240435681,2.8681759564353513
2024-02-26 20:00:00,187.830000000011,177.1518240435681,10.678175956442914
2024-02-26 21:00:00,182.58999999998645,182.34449089567363,0.24550910431281636
2024-02-26 22:00:00,184.44999999999624,210.42488589415697,-25.974885894160735
2024-02-26 23:00:00,164.40000000000424,172.46460805801223,-8.064608058007991
2024-02-27 00:00:00,141.44000000000977,142.27315599343194,-0.8331559934221673
2024-02-27 01:00:00,115.69999999999405,130.39564066054865,-14.695640660554602
2024-02-27 02:00:00,94.74000000000868,93.54569125504531,1.1943087449633651
2024-02-27 03:00:00,87.28999999999874,88.50690953091049,-1.2169095309117495
2024-02-27 04:00:00,86.76999999999353,85.17059168174407,1.5994083182494592
2024-02-27 05:00:00,80.78,82.336780442283,-1.5567804422829994
2024-02-27 06:00:00,78.71000000000086,92.19661762189779,-13.486617621896926
2024-02-27 07:00:00,95.20999999999495,120.07818181818163,-24.868181818186684
2024-02-27 08:00:00,121.65000000000876,126.06179840065603,-4.411798400647271
2024-02-27 09:00:00,115.98000000000573,125.02226962830488,-9.042269628299152
2024-02-27 10:00:00,119.04999999999703,115.5424999637297,3.5075000362673308
2024-02-27 11:00:00,107.04000000000613,127.2610466552581,-20.221046655251968
2024-02-27 12:00:00,112.5400000000034,124.25933052574,-11.719330525736595
2024-02-27 13:00:00,121.62500000001037,124.25933052574,-2.6343305257296237
2024-02-27 14:00:00,110.53999999998578,127.39392453103055,-16.85392453104477
2024-02-27 15:00:00,99.5100000000223,130.39564066054865,-30.88564066052635
2024-02-27 16:00:00,102.41999999998953,130.39564066054865,-27.975640660559122
2024-02-27 17:00:00,110.60999999999595,118.67709396902025,-8.067093969024299
2024-02-27 18:00:00,142.0300000000107,195.94699067431856,-53.91699067430787
2024-02-27 19:00:00,177.38999999997583,210.42488589415697,-33.034885894181144
2024-02-27 20:00:00,205.02000000000947,177.1518240435681,27.868175956441377
2024-02-27 21:00:00,179.68999999998954,177.1518240435681,2.5381759564214406
2024-02-27 22:00:00,177.95000000000567,182.47629765886182,-4.526297658856151
2024-02-27 23:00:00,166.74999999999517,170.0067976588624,-3.2567976588672423
2024-02-28 00:00:00,156.61999999999335,138.5327778687854,18.087222131207966
2024-02-28 01:00:00,132.87999999999332,129.25547901820994,3.624520981783377
2024-02-28 02:00:00,95.02000000000433,111.85342356272926,-16.83342356272493
2024-02-28 03:00:00,87.40999999999909,99.05338112589708,-11.643381125897989
2024-02-28 04:00:00,85.07999999999666,82.336780442283,2.743219557713658
2024-02-28 05:00:00,79.73000000000641,82.336780442283,-2.6067804422765875
2024-02-28 06:00:00,82.66000000001068,99.05338112589708,-16.393381125886393
2024-02-28 07:00:00,98.5100000000015,120.869645684877,-22.359645684875503
2024-02-28 08:00:00,125.0299999999992,121.06022918810754,3.9697708118916637
2024-02-28 09:00:00,114.84999999999653,121.06022918810754,-6.210229188111015
2024-02-28 10:00:00,114.43999999999508,119.94291861169768,-5.502918611702597
2024-02-28 11:00:00,113.34999999999584,117.95818060776907,-4.608180607773221
2024-02-28 12:00:00,115.16999999998305,138.11404337464592,-22.94404337466287
2024-02-28 13:00:00,113.97000000001688,118.07498716961724,-4.1049871696003635
2024-02-28 14:00:00,112.40999999999772,124.25933052574,-11.849330525742275
2024-02-28 15:00:00,117.25000000000105,124.30394203998873,-7.053942039987675
2024-02-28 16:00:00,114.32999999998438,122.83352668693632,-8.503526686951943
2024-02-28 17:00:00,122.80000000000375,139.13310476776934,-16.33310476776559
2024-02-28 18:00:00,146.61000000000234,142.8762279997352,3.7337720002671517
2024-02-28 19:00:00,170.23999999999393,155.68448453608195,14.555515463911973
2024-02-28 20:00:00,179.21000000001533,176.89284425412094,2.3171557458943823
2024-02-28 21:00:00,176.60000000000292,176.89284425412094,-0.2928442541180232
2024-02-28 22:00:00,178.1899999999933,177.1518240435681,1.0381759564251922
2024-02-28 23:00:00,175.17000000000968,172.46460805801223,2.7053919419974477
2024-02-29 00:00:00,147.57999999999078,150.53047901821006,-2.9504790182192835
2024-02-29 01:00:00,128.4299999999727,136.39275174548322,-7.9627517455105306
2024-02-29 02:00:00,103.98000000000948,95.9833264206722,7.996673579337283
2024-02-29 03:00:00,86.15000000000069,88.50690953091049,-2.356909530909803
2024-02-29 04:00:00,81.0299999999983,82.336780442283,-1.3067804422847047
2024-02-29 05:00:00,78.6600000000025,82.336780442283,-3.676780442280503
2024-02-29 06:00:00,81.97000000000051,85.17059168174407,-3.2005916817435605
2024-02-29 07:00:00,98.88999999999365,106.7407291666666,-7.850729166672949
2024-02-29 08:00:00,116.78999999999851,125.62847279941883,-8.838472799420316
2024-02-29 09:00:00,120.97000000001222,119.5930699088144,1.3769300911978206
2024-02-29 10:00:00,125.0199999999883,124.46992756611125,0.5500724338770482
2024-02-29 11:00:00,117.36999999999833,117.00944961924337,0.36055038075495816
2024-02-29 12:00:00,117.50000000000378,117.49315585832258,0.0068441416811992895
2024-02-29 13:00:00,116.9999999999948,124.46992756611125,-7.4699275661164535
2024-02-29 14:00:00,110.60000000000426,132.85673827746976,-22.2567382774655
2024-02-29 15:00:00,109.15999999999579,144.1384848484849,-34.9784848484891
2024-02-29 16:00:00,117.60000000000869,119.80056870839022,-2.2005687083815246
2024-02-29 17:00:00,115.79000000000602,113.27532403356085,2.514675966445168
2024-02-29 18:00:00,134.4899999999782,135.79715034836818,-1.3071503483899676
2024-02-29 19:00:00,155.3200000000034,167.7717976588615,-12.451797658858084
2024-02-29 20:00:00,165.14999999998878,209.37679765886242,-44.226797658873636
2024-02-29 21:00:00,172.40999999999718,177.1518240435681,-4.741824043570915
2024-02-29 22:00:00,173.859999999997,182.34449089567363,-8.484490895676629
2024-02-29 23:00:00,168.84999999999974,157.74477398099935,11.105226019000384
2024-03-01 00:00:00,153.3800000000045,147.08024708758012,6.299752912424367
2024-03-01 01:00:00,145.9099999999851,127.34717132590269,18.56282867408241
2024-03-01 02:00:00,110.24000000000277,89.81319733204472,20.426802667958043
2024-03-01 03:00:00,98.54999999999498,82.336780442283,16.21321955771198
2024-03-01 04:00:00,83.19999999999814,82.336780442283,0.8632195577151407
2024-03-01 05:00:00,79.7300000000129,82.336780442283,-2.6067804422701073
2024-03-01 06:00:00,80.32999999999006,82.336780442283,-2.0067804422929356
2024-03-01 07:00:00,93.77000000000285,93.75092106214179,0.019078937861067402
2024-03-01 08:00:00,107.49000000000822,120.75777200670868,-13.267772006700454
2024-03-01 09:00:00,131.829999999992,131.92367713004273,-0.09367713005073597
2024-03-01 10:00:00,137.04999999999248,162.17474603174637,-25.124746031753887
2024-03-01 11:00:00,148.6350000000054,141.5746944444445,7.060305555560888
2024-03-01 12:00:00,129.36999999999685,134.63959504030987,-5.269595040313021
2024-03-01 13:00:00,141.7799999999983,124.9027196832358,16.877280316762494
2024-03-01 14:00:00,127.10000000001347,135.37484551281995,-8.274845512806479
2024-03-01 15:00:00,135.57999999999632,127.39392453103055,8.186075468965768
2024-03-01 16:00:00,127.67999999999782,134.63959504030987,-6.959595040312053
2024-03-01 17:00:00,129.26000000000548,124.25933052574,5.000669474265479
2024-03-01 18:00:00,130.96000000000188,198.95636363636066,-67.99636363635878
2024-03-01 19:00:00,186.6199999999937,143.78026068064108,42.83973931935262
2024-03-01 20:00:00,179.67999999999682,182.34449089567363,-2.6644908956768063
2024-03-01 21:00:00,191.2399999999953,177.1518240435681,14.088175956427193
2024-03-01 22:00:00,166.70000000001988,177.1518240435681,-10.451824043548214
2024-03-01 23:00:00,175.3499999999927,170.0067976588624,5.343202341130279
2024-03-02 00:00:00,145.3000000000032,141.37172144655406,3.9282785534491325
2024-03-02 01:00:00,133.86999999999924,150.53047901821006,-16.660479018210822
2024-03-02 02:00:00,101.25000000000469,95.9833264206722,5.26667357933249
2024-03-02 03:00:00,87.35999999998435,106.81464183859444,-19.454641838610087
2024-03-02 04:00:00,90.00000000002083,82.336780442283,7.663219557737833
2024-03-02 05:00:00,79.6100000000138,82.336780442283,-2.7267804422692024
2024-03-02 06:00:00,80.59999999999152,82.336780442283,-1.7367804422914759
2024-03-02 07:00:00,84.1800000000043,99.05338112589708,-14.873381125892777
2024-03-02 08:00:00,104.9999999999981,125.7210070660526,-20.721007066054497
2024-03-02 09:00:00,122.5399999999992,128.08703084625336,-5.5470308462541595
2024-03-02 10:00:00,131.11999999999412,123.02904255319089,8.09095744680323
2024-03-02 11:00:00,135.64000000000047,129.5245815823131,6.11541841768738
2024-03-02 12:00:00,135.0700000000036,134.63959504030987,0.4304049596937318
2024-03-02 13:00:00,140.63999999999558,134.63959504030987,6.00040495968571
2024-03-02 14:00:00,147.18000000000274,127.39392453103055,19.786075468972186
2024-03-02 15:00:00,133.34999999999766,124.25933052574,9.090669474257666
2024-03-02 16:00:00,136.16000000000875,130.39564066054865,5.7643593394601
2024-03-02 17:00:00,136.0799999999929,130.39564066054865,5.684359339444256
2024-03-02 18:00:00,150.21999999999642,156.89390678169175,-6.673906781695337
2024-03-02 19:00:00,178.53000000000674,199.96701505016676,-21.437015050160028
2024-03-02 20:00:00,177.3099999999867,182.34449089567363,-5.034490895686929
2024-03-02 21:00:00,172.36000000000962,177.1518240435681,-4.791824043558478
2024-03-02 22:00:00,182.21999999999747,177.1518240435681,5.068175956429371
2024-03-02 23:00:00,171.82000000001364,170.0067976588624,1.813202341151225
2024-03-03 00:00:00,148.6399999999822,175.71910256410195,-27.07910256411975
2024-03-03 01:00:00,143.06000000000842,136.39275174548322,6.667248254525191
2024-03-03 02:00:00,105.87000000000094,115.84335258142913,-9.973352581428188
2024-03-03 03:00:00,103.92000000000488,82.336780442283,21.583219557721876
2024-03-03 04:00:00,89.49000000000231,82.336780442283,7.153219557719311
2024-03-03 05:00:00,78.51999999998807,82.336780442283,-3.8167804422949274
2024-03-03 06:00:00,81.21000000000598,85.8753648746461,-4.665364874640119
2024-03-03 07:00:00,82.58999999999766,90.06153846153842,-7.47153846154076
2024-03-03 08:00:00,107.71999999998312,138.11404337464592,-30.3940433746628
2024-03-03 09:00:00,133.2700000000073,135.4122414864799,-2.1422414864726136
2024-03-03 10:00:00,151.38000000000105,129.69409724120464,21.685902758796402
2024-03-03 11:00:00,146.87000000000197,127.6045215714018,19.26547842860016
2024-03-03 12:00:00,146.62000000000594,145.16088501291858,1.4591149870873608
2024-03-03 13:00:00,163.95999999999734,134.63959504030987,29.320404959687465
2024-03-03 14:00:00,148.04000000000045,147.4870473313175,0.5529526686829342
2024-03-03 15:00:00,143.13000000000915,141.02943452380768,2.100565476201467
2024-03-03 16:00:00,143.66000000001117,128.73311771561774,14.926882284393429
2024-03-03 17:00:00,143.459999999997,149.07936447659833,-5.6193644766013335
2024-03-03 18:00:00,180.4799999999952,153.9329665608069,26.547033439188283
2024-03-03 19:00:00,203.17000000001775,157.59036201529827,45.57963798471948
2024-03-03 20:00:00,201.77999999997934,182.34449089567363,19.43550910430571
2024-03-03 21:00:00,199.73000000000224,182.34449089567363,17.385509104328605
2024-03-03 22:00:00,197.96000000000828,177.1518240435681,20.80817595644018
2024-03-03 23:00:00,186.48999999999336,170.0067976588624,16.483202341130948
2024-03-04 00:00:00,143.42999999999228,144.54865352112654,-1.118653521134263
2024-03-04 01:00:00,124.8800000000073,111.09873197293251,13.781268027074788
2024-03-04 02:00:00,91.8899999999866,113.10182971014554,-21.211829710158938
2024-03-04 03:00:00,82.990000000003,86.444820687033,-3.4548206870300078
2024-03-04 04:00:00,86.94000000000861,85.17059168174407,1.7694083182645386
2024-03-04 05:00:00,83.37999999998718,82.336780442283,1.0432195577041767
2024-03-04 06:00:00,84.85000000000278,99.31820765027197,-14.468207650269193
2024-03-04 07:00:00,107.03000000001478,120.7089352272441,-13.678935227229317
2024-03-04 08:00:00,158.6399999999913,128.38059677290136,30.259403227089933
2024-03-04 09:00:00,125.5700000000003,125.02226962830488,0.5477303716954225
2024-03-04 10:00:00,112.99999999999844,105.55287591572196,7.447124084276481
2024-03-04 11:00:00,103.75999999999945,111.01549100931612,-7.255491009316671
2024-03-04 12:00:00,92.84000000000586,105.66407309388435,-12.824073093878496
2024-03-04 13:00:00,99.88999999999831,105.66407309388435,-5.774073093886045
2024-03-04 14:00:00,96.75999999999127,114.3302037545779,-17.57020375458663
2024-03-04 15:00:00,98.74000000000868,119.73252022417145,-20.992520224162774
2024-03-04 16:00:00,111.06000000000293,115.61353889104429,-4.553538891041356
2024-03-04 17:00:00,113.33499999999506,117.72513846673397,-4.390138466738904
2024-03-04 18:00:00,147.05000000000013,193.88897932440307,-46.83897932440294
2024-03-04 19:00:00,179.05999999998818,177.78908167330593,1.2709183266822492
2024-03-04 20:00:00,188.01000000000516,156.72346432552916,31.286535674476
2024-03-04 21:00:00,184.20000000000908,170.0067976588624,14.193202341146673
2024-03-04 22:00:00,174.9700000000028,149.42869769540636,25.541302304596456
2024-03-04 23:00:00,166.73999999998426,172.46460805801223,-5.724608058027968
2024-03-05 00:00:00,144.35000000000562,150.53047901821006,-6.180479018204437
2024-03-05 01:00:00,125.65000000000637,126.48290270103736,-0.8329027010309886
2024-03-05 02:00:00,77.9699999999953,93.54569125504531,-15.575691255050018
2024-03-05 03:00:00,92.2699999999908,88.50690953091049,3.7630904690803106
2024-03-05 04:00:00,82.52000000001445,82.336780442283,0.18321955773144794
2024-03-05 05:00:00,79.80999999998906,88.50690953091049,-8.696909530921431
2024-03-05 06:00:00,87.3999999999933,91.34072077037156,-3.940720770378263
2024-03-05 07:00:00,108.72000000000017,120.7089352272441,-11.988935227243928
2024-03-05 08:00:00,149.1100000000052,138.1978258249207,10.912174175084488
2024-03-05 09:00:00,131.94499999998155,131.37144817507743,0.5735518249041149
2024-03-05 10:00:00,109.76000000000104,111.01549100931612,-1.2554910093150795
2024-03-05 11:00:00,104.07000000000644,116.64233908028461,-12.57233908027817
2024-03-05 12:00:00,96.86000000000163,111.01549100931612,-14.155491009314488
2024-03-05 13:00:00,92.35999999999368,105.6133731925676,-13.253373192573918
2024-03-05 14:00:00,97.57000000000133,105.6133731925676,-8.043373192566264
2024-03-05 15:00:00,104.92999999999532,105.55287591572196,-0.6228759157266381
2024-03-05 16:00:00,99.34000000000006,111.01549100931612,-11.675491009316062
2024-03-05 17:00:00,109.13999999998956,122.8016697306975,-13.661669730707942
2024-03-05 18:00:00,135.87999999998175,147.9540947467168,-12.074094746735057
2024-03-05 19:00:00,184.26000000001028,182.7235671805537,1.5364328194565928
2024-03-05 20:00:00,186.6499999999922,187.41078316610952,-0.760783166117335
2024-03-05 21:00:00,188.05000000001183,210.42488589415697,-22.374885894145137
2024-03-05 22:00:00,189.78000000000162,177.1518240435681,12.628175956433523
2024-03-05 23:00:00,165.0400000000007,177.1518240435681,-12.111824043567395
2024-03-06 00:00:00,143.0999999999996,132.99585714285652,10.104142857143074
2024-03-06 01:00:00,129.9900000000064,129.26897849462318,0.7210215053832201
2024-03-06 02:00:00,90.53999999998567,89.81319733204472,0.7268026679409445
2024-03-06 03:00:00,83.89000000002059,82.336780442283,1.5532195577375916
2024-03-06 04:00:00,83.11009036141581,82.336780442283,0.7733099191328137
2024-03-06 05:00:00,79.78030722893637,82.336780442283,-2.556473213346635
2024-03-06 06:00:00,86.11052409637887,85.17059168174407,0.9399324146347965
2024-03-06 07:00:00,106.48074096385697,117.73505167958645,-11.254310715729474
2024-03-06 08:00:00,141.7509578313181,117.707219097726,24.043738733592093
2024-03-06 09:00:00,124.74117469877899,118.47015820029088,6.271016498488109
2024-03-06 10:00:00,112.20639156626163,111.01549100931612,1.1909005569455076
2024-03-06 11:00:00,102.54160843372804,116.64233908028461,-14.10073064655657
2024-03-06 12:00:00,99.91182530120724,106.1930350691533,-6.281209767946052
2024-03-06 13:00:00,100.56204216866243,111.01549100931612,-10.453448840653692
2024-03-06 14:00:00,101.67225903615906,111.01549100931612,-9.34323197315706
2024-03-06 15:00:00,98.34247590362219,117.82990775758682,-19.487431853964637
2024-03-06 16:00:00,103.49269277107932,117.82990775758682,-14.337214986507504
2024-03-06 17:00:00,103.10290963854024,108.08202201686181,-4.979112378321574
2024-03-06 18:00:00,123.58312650602925,144.93423934965068,-21.351112843621436
2024-03-06 19:00:00,167.63334337348783,155.9434643255291,11.689879047958726
2024-03-06 20:00:00,194.98356024096483,177.1518240435681,17.831736197396737
2024-03-06 21:00:00,183.70377710842155,177.1518240435681,6.55195306485345
2024-03-06 22:00:00,180.9539939759145,177.1518240435681,3.802169932346402
2024-03-06 23:00:00,170.5442108433694,172.46460805801223,-1.9203972146428328
2024-03-07 00:00:00,145.89442771083657,142.27315599343194,3.6212717174046247
2024-03-07 01:00:00,128.71464457830933,117.8599313887113,10.85471318959803
2024-03-07 02:00:00,91.94486144578072,87.37556216641784,4.56929927936288
2024-03-07 03:00:00,85.32507831327845,82.336780442283,2.988297870995453
2024-03-07 04:00:00,81.66529518070676,86.444820687033,-4.779525506326237
2024-03-07 05:00:00,86.01551204819486,82.336780442283,3.6787316059118638
2024-03-07 06:00:00,89.91572891566484,86.444820687033,3.470908228631842
2024-03-07 07:00:00,105.52594578313757,134.64500282773344,-29.119057044595863
2024-03-07 08:00:00,144.38616265060386,127.56044025157226,16.825722399031605
2024-03-07 09:00:00,125.93637951807516,125.02226962830488,0.9141098897702733
2024-03-07 10:00:00,110.23659638554523,119.73232157132642,-9.495725185781197
2024-03-07 11:00:00,109.62681325301713,115.5424999637297,-5.9156867107125635
2024-03-07 12:00:00,99.27703012048245,106.1930350691533,-6.916004948670846
2024-03-07 13:00:00,91.08724698793819,105.6133731925676,-14.526126204629406
2024-03-07 14:00:00,93.92746385542654,105.6133731925676,-11.685909337141055
2024-03-07 15:00:00,94.66768072288744,110.56126977717904,-15.893589054291596
2024-03-07 16:00:00,95.33789759034352,105.55287591572196,-10.21497832537844
2024-03-07 17:00:00,106.35811445782977,108.08202201686181,-1.7239075590320425
2024-03-07 18:00:00,121.78833132529243,150.9705676798572,-29.182236354564765
2024-03-07 19:00:00,156.42854819276133,177.1518240435681,-20.723275850806772
2024-03-07 20:00:00,165.34876506023127,182.47629765886182,-17.12753259863055
2024-03-07 21:00:00,182.80898192771815,182.47629765886182,0.33268426885632607
2024-03-07 22:00:00,190.79919879518178,177.1518240435681,13.647374751613683
2024-03-07 23:00:00,167.4394156626323,172.46460805801223,-5.025192395379918
2024-03-08 00:00:00,149.5396325301163,139.93581592883675,9.603816601279561
2024-03-08 01:00:00,123.94984939761117,128.45500334086972,-4.505153943258549
2024-03-08 02:00:00,105.11006626504417,89.81319733204472,15.296868932999445
2024-03-08 03:00:00,89.60028313252305,82.336780442283,7.2635026902400455
2024-03-08 04:00:00,81.03050000000653,82.336780442283,-1.3062804422764742
2024-03-08 05:00:00,78.29071686746445,82.336780442283,-4.046063574818547
2024-03-08 06:00:00,92.13093373493962,85.17059168174407,6.960342053195546
2024-03-08 07:00:00,103.92115060240707,131.5050010350193,-27.583850432612223
2024-03-08 08:00:00,134.43136746987275,126.41164710353931,8.019720366333445
2024-03-08 09:00:00,125.33158433736546,128.15686363359544,-2.8252792962299793
2024-03-08 10:00:00,104.04180120482151,111.24022126353609,-7.198420058714575
2024-03-08 11:00:00,98.71201807227976,117.88563010232488,-19.17361203004512
2024-03-08 12:00:00,101.4022349397596,105.6133731925676,-4.211138252807999
2024-03-08 13:00:00,97.81245180722979,105.6133731925676,-7.800921385337801
2024-03-08 14:00:00,96.26766867470141,105.55287591572196,-9.285207241020544
2024-03-08 15:00:00,93.11288554216473,111.01549100931612,-17.90260546715139
2024-03-08 16:00:00,94.84310240962907,111.01549100931612,-16.172388599687054
2024-03-08 17:00:00,104.2633192771147,117.87438280795281,-13.61106353083811
2024-03-08 18:00:00,125.78853614457333,144.88611111111,-19.097574966536683
2024-03-08 19:00:00,161.85375301205124,199.40290876997364,-37.54915575792239
2024-03-08 20:00:00,175.50396987950631,174.72081786941706,0.7831520100892533
2024-03-08 21:00:00,169.30418674699618,177.1518240435681,-7.847637296571918
2024-03-08 22:00:00,180.164403614453,177.1518240435681,3.0125795708848955
2024-03-08 23:00:00,164.58462048192146,165.31958167330654,-0.7349611913850822
2024-03-09 00:00:00,146.77483734940142,154.79335714285773,-8.018519793456306
2024-03-09 01:00:00,135.5050542168571,129.6223461137193,5.882708103137816
2024-03-09 02:00:00,100.90527108434367,95.9833264206722,4.921944663671468
2024-03-09 03:00:00,88.14548795181197,82.336780442283,5.808707509528972
2024-03-09 04:00:00,82.14570481929198,82.336780442283,-0.191075622991022
2024-03-09 05:00:00,88.20592168673952,82.336780442283,5.8691412444565145
2024-03-09 06:00:00,83.44613855421113,85.17059168174407,-1.7244531275329393
2024-03-09 07:00:00,87.01635542167423,103.51337431693977,-16.49701889526554
2024-03-09 08:00:00,109.93657228917317,127.2610466552581,-17.324474366084928
2024-03-09 09:00:00,134.9567891566235,131.5185002927078,3.4382888639156874
2024-03-09 10:00:00,138.40700602408728,135.61743634303917,2.789569681048107
2024-03-09 11:00:00,140.52722289156924,139.4931103436755,1.0341125478937272
2024-03-09 12:00:00,138.27743975903115,128.3353525641025,9.94208719492866
2024-03-09 13:00:00,142.70765662649734,138.5327778687854,4.1748787577119515
2024-03-09 14:00:00,138.5878734939725,148.15020662470593,-9.562333130733435
2024-03-09 15:00:00,145.58309036145,125.62998447477898,19.95310588667101
2024-03-09 16:00:00,122.2283072289129,117.04052268244615,5.1877845464667445
2024-03-09 17:00:00,118.74852409637333,131.08239866106737,-12.333874564694042
2024-03-09 18:00:00,148.82874096385598,135.95254923169904,12.87619173215694
2024-03-09 19:00:00,159.7689578313179,177.78908167330593,-18.02012384198804
2024-03-09 20:00:00,180.40917469878804,172.46460805801223,7.944566640775804
2024-03-09 21:00:00,183.15939156625944,177.1518240435681,6.007567522691346
2024-03-09 22:00:00,180.1096084337347,177.1518240435681,2.9577843901666085
2024-03-09 23:00:00,158.94482530118952,170.0067976588624,-11.061972357672886
2024-03-10 00:00:00,141.85004216865963,142.27315599343194,-0.4231138247723152
2024-03-10 01:00:00,139.13025903613652,127.89193040293105,11.23832863320547
2024-03-10 02:00:00,102.03047590361898,87.37556216641784,14.654913737201142
2024-03-10 03:00:00,87.73069277108357,98.80319017600704,-11.072497404923467
2024-03-10 04:00:00,88.37090963854627,82.336780442283,6.034129196263265
2024-03-10 05:00:00,82.05112650601747,82.336780442283,-0.2856539362655326
2024-03-10 06:00:00,82.9713433734988,82.336780442283,0.6345629312157968
2024-03-10 07:00:00,84.17156024096987,99.75815431879909,-15.586594077829218
2024-03-10 08:00:00,108.1517771084342,116.79885257887211,-8.647075470437912
2024-03-10 09:00:00,133.66199397591282,133.61427713004502,0.047716845867796565
2024-03-10 10:00:00,142.54221084336305,141.51849603174608,1.0237148116169692
2024-03-10 11:00:00,146.0124277108439,137.23401404067076,8.778413670173137
2024-03-10 12:00:00,155.82264457831008,144.060391690514,11.76225288779608
2024-03-10 13:00:00,145.7728614457759,122.81844551281964,22.954415932956266
2024-03-10 14:00:00,142.28307831326384,140.29449668675224,1.9885816265116034
2024-03-10 15:00:00,146.26329518071606,136.93064663434447,9.332648546371587
2024-03-10 16:00:00,141.5735120482004,122.60199612403082,18.97151592416958
2024-03-10 17:00:00,144.82372891565484,134.97944936935536,9.844279546299475
2024-03-10 18:00:00,161.70394578311993,169.10189108911038,-7.397945305990447
2024-03-10 19:00:00,182.2541626506054,187.15180337666237,-4.897640726056977
2024-03-10 20:00:00,212.60437951807222,182.34449089567363,30.25988862239859
2024-03-10 21:00:00,199.59459638554063,182.34449089567363,17.250105489866996
2024-03-10 22:00:00,196.09481325302073,182.34449089567363,13.750322357347102
2024-03-10 23:00:00,169.06503012047452,176.89284425412094,-7.827814133646427
2024-03-11 00:00:00,146.68524698794076,127.93770591662694,18.74754107131382
2024-03-11 01:00:00,135.41546385542622,120.40178490028484,15.013678955141387
2024-03-11 02:00:00,91.73568072288808,89.81319733204472,1.9224833908433538
2024-03-11 03:00:00,83.39589759035145,82.336780442283,1.0591171480684523
2024-03-11 04:00:00,82.22611445782934,82.336780442283,-0.11066598445366083
2024-03-11 05:00:00,83.05633132530176,82.336780442283,0.7195508830187549
2024-03-11 06:00:00,90.42654819277301,86.444820687033,3.981727505740011
2024-03-11 07:00:00,104.1867650602471,120.07818181818163,-15.891416757934536
2024-03-11 08:00:00,137.26698192770783,125.7210070660526,11.545974861655239
2024-03-11 09:00:00,127.89719879517588,115.6728047337285,12.224394061447384
2024-03-11 10:00:00,108.68741566264413,105.6133731925676,3.0740424700765345
2024-03-11 11:00:00,98.05763253012628,108.9903885357157,-10.932756005589411
2024-03-11 12:00:00,105.67784939758562,106.1930350691533,-0.5151856715676786
2024-03-11 13:00:00,104.96806626505206,106.1930350691533,-1.2249688041012377
2024-03-11 14:00:00,107.03828313253973,105.6133731925676,1.4249099399721388
2024-03-11 15:00:00,103.48850000001238,105.6133731925676,-2.1248731925552136
2024-03-11 16:00:00,104.21871686745489,105.6133731925676,-1.394656325112706
2024-03-11 17:00:00,117.13893373494304,106.1930350691533,10.945898665789741
2024-03-11 18:00:00,135.5891506024147,169.02589108910956,-33.43674048669487
2024-03-11 19:00:00,171.11936746987763,185.8494845360828,-14.730117066205167
2024-03-11 20:00:00,186.77958433734455,182.34449089567363,4.435093441670915
2024-03-11 21:00:00,195.40980120481805,187.66896451096733,7.740836693850724
2024-03-11 22:00:00,170.8100180722911,182.34449089567363,-11.534472823382544
2024-03-11 23:00:00,158.5202349397543,177.71592540998185,-19.19569047022756
2024-03-12 00:00:00,140.2704518072253,135.83097598061937,4.439475826605928
2024-03-12 01:00:00,118.83066867470879,129.25547901820994,-10.42481034350115
2024-03-12 02:00:00,94.41088554216869,89.81319733204472,4.5976882101239624
2024-03-12 03:00:00,86.31110240963355,82.336780442283,3.974321967350548
2024-03-12 04:00:00,84.70131927709842,82.336780442283,2.36453883481542
2024-03-12 05:00:00,81.92153614459392,86.444820687033,-4.523284542439086
2024-03-12 06:00:00,89.39175301204745,92.19661762189779,-2.804864609850341
2024-03-12 07:00:00,109.78196987950868,117.73505167958645,-7.9530818000777685
2024-03-12 08:00:00,145.69218674699243,137.23401404067076,8.458172706321676
2024-03-12 09:00:00,131.80240361445607,119.79301750101712,12.00938611343895
2024-03-12 10:00:00,110.92262048192015,111.01549100931612,-0.09287052739597357
2024-03-12 11:00:00,110.95283734939431,105.55287591572196,5.39996143367236
2024-03-12 12:00:00,95.19305421687103,106.1930350691533,-10.999980852282263
2024-03-12 13:00:00,99.32327108432739,106.1930350691533,-6.869763984825909
2024-03-12 14:00:00,102.46348795181227,105.55287591572196,-3.0893879639096866
2024-03-12 15:00:00,99.2337048192735,111.01549100931612,-11.781786190042624
2024-03-12 16:00:00,93.93392168675513,111.01549100931612,-17.081569322560995
2024-03-12 17:00:00,107.26413855421856,110.8241978961216,-3.5600593419030417
2024-03-12 18:00:00,152.4843554216785,139.4075577557752,13.076797665903285
2024-03-12 19:00:00,175.28457228915232,203.8260833731514,-28.54151108399907
2024-03-12 20:00:00,188.62478915662214,182.34449089567363,6.280298260948513
2024-03-12 21:00:00,181.0950060241024,182.21731786941467,-1.1223118453122822
2024-03-12 22:00:00,174.7652228915602,186.63719286941622,-11.871969977856025
2024-03-12 23:00:00,164.26543975903576,185.8494845360828,-21.58404477704704
2024-03-13 00:00:00,149.32565662651058,140.3081106639837,9.017545962526867
2024-03-13 01:00:00,131.7758734939731,127.28337837837756,4.4924951155955455
2024-03-13 02:00:00,95.7660903614505,91.36549118511769,4.400599176332804
2024-03-13 03:00:00,85.44630722891658,86.444820687033,-0.9985134581164203
2024-03-13 04:00:00,82.8265240963702,86.444820687033,-3.618296590662794
2024-03-13 05:00:00,80.73674096385018,93.80162096345855,-13.064879999608365
2024-03-13 06:00:00,86.17695783134205,92.19661762189779,-6.019659790555735
2024-03-13 07:00:00,114.14717469879184,120.07818181818163,-5.93100711938979
2024-03-13 08:00:00,136.39739156625788,136.59711640211634,-0.19972483585846135
2024-03-13 09:00:00,135.57760843374032,117.94110493574922,17.6365034979911
2024-03-13 10:00:00,108.85782530119029,111.29092116485285,-2.433095863662558
2024-03-13 11:00:00,103.19304216869408,106.1930350691533,-2.999992900459219
2024-03-13 12:00:00,98.15825903614319,106.1930350691533,-8.034776033010104
2024-03-13 13:00:00,104.65847590360649,106.1930350691533,-1.5345591655468098
2024-03-13 14:00:00,100.90869277107512,105.55287591572196,-4.644183144646831
2024-03-13 15:00:00,93.90890963857991,117.82990775758682,-23.92099811900691
2024-03-13 16:00:00,95.99912650602788,125.19513531776565,-29.19600881173777
2024-03-13 17:00:00,108.239343373493,108.08202201686181,0.1573213566311864
2024-03-13 18:00:00,127.03956024096921,139.4075577557752,-12.367997514805992
2024-03-13 19:00:00,156.75977710843813,210.16590610470982,-53.40612899627169
2024-03-13 20:00:00,180.78999397589777,199.40290876997364,-18.612914794075863
2024-03-13 21:00:00,191.24021084336175,215.6175527462625,-24.377341902900753
2024-03-13 22:00:00,183.1604277108523,182.34449089567363,0.8159368151786737
2024-03-13 23:00:00,176.73064457830998,185.84529411764657,-9.114649539336597
2024-03-14 00:00:00,148.9108614457856,136.56773253933716,12.343128906448442
2024-03-14 01:00:00,123.4610783132577,121.89829534588691,1.5627829673707936
2024-03-14 02:00:00,96.38129518072822,110.92268208334443,-14.54138690261621
2024-03-14 03:00:00,86.07151204819178,100.32761013118599,-14.256098082994214
2024-03-14 04:00:00,90.50172891566935,91.36549118511769,-0.863762269448344
2024-03-14 05:00:00,81.8219457831328,82.336780442283,-0.5148346591501962
2024-03-14 06:00:00,84.29216265061748,86.444820687033,-2.1526580364155166
2024-03-14 07:00:00,103.19237951807224,131.51040882244286,-28.31802930437061
2024-03-14 08:00:00,146.00259638554104,127.2610466552581,18.74154973028294
2024-03-14 09:00:00,121.60281325300902,117.94110493574922,3.6617083172597944
2024-03-14 10:00:00,103.88303012047388,111.01549100931612,-7.132460888842246
2024-03-14 11:00:00,94.4132469879602,115.12046267153485,-20.707215683574645
2024-03-14 12:00:00,95.47346385542369,112.67286935286872,-17.199405497445028
2024-03-14 13:00:00,97.27368072288476,115.12046267153485,-17.84678194865009
2024-03-14 14:00:00,100.71389759036107,114.59150069626591,-13.87760310590484
2024-03-14 15:00:00,91.23411445783935,111.01549100931612,-19.781376551476768
2024-03-14 16:00:00,98.75933132530626,117.00944961924337,-18.250118293937106
2024-03-14 17:00:00,95.23454819276547,118.07498716961724,-22.84043897685177
2024-03-14 18:00:00,121.69476506023926,137.5800071112083,-15.885242050969026
2024-03-14 19:00:00,156.7849819277159,210.16590610470982,-53.380924176993915
2024-03-14 20:00:00,174.61519879518573,177.1518240435681,-2.5366252483823644
2024-03-14 21:00:00,177.8054156626476,187.41078316610952,-9.605367503461935
2024-03-14 22:00:00,171.64563253011386,182.47629765886182,-10.830665128747967
2024-03-14 23:00:00,162.75584939758716,193.40258713254758,-30.646737734960425
2024-03-15 00:00:00,155.2060662650672,136.97540674603206,18.23065951903513
2024-03-15 01:00:00,115.87628313252877,122.31009259259207,-6.433809460063301
2024-03-15 02:00:00,95.20650000000515,104.6043532950516,-9.397853295046446
2024-03-15 03:00:00,84.66671686746702,82.336780442283,2.329936425184016
2024-03-15 04:00:00,82.69693373494141,82.336780442283,0.3601532926584099
2024-03-15 05:00:00,86.86715060240184,102.86930992959125,-16.002159327189418
2024-03-15 06:00:00,96.44736746988096,92.19661762189779,4.2507498479831725
2024-03-15 07:00:00,109.56758433735551,117.73505167958645,-8.167467342230935
2024-03-15 08:00:00,137.91780120481542,127.36536867827827,10.552432526537146
2024-03-15 09:00:00,132.86801807229318,129.7221442721792,3.145873800113975
2024-03-15 10:00:00,112.49823493975977,105.6133731925676,6.884861747192176
2024-03-15 11:00:00,100.21845180723491,105.6133731925676,-5.39492138533268
2024-03-15 12:00:00,100.81866867468798,116.68717050636577,-15.86850183167779
2024-03-15 13:00:00,98.82888554216377,115.12046267153485,-16.291577129371078
2024-03-15 14:00:00,99.87910240962213,111.01549100931612,-11.136388599693987
2024-03-15 15:00:00,106.84931927710774,111.01549100931612,-4.166171732208383
2024-03-15 16:00:00,97.6995361445698,126.97799208060573,-29.278455936035925
2024-03-15 17:00:00,103.43975301204526,113.02991860147326,-9.590165589427997
2024-03-15 18:00:00,129.799969879517,146.182691089108,-16.38272120959101
2024-03-15 19:00:00,156.2501867470035,182.47629765886182,-26.226110911858314
2024-03-15 20:00:00,171.38040361444763,177.1518240435681,-5.771420429120468
2024-03-15 21:00:00,176.840620481938,182.47629765886182,-5.635677176923821
2024-03-15 22:00:00,165.67083734938973,177.1518240435681,-11.48098669417837
2024-03-15 23:00:00,164.3810542168659,170.7292751363399,-6.3482209194740165
2024-03-16 00:00:00,146.1212710843285,124.04452308815142,22.076747996177076
2024-03-16 01:00:00,119.13148795181702,127.89193040293105,-8.76044245111403
2024-03-16 02:00:00,97.16170481927347,101.23597665003987,-4.074271830766406
2024-03-16 03:00:00,85.16192168674038,82.336780442283,2.8251412444573845
2024-03-16 04:00:00,86.28213855419585,82.336780442283,3.945358111912853
2024-03-16 05:00:00,83.112355421681,85.17059168174407,-2.058236260063069
2024-03-16 06:00:00,78.4125722891672,85.17059168174407,-6.75801939257687
2024-03-16 07:00:00,96.67278915661868,100.5779578754579,-3.905168718839221
2024-03-16 08:00:00,109.5630060241032,122.73403770084454,-13.171031676741336
2024-03-16 09:00:00,132.8632228915793,148.61282413087986,-15.749601239300546
2024-03-16 10:00:00,159.17343975903563,139.2289987922707,19.944440966764944
2024-03-16 11:00:00,132.3536566265301,133.04882617747293,-0.6951695509428362
2024-03-16 12:00:00,139.3238734939566,142.10998635613726,-2.7861128621806586
2024-03-16 13:00:00,141.1240903614443,144.060391690514,-2.9363013290696927
2024-03-16 14:00:00,148.95430722891297,127.2610466552581,21.693260573654868
2024-03-16 15:00:00,124.99452409638587,134.97944936935536,-9.984925272969491
2024-03-16 16:00:00,119.82474096385705,127.9478046557768,-8.123063691919754
2024-03-16 17:00:00,125.85495783132896,134.63959504030987,-8.78463720898091
2024-03-16 18:00:00,137.89517469879436,150.85757845148527,-12.962403752690904
2024-03-16 19:00:00,178.3653915662708,396.2000000000098,-217.83460843373902
2024-03-17 16:00:00,0.0,124.47587431693788,-124.47587431693788
2024-03-17 17:00:00,96.7971204819269,131.5050010350193,-34.707880553092394
2024-03-17 18:00:00,171.7158614457838,148.79956710156975,22.916294344214037
2024-03-17 19:00:00,197.35607831325504,187.41078316610952,9.945295147145515
2024-03-17 20:00:00,202.4462951807143,193.14360734310043,9.30268783761386
2024-03-17 21:00:00,209.0365120482025,182.34449089567363,26.692021152528866
2024-03-17 22:00:00,190.736728915664,176.89284425412094,13.843884661543058
2024-03-17 23:00:00,173.2669457831309,172.26427876842916,1.0026670147017285
2024-03-18 00:00:00,149.66716265059733,142.65735363046264,7.009809020134696
2024-03-18 01:00:00,126.06737951806537,126.55367713004394,-0.48629761197857135
2024-03-18 02:00:00,80.02798192771428,92.61494977566048,-12.586967847946198
2024-03-18 03:00:00,84.5177771084438,91.36549118511769,-6.8477140766738955
2024-03-18 04:00:00,89.61799397589438,82.336780442283,7.281213533611378
2024-03-18 05:00:00,80.80821084337467,84.20454449977389,-3.3963336563992215
2024-03-18 06:00:00,91.00342771085369,101.6370014154681,-10.63357370461442
2024-03-18 07:00:00,114.89864457830072,111.18294025157245,3.7157043267282717
2024-03-18 08:00:00,131.46886144578417,124.84528661488235,6.623574830901816
2024-03-18 09:00:00,119.82907831325828,122.38418899796125,-2.555110684702967
2024-03-18 10:00:00,106.36929518071301,105.6133731925676,0.7559219881454169
2024-03-18 11:00:00,105.0695120481892,105.6133731925676,-0.5438611443783969
2024-03-18 12:00:00,105.42972891565489,108.9903885357157,-3.560659620060804
2024-03-18 13:00:00,111.90993975902873,108.9903885357157,2.919551223313036
2024-03-18 14:00:00,102.22000000001213,105.55287591572196,-3.3328759157098204
2024-03-18 15:00:00,106.2399999999901,105.6133731925676,0.626626807422511
2024-03-18 16:00:00,96.01000000000101,105.6133731925676,-9.603373192566579
2024-03-18 17:00:00,108.58999999999469,105.6133731925676,2.9766268074270954
2024-03-18 18:00:00,134.40000000000077,177.51819878141617,-43.1181987814154
2024-03-18 19:00:00,161.72000000000534,172.46460805801223,-10.74460805800689
2024-03-18 20:00:00,190.9300000000099,182.7235671805537,8.20643281945621
2024-03-18 21:00:00,186.21999999999753,175.92194198844544,10.298058011552087
2024-03-18 22:00:00,184.14500000001698,177.1518240435681,6.99317595644888
2024-03-18 23:00:00,178.68999999999892,162.2590261177522,16.430973882246718
2024-03-19 00:00:00,142.98999999998898,140.39839478688856,2.591605213100422
2024-03-19 01:00:00,112.7000000000072,121.50961691525188,-8.809616915244689
2024-03-19 02:00:00,95.75666666668587,97.53562027374518,-1.7789536070593073
2024-03-19 03:00:00,84.8333333333413,82.336780442283,2.4965528910583004
2024-03-19 04:00:00,85.55326086955594,82.336780442283,3.2164804272729413
2024-03-19 05:00:00,84.03956521739627,96.219569886436,-12.180004669039732
2024-03-19 06:00:00,90.64086956520877,85.17059168174407,5.4702778834647035
2024-03-19 07:00:00,110.3213043478219,120.7089352272441,-10.387630879422204
2024-03-19 08:00:00,134.51538461538954,130.93865605795287,3.5767285574366667
2024-03-19 09:00:00,122.59923076923144,121.06022918810754,1.5390015811238982
2024-03-19 10:00:00,109.1753846153857,105.66407309388435,3.511311521501341
2024-03-19 11:00:00,104.88999999999778,105.66407309388435,-0.774073093886571
2024-03-19 12:00:00,107.33999999999361,111.01549100931612,-3.6754910093225135
2024-03-19 13:00:00,102.11999999998254,106.1930350691533,-4.073035069170757
2024-03-19 14:00:00,96.54000000002495,106.1930350691533,-9.65303506912835
2024-03-19 15:00:00,95.59999999998615,105.6133731925676,-10.01337319258144
2024-03-19 16:00:00,93.4699999999938,105.6133731925676,-12.14337319257379
2024-03-19 17:00:00,100.37000000001133,153.55324626924914,-53.18324626923781
2024-03-19 18:00:00,148.35999999998907,137.5800071112083,10.779992888780782
2024-03-19 19:00:00,166.49000000000666,170.47029534689275,-3.980295346886095
2024-03-19 20:00:00,175.88999999999726,166.5041309921969,9.385869007800352
2024-03-19 21:00:00,181.94000000000239,177.1518240435681,4.788175956434287
2024-03-19 22:00:00,176.77999999999656,194.29210068916643,-17.51210068916987
2024-03-19 23:00:00,167.06999999999675,177.1518240435681,-10.081824043571345
2024-03-20 00:00:00,135.94999999999996,129.25547901820994,6.694520981790021
2024-03-20 01:00:00,105.31000000000007,128.45500334086972,-23.14500334086965
2024-03-20 02:00:00,90.24000000000633,87.37556216641784,2.8644378335884966
2024-03-20 03:00:00,90.53999999999319,96.219569886436,-5.67956988644282
2024-03-20 04:00:00,83.35000000000227,85.17059168174407,-1.8205916817418029
2024-03-20 05:00:00,85.48000000000917,82.336780442283,3.1432195577261695
2024-03-20 06:00:00,87.18999999999987,109.64845307805551,-22.45845307805564
2024-03-20 07:00:00,114.37999999999681,128.08822781048102,-13.708227810484203
2024-03-20 08:00:00,144.38999999999317,127.81953180559456,16.5704681943986
2024-03-20 09:00:00,126.00499999999663,129.7221442721792,-3.71714427218258
2024-03-20 10:00:00,105.03000000000566,105.6133731925676,-0.5833731925619361
2024-03-20 11:00:00,105.20000000000546,108.9903885357157,-3.7903885357102354
2024-03-20 12:00:00,109.80999999999199,106.1930350691533,3.616964930838691
2024-03-20 13:00:00,104.84999999998978,108.9903885357157,-4.1403885357259185
2024-03-20 14:00:00,101.46000000000835,106.1930350691533,-4.733035069144947
2024-03-20 15:00:00,97.71000000000197,105.66407309388435,-7.954073093882386
2024-03-20 16:00:00,95.3900000000111,117.38261978541277,-21.992619785401672
2024-03-20 17:00:00,107.98999999999293,115.97529208085425,-7.9852920808613135
2024-03-20 18:00:00,144.99000000000115,142.8762279997352,2.1137720002659535
2024-03-20 19:00:00,163.04999999998122,177.1518240435681,-14.101824043586873
2024-03-20 20:00:00,170.55000000000032,182.34449089567363,-11.794490895673306
2024-03-20 21:00:00,193.60999999999672,166.04205915078404,27.567940849212675
2024-03-20 22:00:00,184.0599999999883,172.46460805801223,11.595391941976061
2024-03-20 23:00:00,169.92000000000422,166.04205915078404,3.877940849220181
2024-03-21 00:00:00,145.8300000000113,134.59563189950478,11.234368100506515
2024-03-21 01:00:00,127.5699999999907,126.48290270103736,1.0870972989533385
2024-03-21 02:00:00,92.77999999999264,97.53562027374518,-4.755620273752541
2024-03-21 03:00:00,91.31999999999067,86.444820687033,4.87517931295767
2024-03-21 04:00:00,78.90999999999468,86.444820687033,-7.534820687038319
2024-03-21 05:00:00,78.78000000000624,82.336780442283,-3.556780442276761
2024-03-21 06:00:00,92.04999999998313,109.64845307805551,-17.59845307807238
2024-03-21 07:00:00,112.33999999998112,120.51608630952302,-8.176086309541901
2024-03-21 08:00:00,133.34000000001427,130.93865605795287,2.401343942061402
2024-03-21 09:00:00,117.16000000000113,115.0931428571428,2.066857142858339
2024-03-21 10:00:00,101.32999999998411,108.08202201686181,-6.752022016877703
2024-03-21 11:00:00,97.27000000002437,108.9903885357157,-11.720388535691328
2024-03-21 12:00:00,95.16999999999695,105.55287591572196,-10.382875915725009
2024-03-21 13:00:00,98.3300000000001,105.6133731925676,-7.283373192567495
2024-03-21 14:00:00,89.86999999998895,111.01549100931612,-21.145491009327174
2024-03-21 15:00:00,91.80000000000449,111.01549100931612,-19.215491009311634
2024-03-21 16:00:00,97.97000000000517,118.07498716961724,-20.104987169612073
2024-03-21 17:00:00,100.82999999999831,127.92613647970376,-27.09613647970545
2024-03-21 18:00:00,125.21999999998707,149.968224422443,-24.748224422455934
2024-03-21 19:00:00,158.7400000000028,187.41078316610952,-28.67078316610673
2024-03-21 20:00:00,182.9800000000027,177.1518240435681,5.828175956434592
2024-03-21 21:00:00,183.45000000000755,176.89284425412094,6.557155745886604
2024-03-21 22:00:00,171.77999999999918,202.14281786941612,-30.362817869416943
2024-03-21 23:00:00,162.5599999999985,170.47029534689275,-7.910295346894259
2024-03-22 00:00:00,142.5299999999986,133.43313853404658,9.096861465952031
2024-03-22 01:00:00,117.4099999999998,135.18435411733822,-17.77435411733842
2024-03-22 02:00:00,99.3800000000009,97.53562027374518,1.844379726255724
2024-03-22 03:00:00,92.12000000000097,91.36549118511769,0.7545088148832804
2024-03-22 04:00:00,80.52999999998663,82.336780442283,-1.8067804422963718
2024-03-22 05:00:00,78.48999999999963,86.444820687033,-7.954820687033376
2024-03-22 06:00:00,82.95000000000203,107.117617621899,-24.167617621896966
2024-03-22 07:00:00,116.10500000000354,106.7407291666666,9.364270833336946
2024-03-22 08:00:00,134.93500000000972,127.81953180559456,7.115468194415158
2024-03-22 09:00:00,139.7300000000043,127.81953180559456,11.910468194409745
2024-03-22 10:00:00,102.63000000000636,116.64233908028461,-14.012339080278252
2024-03-22 11:00:00,102.7299999999995,111.01549100931612,-8.285491009316615
2024-03-22 12:00:00,87.07000000000113,105.6133731925676,-18.543373192566463
2024-03-22 13:00:00,102.98999999999063,105.6133731925676,-2.623373192576963
2024-03-22 14:00:00,91.79000000001439,105.6133731925676,-13.823373192553206
2024-03-22 15:00:00,112.66999999999743,119.73252022417145,-7.062520224174023
2024-03-22 16:00:00,103.8599999999916,105.6133731925676,-1.7533731925759923
2024-03-22 17:00:00,135.59999999999877,117.33191988409601,18.268080115902762
2024-03-22 18:00:00,154.19000000000838,193.88897932440307,-39.698979324394685
2024-03-22 19:00:00,163.7799999999923,177.1518240435681,-13.3718240435758
2024-03-22 20:00:00,186.03999999999206,177.1518240435681,8.888175956423964
2024-03-22 21:00:00,184.50000000000836,187.41078316610952,-2.9107831661011687
2024-03-22 22:00:00,173.3700000000062,170.7292751363399,2.6407248636662928
2024-03-22 23:00:00,162.12999999999687,167.83604257232048,-5.706042572323611
2024-03-23 00:00:00,143.95000000000928,149.59953315531789,-5.649533155308603
2024-03-23 01:00:00,139.34999999998402,126.12088501291939,13.229114987064634
2024-03-23 02:00:00,101.51000000000934,106.62945576865204,-5.119455768642695
2024-03-23 03:00:00,94.37000000001817,82.336780442283,12.033219557735165
2024-03-23 04:00:00,81.69999999999044,82.336780442283,-0.6367804422925616
2024-03-23 05:00:00,80.35999999998589,82.336780442283,-1.9767804422971125
2024-03-23 06:00:00,92.47000000000915,82.336780442283,10.13321955772615
2024-03-23 07:00:00,96.24999999999781,89.35676526863641,6.893234731361403
2024-03-23 08:00:00,111.8500000000017,100.70188644688636,11.148113553115337
2024-03-23 09:00:00,127.40000000000875,160.22265782828242,-32.82265782827368
2024-03-23 10:00:00,148.4499999999938,159.24700357729176,-10.797003577297971
2024-03-23 11:00:00,134.419999999989,138.48681818181853,-4.066818181829547
2024-03-23 12:00:00,136.63999999998848,148.83585714285806,-12.195857142869585
2024-03-23 13:00:00,141.88000000001125,131.13430265567712,10.745697344334133
2024-03-23 14:00:00,139.76999999998736,135.33585714285704,4.434142857130325
2024-03-23 15:00:00,125.91000000000334,134.13601878519523,-8.226018785191897
2024-03-23 16:00:00,135.76000000000164,117.04052268244615,18.719477317555487
2024-03-23 17:00:00,127.83999999999949,122.8807183639583,4.959281636041197
2024-03-23 18:00:00,135.9700000000013,192.84089108910848,-56.870891089107175
2024-03-23 19:00:00,165.48999999999108,186.63719286941622,-21.14719286942514
2024-03-23 20:00:00,176.80999999998863,185.37881786941713,-8.5688178694285
2024-03-23 21:00:00,179.3000000000071,176.89284425412094,2.4071557458861434
2024-03-23 22:00:00,181.2599999999974,172.46460805801223,8.795391941985173
2024-03-23 23:00:00,155.244999999991,172.46460805801223,-17.219608058021237
2024-03-24 00:00:00,145.63000000000807,143.26943282257582,2.3605671774322445
2024-03-24 01:00:00,140.48000000000766,134.59563189950478,5.884368100502883
2024-03-24 02:00:00,102.04999999999768,93.54569125504531,8.504308744952368
2024-03-24 03:00:00,98.58000000000132,82.336780442283,16.24321955771832
2024-03-24 04:00:00,85.66000000000201,82.336780442283,3.323219557719014
2024-03-24 05:00:00,79.98999999998671,82.336780442283,-2.346780442296293
2024-03-24 06:00:00,84.06000000000066,99.39253458940784,-15.332534589407189
2024-03-24 07:00:00,91.35000000000807,89.4583704706572,1.8916295293508654
2024-03-24 08:00:00,108.81999999999596,134.97944936935536,-26.159449369359407
2024-03-24 09:00:00,138.3300000000063,131.94320093956742,6.386799060438875
2024-03-24 10:00:00,160.05000000000555,178.702362472195,-18.652362472189452
2024-03-24 11:00:00,143.680000000002,133.37345025510197,10.306549744900025
2024-03-24 12:00:00,146.34999999998956,136.80122192354622,9.548778076443341
2024-03-24 13:00:00,144.88000000000224,124.25933052574,20.620669474262243
2024-03-24 14:00:00,132.82000000001935,160.7909709119481,-27.97097091192876
2024-03-24 15:00:00,142.03999999999556,126.0743603305789,15.96563966941666
2024-03-24 16:00:00,130.249999999995,128.02764172335597,2.222358276639028
2024-03-24 17:00:00,132.58000000000152,140.6923083010144,-8.112308301012888
2024-03-24 18:00:00,152.9500000000089,148.79956710156975,4.150432898439163
2024-03-24 19:00:00,189.72999999998606,209.37679765886242,-19.646797658876352
2024-03-24 20:00:00,211.18000000002212,199.48476754127194,11.695232458750183
2024-03-24 21:00:00,194.51999999999032,182.34449089567363,12.175509104316689
2024-03-24 22:00:00,193.96000000001845,172.46460805801223,21.495391942006222
2024-03-24 23:00:00,177.99000000000433,174.03458167330626,3.955418326698066
2024-03-25 00:00:00,140.89999999999202,146.05329643333093,-5.153296433338909
2024-03-25 01:00:00,127.22999999999311,120.40178490028484,6.828215099708274
2024-03-25 02:00:00,93.72000000000617,91.36549118511769,2.354508814888476
2024-03-25 03:00:00,90.61000000000948,91.36549118511769,-0.7554911851082124
2024-03-25 04:00:00,88.66999999998521,82.336780442283,6.333219557702208
2024-03-25 05:00:00,76.3650000000024,86.444820687033,-10.079820687030605
2024-03-25 06:00:00,86.42999999998646,89.75720306513293,-3.3272030651464632
2024-03-25 07:00:00,107.47000000001324,106.7407291666666,0.7292708333466464
2024-03-25 08:00:00,128.18999999999406,125.7210070660526,2.4689929339414647
2024-03-25 09:00:00,127.21000000001203,126.41164710353931,0.7983528964727213
2024-03-25 10:00:00,109.65000000000313,105.66407309388435,3.9859269061187774
2024-03-25 11:00:00,94.10000000001288,105.66407309388435,-11.564073093871471
2024-03-25 12:00:00,94.29999999999148,105.66407309388435,-11.36407309389287
2024-03-25 13:00:00,101.82000000000438,111.29092116485285,-9.470921164848463
2024-03-25 14:00:00,103.02000000000137,106.1930350691533,-3.173035069151922
2024-03-25 15:00:00,99.62000000000228,110.66564230643284,-11.045642306430565
2024-03-25 16:00:00,110.5100000000084,106.1930350691533,4.316964930855107
2024-03-25 17:00:00,113.57999999999973,106.1930350691533,7.386964930846432
2024-03-25 18:00:00,154.14999999998628,142.8762279997352,11.273772000251086
2024-03-25 19:00:00,170.3100000000059,146.8702431716829,23.439756828323027
2024-03-25 20:00:00,182.55999999999557,152.06291002378842,30.49708997620715
2024-03-25 21:00:00,184.09999999999994,202.40179765886327,-18.301797658863336
2024-03-25 22:00:00,170.0299999999928,176.89284425412094,-6.8628442541281345
2024-03-25 23:00:00,154.29000000000627,176.89284425412094,-22.60284425411467
2024-03-26 00:00:00,142.6400000000061,127.36536867827827,15.274631321727824
2024-03-26 01:00:00,115.26499999999521,113.27532403356085,1.989675966434362
2024-03-26 02:00:00,90.53000000000783,105.91777926423723,-15.387779264229394
2024-03-26 03:00:00,90.96499999999384,86.444820687033,4.520179312960835
2024-03-26 04:00:00,80.70000000000277,93.80162096345855,-13.101620963455773
2024-03-26 05:00:00,76.96000000001791,97.90966120820855,-20.949661208190633
2024-03-26 06:00:00,86.18999999999754,91.17284615384534,-4.982846153847802
2024-03-26 07:00:00,107.0199999999943,120.869645684877,-13.849645684882702
2024-03-26 08:00:00,142.62000000000933,124.9027196832358,17.717280316773525
2024-03-26 09:00:00,128.80999999999932,126.06179840065603,2.7482015993432896
2024-03-26 10:00:00,117.39999999999998,111.01549100931612,6.384508990683855
2024-03-26 11:00:00,102.30999999999901,105.55287591572196,-3.242875915722948
2024-03-26 12:00:00,92.75999999998967,105.55287591572196,-12.792875915732282
2024-03-26 13:00:00,104.03999999998734,111.17972398669042,-7.139723986703075
2024-03-26 14:00:00,104.37000000001149,105.55287591572196,-1.1828759157104685
2024-03-26 15:00:00,99.00000000000554,111.01549100931612,-12.01549100931058
2024-03-26 16:00:00,95.85999999999987,133.90359429824628,-38.043594298246404
2024-03-26 17:00:00,104.97999999998399,117.00944961924337,-12.029449619259381
2024-03-26 18:00:00,140.00000000000628,153.47089108910848,-13.470891089102196
2024-03-26 19:00:00,167.76999999999995,182.47629765886182,-14.706297658861871
2024-03-26 20:00:00,188.00999999999823,177.1518240435681,10.85817595643013
2024-03-26 21:00:00,189.52000000000385,156.72346432552916,32.79653567447468
2024-03-26 22:00:00,174.95999999999327,177.1518240435681,-2.191824043574826
2024-03-26 23:00:00,184.84000000001203,170.7292751363399,14.110724863672118
2024-03-27 00:00:00,150.2199999999882,143.67619405348336,6.543805946504847
2024-03-27 01:00:00,126.0900000000123,121.50961691525188,4.580383084760413
2024-03-27 02:00:00,90.30999999999159,95.9833264206722,-5.67332642068061
2024-03-27 03:00:00,90.2999999999955,82.336780442283,7.963219557712506
2024-03-27 04:00:00,79.44000000001081,82.336780442283,-2.8967804422721883
2024-03-27 05:00:00,76.63999999999913,82.336780442283,-5.696780442283867
2024-03-27 06:00:00,83.31999999999839,85.8753648746461,-2.555364874647708
2024-03-27 07:00:00,107.03000000000816,107.80592490842434,-0.7759249084161866
2024-03-27 08:00:00,142.36999999998687,132.85673827746976,9.513261722517115
2024-03-27 09:00:00,121.97999999999244,122.94267414829771,-0.9626741483052683
2024-03-27 10:00:00,97.10999999999292,111.24022126353609,-14.130221263543163
2024-03-27 11:00:00,97.45000000000466,106.1930350691533,-8.743035069148632
2024-03-27 12:00:00,90.53000000000412,106.1930350691533,-15.663035069149174
2024-03-27 13:00:00,93.94999999999953,105.55287591572196,-11.602875915722421
2024-03-27 14:00:00,101.29999999999518,108.9903885357157,-7.6903885357205155
2024-03-27 15:00:00,102.57000000000309,105.55287591572196,-2.9828759157188642
2024-03-27 16:00:00,96.46000000000218,108.9903885357157,-12.530388535713513
2024-03-27 17:00:00,103.16999999998848,108.08202201686181,-4.912022016873337
2024-03-27 18:00:00,130.99500000000256,182.56874823196605,-51.57374823196349
2024-03-27 19:00:00,156.9650000000023,177.1518240435681,-20.186824043565792
2024-03-27 20:00:00,192.93999999999534,170.7292751363399,22.21072486365543
2024-03-27 21:00:00,186.71000000001146,187.41078316610952,-0.7007831660980628
2024-03-27 22:00:00,174.15999999999374,177.1518240435681,-2.991824043574354
2024-03-27 23:00:00,163.46999999999852,166.04205915078404,-2.5720591507855204
2024-03-28 00:00:00,148.2200000000035,130.08800060496077,18.131999395042726
2024-03-28 01:00:00,114.15000000000161,117.8599313887113,-3.709931388709691
2024-03-28 02:00:00,90.34999999999874,101.25835161057083,-10.908351610572083
2024-03-28 03:00:00,89.72999999999801,96.219569886436,-6.489569886437991
2024-03-28 04:00:00,81.82000000000194,82.336780442283,-0.5167804422810605
2024-03-28 05:00:00,77.86999999999213,82.336780442283,-4.466780442290869
2024-03-28 06:00:00,86.07000000000416,91.17284615384534,-5.102846153841185
2024-03-28 07:00:00,106.91999999999763,118.167843796711,-11.247843796713369
2024-03-28 08:00:00,141.07999999999544,126.06179840065603,15.018201599339406
2024-03-28 09:00:00,135.9299999999959,132.28143939527268,3.6485606047232295
2024-03-28 10:00:00,110.47000000001151,105.66407309388435,4.805926906127155
2024-03-28 11:00:00,105.4299999999937,111.01549100931612,-5.585491009322425
2024-03-28 12:00:00,103.31999999999144,105.55287591572196,-2.232875915730517
2024-03-28 13:00:00,113.86000000001928,105.6133731925676,8.24662680745169
2024-03-28 14:00:00,108.76999999998831,105.6133731925676,3.1566268074207215
2024-03-28 15:00:00,105.48999999999829,108.9903885357157,-3.5003885357174056
2024-03-28 16:00:00,104.69999999999298,111.01549100931612,-6.315491009323139
2024-03-28 17:00:00,113.0100000000093,108.08202201686181,4.9279779831474855
2024-03-28 18:00:00,133.21999999999417,142.8762279997352,-9.65622799974102
2024-03-28 19:00:00,167.55999999999455,187.41078316610952,-19.85078316611498
2024-03-28 20:00:00,179.10000000000008,166.24515120274975,12.854848797250327
2024-03-28 21:00:00,179.30000000001414,182.7235671805537,-3.42356718053955
2024-03-28 22:00:00,166.00999999999772,177.78908167330593,-11.779081673308212
2024-03-28 23:00:00,161.09000000000032,172.46460805801223,-11.374608058011916
2024-03-29 00:00:00,145.6999999999991,140.9875238095234,4.712476190475712
2024-03-29 01:00:00,111.78000000000496,117.8599313887113,-6.079931388706342
2024-03-29 02:00:00,88.58999999999364,103.69598677619771,-15.105986776204077
2024-03-29 03:00:00,89.45000000000945,82.336780442283,7.1132195577264525
2024-03-29 04:00:00,85.71999999999866,85.8753648746461,-0.15536487464743232
2024-03-29 05:00:00,79.66999999999072,96.219569886436,-16.549569886445283
2024-03-29 06:00:00,82.79000000001801,92.69567963740266,-9.905679637384651
2024-03-29 07:00:00,102.95000000000502,124.61002380952358,-21.660023809518563
2024-03-29 08:00:00,138.07999999999663,119.38247286844314,18.697527131553485
2024-03-29 09:00:00,125.99000000000763,120.14541197100803,5.8445880289995955
2024-03-29 10:00:00,108.42499999999104,122.73283446300474,-14.307834463013691
2024-03-29 11:00:00,103.0300000000016,111.01549100931612,-7.985491009314515
2024-03-29 12:00:00,117.11500000000333,105.55287591572196,11.562124084281379
2024-03-29 13:00:00,112.03000000001892,108.9903885357157,3.0396114643032206
2024-03-29 14:00:00,111.02000000000137,111.01549100931612,0.004508990685252456
2024-03-29 15:00:00,108.80000000000226,105.66407309388435,3.135926906117902
2024-03-29 16:00:00,103.24999999999598,108.08202201686181,-4.832022016865835
2024-03-29 17:00:00,107.33999999999736,108.08202201686181,-0.7420220168644533
2024-03-29 18:00:00,124.16999999999405,177.51819878141617,-53.34819878142213
2024-03-29 19:00:00,153.00000000000438,158.03138167330607,-5.031381673301695
2024-03-29 20:00:00,166.62999999999911,170.29258167330835,-3.6625816733092336
2024-03-29 21:00:00,181.61000000001096,185.48375872963064,-3.8737587296196807
2024-03-29 22:00:00,186.52999999999363,181.05552253352192,5.474477466471711
2024-03-29 23:00:00,164.86500000000493,172.46460805801223,-7.5996080580073055
2024-03-30 00:00:00,150.04999999999734,154.27085714285664,-4.220857142859302
2024-03-30 01:00:00,122.94000000000646,126.48290270103736,-3.542902701030897
2024-03-30 02:00:00,97.74999999998728,95.9833264206722,1.766673579315082
2024-03-30 03:00:00,95.95000000000529,82.336780442283,13.613219557722289
2024-03-30 04:00:00,84.68000000000121,82.336780442283,2.343219557718214
2024-03-30 05:00:00,84.12000000000384,106.81464183859444,-22.6946418385906
2024-03-30 06:00:00,80.45999999999292,82.336780442283,-1.8767804422900838
2024-03-30 07:00:00,89.11999999998984,96.38279120879011,-7.262791208800266
2024-03-30 08:00:00,115.94999999999929,115.87176785714178,0.0782321428575159
2024-03-30 09:00:00,139.63999999999209,129.69409724120464,9.94590275878744
2024-03-30 10:00:00,135.80000000000123,144.060391690514,-8.260391690512762
2024-03-30 11:00:00,148.91000000001304,127.81953180559456,21.090468194418477
2024-03-30 12:00:00,142.34000000000384,186.13148335131655,-43.791483351312706
2024-03-30 13:00:00,153.70000000000735,117.38261978541277,36.31738021459458
2024-03-30 14:00:00,124.20999999999948,127.2610466552581,-3.0510466552586166
2024-03-30 15:00:00,140.39000000000186,126.38998757702255,14.00001242297931
2024-03-30 16:00:00,121.16999999999898,127.39392453103055,-6.223924531031571
2024-03-30 17:00:00,122.9900000000073,130.79276785714302,-7.80276785713572
2024-03-30 18:00:00,132.91000000000838,193.88897932440307,-60.978979324394686
2024-03-30 19:00:00,166.6299999999892,205.7376699086011,-39.10766990861191
2024-03-30 20:00:00,169.20999999999813,194.29210068916643,-25.0821006891683
2024-03-30 21:00:00,177.6099999999973,172.46460805801223,5.145391941985082
2024-03-30 22:00:00,172.18999999999443,181.42124833997406,-9.23124833997963
2024-03-30 23:00:00,171.68000000000254,172.52325855787632,-0.8432585578737815
2024-03-31 00:00:00,149.89999999998668,134.63959504030987,15.260404959676805
2024-03-31 01:00:00,125.73000000000056,127.34717132590269,-1.6171713259021345
2024-03-31 02:00:00,98.87999999999519,93.54569125504531,5.33430874494988
2024-03-31 03:00:00,73.52000000000085,85.8753648746461,-12.355364874645247
2024-03-31 04:00:00,81.16000000000915,85.8753648746461,-4.715364874636947
2024-03-31 05:00:00,78.22999999999361,85.8753648746461,-7.645364874652486
2024-03-31 06:00:00,83.62000000001227,82.336780442283,1.283219557729268
2024-03-31 07:00:00,88.70499999999316,86.52295402917534,2.182045970817825
2024-03-31 08:00:00,106.4650000000076,103.63730288836824,2.8276971116393668
2024-03-31 09:00:00,127.0399999999958,124.69212264286455,2.347877357131253
2024-03-31 10:00:00,133.84000000000242,127.2610466552581,6.5789533447443205
2024-03-31 11:00:00,146.6899999999987,138.76417080198712,7.92582919801157
2024-03-31 12:00:00,151.6399999999939,143.454318181818,8.185681818175908
2024-03-31 13:00:00,158.68000000001405,128.84607243548083,29.833927564533212
2024-03-31 14:00:00,133.5200000000112,150.74246185445992,-17.22246185444871
2024-03-31 15:00:00,126.51999999999441,132.85819847605217,-6.338198476057755
2024-03-31 16:00:00,122.2400000000017,123.59800265136862,-1.3580026513669168
2024-03-31 17:00:00,128.53000000000404,134.63959504030987,-6.109595040305834
2024-03-31 18:00:00,145.47999999999803,148.79956710156975,-3.319567101571721
2024-03-31 19:00:00,182.42000000000152,209.37679765886242,-26.956797658860893
2024-03-31 20:00:00,226.16000000000042,187.41078316610952,38.7492168338909
2024-03-31 21:00:00,198.58000000000794,190.83046451096982,7.749535489038124
2024-03-31 22:00:00,198.74000000000052,182.34449089567363,16.39550910432689
2024-03-31 23:00:00,174.73999999999347,172.26427876842916,2.4757212315643073
2024-04-01 00:00:00,142.26999999999433,121.16859409755327,21.10140590244106
2024-04-01 01:00:00,112.1900000000025,121.50961691525188,-9.319616915249384
2024-04-01 02:00:00,91.29000000000278,93.54569125504531,-2.255691255042535
2024-04-01 03:00:00,88.64000000000976,82.336780442283,6.303219557726763
2024-04-01 04:00:00,77.23000000001053,82.336780442283,-5.106780442272466
2024-04-01 05:00:00,83.33000000000084,82.336780442283,0.9932195577178362
2024-04-01 06:00:00,81.24000000001736,99.05338112589708,-17.813381125879715
2024-04-01 07:00:00,116.94999999999766,111.18294025157245,5.767059748425211
2024-04-01 08:00:00,132.50999999999095,140.2126984126986,-7.702698412707633
2024-04-01 09:00:00,130.80000000000177,119.73252022417145,11.067479775830321
2024-04-01 10:00:00,108.01999999998796,120.73580198042873,-12.715801980440773
2024-04-01 11:00:00,116.61000000000234,105.6133731925676,10.996626807434751
2024-04-01 12:00:00,101.39999999999284,111.01549100931612,-9.615491009323279
2024-04-01 13:00:00,109.71000000002854,105.55287591572196,4.157124084306588
2024-04-01 14:00:00,103.20999999998338,105.6133731925676,-2.403373192584212
2024-04-01 15:00:00,96.22000000002424,105.6133731925676,-9.39337319254335
2024-04-01 16:00:00,104.01999999998515,105.66407309388435,-1.644073093899209
2024-04-01 17:00:00,105.56000000000604,105.66407309388435,-0.10407309387831276
2024-04-01 18:00:00,126.600000000001,158.62200357729262,-32.02200357729161
2024-04-01 19:00:00,168.42999999999137,182.47629765886182,-14.046297658870458
2024-04-01 20:00:00,189.850000000012,177.1518240435681,12.69817595644389
2024-04-01 21:00:00,189.88999999998913,161.81691500664107,28.07308499334806
2024-04-01 22:00:00,176.77999999999844,177.1518240435681,-0.37182404356966003
2024-04-01 23:00:00,156.68000000000805,177.7811049284574,-21.10110492844936
2024-04-02 00:00:00,137.46999999999352,131.93779315214385,5.532206847849665
2024-04-02 01:00:00,120.98999999999684,117.8599313887113,3.1300686112855374
2024-04-02 02:00:00,89.53000000001097,93.54569125504531,-4.015691255034341
2024-04-02 03:00:00,68.80999999999285,105.56266367803534,-36.75266367804248
2024-04-02 04:00:00,83.97000000000799,82.336780442283,1.6332195577249848
2024-04-02 05:00:00,77.76999999998188,82.336780442283,-4.566780442301123
2024-04-02 06:00:00,82.5400000000086,85.8753648746461,-3.3353648746374915
2024-04-02 07:00:00,109.07999999999217,124.92538617886149,-15.845386178869319
2024-04-02 08:00:00,138.17999999999307,124.38654462993888,13.79345537005419
2024-04-02 09:00:00,122.79999999998117,123.478178111085,-0.6781781111038327
2024-04-02 10:00:00,103.50000000001464,108.08202201686181,-4.582022016847176
2024-04-02 11:00:00,91.62999999999485,108.08202201686181,-16.452022016866962
2024-04-02 12:00:00,96.02999999999582,111.01549100931612,-14.985491009320299
2024-04-02 13:00:00,94.8199999999919,105.55287591572196,-10.732875915730062
2024-04-02 14:00:00,91.53000000000651,105.55287591572196,-14.022875915715446
2024-04-02 15:00:00,91.89000000000291,111.01549100931612,-19.12549100931321
2024-04-02 16:00:00,94.44000000000136,105.55287591572196,-11.112875915720593
2024-04-02 17:00:00,99.06999999999559,118.67709396902025,-19.60709396902466
2024-04-02 18:00:00,124.48000000001133,149.968224422443,-25.48822442243167
2024-04-02 19:00:00,157.9599999999929,177.1518240435681,-19.191824043575195
2024-04-02 20:00:00,174.78999999998314,177.1518240435681,-2.36182404358496
2024-04-02 21:00:00,180.57000000001014,187.41078316610952,-6.840783166099385
2024-04-02 22:00:00,186.3000000000099,172.46460805801223,13.83539194199767
2024-04-02 23:00:00,163.33999999999094,167.83604257232048,-4.496042572329543
2024-04-03 00:00:00,134.51999999999845,113.27532403356085,21.244675966437597
2024-04-03 01:00:00,106.46000000000126,117.8599313887113,-11.399931388710044
2024-04-03 02:00:00,88.55999999999617,89.81319733204472,-1.2531973320485577
2024-04-03 03:00:00,88.10000000001438,82.336780442283,5.763219557731375
2024-04-03 04:00:00,80.83999999999122,84.20454449977389,-3.3645444997826672
2024-04-03 05:00:00,76.74999999999972,84.20454449977389,-7.4545444997741726
2024-04-03 06:00:00,85.93000000000242,92.19661762189779,-6.266617621895364
2024-04-03 07:00:00,113.45000000000607,129.60417679385327,-16.1541767938472
2024-04-03 08:00:00,139.7900000000032,135.33585714285704,4.4541428571461665
2024-04-03 09:00:00,136.93000000000174,126.06179840065603,10.86820159934571
2024-04-03 10:00:00,113.44000000000446,108.08202201686181,5.357977983142646
2024-04-03 11:00:00,103.27000000000024,111.01549100931612,-7.745491009315884
2024-04-03 12:00:00,101.84999999999457,106.1930350691533,-4.343035069158731
2024-04-03 13:00:00,114.1399999999831,111.01549100931612,3.124508990666982
2024-04-03 14:00:00,106.04000000000892,106.1930350691533,-0.15303506914438003
2024-04-03 15:00:00,109.02999999999568,110.74617793242098,-1.7161779324252961
2024-04-03 16:00:00,112.77000000000629,113.27532403356085,-0.5053240335545581
2024-04-03 17:00:00,118.78999999999375,113.27532403356085,5.514675966432904
2024-04-03 18:00:00,132.15000000001163,139.4075577557752,-7.257557755763571
2024-04-03 19:00:00,167.97999999997913,177.1518240435681,-9.17182404358897
2024-04-03 20:00:00,185.51000000001864,177.1518240435681,8.358175956450538
2024-04-03 21:00:00,193.33999999999594,177.1518240435681,16.18817595642784
2024-04-03 22:00:00,182.22000000000318,172.46460805801223,9.75539194199095
2024-04-03 23:00:00,172.48000000001142,172.46460805801223,0.0153919419991837
2024-04-04 00:00:00,147.71999999999417,137.2471456848768,10.47285431511736
2024-04-04 01:00:00,112.51000000000045,122.31009259259207,-9.800092592591625
2024-04-04 02:00:00,90.52000000000135,97.53562027374518,-7.015620273743835
2024-04-04 03:00:00,85.03000000000156,82.336780442283,2.693219557718564
2024-04-04 04:00:00,76.55999999999196,82.336780442283,-5.776780442291042
2024-04-04 05:00:00,75.05000000000777,82.336780442283,-7.28678044227523
2024-04-04 06:00:00,85.42999999998989,84.73449832776001,0.6955016722298808
2024-04-04 07:00:00,104.54999999997611,116.26672414233823,-11.716724142362125
2024-04-04 08:00:00,143.76000000001017,122.38418899796125,21.37581100204892
2024-04-04 09:00:00,128.05999999999992,119.84371740233388,8.216282597666037
2024-04-04 10:00:00,100.34000000000768,115.96338759392756,-15.623387593919887
2024-04-04 11:00:00,103.37999999999792,105.6133731925676,-2.2333731925696725
2024-04-04 12:00:00,97.01000000000315,105.6133731925676,-8.603373192564447
2024-04-04 13:00:00,100.6900000000013,105.55287591572196,-4.86287591572065
2024-04-04 14:00:00,99.509999999992,105.6133731925676,-6.103373192575589
2024-04-04 15:00:00,92.08000000002403,105.6133731925676,-13.533373192543564
2024-04-04 16:00:00,95.67999999999006,105.6133731925676,-9.933373192577534
2024-04-04 17:00:00,104.58999999998758,108.08202201686181,-3.4920220168742304
2024-04-04 18:00:00,126.89000000000689,187.2186467926762,-60.3286467926693
2024-04-04 19:00:00,155.85999999998714,177.1518240435681,-21.29182404358096
2024-04-04 20:00:00,170.5900000000038,177.1518240435681,-6.561824043564286
2024-04-04 21:00:00,173.23999999999972,185.7427385190778,-12.502738519078065
2024-04-04 22:00:00,172.08000000001047,177.78908167330593,-5.709081673295458
2024-04-04 23:00:00,163.44999999999658,172.46460805801223,-9.014608058015654
2024-04-05 00:00:00,149.92999999999304,113.27532403356085,36.654675966432194
2024-04-05 01:00:00,112.98000000000488,126.12088501291939,-13.14088501291451
2024-04-05 02:00:00,88.23999999999546,105.2482806292707,-17.008280629275234
2024-04-05 03:00:00,83.3899999999946,82.336780442283,1.0532195577116
2024-04-05 04:00:00,80.27000000001723,82.336780442283,-2.0667804422657667
2024-04-05 05:00:00,77.60999999999942,82.336780442283,-4.726780442283584
2024-04-05 06:00:00,83.58999999999585,85.17059168174407,-1.580591681748217
2024-04-05 07:00:00,116.2900000000094,110.27457373271857,6.0154262672908345
2024-04-05 08:00:00,137.1899999999907,126.06179840065603,11.128201599334673
2024-04-05 09:00:00,121.24000000000353,115.6728047337285,5.567195266275036
2024-04-05 10:00:00,103.8199999999959,130.2292581430737,-26.409258143077807
2024-04-05 11:00:00,98.29000000000738,106.1930350691533,-7.903035069145915
2024-04-05 12:00:00,100.9999999999907,111.01549100931612,-10.015491009325416
2024-04-05 13:00:00,100.2400000000066,115.96338759392756,-15.723387593920961
2024-04-05 14:00:00,102.78999999999579,106.1930350691533,-3.403035069157511
2024-04-05 15:00:00,102.43000000000794,111.01549100931612,-8.585491009308186
2024-04-05 16:00:00,92.47999999999399,105.66407309388435,-13.184073093890362
2024-04-05 17:00:00,100.47000000000367,108.08202201686181,-7.612022016858148
2024-04-05 18:00:00,116.4200000000018,177.7561941194125,-61.33619411941069
2024-04-05 19:00:00,154.57999999999296,170.0067976588624,-15.426797658869447
2024-04-05 20:00:00,181.12999999999465,177.1518240435681,3.978175956426554
2024-04-05 21:00:00,167.4300000000046,182.21731786941467,-14.78731786941006
2024-04-05 22:00:00,166.61000000000973,176.89284425412094,-10.282844254111211
2024-04-05 23:00:00,174.45000000000007,167.83604257232048,6.613957427679594
2024-04-06 00:00:00,149.5599999999933,129.59292949948122,19.96707050051208
2024-04-06 01:00:00,127.93000000000325,120.79340038116561,7.136599618837636
2024-04-06 02:00:00,100.97000000000264,116.68068606321899,-15.710686063216343
2024-04-06 03:00:00,87.7299999999927,82.336780442283,5.393219557709699
2024-04-06 04:00:00,80.20000000001005,82.336780442283,-2.1367804422729506
2024-04-06 05:00:00,78.28999999998723,91.36549118511769,-13.07549118513046
2024-04-06 06:00:00,87.02000000001138,82.336780442283,4.683219557728378
2024-04-06 07:00:00,95.8299999999949,99.05338112589708,-3.223381125902179
2024-04-06 08:00:00,107.91999999999919,119.38247286844314,-11.462472868443953
2024-04-06 09:00:00,124.58000000000297,171.99020501944167,-47.410205019438706
2024-04-06 10:00:00,151.23000000000158,136.80122192354622,14.428778076455359
2024-04-06 11:00:00,130.88000000001622,138.8321574642121,-7.952157464195864
2024-04-06 12:00:00,136.18999999999687,137.23401404067076,-1.0440140406738863
2024-04-06 13:00:00,126.8399999999989,143.67619405348336,-16.836194053484462
2024-04-06 14:00:00,126.4399999999998,135.33585714285704,-8.895857142857238
2024-04-06 15:00:00,111.40000000000606,128.65001033058041,-17.250010330574355
2024-04-06 16:00:00,111.69999999999024,128.6755427251728,-16.97554272518255
2024-04-06 17:00:00,121.07000000000195,122.73403770084454,-1.6640377008425844
2024-04-06 18:00:00,125.97000000000367,142.8762279997352,-16.906227999731527
2024-04-06 19:00:00,141.13999999999294,204.68958167330655,-63.54958167331361
2024-04-06 20:00:00,179.55000000000683,162.71859765886194,16.831402341144894
2024-04-06 21:00:00,169.72999999999567,166.04205915078404,3.6879408492116283
2024-04-06 22:00:00,163.92000000000135,166.04205915078404,-2.1220591507826896
2024-04-06 23:00:00,156.32999999999444,172.46460805801223,-16.13460805801779
2024-04-07 00:00:00,156.95000000000155,142.27315599343194,14.67684400656961
2024-04-07 01:00:00,148.4999999999886,117.48040706605201,31.019592933936593
2024-04-07 02:00:00,97.50000000000637,103.69598677619771,-6.195986776191347
2024-04-07 03:00:00,86.37000000000904,96.219569886436,-9.849569886426963
2024-04-07 04:00:00,79.65000000000134,82.336780442283,-2.686780442281659
2024-04-07 05:00:00,77.24000000000137,82.336780442283,-5.096780442281627
2024-04-07 06:00:00,78.5100000000094,89.4583704706572,-10.948370470647802
2024-04-07 07:00:00,99.5399999999984,89.35676526863641,10.183234731361992
2024-04-07 08:00:00,103.13000000000386,119.38247286844314,-16.252472868439284
2024-04-07 09:00:00,137.22000000000264,130.4524404149418,6.767559585060837
2024-04-07 10:00:00,141.88999999998813,138.11404337464592,3.775956625342218
2024-04-07 11:00:00,145.42000000001033,133.18148501292046,12.238514987089872
2024-04-07 12:00:00,144.2299999999895,124.25933052574,19.970669474249505
2024-04-07 13:00:00,153.29999999999637,145.78036602209954,7.519633977896831
2024-04-07 14:00:00,137.93999999999508,149.2548143564356,-11.314814356440507
2024-04-07 15:00:00,137.88999999999496,144.7557876984126,-6.865787698417648
2024-04-07 16:00:00,136.72000000000898,141.53641164233832,-4.816411642329342
2024-04-07 17:00:00,131.8599999999886,141.53641164233832,-9.676411642349734
2024-04-07 18:00:00,156.0699999999893,177.1962307692324,-21.12623076924308
2024-04-07 19:00:00,194.29000000001417,190.93540537118332,3.354594628830853
2024-04-07 20:00:00,199.18000000000325,182.34449089567363,16.835509104329617
2024-04-07 21:00:00,214.30000000001212,172.46460805801223,41.83539194199989
2024-04-07 22:00:00,181.90000000001174,172.46460805801223,9.435391941999512
2024-04-07 23:00:00,180.40999999999676,174.03458167330626,6.375418326690493
2024-04-08 00:00:00,144.24999999999613,142.27315599343194,1.9768440065641926
2024-04-08 01:00:00,120.48999999998625,137.1622485586156,-16.67224855862935
2024-04-08 02:00:00,93.40000000001436,87.37556216641784,6.024437833596522
2024-04-08 03:00:00,81.15999999999613,93.80162096345855,-12.641620963462415
2024-04-08 04:00:00,84.07999999999637,93.80162096345855,-9.721620963462172
2024-04-08 05:00:00,75.51000000000138,85.8753648746461,-10.365364874644712
2024-04-08 06:00:00,89.6300000000131,85.42104921898056,4.2089507810325415
2024-04-08 07:00:00,109.67999999998554,120.869645684877,-11.18964568489146
2024-04-08 08:00:00,145.28000000000495,126.06179840065603,19.218201599348916
2024-04-08 09:00:00,120.89000000000954,120.14541197100803,0.7445880290015054
2024-04-08 10:00:00,110.75000000000551,105.55287591572196,5.197124084283558
2024-04-08 11:00:00,104.45999999999734,105.55287591572196,-1.092875915724619
2024-04-08 12:00:00,98.99999999999383,105.55287591572196,-6.552875915728123
2024-04-08 13:00:00,100.11000000000931,105.55287591572196,-5.442875915712648
2024-04-08 14:00:00,102.55999999999426,105.55287591572196,-2.9928759157276943
2024-04-08 15:00:00,96.34999999999962,105.55287591572196,-9.20287591572233
2024-04-08 16:00:00,105.04000000000156,105.55287591572196,-0.5128759157204001
2024-04-08 17:00:00,102.91500000000363,108.08202201686181,-5.1670220168581835
2024-04-08 18:00:00,128.25500000000832,133.89453788178355,-5.639537881775226
2024-04-08 19:00:00,154.67000000000786,155.9434643255291,-1.273464325521246
2024-04-08 20:00:00,177.44999999999266,166.04205915078404,11.407940849208615
2024-04-08 21:00:00,180.04000000000366,172.46460805801223,7.575391941991427
2024-04-08 22:00:00,189.65000000000217,172.46460805801223,17.185391941989934
2024-04-08 23:00:00,168.5100000000092,172.46460805801223,-3.954608058003032
2024-04-09 00:00:00,141.9200000000039,142.27315599343194,-0.3531559934280324
2024-04-09 01:00:00,122.58999999999179,132.91866402116375,-10.32866402117196
2024-04-09 02:00:00,91.8600000000082,93.54569125504531,-1.6856912550371135
2024-04-09 03:00:00,88.84000000000049,93.80162096345855,-4.96162096345806
2024-04-09 04:00:00,78.67999999999788,82.336780442283,-3.6567804422851253
2024-04-09 05:00:00,73.74000000000328,82.336780442283,-8.596780442279723
2024-04-09 06:00:00,85.31999999999698,85.42104921898056,-0.10104921898357588
2024-04-09 07:00:00,107.58999999999403,120.07818181818163,-12.488181818187599
2024-04-09 08:00:00,131.07000000001878,126.06179840065603,5.008201599362749
2024-04-09 09:00:00,122.0899999999798,126.06179840065603,-3.971798400676235
2024-04-09 10:00:00,107.02000000001121,108.08202201686181,-1.0620220168506052
2024-04-09 11:00:00,96.71999999998889,106.1930350691533,-9.47303506916441
2024-04-09 12:00:00,95.97000000000733,106.1930350691533,-10.223035069145965
2024-04-09 13:00:00,95.77000000000385,105.55287591572196,-9.782875915718108
2024-04-09 14:00:00,96.12000000000603,111.01549100931612,-14.895491009310092
2024-04-09 15:00:00,91.53000000000534,111.01549100931612,-19.485491009310778
2024-04-09 16:00:00,90.82999999999723,111.01549100931612,-20.185491009318895
2024-04-09 17:00:00,106.5100000000007,132.64720706605115,-26.13720706605045
2024-04-09 18:00:00,116.80000000000265,142.8762279997352,-26.076227999732538
2024-04-09 19:00:00,147.04000000000008,194.0541053511701,-47.01410535117003
2024-04-09 20:00:00,167.19999999999527,187.41078316610952,-20.210783166114254
2024-04-09 21:00:00,166.46999999999355,177.1518240435681,-10.68182404357455
2024-04-09 22:00:00,180.12999999999482,170.7292751363399,9.400724863654915
2024-04-09 23:00:00,180.08000000000473,166.04205915078404,14.03794084922069
2024-04-10 00:00:00,144.8700000000189,133.43313853404658,11.436861465972328
2024-04-10 01:00:00,127.13999999997856,132.91866402116375,-5.778664021185193
2024-04-10 02:00:00,92.580000000003,87.37556216641784,5.20443783358516
2024-04-10 03:00:00,81.16999999999894,96.219569886436,-15.04956988643707
2024-04-10 04:00:00,79.94000000000852,89.4583704706572,-9.518370470648676
2024-04-10 05:00:00,75.1399999999943,102.83033170629324,-27.690331706298934
2024-04-10 06:00:00,83.48000000000948,106.07940706605078,-22.599407066041294
2024-04-10 07:00:00,91.56999999999815,115.88301515151383,-24.313015151515685
2024-04-10 08:00:00,111.82999999999097,121.00952928679078,-9.179529286799806
2024-04-10 09:00:00,128.54000000000556,128.3046273556236,0.23537264438195393
2024-04-10 10:00:00,135.74999999999957,118.67709396902025,17.072906030979325
2024-04-10 11:00:00,132.4400000000062,113.70887008783029,18.731129912175902
2024-04-10 12:00:00,151.82000000000937,126.65207373271838,25.167926267290994
2024-04-10 13:00:00,131.6200000000058,126.65207373271838,4.9679262672874245
2024-04-10 14:00:00,141.97500000001062,110.66564230643284,31.30935769357778
2024-04-10 15:00:00,118.1699999999818,130.39564066054865,-12.225640660566853
2024-04-10 16:00:00,132.36000000000578,124.30394203998873,8.056057960017057
2024-04-10 17:00:00,126.73000000000175,134.45138115453312,-7.721381154531372
2024-04-10 18:00:00,143.06999999999812,169.10189108911038,-26.031891089112264
2024-04-10 19:00:00,163.41000000000727,185.6377976588643,-22.227797658857014
2024-04-10 20:00:00,204.54000000000352,195.57179765885897,8.968202341144547
2024-04-10 21:00:00,182.0399999999998,210.42488589415697,-28.38488589415718
2024-04-10 22:00:00,191.30999999999972,177.1518240435681,14.15817595643162
2024-04-10 23:00:00,170.25000000000995,177.1518240435681,-6.90182404355815
2024-04-11 00:00:00,144.96999999998803,140.11778964812066,4.85221035186737
2024-04-11 01:00:00,131.8700000000001,120.79340038116561,11.076599618834479
2024-04-11 02:00:00,90.0500000000045,101.25835161057083,-11.208351610566325
2024-04-11 03:00:00,90.54999999999123,82.336780442283,8.213219557708229
2024-04-11 04:00:00,80.23000000000422,82.336780442283,-2.106780442278776
2024-04-11 05:00:00,76.50000000001125,82.336780442283,-5.8367804422717455
2024-04-11 06:00:00,82.3299999999877,85.8753648746461,-3.5453648746583895
2024-04-11 07:00:00,116.03999999999678,102.56191337719305,13.47808662280373
2024-04-11 08:00:00,138.3750000000019,124.38654462993888,13.988455370063022
2024-04-11 09:00:00,130.93000000000762,126.44652104503311,4.483478954974515
2024-04-11 10:00:00,112.12999999999721,119.76719551282022,-7.637195512823013
2024-04-11 11:00:00,101.81999999998106,105.55287591572196,-3.732875915740891
2024-04-11 12:00:00,108.75000000000423,105.55287591572196,3.1971240842822795
2024-04-11 13:00:00,93.85999999999095,105.55287591572196,-11.692875915731008
2024-04-11 14:00:00,94.4100000000033,105.55287591572196,-11.142875915718662
2024-04-11 15:00:00,104.46000000000382,111.05036495080992,-6.590364950806105
2024-04-11 16:00:00,101.2500000000066,105.55287591572196,-4.3028759157153615
2024-04-11 17:00:00,104.04000000001133,130.1514146498177,-26.111414649806363
2024-04-11 18:00:00,129.62000000000023,127.24435411088716,2.3756458891130734
2024-04-11 19:00:00,159.79999999999276,182.47629765886182,-22.67629765886906
2024-04-11 20:00:00,185.96999999998982,177.1518240435681,8.818175956421726
2024-04-11 21:00:00,190.90999999999372,187.41078316610952,3.4992168338841907
2024-04-11 22:00:00,174.88000000000568,172.46460805801223,2.415391941993448
2024-04-11 23:00:00,161.7699999999954,172.46460805801223,-10.694608058016826
2024-04-12 00:00:00,138.3600000000089,130.52132620619795,7.838673793810955
2024-04-12 01:00:00,115.90000000001629,122.31009259259207,-6.410092592575779
2024-04-12 02:00:00,89.68999999999517,87.37556216641784,2.3144378335773297
2024-04-12 03:00:00,80.6099999999908,91.36549118511769,-10.755491185126886
2024-04-12 04:00:00,82.01000000000157,82.336780442283,-0.3267804422814322
2024-04-12 05:00:00,73.94000000000199,97.90966120820855,-23.96966120820656
2024-04-12 06:00:00,87.88000000000503,84.14682021369164,3.7331797863133858
2024-04-12 07:00:00,108.81999999999923,117.73505167958645,-8.915051679587222
2024-04-12 08:00:00,127.6349999999776,131.37144817507743,-3.736448175099838
2024-04-12 09:00:00,120.35000000001068,126.06179840065603,-5.71179840064535
2024-04-12 10:00:00,108.29000000000178,111.29092116485285,-3.0009211648510643
2024-04-12 11:00:00,109.36999999999185,105.55287591572196,3.817124084269892
2024-04-12 12:00:00,95.97000000000483,105.55287591572196,-9.582875915717125
2024-04-12 13:00:00,94.59999999999741,105.55287591572196,-10.952875915724547
2024-04-12 14:00:00,99.05000000000311,105.55287591572196,-6.502875915718846
2024-04-12 15:00:00,92.53999999999584,111.38633708585233,-18.84633708585649
2024-04-12 16:00:00,106.28000000000335,117.707219097726,-11.427219097722642
2024-04-12 17:00:00,107.50999999997737,114.18369055241473,-6.673690552437364
2024-04-12 18:00:00,125.69000000000582,152.36908257847034,-26.679082578464516
2024-04-12 19:00:00,147.17999999999057,203.56710358370424,-56.38710358371367
2024-04-12 20:00:00,186.23000000000704,162.80002638470518,23.42997361530186
2024-04-12 21:00:00,166.25999999999067,182.7235671805537,-16.463567180563018
2024-04-12 22:00:00,165.9100000000023,172.46460805801223,-6.554608058009933
2024-04-12 23:00:00,160.20000000000397,172.46460805801223,-12.264608058008264
2024-04-13 00:00:00,145.17999999997832,148.62595934650446,-3.445959346526138
2024-04-13 01:00:00,137.84000000001308,131.54653061224457,6.293469387768511
2024-04-13 02:00:00,93.22000000000591,102.16671812942471,-8.946718129418798
2024-04-13 03:00:00,81.67999999998975,82.336780442283,-0.6567804422932539
2024-04-13 04:00:00,77.72999999999615,82.336780442283,-4.606780442286848
2024-04-13 05:00:00,73.77000000002488,82.336780442283,-8.566780442258121
2024-04-13 06:00:00,78.57999999999461,82.336780442283,-3.756780442288388
2024-04-13 07:00:00,92.36999999999566,96.63543220291962,-4.265432202923961
2024-04-13 08:00:00,111.20000000000815,125.11815001798271,-13.918150017974568
2024-04-13 09:00:00,123.00000000000432,138.8321574642121,-15.832157464207768
2024-04-13 10:00:00,128.62999999998803,153.11299820197888,-24.482998201990853
2024-04-13 11:00:00,151.96000000000896,136.1903551712088,15.769644828800153
2024-04-13 12:00:00,142.81000000000213,169.495095911951,-26.685095911948878
2024-04-13 13:00:00,134.9699999999981,137.28697982415673,-2.3169798241586363
2024-04-13 14:00:00,142.18999999999556,127.99497174739653,14.19502825259903
2024-04-13 15:00:00,122.57999999999384,135.72005477988768,-13.14005477989383
2024-04-13 16:00:00,123.88999999999824,141.96088501292093,-18.070885012922687
2024-04-13 17:00:00,119.82000000001682,134.63959504030987,-14.819595040293052
2024-04-13 18:00:00,137.09999999998584,142.8762279997352,-5.776227999749352
2024-04-13 19:00:00,170.8100000000123,203.8260833731514,-33.01608337313908
2024-04-13 20:00:00,174.58999999999588,172.46460805801223,2.1253919419836507
2024-04-13 21:00:00,170.3700000000183,185.6377976588643,-15.267797658845979
2024-04-13 22:00:00,169.46999999998286,177.1518240435681,-7.681824043585237
2024-04-13 23:00:00,168.0400000000203,177.1518240435681,-9.111824043547784
2024-04-14 00:00:00,140.4399999999909,137.23401404067076,3.205985959320145
2024-04-14 01:00:00,126.36000000000992,121.61327432265838,4.7467256773515345
2024-04-14 02:00:00,93.95999999999108,87.37556216641784,6.584437833573247
2024-04-14 03:00:00,85.47000000000378,82.336780442283,3.1332195577207784
2024-04-14 04:00:00,77.01000000000911,82.336780442283,-5.326780442273886
2024-04-14 05:00:00,71.97999999999101,86.444820687033,-14.464820687041993
2024-04-14 06:00:00,82.27000000000194,86.444820687033,-4.174820687031058
2024-04-14 07:00:00,87.24999999999883,90.06153846153842,-2.811538461539584
2024-04-14 08:00:00,109.76999999999427,110.79071085164826,-1.0207108516539876
2024-04-14 09:00:00,124.98999999999526,128.38059677290136,-3.3905967729060933
2024-04-14 10:00:00,139.98000000000474,142.6004213531013,-2.6204213530965603
2024-04-14 11:00:00,145.34000000000265,122.15588501291899,23.18411498708366
2024-04-14 12:00:00,159.5600000000064,118.06937778593147,41.49062221407493
2024-04-14 13:00:00,146.43999999998468,121.62657416517396,24.813425834810715
2024-04-14 14:00:00,137.57000000000446,131.5050010350193,6.064998964985165
2024-04-14 15:00:00,130.68000000001575,110.29523592085266,20.38476407916309
2024-04-14 16:00:00,130.09000000001728,120.60645490782254,9.483545092194746
2024-04-14 17:00:00,130.97999999998808,137.23401404067076,-6.2540140406826765
2024-04-14 18:00:00,165.7700000000047,144.9866979655704,20.783302034434314
2024-04-14 19:00:00,179.66000000001048,182.47629765886182,-2.81629765885134
2024-04-14 20:00:00,191.45000000000653,209.37679765886242,-17.92679765885589
2024-04-14 21:00:00,198.55999999999332,182.34449089567363,16.215509104319693
2024-04-14 22:00:00,181.10000000000463,172.46460805801223,8.635391941992395
2024-04-14 23:00:00,163.19999999999214,172.46460805801223,-9.264608058020087
2024-04-15 00:00:00,150.14000000000405,136.18664725430267,13.95335274570138
2024-04-15 01:00:00,124.88999999999122,117.07840470144308,7.811595298548141
2024-04-15 02:00:00,89.88999999999223,104.19182060302515,-14.301820603032922
2024-04-15 03:00:00,85.60000000000403,82.336780442283,3.2632195577210297
2024-04-15 04:00:00,78.16000000000841,82.336780442283,-4.176780442274591
2024-04-15 05:00:00,72.80000000001107,82.336780442283,-9.536780442271933
2024-04-15 06:00:00,78.59999999998891,84.14682021369164,-5.5468202137027305
2024-04-15 07:00:00,117.34000000001069,103.04462451550368,14.295375484507005
2024-04-15 08:00:00,131.22999999999078,134.6945039355317,-3.4645039355409324
2024-04-15 09:00:00,142.88000000000108,126.06179840065603,16.818201599345045
2024-04-15 10:00:00,118.91999999999362,111.01549100931612,7.904508990677499
2024-04-15 11:00:00,118.95000000001076,125.19513531776565,-6.245135317754887
2024-04-15 12:00:00,130.04000000000227,119.94291861169768,10.097081388304588
2024-04-15 13:00:00,117.41000000000528,110.66564230643284,6.744357693572439
2024-04-15 14:00:00,112.6899999999894,110.66564230643284,2.024357693556553
2024-04-15 15:00:00,110.90999999999971,116.64233908028461,-5.732339080284902
2024-04-15 16:00:00,112.96000000001077,110.66564230643284,2.294357693577922
2024-04-15 17:00:00,131.51999999998134,147.02781235154458,-15.507812351563246
2024-04-15 18:00:00,158.6400000000176,133.89453788178355,24.74546211823406
2024-04-15 19:00:00,170.40999999999906,209.37679765886242,-38.966797658863356
2024-04-15 20:00:00,184.6799999999928,176.89284425412094,7.787155745871843
2024-04-15 21:00:00,193.73000000000695,182.34449089567363,11.385509104333323
2024-04-15 22:00:00,170.94999999999726,176.89284425412094,-5.942844254123685
2024-04-15 23:00:00,149.12000000000268,172.46460805801223,-23.344608058009555
2024-04-16 00:00:00,125.11000000000527,132.57957910254697,-7.469579102541701
2024-04-16 01:00:00,119.52999999999824,117.07840470144308,2.451595298555162
2024-04-16 02:00:00,91.75000000000344,87.37556216641784,4.374437833585603
2024-04-16 03:00:00,79.70000000001275,88.50690953091049,-8.806909530897741
2024-04-16 04:00:00,78.8200000000007,88.50690953091049,-9.686909530909787
2024-04-16 05:00:00,71.57999999999893,88.50690953091049,-16.92690953091156
2024-04-16 06:00:00,84.67999999998872,98.36674671052526,-13.68674671053654
2024-04-16 07:00:00,108.6400000000057,102.56191337719305,6.078086622812648
2024-04-16 08:00:00,144.17000000000075,122.38418899796125,21.78581100203951
2024-04-16 09:00:00,130.49000000000242,126.06179840065603,4.428201599346394
2024-04-16 10:00:00,112.79000000000556,111.01549100931612,1.7745089906894407
2024-04-16 11:00:00,98.3100000000035,111.01549100931612,-12.705491009312624
2024-04-16 12:00:00,109.4199999999918,111.01549100931612,-1.59549100932432
2024-04-16 13:00:00,104.16000000000153,116.64233908028461,-12.482339080283083
2024-04-16 14:00:00,100.47000000000949,106.1930350691533,-5.723035069143805
2024-04-16 15:00:00,92.59999999999465,111.05036495080992,-18.45036495081527
2024-04-16 16:00:00,97.4299999999985,117.87438280795281,-20.444382807954312
2024-04-16 17:00:00,116.46999999999636,110.66564230643284,5.804357693563517
2024-04-16 18:00:00,134.30000000000993,128.6770022002198,5.6229977997901415
2024-04-16 19:00:00,153.01000000000937,172.46460805801223,-19.45460805800286
2024-04-16 20:00:00,178.2999999999838,187.66896451096733,-9.368964510983517
2024-04-16 21:00:00,178.19000000001014,177.1518240435681,1.0381759564420463
2024-04-16 22:00:00,190.0549999999982,172.46460805801223,17.590391941985956
2024-04-16 23:00:00,160.39000000001437,172.46460805801223,-12.074608057997864
2024-04-17 00:00:00,150.7000000000011,123.06768482465185,27.632315175349248
2024-04-17 01:00:00,111.34000000000069,117.89827864293585,-6.558278642935164
2024-04-17 02:00:00,95.24999999998843,87.37556216641784,7.874437833570596
2024-04-17 03:00:00,88.35000000001494,82.336780442283,6.013219557731944
2024-04-17 04:00:00,75.88999999998228,82.336780442283,-6.446780442300721
2024-04-17 05:00:00,72.15000000000381,82.336780442283,-10.186780442279186
2024-04-17 06:00:00,81.34999999999323,86.444820687033,-5.094820687039771
2024-04-17 07:00:00,101.44000000001748,117.73505167958645,-16.29505167956897
2024-04-17 08:00:00,132.1300000000299,136.981314039147,-4.8513140391171135
2024-04-17 09:00:00,133.59999999998243,122.94267414829771,10.657325851684718
2024-04-17 10:00:00,103.83999999999813,111.01549100931612,-7.175491009317994
2024-04-17 11:00:00,97.41000000000085,111.01549100931612,-13.605491009315273
2024-04-17 12:00:00,100.34999999999567,111.81988314012179,-11.469883140126115
2024-04-17 13:00:00,95.41999999998254,106.1930350691533,-10.77303506917076
2024-04-17 14:00:00,96.45000000000405,110.66564230643284,-14.21564230642879
2024-04-17 15:00:00,96.17000000000169,110.66564230643284,-14.49564230643115
2024-04-17 16:00:00,94.4600000000095,124.33199561546263,-29.87199561545313
2024-04-17 17:00:00,119.85000000002108,106.1930350691533,13.656964930867787
2024-04-17 18:00:00,132.43999999998704,169.10189108911038,-36.661891089123344
2024-04-17 19:00:00,154.9599999999945,187.15180337666237,-32.19180337666788
2024-04-17 20:00:00,174.94000000000807,176.89284425412094,-1.9528442541128754
2024-04-17 21:00:00,181.40000000002067,185.6377976588643,-4.237797658843618
2024-04-17 22:00:00,182.4300000000004,172.46460805801223,9.965391941988173
2024-04-17 23:00:00,176.11999999999637,172.46460805801223,3.655391941984135
2024-04-18 00:00:00,142.41999999999686,141.37172144655406,1.048278553442799
2024-04-18 01:00:00,115.20999999999916,116.92500956010142,-1.71500956010226
2024-04-18 02:00:00,86.86999999999799,89.81319733204472,-2.9431973320467364
2024-04-18 03:00:00,87.31000000001225,93.80162096345855,-6.4916209634462945
2024-04-18 04:00:00,82.66999999999533,82.336780442283,0.3332195577123258
2024-04-18 05:00:00,72.34499999998812,82.336780442283,-9.991780442294882
2024-04-18 06:00:00,76.46000000000262,92.69567963740266,-16.23567963740004
2024-04-18 07:00:00,102.52999999999835,110.56126977717904,-8.031269777180682
2024-04-18 08:00:00,130.87999999999687,121.00952928679078,9.870470713206089
2024-04-18 09:00:00,120.1599999999975,121.06022918810754,-0.9002291881100462
2024-04-18 10:00:00,106.4300000000027,108.43537528138812,-2.0053752813854118
2024-04-18 11:00:00,99.94999999999979,106.1930350691533,-6.243035069153507
2024-04-18 12:00:00,103.17000000000243,111.17972398669042,-8.009723986687987
2024-04-18 13:00:00,95.21999999998295,105.6133731925676,-10.393373192584647
2024-04-18 14:00:00,99.39000000000246,110.66564230643284,-11.275642306430385
2024-04-18 15:00:00,101.68999999998832,122.94267414829771,-21.252674148309396
2024-04-18 16:00:00,96.07000000000906,108.84902735562072,-12.77902735561166
2024-04-18 17:00:00,102.9100000000009,115.61353889104429,-12.70353889104338
2024-04-18 18:00:00,122.41999999999919,139.4075577557752,-16.98755775577601
2024-04-18 19:00:00,144.40000000000086,177.1518240435681,-32.75182404356724
2024-04-18 20:00:00,183.87999999999926,177.1518240435681,6.7281759564311585
2024-04-18 21:00:00,173.22999999999007,185.6377976588643,-12.407797658874216
2024-04-18 22:00:00,188.58999999999224,177.1518240435681,11.438175956424146
2024-04-18 23:00:00,166.1100000000174,176.89284425412094,-10.782844254103537
2024-04-19 00:00:00,148.7099999999965,143.7320116806276,4.9779883193689045
2024-04-19 01:00:00,108.77999999998922,132.91866402116375,-24.138664021174534
2024-04-19 02:00:00,88.43000000001066,93.54569125504531,-5.115691255034648
2024-04-19 03:00:00,87.69999999999342,82.336780442283,5.363219557710423
2024-04-19 04:00:00,78.65999999999494,93.80162096345855,-15.141620963463609
2024-04-19 05:00:00,81.0499999999943,82.336780442283,-1.286780442288702
2024-04-19 06:00:00,77.49000000000203,85.17059168174407,-7.680591681742044
2024-04-19 07:00:00,107.95000000000951,130.39564066054865,-22.44564066053914
2024-04-19 08:00:00,125.85999999999942,130.93865605795287,-5.078656057953452
2024-04-19 09:00:00,119.9299999999914,120.49526067389132,-0.5652606738999282
2024-04-19 10:00:00,104.3300000000007,124.33199561546263,-20.001995615461936
2024-04-19 11:00:00,104.7300000000192,105.6133731925676,-0.8833731925483903
2024-04-19 12:00:00,102.68000000000777,108.9903885357157,-6.310388535707929
2024-04-19 13:00:00,115.99000000000402,111.01549100931612,4.9745089906878945
2024-04-19 14:00:00,103.96000000000734,110.66564230643284,-6.705642306425503
2024-04-19 15:00:00,97.11000000000635,110.66564230643284,-13.555642306426492
2024-04-19 16:00:00,99.87000000000236,111.01549100931612,-11.145491009313758
2024-04-19 17:00:00,105.529999999995,111.01549100931612,-5.485491009321123
2024-04-19 18:00:00,119.39999999999768,148.79956710156975,-29.399567101572075
2024-04-19 19:00:00,166.87000000000006,177.1518240435681,-10.281824043568037
2024-04-19 20:00:00,168.3099999999887,185.6377976588643,-17.327797658875596
2024-04-19 21:00:00,183.27000000000805,185.6377976588643,-2.367797658856233
2024-04-19 22:00:00,174.78999999999417,177.1518240435681,-2.3618240435739324
2024-04-19 23:00:00,160.3600000000239,152.0362483399733,8.32375166005059
2024-04-20 00:00:00,149.1399999999797,140.3081106639837,8.831889335995982
2024-04-20 01:00:00,122.00000000002652,130.52132620619795,-8.521326206171437
2024-04-20 02:00:00,95.17999999997937,93.54569125504531,1.63430874493406
2024-04-20 03:00:00,88.14999999999904,82.336780442283,5.813219557716039
2024-04-20 04:00:00,84.58000000000331,82.336780442283,2.243219557720309
2024-04-20 05:00:00,78.0400000000084,82.336780442283,-4.296780442274596
2024-04-20 06:00:00,77.6799999999852,82.336780442283,-4.656780442297801
2024-04-20 07:00:00,92.43999999999019,115.4188123515425,-22.978812351552307
2024-04-20 08:00:00,122.10999999999981,110.39850230414703,11.711497695852785
2024-04-20 09:00:00,126.74999999999355,123.5600218918398,3.1899781081537526
2024-04-20 10:00:00,151.28999999999948,143.68510570147265,7.60489429852683
2024-04-20 11:00:00,124.17000000001346,143.68510570147265,-19.51510570145919
2024-04-20 12:00:00,150.51999999999597,157.55958333333245,-7.039583333336481
2024-04-20 13:00:00,141.08000000000413,150.477699355433,-9.39769935542887
2024-04-20 14:00:00,152.27000000000385,149.2200547798887,3.0499452201151485
2024-04-20 15:00:00,122.82000000001582,127.2610466552581,-4.441046655242275
2024-04-20 16:00:00,136.0200000000073,127.99497174739653,8.025028252610753
2024-04-20 17:00:00,131.7600000000019,138.37997316495643,-6.61997316495453
2024-04-20 18:00:00,150.12000000000694,148.79956710156975,1.3204328984371898
2024-04-20 19:00:00,171.77999999999741,189.60488470361054,-17.824884703613122
2024-04-20 20:00:00,189.5800000000092,177.78908167330593,11.790918326703263
2024-04-20 21:00:00,173.54000000000303,177.78908167330593,-4.249081673302896
2024-04-20 22:00:00,187.9400000000091,172.46460805801223,15.475391941996861
2024-04-20 23:00:00,156.859999999994,172.46460805801223,-15.604608058018243
2024-04-21 00:00:00,156.8900000000101,153.8640959119491,3.0259040880609973
2024-04-21 01:00:00,114.98500000000163,115.44198246573384,-0.45698246573221013
2024-04-21 02:00:00,96.15000000000694,93.54569125504531,2.604308744961628
2024-04-21 03:00:00,88.95000000000076,82.336780442283,6.6132195577177555
2024-04-21 04:00:00,78.86000000000698,82.336780442283,-3.4767804422760236
2024-04-21 05:00:00,71.71999999999284,82.336780442283,-10.616780442290164
2024-04-21 06:00:00,71.01000000001508,82.336780442283,-11.326780442267918
2024-04-21 07:00:00,87.34499999998181,86.52295402917534,0.8220459708064709
2024-04-21 08:00:00,110.16000000000318,120.48732670890892,-10.327326708905744
2024-04-21 09:00:00,127.26999999999296,150.36142924528363,-23.09142924529067
2024-04-21 10:00:00,145.7200000000055,171.99020501944167,-26.270205019436162
2024-04-21 11:00:00,157.87000000000216,145.13998533544327,12.730014664558894
2024-04-21 12:00:00,148.8799999999967,206.44574468085182,-57.56574468085512
2024-04-21 13:00:00,159.48999999999987,130.1025917120585,29.387408287941355
2024-04-21 14:00:00,147.41000000000076,126.97799208060573,20.432007919395033
2024-04-21 15:00:00,144.4800000000211,142.16420745920752,2.3157925408135895
2024-04-21 16:00:00,141.67000000000382,160.91324761675932,-19.243247616755497
2024-04-21 17:00:00,160.1999999999989,145.85915503067133,14.340844969327577
2024-04-21 18:00:00,177.1500000000044,150.85757845148527,26.292421548519144
2024-04-21 19:00:00,183.75999999998652,177.1518240435681,6.608175956418421
2024-04-21 20:00:00,198.17000000000087,209.0187502252569,-10.848750225256026
2024-04-21 21:00:00,190.54000000000167,187.66896451096733,2.871035489034341
2024-04-21 22:00:00,180.5600000000003,185.48375872963064,-4.92375872963035
2024-04-21 23:00:00,162.37999999999494,169.74781786941526,-7.367817869420321
2024-04-22 00:00:00,141.5500000000086,142.65735363046264,-1.1073536304540426
2024-04-22 01:00:00,118.6699999999968,120.79340038116561,-2.123400381168807
2024-04-22 02:00:00,87.59000000000859,104.19182060302515,-16.601820603016563
2024-04-22 03:00:00,87.02999999999994,93.80162096345855,-6.771620963458602
2024-04-22 04:00:00,83.26999999999762,82.336780442283,0.9332195577146223
2024-04-22 05:00:00,72.20000000000023,82.336780442283,-10.13678044228277
2024-04-22 06:00:00,85.64999999999466,84.14682021369164,1.503179786303022
2024-04-22 07:00:00,100.27999999999744,107.80592490842434,-7.5259249084269015
2024-04-22 08:00:00,125.7100000000228,119.38247286844314,6.327527131579657
2024-04-22 09:00:00,120.27999999999301,129.2356940222894,-8.955694022296399
2024-04-22 10:00:00,107.94999999999428,108.9903885357157,-1.0403885357214193
2024-04-22 11:00:00,113.59500000000307,108.9903885357157,4.604611464287373
2024-04-22 12:00:00,94.31999999999479,105.6133731925676,-11.293373192572801
2024-04-22 13:00:00,103.02000000001604,122.73403770084454,-19.7140377008285
2024-04-22 14:00:00,107.51999999999529,110.23231670519564,-2.712316705200351
2024-04-22 15:00:00,103.50999999999866,110.66564230643284,-7.1556423064341885
2024-04-22 16:00:00,97.85999999999112,115.18021328980709,-17.320213289815968
2024-04-22 17:00:00,99.34999999998516,127.74956631530894,-28.39956631532378
2024-04-22 18:00:00,140.83000000001064,146.2815432630215,-5.451543263010848
2024-04-22 19:00:00,160.50999999999578,214.56946451096792,-54.059464510972134
2024-04-22 20:00:00,176.05999999999466,177.1518240435681,-1.091824043573439
2024-04-22 21:00:00,175.40999999999696,177.1518240435681,-1.7418240435711425
2024-04-22 22:00:00,169.6400000000063,177.1518240435681,-7.511824043561802
2024-04-22 23:00:00,160.84999999999303,172.46460805801223,-11.6146080580192
2024-04-23 00:00:00,135.39000000000718,137.2471456848768,-1.8571456848696357
2024-04-23 09:00:00,0.0,64.87138461538505,-64.87138461538505
2024-04-23 10:00:00,46.58000000000824,110.66564230643284,-64.0856423064246
2024-04-23 11:00:00,107.14999999999489,108.43537528138812,-1.2853752813932289
2024-04-23 12:00:00,89.96999999998982,111.01549100931612,-21.045491009326298
2024-04-23 13:00:00,105.96000000000836,105.6133731925676,0.3466268074407708
2024-04-23 14:00:00,87.01000000000315,111.24022126353609,-24.23022126353294
2024-04-23 15:00:00,107.26000000000002,111.01549100931612,-3.7554910093161027
2024-04-23 16:00:00,96.45000000000502,111.01549100931612,-14.565491009311103
2024-04-23 17:00:00,118.18999999999292,115.5424999637297,2.6475000362632244
2024-04-23 18:00:00,130.22999999999476,172.93288794627114,-42.70288794627638
2024-04-23 19:00:00,170.18000000000376,177.1518240435681,-6.9718240435643395
2024-04-23 20:00:00,178.2899999999982,162.45961786941479,15.830382130583416
2024-04-23 21:00:00,169.2100000000085,177.1518240435681,-7.941824043559592
2024-04-23 22:00:00,151.96000000000453,172.46460805801223,-20.504608058007705
2024-04-23 23:00:00,170.2899999999832,145.18474331564514,25.10525668433806
2024-04-24 00:00:00,126.52000000002356,135.83097598061937,-9.310975980595813
2024-04-24 01:00:00,119.59999999999755,117.07840470144308,2.521595298554473
2024-04-24 02:00:00,88.7200000000104,115.96338759392756,-27.243387593917163
2024-04-24 03:00:00,90.20000000000093,97.34020539582164,-7.140205395820715
2024-04-24 04:00:00,81.20999999999916,98.83039539967712,-17.62039539967796
2024-04-24 05:00:00,89.77999999999749,82.336780442283,7.443219557714485
2024-04-24 06:00:00,87.36000000000016,86.444820687033,0.9151793129671546
2024-04-24 07:00:00,114.07000000001105,102.56191337719305,11.508086622817999
2024-04-24 08:00:00,146.96999999998815,124.38654462993888,22.583455370049265
2024-04-24 09:00:00,130.95999999999887,131.37144817507743,-0.41144817507856146
2024-04-24 10:00:00,106.02999999999949,115.97529208085425,-9.945292080854756
2024-04-24 11:00:00,98.6399999999903,115.97529208085425,-17.33529208086395
2024-04-24 12:00:00,106.68000000001095,115.97529208085425,-9.295292080843296
2024-04-24 13:00:00,108.39999999998744,115.8591647761641,-7.459164776176664
2024-04-24 14:00:00,118.51000000001008,119.94291861169768,-1.4329186116875974
2024-04-24 15:00:00,95.66999999999464,146.72686861940588,-51.05686861941123
2024-04-24 16:00:00,104.47000000000125,115.97529208085425,-11.505292080852996
2024-04-24 17:00:00,101.45000000000475,140.29449668675224,-38.84449668674749
2024-04-24 18:00:00,137.61000000000584,143.11246679545985,-5.502466795454012
2024-04-24 19:00:00,152.02000000000757,182.21731786941467,-30.1973178694071
2024-04-24 20:00:00,181.13000000000852,161.81691500664107,19.313084993367454
2024-04-24 21:00:00,175.32999999997907,177.1518240435681,-1.8218240435890323
2024-04-24 22:00:00,168.01000000000832,182.21731786941467,-14.207317869406353
2024-04-24 23:00:00,168.20999999999543,172.46460805801223,-4.2546080580167995
2024-04-25 00:00:00,141.90999999999244,140.6923083010144,1.2176916989780295
2024-04-25 01:00:00,110.34000000000586,117.07840470144308,-6.738404701437219
2024-04-25 02:00:00,85.76999999998523,93.54569125504531,-7.775691255060082
2024-04-25 03:00:00,83.2800000000021,82.336780442283,0.9432195577191038
2024-04-25 04:00:00,76.53000000000802,89.4583704706572,-12.928370470649185
2024-04-25 05:00:00,78.60999999999373,82.336780442283,-3.726780442289268
2024-04-25 06:00:00,78.40999999999806,106.57846908155565,-28.16846908155759
2024-04-25 07:00:00,109.05999999999247,120.869645684877,-11.80964568488453
2024-04-25 08:00:00,131.87000000000378,137.88081556847547,-6.010815568471685
2024-04-25 09:00:00,122.75000000000492,127.81953180559456,-5.069531805589648
2024-04-25 10:00:00,104.7799999999825,105.6133731925676,-0.8333731925850998
2024-04-25 11:00:00,106.2800000000075,105.66407309388435,0.6159269061231498
2024-04-25 12:00:00,98.68000000000072,121.16934803469817,-22.489348034697457
2024-04-25 13:00:00,110.4300000000201,115.5424999637297,-5.112499963709595
2024-04-25 14:00:00,105.89000000001417,110.66564230643284,-4.775642306418675
2024-04-25 15:00:00,99.73999999999248,115.49487144168924,-15.754871441696764
2024-04-25 16:00:00,94.70999999999626,108.38031876138413,-13.670318761387875
2024-04-25 17:00:00,104.26000000000025,115.5424999637297,-11.28249996372945
2024-04-25 18:00:00,113.71000000000427,148.79956710156975,-35.08956710156548
2024-04-25 19:00:00,152.23000000000678,177.1518240435681,-24.921824043561315
2024-04-25 20:00:00,164.91999999997483,182.47629765886182,-17.55629765888699
2024-04-25 21:00:00,171.7000000000054,177.1518240435681,-5.451824043562709
2024-04-25 22:00:00,164.78999999999877,177.1518240435681,-12.361824043569328
2024-04-25 23:00:00,175.42999999999648,172.46460805801223,2.965391941984251
2024-04-26 00:00:00,137.63000000000562,133.49797701034274,4.132022989662886
2024-04-26 01:00:00,121.81999999999792,121.50961691525188,0.3103830847460358
2024-04-26 02:00:00,87.66999999998913,93.54569125504531,-5.875691255056182
2024-04-26 03:00:00,80.88000000000956,88.50690953091049,-7.626909530900932
2024-04-26 04:00:00,81.55999999999946,89.4583704706572,-7.8983704706577385
2024-04-26 05:00:00,74.5100000000077,93.80162096345855,-19.291620963450853
2024-04-26 06:00:00,88.7299999999918,85.8753648746461,2.854635125345709
2024-04-26 07:00:00,104.5799999999887,120.07818181818163,-15.498181818192933
2024-04-26 08:00:00,125.22000000001978,126.41164710353931,-1.1916471035195286
2024-04-26 09:00:00,122.42000000000323,126.06179840065603,-3.641798400652803
2024-04-26 10:00:00,113.51999999999546,115.5424999637297,-2.0224999637342336
2024-04-26 11:00:00,103.74999999999804,115.5424999637297,-11.792499963731657
2024-04-26 12:00:00,114.5899999999975,114.61723660668417,-0.02723660668667094
2024-04-26 13:00:00,108.30000000001556,108.9903885357157,-0.6903885357001371
2024-04-26 14:00:00,100.13999999999308,110.66564230643284,-10.525642306439764
2024-04-26 15:00:00,98.19999999999513,105.6133731925676,-7.413373192572465
2024-04-26 16:00:00,98.34000000000142,105.6133731925676,-7.273373192566169
2024-04-26 17:00:00,100.56000000001083,133.04882617747293,-32.4888261774621
2024-04-26 18:00:00,128.5099999999969,126.56540262453012,1.9445973754667705
2024-04-26 19:00:00,149.2899999999845,176.89284425412094,-27.602844254136443
2024-04-26 20:00:00,170.04000000000747,177.1518240435681,-7.111824043560631
2024-04-26 21:00:00,169.57999999998395,177.1518240435681,-7.571824043584144
2024-04-26 22:00:00,177.7100000000134,177.1518240435681,0.5581759564452966
2024-04-26 23:00:00,162.48999999998983,172.46460805801223,-9.974608058022397
2024-04-27 00:00:00,137.2499999999989,127.61077411036587,9.639225889633025
2024-04-27 01:00:00,114.53000000000438,115.06245814307456,-0.5324581430701869
2024-04-27 02:00:00,97.33999999999449,103.69598677619771,-6.355986776203224
2024-04-27 03:00:00,85.2900000000067,93.80162096345855,-8.511620963451847
2024-04-27 04:00:00,79.2099999999929,82.336780442283,-3.126780442290098
2024-04-27 05:00:00,79.95000000001758,93.80162096345855,-13.851620963440965
2024-04-27 06:00:00,81.89999999998807,82.336780442283,-0.43678044229493196
2024-04-27 07:00:00,88.58999999999574,103.51337431693977,-14.923374316944034
2024-04-27 08:00:00,108.11000000000942,112.98212259371806,-4.872122593708639
2024-04-27 09:00:00,137.13999999999672,127.51897142248748,9.621028577509236
2024-04-27 10:00:00,137.26000000000585,126.92279505370087,10.337204946304979
2024-04-27 11:00:00,136.21999999999406,124.25933052574,11.960669474254061
2024-04-27 12:00:00,129.9800000000026,126.92279505370087,3.057204946301738
2024-04-27 13:00:00,150.86000000000448,114.9098656311636,35.95013436884088
2024-04-27 14:00:00,116.86999999999225,114.18369055241473,2.686309447577514
2024-04-27 15:00:00,132.06999999999883,114.9098656311636,17.16013436883523
2024-04-27 16:00:00,107.95999999999921,114.38090365589466,-6.420903655895444
2024-04-27 17:00:00,117.4099999999967,117.38261978541277,0.027380214583928364
2024-04-27 18:00:00,118.82000000000048,126.8108080566177,-7.990808056617226
2024-04-27 19:00:00,160.24999999998911,172.46460805801223,-12.214608058023117
2024-04-27 20:00:00,152.91000000001333,172.46460805801223,-19.554608057998905
2024-04-27 21:00:00,182.79999999999637,172.46460805801223,10.335391941984142
2024-04-27 22:00:00,165.770000000004,172.46460805801223,-6.694608058008242
2024-04-27 23:00:00,162.6000000000112,172.46460805801223,-9.86460805800104
2024-04-28 00:00:00,138.18999999998846,121.16859409755327,17.02140590243519
2024-04-28 01:00:00,128.70999999999609,121.16859409755327,7.541405902442818
2024-04-28 02:00:00,97.74999999999766,87.37556216641784,10.374437833579819
2024-04-28 03:00:00,85.77000000001206,89.4583704706572,-3.6883704706451397
2024-04-28 04:00:00,84.75999999999092,82.336780442283,2.423219557707924
2024-04-28 05:00:00,75.36000000000516,93.80162096345855,-18.44162096345339
2024-04-28 06:00:00,78.84999999997913,88.50690953091049,-9.656909530931358
2024-04-28 07:00:00,76.66999999997827,90.06153846153842,-13.391538461560145
2024-04-28 08:00:00,104.83000000001343,109.99089995796547,-5.16089995795204
2024-04-28 09:00:00,120.21000000000154,131.40291181988718,-11.192911819885637
2024-04-28 10:00:00,131.88999999999194,144.060391690514,-12.170391690522052
2024-04-28 11:00:00,136.83000000000388,154.6550547798873,-17.82505477988343
2024-04-28 12:00:00,146.76000000000025,131.5050010350193,15.254998964980956
2024-04-28 13:00:00,147.96000000002286,127.32160190865665,20.638398091366213
2024-04-28 14:00:00,148.18999999999406,137.97321193404892,10.216788065945138
2024-04-28 15:00:00,135.81999999999317,149.67354885057506,-13.853548850581888
2024-04-28 16:00:00,141.75999999999598,114.38090365589466,27.379096344101328
2024-04-28 17:00:00,129.9899999999981,136.05054230699102,-6.0605423069929145
2024-04-28 18:00:00,155.86000000000553,182.56874823196605,-26.708748231960527
2024-04-28 19:00:00,175.93999999999937,182.34449089567363,-6.4044908956742574
2024-04-28 20:00:00,207.98999999998873,187.66896451096733,20.321035489021398
2024-04-28 21:00:00,187.77000000000174,182.34449089567363,5.425509104328114
2024-04-28 22:00:00,181.64999999999986,182.34449089567363,-0.6944908956737663
2024-04-28 23:00:00,172.08000000000703,172.13890895541357,-0.058908955406536734
2024-04-29 00:00:00,142.89000000000513,127.69383877238265,15.196161227622483
2024-04-29 01:00:00,110.78999999998373,121.50961691525188,-10.719616915268148
2024-04-29 02:00:00,90.9199999999976,93.54569125504531,-2.6256912550477125
2024-04-29 03:00:00,88.63999999999842,82.336780442283,6.303219557715423
2024-04-29 04:00:00,80.00000000000162,82.336780442283,-2.3367804422813805
2024-04-29 05:00:00,80.47000000001148,82.336780442283,-1.8667804422715193
2024-04-29 06:00:00,83.01999999998887,109.43342003105644,-26.413420031067574
2024-04-29 07:00:00,113.80000000000135,107.80592490842434,5.9940750915770025
2024-04-29 08:00:00,128.64999999999984,143.15735314250531,-14.50735314250548
2024-04-29 09:00:00,132.0900000000023,130.75822011834265,1.3317798816596564
2024-04-29 10:00:00,107.5099999999945,105.6133731925676,1.8966268074269124
2024-04-29 11:00:00,94.00000000000196,119.38247286844314,-25.382472868441184
2024-04-29 12:00:00,110.60000000001216,110.66564230643284,-0.0656423064206848
2024-04-29 13:00:00,115.9099999999818,115.85894432313188,0.05105567684992707
2024-04-29 14:00:00,107.6000000000129,116.29249037740132,-8.692490377388424
2024-04-29 15:00:00,99.84000000000074,110.66564230643284,-10.825642306432101
2024-04-29 16:00:00,102.43999999999457,110.66564230643284,-8.225642306438274
2024-04-29 17:00:00,101.82999999998387,108.08202201686181,-6.252022016877945
2024-04-29 18:00:00,125.42000000000783,126.8108080566177,-1.3908080566098704
2024-04-29 19:00:00,150.16000000000273,187.41078316610952,-37.2507831661068
2024-04-29 20:00:00,186.82000000000295,187.41078316610952,-0.5907831661065757
2024-04-29 21:00:00,176.27999999998553,182.34449089567363,-6.064490895688095
2024-04-29 22:00:00,177.84000000001748,172.46460805801223,5.375391942005251
2024-04-29 23:00:00,161.37999999999442,176.89284425412094,-15.51284425412652
2024-04-30 00:00:00,130.84999999999718,138.15274431867243,-7.302744318675252
2024-04-30 01:00:00,106.52999999999534,117.79462123552933,-11.264621235533994
2024-04-30 02:00:00,83.94999999998933,87.37556216641784,-3.425562166428506
2024-04-30 03:00:00,79.26000000001144,82.336780442283,-3.0767804422715557
2024-04-30 04:00:00,75.50000000000162,82.336780442283,-6.8367804422813805
2024-04-30 05:00:00,76.4500000000111,82.336780442283,-5.886780442271899
2024-04-30 06:00:00,89.4600000000041,111.93950467209012,-22.479504672086023
2024-04-30 07:00:00,119.87999999999708,129.60417679385327,-9.724176793856188
2024-04-30 08:00:00,137.9200000000028,135.23082735562218,2.689172644380619
2024-04-30 09:00:00,125.6699999999868,120.14541197100803,5.524588028978769
2024-04-30 10:00:00,96.47999999999351,105.6133731925676,-9.133373192574084
2024-04-30 11:00:00,94.30999999999747,108.08202201686181,-13.77202201686434
2024-04-30 12:00:00,99.17000000000186,125.14127552177858,-25.971275521776718
2024-04-30 13:00:00,104.58999999999682,108.9903885357157,-4.400388535718875
2024-04-30 14:00:00,102.16000000000511,120.7089352272441,-18.548935227238985
2024-04-30 15:00:00,97.56999999998433,114.38090365589466,-16.810903655910323
2024-04-30 16:00:00,98.96000000000984,130.39564066054865,-31.43564066053881
2024-04-30 17:00:00,105.77999999999415,138.51163992391213,-32.73163992391798
2024-04-30 18:00:00,133.9999999999957,133.89453788178355,0.10546211821215934
2024-04-30 19:00:00,154.0700000000042,177.1518240435681,-23.0818240435639
2024-04-30 20:00:00,167.11000000000047,182.47629765886182,-15.366297658861356
2024-04-30 21:00:00,167.5900000000001,182.34449089567363,-14.754490895673541
2024-04-30 22:00:00,179.88999999999257,172.46460805801223,7.425391941980337
2024-04-30 23:00:00,165.82000000001005,172.46460805801223,-6.644608058002177
2024-05-01 00:00:00,137.80999999998798,121.89829534588691,15.911704654101072
2024-05-01 01:00:00,110.62000000000708,117.79462123552933,-7.1746212355222525
2024-05-01 02:00:00,93.39999999999478,104.22669454451895,-10.826694544524173
2024-05-01 03:00:00,89.41999999999663,85.17059168174407,4.249408318252563
2024-05-01 04:00:00,77.53000000000637,82.336780442283,-4.806780442276633
2024-05-01 05:00:00,73.54499999999447,85.8753648746461,-12.330364874651622
2024-05-01 06:00:00,82.76999999999046,98.86580872603014,-16.095808726039678
2024-05-01 07:00:00,106.51000000000872,120.07677614789361,-13.566776147884894
2024-05-01 08:00:00,132.58999999999125,128.2523239227191,4.3376760772721354
2024-05-01 09:00:00,129.17499999998816,132.85673827746976,-3.6817382774815997
2024-05-01 10:00:00,124.52000000000211,121.16934803469817,3.350651965303939
2024-05-01 11:00:00,129.03999999999215,105.66407309388435,23.375926906107793
2024-05-01 12:00:00,112.200000000009,121.16934803469817,-8.969348034689176
2024-05-01 13:00:00,131.67000000000954,106.1930350691533,25.47696493085624
2024-05-01 14:00:00,117.75999999998842,117.38261978541277,0.37738021457565196
2024-05-01 15:00:00,112.46000000001371,105.66407309388435,6.795926906129353
2024-05-01 16:00:00,111.54000000000613,136.56773253933716,-25.027732539331026
2024-05-01 17:00:00,129.1699999999884,130.39564066054865,-1.2256406605602592
2024-05-01 18:00:00,139.81000000001498,165.9403910891079,-26.13039108909291
2024-05-01 19:00:00,162.77000000000942,199.40290876997364,-36.63290876996422
2024-05-01 20:00:00,184.22000000000696,182.21731786941467,2.002682130592291
2024-05-01 21:00:00,182.31999999999294,182.47629765886182,-0.1562976588688798
2024-05-01 22:00:00,173.10999999998938,189.60488470361054,-16.494884703621153
2024-05-01 23:00:00,164.53000000000924,181.05552253352192,-16.525522533512685
2024-05-02 00:00:00,129.0699999999891,143.45907170294524,-14.38907170295613
2024-05-02 01:00:00,110.55999999999827,122.31009259259207,-11.750092592593802
2024-05-02 02:00:00,86.16000000000795,108.2166235632188,-22.05662356321085
2024-05-02 03:00:00,79.50000000001157,100.32761013118599,-20.827610131174424
2024-05-02 04:00:00,85.35999999999413,82.336780442283,3.02321955771113
2024-05-02 05:00:00,72.62000000002124,82.336780442283,-9.716780442261765
2024-05-02 06:00:00,79.18999999999957,103.66145814307333,-24.47145814307376
2024-05-02 07:00:00,97.25999999998155,116.26672414233823,-19.00672414235669
2024-05-02 08:00:00,124.65000000000427,119.38247286844314,5.267527131561124
2024-05-02 09:00:00,117.08000000000433,115.85894432313188,1.221055676872453
2024-05-02 10:00:00,113.83000000000058,119.73232157132642,-5.902321571325842
2024-05-02 11:00:00,100.20000000000331,110.23231670519564,-10.03231670519233
2024-05-02 12:00:00,97.41499999999147,110.66564230643284,-13.250642306441378
2024-05-02 13:00:00,109.67999999999992,111.01549100931612,-1.3354910093162005
2024-05-02 14:00:00,96.50999999999382,105.55287591572196,-9.042875915728132
2024-05-02 15:00:00,93.0300000000079,105.55287591572196,-12.522875915714053
2024-05-02 16:00:00,99.27999999999886,114.26970647773226,-14.989706477733392
2024-05-02 17:00:00,106.5399999999917,137.2471456848768,-30.70714568488512
2024-05-02 18:00:00,123.53000000001319,148.28189743589724,-24.751897435884047
2024-05-02 19:00:00,145.48999999999148,203.8260833731514,-58.33608337315991
2024-05-02 20:00:00,186.97999999999757,182.47629765886182,4.5037023411357495
2024-05-02 21:00:00,175.8700000000007,187.15180337666237,-11.281803376661685
2024-05-02 22:00:00,164.54000000000244,166.24515120274975,-1.7051512027473166
2024-05-02 23:00:00,156.65999999998604,176.89284425412094,-20.232844254134903
2024-05-03 00:00:00,131.4500000000065,134.7836091942513,-3.333609194244815
2024-05-03 01:00:00,102.7600000000082,117.07840470144308,-14.318404701434872
2024-05-03 02:00:00,86.47999999999516,116.20879302601516,-29.72879302602
2024-05-03 03:00:00,85.40000000000433,87.74312893213698,-2.3431289321326574
2024-05-03 04:00:00,81.51000000000883,88.50690953091049,-6.996909530901661
2024-05-03 05:00:00,79.22000000001006,88.50690953091049,-9.28690953090043
2024-05-03 06:00:00,81.02999999999011,99.39253458940784,-18.362534589417734
2024-05-03 07:00:00,102.0300000000108,133.7292575542877,-31.699257554276898
2024-05-03 08:00:00,127.98999999999066,126.06179840065603,1.9282015993346278
2024-05-03 09:00:00,114.60000000001017,120.14541197100803,-5.545411970997861
2024-05-03 10:00:00,104.71999999999107,110.66564230643284,-5.945642306441769
2024-05-03 11:00:00,107.94000000000395,110.66564230643284,-2.7256423064288953
2024-05-03 12:00:00,110.0600000000064,110.66564230643284,-0.6056423064264465
2024-05-03 13:00:00,105.07000000001622,105.55287591572196,-0.4828759157057334
2024-05-03 14:00:00,100.1499999999937,111.01549100931612,-10.865491009322426
2024-05-03 15:00:00,111.91000000000841,115.85894432313188,-3.94894432312347
2024-05-03 16:00:00,102.94999999999655,110.66564230643284,-7.715642306436294
2024-05-03 17:00:00,107.10999999999362,111.01549100931612,-3.9054910093225033
2024-05-03 18:00:00,121.50999999999708,121.61750603991868,-0.10750603992160279
2024-05-03 19:00:00,153.89000000002784,177.17179765886215,-23.281797658834307
2024-05-03 20:00:00,161.40999999997638,177.1518240435681,-15.74182404359172
2024-05-03 21:00:00,161.15000000000407,177.1518240435681,-16.001824043564028
2024-05-03 22:00:00,159.4299999999954,177.1518240435681,-17.721824043572695
2024-05-03 23:00:00,167.68000000000848,161.81691500664107,5.8630849933674085
2024-05-04 00:00:00,138.919999999991,135.3981838634948,3.5218161364961986
2024-05-04 01:00:00,118.34000000001382,121.59387605850583,-3.2538760584920112
2024-05-04 02:00:00,91.67999999999196,93.54569125504531,-1.865691255053349
2024-05-04 03:00:00,84.23000000001358,102.57452823241977,-18.34452823240619
2024-05-04 04:00:00,87.0199999999983,93.80162096345855,-6.781620963460242
2024-05-04 05:00:00,79.52000000001809,93.80162096345855,-14.28162096344046
2024-05-04 06:00:00,77.62999999999195,99.18791282038411,-21.55791282039216
2024-05-04 07:00:00,87.94000000000793,126.19481777648525,-38.254817776477324
2024-05-04 08:00:00,113.13999999999547,127.99497174739653,-14.854971747401066
2024-05-04 09:00:00,129.2200000000026,149.2200547798887,-20.000054779886085
2024-05-04 10:00:00,128.59500000000483,134.64352390180895,-6.048523901804117
2024-05-04 11:00:00,120.78000000001614,131.5185002927078,-10.738500292691668
2024-05-04 12:00:00,119.41999999998202,131.5185002927078,-12.098500292725788
2024-05-04 13:00:00,116.3399999999962,131.5185002927078,-15.178500292711618
2024-05-04 14:00:00,118.46999999997834,131.5185002927078,-13.048500292729472
2024-05-04 15:00:00,123.47000000001711,121.16111111111046,2.308888888906651
2024-05-04 16:00:00,121.75999999998825,138.76417080198712,-17.004170801998868
2024-05-04 17:00:00,113.86000000000624,123.42079570136323,-9.560795701356994
2024-05-04 18:00:00,121.79000000000067,134.0228107319658,-12.232810731965117
2024-05-04 19:00:00,130.80000000000607,176.67469286941423,-45.874692869408165
2024-05-04 20:00:00,160.1099999999879,187.66896451096733,-27.558964510979422
2024-05-04 21:00:00,158.71000000000674,199.48476754127194,-40.77476754126519
2024-05-04 22:00:00,149.9799999999933,182.34449089567363,-32.36449089568032
2024-05-04 23:00:00,151.390000000005,182.7235671805537,-31.333567180548698
2024-05-05 00:00:00,136.11000000001323,151.07658691062642,-14.966586910613188
2024-05-05 01:00:00,111.6799999999931,121.24402735562253,-9.564027355629435
2024-05-05 02:00:00,91.1300000000056,92.61494977566048,-1.4849497756548828
2024-05-05 03:00:00,90.57999999998654,82.336780442283,8.24321955770354
2024-05-05 04:00:00,81.95999999999017,82.336780442283,-0.3767804422928265
2024-05-05 05:00:00,71.78000000001012,82.336780442283,-10.556780442272881
2024-05-05 06:00:00,73.46000000000774,103.68004783330389,-30.22004783329615
2024-05-05 07:00:00,88.37999999998229,93.80162096345855,-5.421620963476258
2024-05-05 08:00:00,99.34000000000944,147.02781235154458,-47.68781235153514
2024-05-05 09:00:00,119.72000000000233,131.40291181988718,-11.68291181988485
2024-05-05 10:00:00,131.87500000000458,163.51449922433255,-31.639499224327977
2024-05-05 11:00:00,145.6799999999962,162.72354035639438,-17.043540356398182
2024-05-05 12:00:00,140.30999999999904,151.3784718000679,-11.068471800068863
2024-05-05 13:00:00,137.65999999999988,134.9442196633155,2.7157803366843893
2024-05-05 14:00:00,133.41000000000562,154.09644230769254,-20.686442307686917
2024-05-05 15:00:00,128.30999999999435,143.01630477988982,-14.706304779895476
2024-05-05 16:00:00,145.1000000000046,130.7275414247696,14.372458575234987
2024-05-05 17:00:00,131.56000000000526,156.25532945736475,-24.69532945735949
2024-05-05 18:00:00,143.4800000000082,145.66611111111007,-2.186111111101866
2024-05-05 19:00:00,182.93999999997953,184.86046451096848,-1.9204645109889498
2024-05-05 20:00:00,171.65000000000214,190.83046451096982,-19.18046451096768
2024-05-05 21:00:00,170.33999999999594,187.66896451096733,-17.32896451097139
2024-05-05 22:00:00,159.5000000000253,214.56946451096792,-55.06946451094262
2024-05-05 23:00:00,165.14999999999907,172.46460805801223,-7.314608058013164
2024-05-06 00:00:00,136.52999999999398,135.33585714285704,1.1941428571369386
2024-05-06 01:00:00,114.82999999999791,126.12088501291939,-11.290885012921478
2024-05-06 02:00:00,90.22999999999573,92.61494977566048,-2.384949775664751
2024-05-06 03:00:00,83.7099999999792,92.61494977566048,-8.904949775681274
2024-05-06 04:00:00,86.41000000000989,82.336780442283,4.073219557726887
2024-05-06 07:00:00,0.0,93.75092106214179,-93.75092106214179
2024-05-06 08:00:00,39.71000000000875,0.0,39.71000000000875
2024-05-06 11:00:00,0.0,111.24022126353609,-111.24022126353609
2024-05-07 16:00:00,0.0,112.67286935286872,-112.67286935286872
2024-05-07 17:00:00,75.27500000000265,119.38247286844314,-44.107472868440496
2024-05-07 18:00:00,127.67999999998952,174.94161495081133,-47.26161495082181
2024-05-07 19:00:00,158.24000000000206,199.40290876997364,-41.16290876997158
2024-05-07 20:00:00,183.49000000000382,210.42488589415697,-26.934885894153155
2024-05-07 21:00:00,168.1599999999878,182.47629765886182,-14.31629765887402
2024-05-07 22:00:00,177.07000000001136,177.1518240435681,-0.08182404355673611
2024-05-07 23:00:00,156.20999999998907,170.7292751363399,-14.519275136350842
2024-05-08 00:00:00,130.51999999999512,138.1975520709672,-7.6775520709720695
2024-05-08 01:00:00,111.58000000000621,122.4137499999986,-10.833749999992392
2024-05-08 02:00:00,84.85999999999754,101.25835161057083,-16.398351610573286
2024-05-08 03:00:00,93.21000000001371,82.336780442283,10.873219557730707
2024-05-08 04:00:00,73.66999999999902,86.444820687033,-12.77482068703398
2024-05-08 05:00:00,71.19000000000736,82.336780442283,-11.146780442275642
2024-05-08 06:00:00,85.31999999999962,86.444820687033,-1.1248206870333775
2024-05-08 07:00:00,104.04000000001034,130.39564066054865,-26.355640660538313
2024-05-08 08:00:00,132.71499999998824,128.3046273556236,4.410372644364628
2024-05-08 09:00:00,126.66999999999396,123.29252285118099,3.3774771488129716
2024-05-08 10:00:00,97.91000000000454,111.01549100931612,-13.105491009311578
2024-05-08 11:00:00,89.91999999999993,111.05036495080992,-21.13036495080999
2024-05-08 12:00:00,84.28000000001313,105.66407309388435,-21.384073093871223
2024-05-08 13:00:00,92.78000000000239,111.01549100931612,-18.235491009313733
2024-05-08 14:00:00,80.02999999999017,111.01549100931612,-30.985491009325955
2024-05-08 15:00:00,83.32000000000707,117.94110493574922,-34.62110493574215
2024-05-08 16:00:00,97.15999999999391,108.43537528138812,-11.275375281394204
2024-05-08 17:00:00,115.07999999999063,110.66564230643284,4.41435769355779
2024-05-08 18:00:00,116.05999999999185,139.25649108910946,-23.196491089117615
2024-05-08 19:00:00,134.65999999999357,177.1518240435681,-42.491824043574525
2024-05-08 20:00:00,176.30000000000027,162.43198996655525,13.868010033445017
2024-05-08 21:00:00,164.46999999999758,177.1518240435681,-12.681824043570515
2024-05-08 22:00:00,168.82999999999691,185.7427385190778,-16.912738519080875
2024-05-08 23:00:00,160.09999999999624,178.72179765886213,-18.621797658865887
2024-05-09 00:00:00,148.69000000000707,134.11255167958626,14.577448320420814
2024-05-09 01:00:00,105.78999999999812,122.4137499999986,-16.623750000000484
2024-05-09 02:00:00,88.15000000000313,87.37556216641784,0.7744378335852957
2024-05-09 03:00:00,86.55000000000368,82.336780442283,4.213219557720677
2024-05-09 04:00:00,73.44999999998586,82.336780442283,-8.886780442297137
2024-05-09 05:00:00,78.17000000001374,82.336780442283,-4.166780442269257
2024-05-09 06:00:00,85.87999999998519,86.444820687033,-0.5648206870478134
2024-05-09 07:00:00,106.3299999999949,130.39564066054865,-24.065640660553754
2024-05-09 08:00:00,133.0499999999743,126.65207373271838,6.397926267255912
2024-05-09 09:00:00,129.39999999999853,120.49526067389132,8.904739326107205
2024-05-09 10:00:00,101.88000000000355,111.01549100931612,-9.135491009312574
2024-05-09 11:00:00,94.0599999999815,111.01549100931612,-16.955491009334622
2024-05-09 12:00:00,103.77000000001365,111.01549100931612,-7.245491009302469
2024-05-09 13:00:00,103.31000000000071,105.6133731925676,-2.3033731925668803
2024-05-09 14:00:00,93.79000000001574,105.55287591572196,-11.762875915706218
2024-05-09 15:00:00,106.75999999998564,105.6133731925676,1.1466268074180448
2024-05-09 16:00:00,96.7699999999987,122.8016697306975,-26.031669730698795
2024-05-09 17:00:00,101.67000000000186,113.27532403356085,-11.605324033558986
2024-05-09 18:00:00,121.82999999999495,180.13491696751035,-58.304916967515396
2024-05-09 19:00:00,148.48000000000246,217.4576309921993,-68.97763099219685
2024-05-09 20:00:00,168.10999999999876,177.1518240435681,-9.041824043569335
2024-05-09 21:00:00,166.29000000000542,177.1518240435681,-10.861824043562677
2024-05-09 22:00:00,167.0699999999934,177.1518240435681,-10.081824043574699
2024-05-09 23:00:00,167.99000000002513,172.46460805801223,-4.474608057987098
2024-05-10 00:00:00,141.99999999998903,131.92436426624937,10.07563573373966
2024-05-10 01:00:00,116.99000000000305,120.40178490028484,-3.4117849002817877
2024-05-10 02:00:00,81.73000000000306,87.37556216641784,-5.645562166414777
2024-05-10 03:00:00,78.5100000000011,82.336780442283,-3.826780442281901
2024-05-10 04:00:00,75.01000000000741,82.336780442283,-7.3267804422755916
2024-05-10 05:00:00,74.9700000000145,82.336780442283,-7.366780442268507
2024-05-10 06:00:00,82.93999999999161,84.85159340659365,-1.9115934066020372
2024-05-10 07:00:00,109.40000000000376,106.7407291666666,2.6592708333371604
2024-05-10 08:00:00,131.08000000000257,116.79885257887211,14.281147421130456
2024-05-10 09:00:00,123.61000000000209,126.41164710353931,-2.8016471035372206
2024-05-10 10:00:00,97.51000000000025,105.55287591572196,-8.042875915721709
2024-05-10 11:00:00,95.45999999999302,105.55287591572196,-10.09287591572894
2024-05-10 12:00:00,95.58000000001388,105.55287591572196,-9.972875915708073
2024-05-10 13:00:00,101.94999999999115,111.05036495080992,-9.100364950818772
2024-05-10 14:00:00,101.7700000000062,111.01549100931612,-9.245491009309916
2024-05-10 15:00:00,99.33999999999943,111.01549100931612,-11.675491009316687
2024-05-10 16:00:00,93.46000000000018,111.01549100931612,-17.555491009315944
2024-05-10 17:00:00,105.41999999998902,119.73232157132642,-14.312321571337407
2024-05-10 18:00:00,119.12000000000913,180.13491696751035,-61.01491696750122
2024-05-10 19:00:00,137.17000000000397,172.46460805801223,-35.294608058008265
2024-05-10 20:00:00,162.81999999999448,177.1518240435681,-14.331824043573619
2024-05-10 21:00:00,171.80000000000177,182.47629765886182,-10.67629765886005
2024-05-10 22:00:00,176.42000000000934,177.1518240435681,-0.7318240435587597
2024-05-10 23:00:00,157.04999999999688,177.1518240435681,-20.101824043571213
2024-05-11 00:00:00,134.22000000000128,122.38418899796125,11.835811002040032
2024-05-11 01:00:00,113.96999999999886,126.12088501291939,-12.150885012920526
2024-05-11 02:00:00,92.08000000000791,107.78808807805387,-15.70808807804596
2024-05-11 03:00:00,86.91000000001114,93.80162096345855,-6.891620963447409
2024-05-11 04:00:00,74.77999999999267,82.336780442283,-7.556780442290332
2024-05-11 05:00:00,73.78999999999567,85.8753648746461,-12.085364874650423
2024-05-11 06:00:00,73.48000000000437,82.336780442283,-8.856780442278634
2024-05-11 07:00:00,94.42000000001033,89.35676526863641,5.0632347313739245
2024-05-11 08:00:00,111.66999999999373,131.93779315214385,-20.26779315215012
2024-05-11 09:00:00,123.21000000000416,131.93779315214385,-8.727793152139697
2024-05-11 10:00:00,133.24999999998707,136.1903551712088,-2.9403551712217393
2024-05-11 11:00:00,122.76999999999296,138.69533553429434,-15.925335534301382
2024-05-11 12:00:00,118.05000000001374,143.68510570147265,-25.63510570145891
2024-05-11 13:00:00,129.32000000000258,135.7918356374802,-6.471835637477625
2024-05-11 14:00:00,131.01999999999342,124.04452308815142,6.975476911841994
2024-05-11 15:00:00,146.76999999999944,141.4172188449845,5.352781155014952
2024-05-11 16:00:00,146.51000000000016,134.5202164222259,11.989783577774261
2024-05-11 17:00:00,138.23000000000243,140.29449668675224,-2.0644966867498056
2024-05-11 18:00:00,147.640000000002,130.33433660192898,17.305663398073023
2024-05-11 19:00:00,187.65000000000708,178.79346432552907,8.85653567447801
2024-05-11 20:00:00,176.3799999999822,172.46460805801223,3.915391941969972
2024-05-11 21:00:00,172.44000000001046,185.7427385190778,-13.302738519067333
2024-05-11 22:00:00,174.59999999999314,177.1518240435681,-2.5518240435749533
2024-05-11 23:00:00,167.84000000000782,177.1518240435681,-9.311824043560279
2024-05-12 00:00:00,140.34000000000245,130.76173514932736,9.578264850675083
2024-05-12 01:00:00,120.7899999999868,128.48038578579377,-7.690385785806967
2024-05-12 02:00:00,92.49000000000981,107.78808807805387,-15.29808807804406
2024-05-12 03:00:00,90.90999999999545,93.87370456663552,-2.963704566640075
2024-05-12 04:00:00,83.62000000000651,82.336780442283,1.2832195577235126
2024-05-12 05:00:00,72.69999999998745,82.336780442283,-9.636780442295546
2024-05-12 06:00:00,73.19000000000224,102.86930992959125,-29.67930992958901
2024-05-12 07:00:00,81.34000000001132,114.34790723089075,-33.00790723087944
2024-05-12 08:00:00,98.9899999999931,155.45040562559024,-56.46040562559713
2024-05-12 09:00:00,122.88000000000049,119.64412811941766,3.2358718805828346
2024-05-12 10:00:00,150.27999999999435,129.10756960293568,21.172430397058662
2024-05-12 11:00:00,138.92000000000013,152.68271399798695,-13.762713997986822
2024-05-12 12:00:00,146.43999999999906,127.74956631530894,18.69043368469012
2024-05-12 13:00:00,131.8600000000063,130.7275414247696,1.132458575236683
2024-05-12 14:00:00,130.80000000000112,126.20469551281994,4.595304487181181
2024-05-12 15:00:00,125.08000000000314,127.2610466552581,-2.18104665525496
2024-05-12 16:00:00,124.62999999999184,128.8023684210522,-4.172368421060355
2024-05-12 17:00:00,122.57999999999518,126.97799208060573,-4.39799208061055
2024-05-12 18:00:00,149.28000000000526,201.06294664466438,-51.78294664465912
2024-05-12 19:00:00,179.63000000001597,156.464484536082,23.165515463933957
2024-05-12 20:00:00,181.04000000000605,176.89284425412094,4.147155745885101
2024-05-12 21:00:00,184.28999999999047,215.6175527462625,-31.327552746272033
2024-05-12 22:00:00,196.3099999999984,214.56946451096792,-18.259464510969508
2024-05-12 23:00:00,170.62000000000813,172.46460805801223,-1.8446080580040984
2024-05-13 00:00:00,130.95999999999418,127.61077411036587,3.3492258896283147
2024-05-13 01:00:00,103.30999999999952,128.07362455488627,-24.763624554886746
2024-05-13 02:00:00,89.04000000000215,94.49715219479204,-5.4571521947898844
2024-05-13 03:00:00,85.03000000000523,99.15303887889031,-14.123038878885083
2024-05-13 04:00:00,74.29000000000931,88.50690953091049,-14.216909530901177
2024-05-13 05:00:00,73.54999999999498,88.50690953091049,-14.95690953091551
2024-05-13 06:00:00,84.96000000000893,91.34072077037156,-6.380720770362629
2024-05-13 07:00:00,104.20999999999916,116.75209937374426,-12.542099373745103
2024-05-13 08:00:00,115.78999999999976,129.7221442721792,-13.932144272179443
2024-05-13 09:00:00,132.68000000000043,124.84528661488235,7.834713385118079
2024-05-13 10:00:00,115.77000000000831,110.66564230643284,5.104357693575466
2024-05-13 11:00:00,107.22999999999391,115.85894432313188,-8.628944323137972
2024-05-13 12:00:00,97.08000000001246,106.1930350691533,-9.113035069140835
2024-05-13 13:00:00,98.10999999999879,119.38247286844314,-21.272472868444353
2024-05-13 14:00:00,101.23999999998071,105.66407309388435,-4.424073093903644
2024-05-13 15:00:00,103.06000000001043,114.38090365589466,-11.320903655884223
2024-05-13 16:00:00,93.90000000000205,119.38247286844314,-25.482472868441093
2024-05-13 17:00:00,104.89999999996874,122.38418899796125,-17.484188997992504
2024-05-13 18:00:00,126.88000000001776,149.968224422443,-23.08822442242524
2024-05-13 19:00:00,142.5600000000016,210.42488589415697,-67.86488589415538
2024-05-13 20:00:00,166.41999999999842,177.1518240435681,-10.731824043569674
2024-05-13 21:00:00,166.21999999999986,190.83046451096982,-24.610464510969962
2024-05-13 22:00:00,170.73999999999063,182.34449089567363,-11.604490895683
2024-05-13 23:00:00,171.36000000000791,153.85693389151504,17.503066108492874
2024-05-14 00:00:00,131.76000000000744,142.27315599343194,-10.513155993424505
2024-05-14 01:00:00,110.85999999999254,121.59387605850583,-10.733876058513289
2024-05-14 02:00:00,82.5899999999937,107.83190091884173,-25.24190091884803
2024-05-14 03:00:00,76.3700000000006,82.336780442283,-5.966780442282399
2024-05-14 04:00:00,81.07999999999598,82.336780442283,-1.256780442287024
2024-05-14 05:00:00,77.03999999999272,82.336780442283,-5.296780442290284
2024-05-14 06:00:00,76.02999999998352,85.17059168174407,-9.140591681760554
2024-05-14 07:00:00,104.17000000001363,124.9528896070053,-20.782889606991674
2024-05-14 08:00:00,136.5100000000004,121.00952928679078,15.500470713209609
2024-05-14 09:00:00,127.6999999999995,120.14541197100803,7.554588028991475
2024-05-14 10:00:00,106.56999999998814,111.01549100931612,-4.445491009327981
2024-05-14 11:00:00,90.9100000000141,119.38247286844314,-28.47247286842905
2024-05-14 12:00:00,99.1000000000021,111.01549100931612,-11.915491009314024
2024-05-14 13:00:00,96.90000000000319,111.01549100931612,-14.115491009312933
2024-05-14 14:00:00,93.93000000000112,116.64233908028461,-22.7123390802835
2024-05-14 15:00:00,95.15000000000398,111.01549100931612,-15.865491009312137
2024-05-14 16:00:00,93.29999999999157,105.66407309388435,-12.364073093892785
2024-05-14 17:00:00,105.48999999999128,117.87438280795281,-12.38438280796153
2024-05-14 18:00:00,116.7100000000145,126.8108080566177,-10.1008080566032
2024-05-14 19:00:00,128.97999999999982,187.41078316610952,-58.430783166109705
2024-05-14 20:00:00,161.68000000000887,177.1518240435681,-15.471824043559224
2024-05-14 21:00:00,163.3599999999755,185.7427385190778,-22.382738519102276
2024-05-14 22:00:00,155.48000000000982,182.47629765886182,-26.996297658852
2024-05-14 23:00:00,149.96000000001328,161.81691500664107,-11.856915006627787
2024-05-15 00:00:00,141.50999999998626,126.12088501291939,15.389114987066876
2024-05-15 01:00:00,106.52500000001001,121.50961691525188,-14.984616915241872
2024-05-15 02:00:00,85.78999999999976,95.9833264206722,-10.193326420672435
2024-05-15 03:00:00,81.1200000000114,88.50690953091049,-7.386909530899089
2024-05-15 04:00:00,71.60999999997094,93.80162096345855,-22.19162096348761
2024-05-15 05:00:00,78.19000000000406,88.50690953091049,-10.316909530906429
2024-05-15 06:00:00,78.609999999998,82.336780442283,-3.726780442285005
2024-05-15 07:00:00,89.84000000000108,124.71439713064686,-34.874397130645775
2024-05-15 08:00:00,115.72999999999254,125.10102249951004,-9.371022499517494
2024-05-15 09:00:00,128.31000000000475,126.97799208060573,1.3320079193990182
2024-05-15 10:00:00,126.14000000000559,139.82107732061235,-13.68107732060676
2024-05-15 11:00:00,145.62000000000083,127.57152828777342,18.04847171222741
2024-05-15 12:00:00,123.4899999999939,134.5202164222259,-11.030216422232002
2024-05-15 13:00:00,139.80999999999295,160.27286156575306,-20.462861565760107
2024-05-15 14:00:00,147.0799999999994,167.9344645254572,-20.854464525457814
2024-05-15 15:00:00,164.8899999999956,131.13430265567712,33.75569734431849
2024-05-15 16:00:00,140.56999999999488,125.56843313262834,15.001566867366535
2024-05-15 17:00:00,157.0899999999852,120.49039654834114,36.59960345164406
2024-05-15 18:00:00,147.320000000005,187.29017680339746,-39.97017680339246
2024-05-15 19:00:00,203.80999999998193,209.37679765886242,-5.566797658880489
2024-05-15 20:00:00,195.38000000001574,210.42488589415697,-15.044885894141231
2024-05-15 21:00:00,183.10999999999473,177.1518240435681,5.958175956426629
2024-05-15 22:00:00,170.12999999999982,172.46460805801223,-2.3346080580124067
2024-05-15 23:00:00,146.99000000000825,162.2590261177522,-15.269026117743948
2024-05-16 00:00:00,128.42999999998247,113.27532403356085,15.154675966421621
2024-05-16 01:00:00,104.92000000002534,118.6604070660515,-13.740407066026165
2024-05-16 02:00:00,85.85000000001392,93.54569125504531,-7.695691255031392
2024-05-16 03:00:00,79.38999999998649,88.50690953091049,-9.116909530924005
2024-05-16 04:00:00,81.10000000001097,82.336780442283,-1.2367804422720354
2024-05-16 05:00:00,73.02999999999523,82.336780442283,-9.306780442287774
2024-05-16 06:00:00,86.14000000001275,85.8753648746461,0.26463512536665235
2024-05-16 07:00:00,97.43000000000976,126.95860744737075,-29.528607447360997
2024-05-16 08:00:00,132.0200000000008,124.84528661488235,7.1747133851184515
2024-05-16 09:00:00,120.07000000000207,120.14541197100803,-0.07541197100596264
2024-05-16 10:00:00,96.09000000000393,110.66564230643284,-14.575642306428918
2024-05-16 11:00:00,90.47999999999243,111.01549100931612,-20.535491009323692
2024-05-16 12:00:00,102.10000000001051,110.66564230643284,-8.565642306422333
2024-05-16 13:00:00,101.05999999999872,111.01549100931612,-9.955491009317399
2024-05-16 14:00:00,103.14000000001025,135.29406836619876,-32.15406836618851
2024-05-16 15:00:00,124.93000000000112,110.66564230643284,14.264357693568272
2024-05-16 16:00:00,100.42000000000647,115.5424999637297,-15.122499963723229
2024-05-16 17:00:00,114.36999999998287,113.27532403356085,1.0946759664220167
2024-05-16 18:00:00,114.48999999998833,142.8762279997352,-28.386227999746865
2024-05-16 19:00:00,137.35000000000073,185.6377976588643,-48.28779765886355
2024-05-16 20:00:00,175.9200000000081,177.1518240435681,-1.2318240435600103
2024-05-16 21:00:00,171.4100000000031,177.1518240435681,-5.741824043565003
2024-05-16 22:00:00,161.85000000000383,82.76179765886273,79.0882023411411
2024-05-16 23:00:00,156.06999999999363,177.1518240435681,-21.08182404357447
2024-05-17 00:00:00,136.1600000000007,132.99585714285652,3.164142857144185
2024-05-17 01:00:00,104.76000000000263,114.14493570898875,-9.38493570898612
2024-05-17 02:00:00,85.42000000000249,102.16671812942471,-16.74671812942222
2024-05-17 03:00:00,75.96999999999426,100.11150758332539,-24.141507583331133
2024-05-17 04:00:00,72.29999999998884,98.80319017600704,-26.503190176018194
2024-05-17 05:00:00,77.37000000001413,82.336780442283,-4.96678044226887
2024-05-17 06:00:00,78.3900000000115,102.69162331125341,-24.30162331124191
2024-05-17 07:00:00,115.1399999999874,131.5050010350193,-16.365001035031895
2024-05-17 08:00:00,137.31999999999624,126.65207373271838,10.667926267277863
2024-05-17 09:00:00,113.79999999999316,120.14541197100803,-6.345411971014869
2024-05-17 10:00:00,94.01000000000889,110.66564230643284,-16.655642306423957
2024-05-17 11:00:00,101.01999999998284,110.66564230643284,-9.64564230645
2024-05-17 12:00:00,102.47000000000654,111.14093165376474,-8.670931653758203
2024-05-17 13:00:00,98.5899999999896,110.23231670519564,-11.642316705206042
2024-05-17 14:00:00,93.50000000000912,115.97529208085425,-22.475292080845122
2024-05-17 15:00:00,102.08999999999335,110.66564230643284,-8.57564230643949
2024-05-17 16:00:00,103.27000000001843,126.63355116514602,-23.36355116512759
2024-05-17 17:00:00,118.04999999998338,128.96315844243094,-10.913158442447553
2024-05-17 18:00:00,114.67999999999498,170.87487659635562,-56.19487659636064
2024-05-17 19:00:00,157.58999999998872,187.41078316610952,-29.820783166120805
2024-05-17 20:00:00,171.34999999999803,177.1518240435681,-5.801824043570065
2024-05-17 21:00:00,176.92000000000013,177.1518240435681,-0.23182404356796837
2024-05-17 22:00:00,154.68000000000194,177.1518240435681,-22.47182404356616
2024-05-17 23:00:00,163.7400000000112,156.72346432552916,7.016535674482043
2024-05-18 00:00:00,136.19000000000645,142.65735363046264,-6.467353630456188
2024-05-18 01:00:00,128.1999999999904,122.43882177943794,5.761178220552466
2024-05-18 02:00:00,90.59000000000415,98.84040268759338,-8.25040268758923
2024-05-18 03:00:00,79.51999999999501,85.8753648746461,-6.355364874651087
2024-05-18 04:00:00,73.5899999999929,82.336780442283,-8.746780442290103
2024-05-18 05:00:00,70.09000000000063,82.336780442283,-12.246780442282372
2024-05-18 06:00:00,81.60999999999879,89.76566432188551,-8.155664321886718
2024-05-18 07:00:00,93.56000000000373,113.59785444294789,-20.037854442944166
2024-05-18 08:00:00,117.52000000001024,113.59785444294789,3.9221455570623505
2024-05-18 09:00:00,127.58000000000372,128.89367713004444,-1.3136771300407162
2024-05-18 10:00:00,151.75999999999993,120.73580198042873,31.0241980195712
2024-05-18 11:00:00,128.28000000000307,162.02210646230378,-33.74210646230071
2024-05-18 12:00:00,145.9000000000016,123.03478824115535,22.865211758846243
2024-05-18 13:00:00,128.4999999999824,134.45138115453312,-5.951381154550717
2024-05-18 14:00:00,141.18000000001817,129.79233062330584,11.387669376712324
2024-05-18 15:00:00,130.59999999999528,129.47696825396795,1.1230317460273227
2024-05-18 16:00:00,123.22999999999199,119.80056870839022,3.429431291601773
2024-05-18 17:00:00,122.65999999999397,131.51040882244286,-8.850408822448884
2024-05-18 18:00:00,141.78000000000148,140.18755775577523,1.5924422442262482
2024-05-18 19:00:00,145.13999999999194,199.1388673875955,-53.99886738760355
2024-05-18 20:00:00,165.9499999999993,182.21731786941467,-16.267317869415365
2024-05-18 21:00:00,168.18000000000103,177.1518240435681,-8.971824043567068
2024-05-18 22:00:00,176.05000000000263,177.1518240435681,-1.1018240435654718
2024-05-18 23:00:00,160.54000000000946,177.1518240435681,-16.61182404355864
2024-05-19 00:00:00,152.9800000000011,140.13312987012978,12.84687012987132
2024-05-19 01:00:00,116.4699999999871,133.25815774019264,-16.78815774020555
2024-05-19 02:00:00,99.51999999999433,112.70875857613858,-13.188758576144252
2024-05-19 03:00:00,92.40499999999454,88.50690953091049,3.898090469084053
2024-05-19 04:00:00,75.2300000000046,92.61494977566048,-17.384949775655883
2024-05-19 05:00:00,78.83999999998039,82.336780442283,-3.496780442302608
2024-05-19 06:00:00,76.38000000000002,86.444820687033,-10.064820687032977
2024-05-19 07:00:00,83.51000000001491,117.4864300976804,-33.976430097665485
2024-05-19 08:00:00,105.80000000000318,139.93540706605162,-34.135407066048444
2024-05-19 09:00:00,131.20000000000132,127.69383877238265,3.5061612276186764
2024-05-19 10:00:00,137.19999999998564,177.6804907975419,-40.48049079755626
2024-05-19 11:00:00,147.39000000000232,134.45138115453312,12.938618845469193
2024-05-19 12:00:00,140.750000000008,162.5534666666646,-21.803466666656618
2024-05-19 13:00:00,148.85999999998367,143.09578268876822,5.764217311215447
2024-05-19 14:00:00,138.42000000000877,132.27421296913263,6.145787030876136
2024-05-19 15:00:00,146.6500000000105,132.27421296913263,14.37578703087786
2024-05-19 16:00:00,134.6300000000047,139.93581592883675,-5.305815928832033
2024-05-19 17:00:00,131.3099999999917,119.80056870839022,11.509431291601487
2024-05-19 18:00:00,145.26000000000641,126.8108080566177,18.449191943388712
2024-05-19 19:00:00,175.84999999999587,185.37881786941713,-9.52881786942126
2024-05-19 20:00:00,183.17000000000104,182.34449089567363,0.8255091043274092
2024-05-19 21:00:00,214.47999999998677,182.34449089567363,32.135509104313144
2024-05-19 22:00:00,188.75999999999152,176.89284425412094,11.867155745870576
2024-05-19 23:00:00,176.58500000001033,166.6872623138609,9.897737686149412
2024-05-20 00:00:00,148.15000000000003,155.0780435314271,-6.928043531427079
2024-05-20 01:00:00,123.33999999998937,121.24402735562253,2.0959726443668387
2024-05-20 02:00:00,90.9800000000013,105.2482806292707,-14.268280629269398
2024-05-20 03:00:00,80.70999999998574,105.2482806292707,-24.538280629284955
2024-05-20 04:00:00,79.56000000000464,91.36549118511769,-11.805491185113056
2024-05-20 05:00:00,75.43999999998701,86.444820687033,-11.004820687045992
2024-05-20 06:00:00,84.68000000001078,85.42104921898056,-0.7410492189697777
2024-05-20 07:00:00,99.15000000001433,114.28345054945004,-15.133450549435707
2024-05-20 08:00:00,124.03000000000299,128.55628087674972,-4.526280876746739
2024-05-20 09:00:00,118.85999999999106,120.49526067389132,-1.6352606739002624
2024-05-20 10:00:00,111.75999999998672,115.5424999637297,-3.7824999637429784
2024-05-20 11:00:00,111.50999999999445,111.01549100931612,0.49450899067832665
2024-05-20 12:00:00,104.67000000000601,117.27142260725034,-12.60142260724433
2024-05-20 13:00:00,111.51999999999762,110.66564230643284,0.8543576935647792
2024-05-20 14:00:00,117.92000000000317,114.48030351810351,3.4396964818996594
2024-05-20 15:00:00,117.11999999998287,119.73232157132642,-2.612321571343557
2024-05-20 16:00:00,113.00000000000276,122.38418899796125,-9.38418899795849
2024-05-20 17:00:00,112.40999999997942,114.92792529448617,-2.517925294506753
2024-05-20 18:00:00,135.3100000000052,149.968224422443,-14.658224422437797
2024-05-20 19:00:00,155.65000000000492,203.8260833731514,-48.17608337314647
2024-05-20 20:00:00,169.09999999998735,182.34449089567363,-13.244490895686283
2024-05-20 21:00:00,186.25999999999243,214.56946451096792,-28.309464510975488
2024-05-20 22:00:00,192.0850000000018,182.21731786941467,9.867682130587127
2024-05-20 23:00:00,165.87999999999334,172.52325855787632,-6.643258557882973
2024-05-21 00:00:00,144.83999999999313,127.04863492063512,17.791365079358002
2024-05-21 01:00:00,115.90999999999829,122.31009259259207,-6.400092592593779
2024-05-21 02:00:00,89.47499999999494,87.37556216641784,2.099437833577099
2024-05-21 03:00:00,85.21000000001291,93.80162096345855,-8.591620963445635
2024-05-21 04:00:00,77.50999999999252,82.336780442283,-4.8267804422904845
2024-05-21 05:00:00,70.7999999999993,85.17059168174407,-14.37059168174477
2024-05-21 06:00:00,78.6200000000039,92.69567963740266,-14.075679637398764
2024-05-21 07:00:00,110.96000000000836,117.73505167958645,-6.775051679578084
2024-05-21 08:00:00,128.97999999999882,134.54534379671082,-5.565343796712
2024-05-21 09:00:00,132.42000000000363,119.38247286844314,13.03752713156048
2024-05-21 10:00:00,102.23999999998594,110.66564230643284,-8.425642306446903
2024-05-21 11:00:00,103.61000000000482,110.66564230643284,-7.055642306428027
2024-05-21 12:00:00,98.31000000001305,111.01549100931612,-12.705491009303074
2024-05-21 13:00:00,104.99999999999548,111.01549100931612,-6.015491009320641
2024-05-21 14:00:00,104.79999999999919,111.01549100931612,-6.215491009316935
2024-05-21 15:00:00,100.69999999999337,108.43537528138812,-7.735375281394752
2024-05-21 16:00:00,100.32000000000167,117.15220584339842,-16.83220584339675
2024-05-21 17:00:00,102.07000000000906,116.79885257887211,-14.728852578863055
2024-05-21 18:00:00,128.1699999999918,126.8108080566177,1.3591919433740998
2024-05-21 19:00:00,151.89000000001107,205.7376699086011,-53.847669908590035
2024-05-21 20:00:00,176.4299999999858,177.78908167330593,-1.3590816733201336
2024-05-21 21:00:00,177.53999999999854,172.46460805801223,5.075391941986311
2024-05-21 22:00:00,179.77000000000388,172.46460805801223,7.305391941991644
2024-05-21 23:00:00,168.33999999999384,172.46460805801223,-4.124608058018396
2024-05-22 00:00:00,140.0799999999967,157.42181818181814,-17.341818181821452
2024-05-22 01:00:00,125.97000000000256,120.50544230769134,5.464557692311217
2024-05-22 02:00:00,90.1700000000042,87.37556216641784,2.7944378335863576
2024-05-22 03:00:00,68.18999999999566,82.336780442283,-14.146780442287337
2024-05-22 04:00:00,75.42000000000203,96.57292315096231,-21.152923150960277
2024-05-22 05:00:00,73.75000000000924,88.31258474452389,-14.562584744514652
2024-05-22 06:00:00,85.01999999998705,88.31258474452389,-3.292584744536839
2024-05-22 07:00:00,105.87500000000355,117.73505167958645,-11.860051679582895
2024-05-22 08:00:00,127.68500000000122,126.06179840065603,1.6232015993451938
2024-05-22 09:00:00,118.39999999999841,133.00395791117862,-14.603957911180203
2024-05-22 10:00:00,106.52000000000308,139.01636068895715,-32.49636068895407
2024-05-22 11:00:00,95.26999999998262,111.01549100931612,-15.745491009333506
2024-05-22 12:00:00,98.1650000000017,111.01549100931612,-12.850491009314425
2024-05-22 13:00:00,97.26000000000548,116.20879302601516,-18.94879302600968
2024-05-22 14:00:00,102.24000000000424,111.01549100931612,-8.775491009311878
2024-05-22 15:00:00,96.95999999999154,111.01549100931612,-14.055491009324584
2024-05-22 16:00:00,98.4850000000122,112.72356925418548,-14.238569254173271
2024-05-22 17:00:00,112.11999999999298,122.1555361404429,-10.03553614044992
2024-05-22 18:00:00,131.10999999999663,151.23589108910755,-20.125891089110922
2024-05-22 19:00:00,144.73999999999972,172.46460805801223,-27.724608058012507
2024-05-22 20:00:00,185.24000000000302,171.69679784430244,13.543202155700584
2024-05-22 21:00:00,179.0800000000035,171.69679784430244,7.3832021557010705
2024-05-22 22:00:00,173.50000000000972,172.46460805801223,1.0353919419974886
2024-05-22 23:00:00,168.17000000000183,174.72081786941706,-6.550817869415226
2024-05-23 00:00:00,150.74000000000007,144.1384848484849,6.601515151515173
2024-05-23 01:00:00,116.75999999999968,118.6604070660515,-1.9004070660518266
2024-05-23 02:00:00,91.17000000000021,100.32761013118599,-9.157610131185777
2024-05-23 03:00:00,88.72000000000756,92.61494977566048,-3.8949497756529183
2024-05-23 04:00:00,74.84999999998709,82.336780442283,-7.48678044229591
2024-05-23 05:00:00,72.81000000000861,82.336780442283,-9.526780442274386
2024-05-23 06:00:00,80.41999999997714,106.07940706605078,-25.65940706607364
2024-05-23 07:00:00,111.11500000000163,103.61075824175657,7.504241758245058
2024-05-23 08:00:00,134.7500000000082,124.84528661488235,9.90471338512586
2024-05-23 09:00:00,121.37999999999639,122.50934854706051,-1.1293485470641258
2024-05-23 10:00:00,110.9800000000038,110.66564230643284,0.31435769357095467
2024-05-23 11:00:00,98.23000000000346,111.05036495080992,-12.820364950806464
2024-05-23 12:00:00,99.0900000000012,111.01549100931612,-11.925491009314925
2024-05-23 13:00:00,98.9549999999879,110.66564230643284,-11.710642306444939
2024-05-23 14:00:00,104.95000000000394,111.05036495080992,-6.100364950805982
2024-05-23 15:00:00,104.22999999999584,105.55287591572196,-1.3228759157261152
2024-05-23 16:00:00,97.59999999999494,111.05036495080992,-13.450364950814986
2024-05-23 17:00:00,105.70000000000769,113.27532403356085,-7.575324033553159
2024-05-23 18:00:00,127.36999999999765,145.89608339680132,-18.52608339680367
2024-05-23 19:00:00,148.5499999999916,82.50281786941558,66.04718213057602
2024-05-23 20:00:00,176.79999999999717,176.89284425412094,-0.09284425412377573
2024-05-23 21:00:00,178.27499999999446,161.81691500664107,16.458084993353395
2024-05-23 22:00:00,167.58000000000723,204.68958167330655,-37.10958167329932
2024-05-23 23:00:00,173.8900000000031,162.2590261177522,11.630973882250913
2024-05-24 00:00:00,138.8099999999984,145.42411703239347,-6.6141170323950575
2024-05-24 01:00:00,110.49000000001163,122.31009259259207,-11.820092592580437
2024-05-24 02:00:00,83.69999999998177,100.32761013118599,-16.62761013120422
2024-05-24 03:00:00,85.24000000000879,82.336780442283,2.903219557725791
2024-05-24 04:00:00,70.80999999999679,82.336780442283,-11.52678044228621
2024-05-24 05:00:00,70.45000000000041,93.80162096345855,-23.35162096345813
2024-05-24 06:00:00,84.93999999999679,87.03835573923496,-2.0983557392381726
2024-05-24 07:00:00,103.7800000000158,135.65121951219493,-31.871219512179124
2024-05-24 08:00:00,128.87999999998968,123.478178111085,5.401821888904678
2024-05-24 09:00:00,123.50000000001357,121.06022918810754,2.4397708119060297
2024-05-24 10:00:00,102.04999999999089,111.38633708585233,-9.336337085861445
2024-05-24 11:00:00,99.95999999999552,116.20879302601516,-16.24879302601964
2024-05-24 12:00:00,102.19000000001475,110.23231670519564,-8.042316705180895
2024-05-24 13:00:00,104.21999999999312,110.23231670519564,-6.012316705202522
2024-05-24 14:00:00,99.86999999999139,110.23231670519564,-10.36231670520425
2024-05-24 15:00:00,101.68000000000396,110.23231670519564,-8.552316705191686
2024-05-24 16:00:00,103.67000000000397,110.23231670519564,-6.562316705191677
2024-05-24 17:00:00,112.62999999999184,119.33571966331529,-6.70571966332345
2024-05-24 18:00:00,127.78000000000728,169.10189108911038,-41.321891089103104
2024-05-24 19:00:00,144.55999999999497,180.95058167330842,-36.39058167331345
2024-05-24 20:00:00,172.69000000001137,177.78908167330593,-5.099081673294563
2024-05-24 21:00:00,176.83999999999634,177.78908167330593,-0.9490816733095926
2024-05-24 22:00:00,166.60500000001093,172.46460805801223,-5.8596080580012995
2024-05-24 23:00:00,170.42000000001025,177.1518240435681,-6.73182404355785
2024-05-25 00:00:00,142.57999999999768,154.99333462033414,-12.413334620336457
2024-05-25 01:00:00,115.59000000000336,122.31009259259207,-6.720092592588713
2024-05-25 02:00:00,94.129999999989,101.23597665003987,-7.105976650050877
2024-05-25 03:00:00,92.28500000000398,82.336780442283,9.948219557720975
2024-05-25 04:00:00,76.97999999997879,88.50690953091049,-11.526909530931704
2024-05-25 05:00:00,75.48000000002688,82.336780442283,-6.856780442256124
2024-05-25 06:00:00,77.14999999997875,110.16173364399842,-33.01173364401967
2024-05-25 07:00:00,94.41499999999294,106.7407291666666,-12.325729166673653
2024-05-25 08:00:00,116.15000000000512,110.41443448364487,5.7355655163602535
2024-05-25 09:00:00,131.92999999999282,130.7275414247696,1.2024585752232042
2024-05-25 10:00:00,145.54999999999535,131.5185002927078,14.031499707287537
2024-05-25 11:00:00,125.44000000001316,127.57152828777342,-2.1315282877602613
2024-05-25 12:00:00,126.83000000000098,126.13064327485307,0.6993567251479078
2024-05-25 13:00:00,141.1500000000075,142.65735363046264,-1.5073536304551283
2024-05-25 14:00:00,133.2299999999872,130.52132620619795,2.708673793789245
2024-05-25 15:00:00,123.37999999999799,119.33571966331529,4.044280336682704
2024-05-25 16:00:00,123.37999999999356,131.98065243988393,-8.600652439890368
2024-05-25 17:00:00,118.07500000000417,130.39564066054865,-12.320640660544484
2024-05-25 18:00:00,135.000000000007,146.2815432630215,-11.281543263014498
2024-05-25 19:00:00,146.49999999999835,177.1518240435681,-30.651824043569746
2024-05-25 20:00:00,161.070000000015,182.34449089567363,-21.27449089565863
2024-05-25 21:00:00,171.23999999999253,182.34449089567363,-11.104490895681096
2024-05-25 22:00:00,164.43999999999613,177.1518240435681,-12.711824043571966
2024-05-25 23:00:00,155.3650000000137,177.1518240435681,-21.78682404355439
2024-05-26 00:00:00,140.9900000000021,142.27315599343194,-1.2831559934298298
2024-05-26 01:00:00,122.7499999999948,140.3081106639837,-17.558110663988913
2024-05-26 02:00:00,93.99000000000822,101.23597665003987,-7.2459766500316505
2024-05-26 03:00:00,91.30999999999315,91.36549118511769,-0.05549118512453788
2024-05-26 04:00:00,83.21999999999096,86.444820687033,-3.2248206870420404
2024-05-26 05:00:00,73.04000000002534,82.336780442283,-9.296780442257656
2024-05-26 06:00:00,79.4399999999969,85.8753648746461,-6.435364874649196
2024-05-26 07:00:00,82.75000000000765,93.80162096345855,-11.051620963450901
2024-05-26 08:00:00,104.42999999999998,113.59785444294789,-9.167854442947913
2024-05-26 09:00:00,117.02999999998647,118.31614679267486,-1.2861467926883847
2024-05-26 10:00:00,133.86000000001903,126.64487605850616,7.215123941512871
2024-05-26 11:00:00,139.45999999999373,130.5573103436762,8.902689656317534
2024-05-26 12:00:00,159.28000000000492,128.6544760585069,30.625523941498017
2024-05-26 13:00:00,142.1199999999837,136.4159207459212,5.704079254062492
2024-05-26 14:00:00,142.48999999998642,124.69212264286455,17.797877357121877
2024-05-26 15:00:00,147.74999999999775,146.5055482456149,1.244451754382851
2024-05-26 16:00:00,163.39000000001244,146.73079518779377,16.65920481221866
2024-05-26 17:00:00,153.26999999998935,137.2471456848768,16.02285431511254
2024-05-26 18:00:00,168.15000000000924,163.97327424749125,4.176725752517996
2024-05-26 19:00:00,189.01999999999333,214.56946451096792,-25.549464510974587
2024-05-26 20:00:00,217.8949999999831,182.34449089567363,35.55050910430947
2024-05-26 21:00:00,194.2099999999976,182.34449089567363,11.865509104323962
2024-05-26 22:00:00,192.21000000000964,178.72179765886213,13.488202341147513
2024-05-26 23:00:00,176.89999999998332,166.6872623138609,10.21273768612241
2024-05-27 00:00:00,135.32500000000795,127.04863492063512,8.276365079372823
2024-05-27 01:00:00,112.77999999997897,119.01376033057781,-6.233760330598841
2024-05-27 02:00:00,90.32999999999984,119.68556836619857,-29.355568366198725
2024-05-27 03:00:00,85.02000000001138,85.8753648746461,-0.8553648746347164
2024-05-27 04:00:00,79.69999999997745,82.336780442283,-2.6367804423055503
2024-05-27 05:00:00,75.4500000000103,82.336780442283,-6.886780442272695
2024-05-27 06:00:00,85.86999999999423,94.56344369489355,-8.693443694899315
2024-05-27 07:00:00,104.44999999999462,130.39564066054865,-25.945640660554034
2024-05-27 08:00:00,136.67000000000547,129.2356940222894,7.434305977716065
2024-05-27 09:00:00,119.41999999999862,126.06179840065603,-6.641798400657407
2024-05-27 10:00:00,106.43000000000077,121.60214015182272,-15.17214015182195
2024-05-27 11:00:00,110.29000000001511,116.29249037740132,-6.002490377386209
2024-05-27 12:00:00,106.17999999999827,116.29249037740132,-10.112490377403049
2024-05-27 13:00:00,97.96000000000609,111.29092116485285,-13.330921164846757
2024-05-27 14:00:00,103.30999999999611,111.01549100931612,-7.7054910093200135
2024-05-27 15:00:00,100.55500000000907,108.08202201686181,-7.52702201685274
2024-05-27 16:00:00,110.64000000000831,114.9098656311636,-4.269865631155284
2024-05-27 17:00:00,105.70500000000894,122.8016697306975,-17.09666973068856
2024-05-27 18:00:00,129.5599999999918,128.6770022002198,0.8829977997719993
2024-05-27 19:00:00,152.7300000000044,176.89284425412094,-24.16284425411655
2024-05-27 20:00:00,181.11000000001076,187.15180337666237,-6.041803376651615
2024-05-27 21:00:00,178.64999999999696,177.1518240435681,1.4981759564288666
2024-05-27 22:00:00,166.1399999999989,177.1518240435681,-11.011824043569192
2024-05-27 23:00:00,161.8300000000052,172.46460805801223,-10.634608058007018
2024-05-28 00:00:00,133.16999999999308,132.99585714285652,0.17414285713655886
2024-05-28 01:00:00,107.73000000000448,121.24402735562253,-13.514027355618055
2024-05-28 02:00:00,84.83999999999085,108.181749621725,-23.341749621734152
2024-05-28 03:00:00,78.4400000000135,88.50690953091049,-10.066909530896993
2024-05-28 04:00:00,72.40999999999568,82.336780442283,-9.926780442287324
2024-05-28 05:00:00,72.38000000002856,82.336780442283,-9.956780442254441
2024-05-28 06:00:00,77.66999999998953,92.69567963740266,-15.025679637413134
2024-05-28 07:00:00,99.00000000000196,120.869645684877,-21.86964568487504
2024-05-28 08:00:00,126.12000000000106,126.41164710353931,-0.29164710353825285
2024-05-28 09:00:00,114.74000000000369,120.53013461538512,-5.790134615381433
2024-05-28 10:00:00,97.54000000000215,121.60214015182272,-24.06214015182057
2024-05-28 11:00:00,99.75999999998638,121.60214015182272,-21.842140151836347
2024-05-28 12:00:00,106.24000000002118,110.66564230643284,-4.42564230641166
2024-05-28 13:00:00,98.2699999999949,111.05036495080992,-12.780364950815027
2024-05-28 14:00:00,101.58000000001098,106.1930350691533,-4.613035069142313
2024-05-28 15:00:00,100.37000000000492,111.01549100931612,-10.6454910093112
2024-05-28 16:00:00,92.89499999997022,110.66564230643284,-17.77064230646262
2024-05-28 17:00:00,99.06000000002419,121.51537698701156,-22.455376986987375
2024-05-28 18:00:00,118.64999999998966,133.89453788178355,-15.244537881793889
2024-05-28 19:00:00,136.88999999999334,156.464484536082,-19.574484536088676
2024-05-28 20:00:00,178.18500000001,176.89284425412094,1.2921557458890618
2024-05-28 21:00:00,177.41999999999877,182.34449089567363,-4.9244908956748645
2024-05-28 22:00:00,165.1700000000058,176.89284425412094,-11.722844254115131
2024-05-28 23:00:00,158.48499999999143,170.7292751363399,-12.244275136348477
2024-05-29 00:00:00,131.65999999998328,136.56773253933716,-4.907732539353873
2024-05-29 01:00:00,105.5800000000103,116.75209937374426,-11.172099373733957
2024-05-29 02:00:00,86.41000000001023,116.75209937374426,-30.34209937373403
2024-05-29 03:00:00,82.95999999999665,96.219569886436,-13.259569886439351
2024-05-29 04:00:00,71.91999999999601,89.76566432188551,-17.8456643218895
2024-05-29 05:00:00,69.44999999998132,82.336780442283,-12.886780442301685
2024-05-29 06:00:00,76.53999999999726,93.3042487542486,-16.76424875425134
2024-05-29 07:00:00,110.54000000000863,110.56126977717904,-0.021269777170402904
2024-05-29 08:00:00,126.46000000001553,124.84528661488235,1.6147133851331716
2024-05-29 09:00:00,136.22000000000085,126.06179840065603,10.158201599344821
2024-05-29 10:00:00,105.50999999999411,105.66407309388435,-0.15407309389024704
2024-05-29 11:00:00,97.459999999992,115.97529208085425,-18.515292080862253
2024-05-29 12:00:00,104.93999999999895,115.96338759392756,-11.023387593928618
2024-05-29 13:00:00,95.9050000000232,108.9903885357157,-13.085388535692502
2024-05-29 14:00:00,99.49999999998832,110.23231670519564,-10.732316705207325
2024-05-29 15:00:00,108.27000000000956,115.61353889104429,-7.343538891034726
2024-05-29 16:00:00,103.90999999999704,115.97529208085425,-12.065292080857205
2024-05-29 17:00:00,105.26000000000968,110.66564230643284,-5.405642306423161
2024-05-29 18:00:00,121.7800000000058,169.10189108911038,-47.32189108910458
2024-05-29 19:00:00,136.62999999999312,175.92194198844544,-39.29194198845232
2024-05-29 20:00:00,163.18000000001763,176.89284425412094,-13.712844254103317
2024-05-29 21:00:00,162.95999999999214,176.89284425412094,-13.93284425412881
2024-05-29 22:00:00,170.7900000000048,176.89284425412094,-6.10284425411615
2024-05-29 23:00:00,176.24999999999142,172.46460805801223,3.785391941979185
2024-05-30 00:00:00,137.24999999999642,135.83097598061937,1.4190240193770478
2024-05-30 01:00:00,108.72999999999459,122.4137499999986,-13.68375000000401
2024-05-30 02:00:00,84.95000000001065,100.32761013118599,-15.377610131175345
2024-05-30 03:00:00,83.48999999998287,85.8753648746461,-2.3853648746632246
2024-05-30 04:00:00,78.46999999999869,82.336780442283,-3.866780442284309
2024-05-30 05:00:00,69.9300000000002,82.336780442283,-12.406780442282795
2024-05-30 06:00:00,74.50999999998513,84.14682021369164,-9.636820213706514
2024-05-30 07:00:00,98.62000000000765,116.38207716701872,-17.76207716701107
2024-05-30 08:00:00,132.01000000000607,133.86593065117114,-1.8559306511650675
2024-05-30 09:00:00,119.9299999999811,120.14541197100803,-0.21541197102692422
2024-05-30 10:00:00,99.56000000001123,110.66564230643284,-11.105642306421615
2024-05-30 11:00:00,91.01999999999092,106.1930350691533,-15.173035069162381
2024-05-30 12:00:00,97.46000000001087,106.1930350691533,-8.733035069142431
2024-05-30 13:00:00,97.69999999999587,110.66564230643284,-12.965642306436976
2024-05-30 14:00:00,103.09000000000506,111.01549100931612,-7.9254910093110595
2024-05-30 15:00:00,109.2100000000178,110.66564230643284,-1.4556423064150437
2024-05-30 16:00:00,103.54999999999771,115.61353889104429,-12.063538891046576
2024-05-30 17:00:00,104.68000000000134,124.33199561546263,-19.65199561546129
2024-05-30 18:00:00,123.77999999999898,145.89608339680132,-22.11608339680234
2024-05-30 19:00:00,145.00999999999934,167.7717976588615,-22.76179765886215
2024-05-30 20:00:00,168.00999999999902,177.1518240435681,-9.141824043569073
2024-05-30 21:00:00,167.20000000000985,182.47629765886182,-15.276297658851973
2024-05-30 22:00:00,171.63999999999209,176.89284425412094,-5.25284425412886
2024-05-30 23:00:00,158.56999999999408,178.46281786941498,-19.892817869420895
2024-05-31 00:00:00,143.02000000000808,140.3081106639837,2.7118893360243703
2024-05-31 01:00:00,104.95999999997483,132.20244748707748,-27.242447487102652
2024-05-31 02:00:00,88.56000000000077,93.54569125504531,-4.985691255044543
2024-05-31 03:00:00,86.7500000000048,82.336780442283,4.413219557721803
2024-05-31 04:00:00,78.48000000000494,82.336780442283,-3.8567804422780654
2024-05-31 05:00:00,72.88000000000116,82.336780442283,-9.45678044228184
2024-05-31 06:00:00,84.48000000000653,87.74312893213698,-3.2631289321304564
2024-05-31 07:00:00,101.8999999999925,116.26672414233823,-14.366724142345731
2024-05-31 08:00:00,123.39999999999955,120.73580198042873,2.6641980195708186
2024-05-31 09:00:00,127.52999999999591,119.71208636977082,7.8179136302250924
2024-05-31 10:00:00,104.64000000000604,110.66564230643284,-6.025642306426803
2024-05-31 11:00:00,97.8200000000069,105.6133731925676,-7.7933731925606935
2024-05-31 12:00:00,103.23999999999583,106.1930350691533,-2.9530350691574654
2024-05-31 13:00:00,102.83999999998471,110.66564230643284,-7.825642306448131
2024-05-31 14:00:00,106.11999999999753,108.08202201686181,-1.9620220168642817
2024-05-31 15:00:00,109.37499999998752,111.01549100931612,-1.6404910093285991
2024-05-31 16:00:00,109.96000000000382,110.66564230643284,-0.7056423064290271
2024-05-31 17:00:00,109.10000000001642,110.66564230643284,-1.5656423064164215
2024-05-31 18:00:00,120.81999999999326,170.87487659635562,-50.05487659636236
2024-05-31 19:00:00,141.83999999999418,187.15180337666237,-45.311803376668195
2024-05-31 20:00:00,170.32000000001,176.89284425412094,-6.572844254110947
2024-05-31 21:00:00,161.87999999998038,176.89284425412094,-15.01284425414056
2024-05-31 22:00:00,163.26000000002188,171.69679784430244,-8.436797844280562
2024-05-31 23:00:00,169.82000000000033,182.34449089567363,-12.524490895673296
2024-06-01 00:00:00,141.36999999997767,138.37997316495643,2.99002683502124
2024-06-01 01:00:00,114.971666666687,111.72698678601131,3.2446798806756902
2024-06-01 02:00:00,91.02833333331164,103.26107912364031,-12.232745790328678
2024-06-01 03:00:00,84.58999999997494,92.61494977566048,-8.024949775685542
2024-06-01 04:00:00,87.07000000001247,82.336780442283,4.73321955772947
2024-06-01 05:00:00,71.56999999998337,92.69567963740266,-21.125679637419296
2024-06-01 06:00:00,83.25000000000344,85.8753648746461,-2.6253648746426563
2024-06-01 07:00:00,87.75999999998592,110.6119696784958,-22.851969678509874
2024-06-01 08:00:00,111.06999999999655,139.36620939184044,-28.296209391843888
2024-06-01 09:00:00,130.58999999998994,122.50934854706051,8.08065145292943
2024-06-01 10:00:00,143.68000000000464,127.35332560123783,16.326674398766812
2024-06-01 11:00:00,131.46000000001405,139.10515538847181,-7.645155388457766
2024-06-01 12:00:00,135.36999999999676,127.36536867827827,8.004631321718492
2024-06-01 13:00:00,133.1199999999978,129.51689327485335,3.6031067251444426
2024-06-01 14:00:00,140.08000000000735,119.73232157132642,20.347678428680922
2024-06-01 15:00:00,119.04999999998384,131.59547901821043,-12.545479018226587
2024-06-01 16:00:00,123.5800000000061,123.93387605850631,-0.3538760585002194
2024-06-01 17:00:00,125.41999999999294,127.20401287945833,-1.7840128794653936
2024-06-01 18:00:00,138.47999999999072,199.36753267973788,-60.88753267974715
2024-06-01 19:00:00,144.74000000001598,182.34449089567363,-37.60449089565765
2024-06-01 20:00:00,156.26999999998844,182.34449089567363,-26.074490895685187
2024-06-01 21:00:00,160.89000000001596,200.72464969615328,-39.83464969613732
2024-06-01 22:00:00,174.80000000000626,177.1518240435681,-2.351824043561834
2024-06-01 23:00:00,161.22000000000165,178.86624210330766,-17.646242103306008
2024-06-02 00:00:00,141.93999999999883,142.65735363046264,-0.7173536304638048
2024-06-02 01:00:00,115.06000000001441,126.55367713004394,-11.493677130029525
2024-06-02 02:00:00,97.34999999997447,104.19182060302515,-6.841820603050678
2024-06-02 03:00:00,93.63000000000287,98.86580872603014,-5.2358087260272725
2024-06-02 04:00:00,84.00999999999024,82.336780442283,1.6732195577072417
2024-06-02 05:00:00,79.98000000001528,92.69567963740266,-12.715679637387382
2024-06-02 06:00:00,77.41000000000057,85.8753648746461,-8.46536487464553
2024-06-02 07:00:00,90.85999999999152,93.80162096345855,-2.941620963467031
2024-06-02 08:00:00,101.99000000000106,116.79885257887211,-14.808852578871054
2024-06-02 09:00:00,121.01000000000468,120.92318866546569,0.08681133453899292
2024-06-02 10:00:00,135.70000000000167,126.38998757702255,9.310012422979113
2024-06-02 11:00:00,144.3900000000114,115.42561872189466,28.964381278116747
2024-06-02 12:00:00,142.14999999998523,130.68078821964176,11.469211780343471
2024-06-02 13:00:00,151.30999999999793,159.86538501291892,-8.555385012920993
2024-06-02 14:00:00,158.5100000000022,135.20044551282064,23.309554487181572
2024-06-02 15:00:00,135.96499999999085,135.757135012922,0.20786498706885936
2024-06-02 16:00:00,141.75000000000392,137.2471456848768,4.502854315127109
2024-06-02 17:00:00,145.68000000000671,134.63959504030987,11.040404959696843
2024-06-02 18:00:00,152.27999999999082,178.45460576923148,-26.174605769240657
2024-06-02 19:00:00,172.59999999997984,186.63719286941622,-14.037192869436382
2024-06-02 20:00:00,176.61000000001496,182.34449089567363,-5.734490895658666
2024-06-02 21:00:00,186.00000000000404,182.34449089567363,3.655509104330406
2024-06-02 22:00:00,189.2299999999944,210.42488589415697,-21.19488589416258
2024-06-02 23:00:00,178.62000000002087,176.83446451096927,1.7855354890515969
2024-06-03 00:00:00,138.02999999999136,118.6604070660515,19.369592933939856
2024-06-03 01:00:00,107.59000000000836,122.31009259259207,-14.720092592583711
2024-06-03 02:00:00,87.91000000000619,102.16671812942471,-14.256718129418516
2024-06-03 03:00:00,82.66999999999294,103.26107912364031,-20.591079123647376
2024-06-03 04:00:00,86.86000000001175,99.15303887889031,-12.293038878878562
2024-06-03 05:00:00,78.43000000001703,82.336780442283,-3.906780442265969
2024-06-03 06:00:00,85.71000000000711,85.8753648746461,-0.16536487463898197
2024-06-03 07:00:00,99.15000000000148,114.28345054945004,-15.133450549448554
2024-06-03 08:00:00,122.45000000000896,122.26166632531132,0.18833367469763118
2024-06-03 09:00:00,121.26000000000764,124.84528661488235,-3.5852866148747182
2024-06-03 10:00:00,108.30000000000214,110.66564230643284,-2.3656423064307006
2024-06-03 11:00:00,98.35999999998731,110.66564230643284,-12.305642306445534
2024-06-03 12:00:00,97.56000000000554,106.1930350691533,-8.633035069147752
2024-06-03 13:00:00,95.8899999999841,111.01549100931612,-15.125491009332023
2024-06-03 14:00:00,103.05000000001294,105.66407309388435,-2.6140730938714114
2024-06-03 15:00:00,103.29999999998282,111.01549100931612,-7.715491009333306
2024-06-03 16:00:00,95.91000000000238,119.5930699088144,-23.683069908812016
2024-06-03 17:00:00,99.10000000000528,122.8016697306975,-23.701669730692217
2024-06-03 18:00:00,121.08000000000064,133.89453788178355,-12.814537881782911
2024-06-03 19:00:00,145.69999999998862,182.21731786941467,-36.51731786942605
2024-06-03 20:00:00,166.64999999999662,82.76179765886273,83.88820234113389
2024-06-03 21:00:00,168.67999999999455,177.1518240435681,-8.471824043573548
2024-06-03 22:00:00,165.08000000001874,182.34449089567363,-17.264490895654887
2024-06-03 23:00:00,156.63999999999413,176.89284425412094,-20.252844254126813
2024-06-04 00:00:00,149.81999999999363,126.55367713004394,23.26632286994969
2024-06-04 01:00:00,105.7399999999923,121.59387605850583,-15.85387605851352
2024-06-04 02:00:00,85.2900000000042,105.601633893797,-20.311633893792802
2024-06-04 03:00:00,83.82500000000599,99.15303887889031,-15.328038878884328
2024-06-04 04:00:00,76.79000000000306,97.34020539582164,-20.55020539581858
2024-06-04 05:00:00,72.0499999999893,82.336780442283,-10.286780442293704
2024-06-04 06:00:00,83.10999999999879,102.69162331125341,-19.581623311254617
2024-06-04 07:00:00,109.99999999998514,130.39564066054865,-20.395640660563515
2024-06-04 08:00:00,129.06000000001328,125.19513531776565,3.864864682247628
2024-06-04 09:00:00,120.22000000001518,118.47006691101817,1.749933088997011
2024-06-04 10:00:00,105.06999999999223,110.66564230643284,-5.59564230644061
2024-06-04 11:00:00,94.59000000001325,110.66564230643284,-16.075642306419596
2024-06-04 12:00:00,91.98999999999492,115.85894432313188,-23.868944323136958
2024-06-04 13:00:00,105.62999999999957,105.6133731925676,0.016626807431975976
2024-06-04 14:00:00,97.48999999999333,106.1930350691533,-8.703035069159966
2024-06-04 15:00:00,92.09000000001075,110.66564230643284,-18.575642306422097
2024-06-04 16:00:00,90.21000000002303,133.00395791117862,-42.79395791115559
2024-06-04 17:00:00,113.32999999999143,129.52529763216165,-16.195297632170224
2024-06-04 18:00:00,132.08000000000703,199.22019230769396,-67.14019230768693
2024-06-04 19:00:00,141.0099999999856,176.89284425412094,-35.882844254135335
2024-06-04 20:00:00,165.31000000001274,187.15180337666237,-21.841803376649636
2024-06-04 21:00:00,187.09999999999576,189.78402638470516,-2.684026384709398
2024-06-04 22:00:00,182.3399999999976,172.46460805801223,9.875391941985356
2024-06-04 23:00:00,154.40999999998328,182.34449089567363,-27.934490895690345
2024-06-05 00:00:00,146.68000000000703,138.76417080198712,7.915829198019907
2024-06-05 01:00:00,126.80000000000726,127.694208614692,-0.894208614684743
2024-06-05 02:00:00,88.84999999998482,108.181749621725,-19.331749621740187
2024-06-05 03:00:00,84.35000000000392,99.14712915732025,-14.797129157316334
2024-06-05 04:00:00,78.64999999998625,82.336780442283,-3.686780442296751
2024-06-05 05:00:00,72.64000000000047,82.336780442283,-9.696780442282531
2024-06-05 06:00:00,82.89999999998943,92.61494977566048,-9.714949775671045
2024-06-05 07:00:00,112.35000000000312,123.87039598571928,-11.520395985716164
2024-06-05 08:00:00,132.26000000001127,124.76308678500988,7.496913215001399
2024-06-05 09:00:00,123.46000000000654,126.06179840065603,-2.6017984006494856
2024-06-05 10:00:00,102.61999999999787,116.29249037740132,-13.672490377403449
2024-06-05 11:00:00,101.04000000000113,116.29249037740132,-15.252490377400193
2024-06-05 12:00:00,114.40999999999283,115.85894432313188,-1.4489443231390453
2024-06-05 13:00:00,106.81999999999326,116.64233908028461,-9.822339080291357
2024-06-05 14:00:00,106.40999999998886,106.1930350691533,0.2169649308355588
2024-06-05 15:00:00,101.96000000002257,105.6133731925676,-3.6533731925450184
