model,panel_mode,group_id,household,n_group_households,n_train_rows,n_test_rows,n_input_features,target_mode,scoring,best_trial_index,best_cv_score,n_trials,elapsed_s,fit_elapsed_s,predictions_path,best_naive,rmse_improvement_vs_best_naive,updated_at,MAE,MAPE,MSE,RMSE,SMAPE,R2,MASE,best_naive_MAE,best_naive_MAPE,best_naive_MSE,best_naive_RMSE,best_naive_SMAPE,best_naive_R2,best_naive_MASE
LightGBM,cluster,K0,ELEC_1-2-2,219,17917266,14615,66,level,r2,44,0.4613928119979863,60,2685.8,365.1,results/stage6_panel_cluster/predictions/lightgbm/cluster/K0/ELEC_1-2-2_predictions.csv,lag_1,0.2794304565185941,2026-07-30T09:55:21,0.0143218846039648,15879.16243167288,0.0038376165854229,0.0619484994606237,29.84214942143129,0.074738932354578,0.4471337539895078,0.0173191931098699,13726.132202148438,0.0073911119252443,0.0859715762635787,34.57011878490448,-0.7820194959640503,0.5407106707968805
LightGBM,cluster,K0,ELEC_1-2-3,219,17917266,14615,66,level,r2,44,0.4613928119979863,60,2686.0,365.1,results/stage6_panel_cluster/predictions/lightgbm/cluster/K0/ELEC_1-2-3_predictions.csv,lag_144,0.1730990922307849,2026-07-30T09:55:21,0.0289952845686171,55636.20543011102,0.0278876910163428,0.1669960808412666,36.34557547040965,0.1059167244400133,0.9052419283961172,0.0550537072122097,116425.93994140624,0.0407854840159416,0.2019541631557557,58.29811692237854,-0.3075882196426391,1.7187941013028225
LightGBM,cluster,K0,ELEC_1-2-4,219,17917266,14615,66,level,r2,44,0.4613928119979863,60,2686.1,365.1,results/stage6_panel_cluster/predictions/lightgbm/cluster/K0/ELEC_1-2-4_predictions.csv,lag_1,0.2840183322179368,2026-07-30T09:55:22,0.0194027717754814,43611.8208110731,0.0152404726732962,0.1234523093072634,26.58550472931647,0.065017452221822,0.6057606538297986,0.0225206967443227,34244.28405761719,0.0297299809753894,0.1724238410875638,27.298766374588013,-0.8238942623138428,0.703103254648526
LightGBM,cluster,K0,ELEC_1-3-2,219,17917266,14615,66,level,r2,44,0.4613928119979863,60,2686.2,365.1,results/stage6_panel_cluster/predictions/lightgbm/cluster/K0/ELEC_1-3-2_predictions.csv,lag_1,0.2875947968531793,2026-07-30T09:55:22,0.0119557252052246,8410417.685637124,0.0046802571728693,0.0684124051095221,58.43499545856224,0.0778861131192161,0.3732615113515953,0.0139965787529945,2476948.046875,0.0092217968776822,0.0960301873250396,38.566023111343384,-0.8168972730636597,0.4369776027313935
LightGBM,cluster,K0,ELEC_1-3-3,219,17917266,14615,66,level,r2,44,0.4613928119979863,60,2686.4,365.1,results/stage6_panel_cluster/predictions/lightgbm/cluster/K0/ELEC_1-3-3_predictions.csv,lag_1,0.2280662514926954,2026-07-30T09:55:22,0.0200805038767858,2995452.3141449075,0.0029317586822814,0.0541457171185441,38.43015656042333,0.1438311253535193,0.6269196637670473,0.0239185765385627,2791708.0078125,0.0049200346693396,0.0701429588008636,45.816537737846375,-0.4368100166320801,0.7467455026702404
LightGBM,cluster,K0,ELEC_1-3-4,219,17917266,14615,66,level,r2,44,0.4613928119979863,60,2686.5,365.1,results/stage6_panel_cluster/predictions/lightgbm/cluster/K0/ELEC_1-3-4_predictions.csv,lag_1,0.2758991454571335,2026-07-30T09:55:22,0.0215105754873567,84077.06380714457,0.0132668878702014,0.1151819771934891,27.941870391233724,0.1138636011175006,0.6715669504468595,0.0246883351355791,75300.59814453125,0.0253029372543096,0.1590689701177123,28.676828742027283,-0.6900613307952881,0.7707776088257617
LightGBM,cluster,K0,ELEC_1-4-1,219,17917266,14615,66,level,r2,44,0.4613928119979863,60,2686.6,365.1,results/stage6_panel_cluster/predictions/lightgbm/cluster/K0/ELEC_1-4-1_predictions.csv,lag_1,0.2447785971402517,2026-07-30T09:55:22,0.0206805622601205,672843.3840702,0.0036274916845945,0.0602286616536892,37.80485578315438,0.2227212242769983,0.6456536757335343,0.024011630564928,650074.267578125,0.0063600107096135,0.0797496752947218,44.54052150249481,-0.3627876043319702,0.7496506787195593
LightGBM,cluster,K0,ELEC_1-4-4,219,17917266,14615,66,level,r2,44,0.4613928119979863,60,2686.8,365.1,results/stage6_panel_cluster/predictions/lightgbm/cluster/K0/ELEC_1-4-4_predictions.csv,lag_1,0.2543500840115067,2026-07-30T09:55:22,0.0188179722344574,293656.4675300231,0.0040060003758812,0.0632929725631628,34.40666291397558,0.2284353774808784,0.5875030277323918,0.0204584337770938,253209.765625,0.0072051170282065,0.0848829607648471,35.44695973396301,-0.3877217769622803,0.6387187544413871
LightGBM,cluster,K0,ELEC_1-5-2,219,17917266,14615,66,level,r2,44,0.4613928119979863,60,2686.9,365.1,results/stage6_panel_cluster/predictions/lightgbm/cluster/K0/ELEC_1-5-2_predictions.csv,lag_1,0.2786902263951248,2026-07-30T09:55:22,0.0241987695464386,37.20113502327351,0.01444043141302,0.1201683461358273,31.7422712187936,0.0583889629651883,0.755493216739832,0.0285350643098354,41.737887263298035,0.0277546998113393,0.1665974183813764,33.54267477989197,-0.8097888231277466,0.8908737067785425
LightGBM,cluster,K0,ELEC_1-6-2,219,17917266,14615,66,level,r2,44,0.4613928119979863,60,2687.1,365.1,results/stage6_panel_cluster/predictions/lightgbm/cluster/K0/ELEC_1-6-2_predictions.csv,lag_1,0.2491581662858635,2026-07-30T09:55:23,0.0151171931332718,3375682.9452258577,0.0027095313467701,0.0520531588548682,41.177629626940096,0.262751465365163,0.4719635370887562,0.0158015731722116,2853282.03125,0.0048061492852866,0.0693263967424145,42.217376828193665,-0.3077267408370971,0.4933300977355235
LightGBM,cluster,K0,ELEC_1-6-3,219,17917266,14615,66,level,r2,44,0.4613928119979863,60,2687.2,365.1,results/stage6_panel_cluster/predictions/lightgbm/cluster/K0/ELEC_1-6-3_predictions.csv,lag_1,0.2780939510465449,2026-07-30T09:55:23,0.0139583068925776,2685714.686227085,0.0018541501133005,0.0430598433961446,38.81828751670939,0.099667339771527,0.4357827431794858,0.0165774896740913,2244321.484375,0.0035578163806349,0.059647433981982,45.4818457365036,-0.7275935411453247,0.5175544556228805
LightGBM,cluster,K0,ELEC_1-7-3,219,17917266,14615,66,level,r2,44,0.4613928119979863,60,2687.4,365.1,results/stage6_panel_cluster/predictions/lightgbm/cluster/K0/ELEC_1-7-3_predictions.csv,lag_1,0.26038747486597,2026-07-30T09:55:23,0.0232380210937124,37.240014569461806,0.0067840848237154,0.0823655560517589,30.998358763558663,0.0829665030989922,0.7254983470570981,0.0269757099449634,40.55752158164978,0.0124017437919974,0.111363116838554,32.06196427345276,-0.6763966083526611,0.8421901717379021
LightGBM,cluster,K0,ELEC_1-8-2,219,17917266,14615,66,level,r2,44,0.4613928119979863,60,2687.5,365.1,results/stage6_panel_cluster/predictions/lightgbm/cluster/K0/ELEC_1-8-2_predictions.csv,lag_1,0.2288208572901995,2026-07-30T09:55:23,0.0226680875391281,247402.9120444689,0.0042499894244301,0.0651919429410581,37.63711910569288,0.1651578699803942,0.7077048417445825,0.0254327729344367,198478.23486328125,0.007146235089749,0.0845354073140308,38.70558440685272,-0.4037630558013916,0.7940191916774191
LightGBM,cluster,K0,ELEC_1-8-3,219,17917266,14615,66,level,r2,44,0.4613928119979863,60,2687.7,365.1,results/stage6_panel_cluster/predictions/lightgbm/cluster/K0/ELEC_1-8-3_predictions.csv,lag_1,0.2851271386636325,2026-07-30T09:55:23,0.017482186811321,170818.29388323307,0.0112520496494171,0.1060756788779461,33.12178763436165,0.0622284850262649,0.5457993855590628,0.0208251792937517,143739.8681640625,0.0220178049057722,0.148383977928118,36.171725392341614,-0.8350142240524292,0.6501686651309789
LightGBM,cluster,K0,ELEC_1-8-4,219,17917266,14615,66,level,r2,44,0.4613928119979863,60,2687.8,365.1,results/stage6_panel_cluster/predictions/lightgbm/cluster/K0/ELEC_1-8-4_predictions.csv,lag_1,0.272370072324311,2026-07-30T09:55:23,0.0191187027120469,2888514.396008963,0.0082445708714176,0.0907996193352025,39.20113109552414,0.1150635232422987,0.5968919280832873,0.0211276076734066,2206690.8203125,0.015572091564536,0.1247881867988155,40.17941653728485,-0.671440601348877,0.6596105745198184
LightGBM,cluster,K0,ELEC_1-9-1,219,17917266,14615,66,level,r2,44,0.4613928119979863,60,2688.0,365.1,results/stage6_panel_cluster/predictions/lightgbm/cluster/K0/ELEC_1-9-1_predictions.csv,lag_1,0.2674695495979624,2026-07-30T09:55:23,0.0207222102443995,546556.6261688814,0.00746583522311,0.0864050648001035,37.69378175980976,0.0768510375305515,0.6469539389371358,0.0242162179201841,485855.859375,0.0139132002368569,0.1179542294148748,41.378527879714966,-0.7203643321990967,0.7560379604708108
LightGBM,cluster,K0,ELEC_1-9-2,219,17917266,14615,66,level,r2,44,0.4613928119979863,60,2688.1,365.1,results/stage6_panel_cluster/predictions/lightgbm/cluster/K0/ELEC_1-9-2_predictions.csv,lag_1,0.2841299786881457,2026-07-30T09:55:24,0.020221044491958,41.31947765498386,0.0125761922292532,0.1121436232215334,31.769994312571637,0.0666410622933508,0.6313073860946348,0.0244810115545988,48.4012097120285,0.0245403535664081,0.1566536101288705,37.36360967159271,-0.8212952613830566,0.7643049012444839
LightGBM,cluster,K0,ELEC_1-10-2,219,17917266,14615,66,level,r2,44,0.4613928119979863,60,2688.3,365.1,results/stage6_panel_cluster/predictions/lightgbm/cluster/K0/ELEC_1-10-2_predictions.csv,lag_1,0.27795120501755,2026-07-30T09:55:24,0.0165403931920481,5210479.20664549,0.0044676050123439,0.0668401452148628,38.19473589452812,0.0893112218716171,0.5163962917544757,0.0195853561162948,4502267.1875,0.0085692275315523,0.0925701222401284,46.71635031700134,-0.7467745542526245,0.6114609945311186
LightGBM,cluster,K0,ELEC_1-10-3,219,17917266,14615,66,level,r2,44,0.4613928119979863,60,2688.4,365.1,results/stage6_panel_cluster/predictions/lightgbm/cluster/K0/ELEC_1-10-3_predictions.csv,lag_1,0.2773148302511501,2026-07-30T09:55:24,0.0214210176914335,380659.0445959054,0.0128834148113054,0.1135051312113486,32.26934821720162,0.0869040042988705,0.6687709278145386,0.0249257590621709,328473.6572265625,0.0246679298579692,0.157060274601725,34.75170135498047,-0.7483087778091431,0.7781900586896968
LightGBM,cluster,K0,ELEC_1-10-4,219,17917266,14615,66,level,r2,44,0.4613928119979863,60,2688.5,365.1,results/stage6_panel_cluster/predictions/lightgbm/cluster/K0/ELEC_1-10-4_predictions.csv,lag_1,0.2790411597335661,2026-07-30T09:55:24,0.0158883989834305,7473294.669210955,0.0043285194245598,0.0657914844380319,34.00136423662656,0.2068001941984791,0.496040826943796,0.0175798833370208,3166869.140625,0.0083275726065039,0.0912555346623094,33.529239892959595,-0.5260251760482788,0.5488495019016988
LightGBM,cluster,K0,ELEC_1-11-1,219,17917266,14615,66,level,r2,44,0.4613928119979863,60,2688.6,365.1,results/stage6_panel_cluster/predictions/lightgbm/cluster/K0/ELEC_1-11-1_predictions.csv,lag_1,0.2764988995351418,2026-07-30T09:55:24,0.0251733590900851,71545.57155465557,0.0161909164985625,0.1272435322464859,35.1315155849804,0.1072970611385695,0.7859202096461222,0.0283380076289176,61629.486083984375,0.0309309344738721,0.1758719263380946,35.078346729278564,-0.705409049987793,0.8847215350550621
LightGBM,cluster,K0,ELEC_1-12-1,219,17917266,14615,66,level,r2,44,0.4613928119979863,60,2688.8,365.1,results/stage6_panel_cluster/predictions/lightgbm/cluster/K0/ELEC_1-12-1_predictions.csv,lag_1,0.2507014725540055,2026-07-30T09:55:24,0.020396742783726,39.35845957944807,0.0052957475927504,0.072771887379334,31.799741691623513,0.1959446508446034,0.636792742173123,0.0221423208713531,39.00993466377258,0.009432298131287,0.0971200192096722,32.653629779815674,-0.4321094751358032,0.691290240567046
LightGBM,cluster,K0,ELEC_1-12-2,219,17917266,14615,66,level,r2,44,0.4613928119979863,60,2688.9,365.1,results/stage6_panel_cluster/predictions/lightgbm/cluster/K0/ELEC_1-12-2_predictions.csv,lag_1,0.232909468253645,2026-07-30T09:55:24,0.0178191388202318,14259485.648014832,0.0028153437560098,0.0530598130039093,46.47458103285494,0.3875550873054598,0.556319133540896,0.0185063295066356,6698635.15625,0.0047845179215073,0.0691702097836009,44.1203773021698,-0.0408154726028442,0.5777734434878767
LightGBM,cluster,K0,ELEC_1-12-3,219,17917266,14615,66,level,r2,44,0.4613928119979863,60,2689.0,365.1,results/stage6_panel_cluster/predictions/lightgbm/cluster/K0/ELEC_1-12-3_predictions.csv,lag_1,0.2807544199791155,2026-07-30T09:55:24,0.020107759084621,595353.8805196687,0.0099166431284874,0.0995823434574997,32.99914630546263,0.0902834754859496,0.6277705799510614,0.0238405745476484,465321.923828125,0.0191694777458906,0.1384538831015245,36.29559874534607,-0.758537769317627,0.7443102559146193
LightGBM,cluster,K0,ELEC_1-12-4,219,17917266,14615,66,level,r2,44,0.4613928119979863,60,2689.2,365.1,results/stage6_panel_cluster/predictions/lightgbm/cluster/K0/ELEC_1-12-4_predictions.csv,lag_1,0.256113383259464,2026-07-30T09:55:25,0.0161768030024713,22267108.860796887,0.0030561163815589,0.0552821524685767,62.948872744576704,0.1937055329616478,0.5050448913714418,0.0167765989899635,8823170.3125,0.0055227628909051,0.0743152937887292,49.13159906864166,-0.4570693969726562,0.5237707112569727
LightGBM,cluster,K0,ELEC_1-13-2,219,17917266,14615,66,level,r2,44,0.4613928119979863,60,2689.3,365.1,results/stage6_panel_cluster/predictions/lightgbm/cluster/K0/ELEC_1-13-2_predictions.csv,lag_1,0.0373250457633316,2026-07-30T09:55:25,0.0044878245619074,33893436.15474616,7.197081182573929e-05,0.0084835612702295,186.86297202573613,0.4697763735583705,0.1401112981357543,0.0022976393811404,8942877.34375,7.765994087094441e-05,0.0088124877799032,34.18409824371338,0.4278634190559387,0.0717330260794766
LightGBM,cluster,K0,ELEC_1-13-3,219,17917266,14615,66,level,r2,44,0.4613928119979863,60,2689.4,365.1,results/stage6_panel_cluster/predictions/lightgbm/cluster/K0/ELEC_1-13-3_predictions.csv,lag_1,0.2787162945558574,2026-07-30T09:55:25,0.0218134450362384,304180.4456784489,0.0101154364049068,0.1005755258743739,35.0511174067161,0.057510596441987,0.681022633278088,0.0251611359417438,246370.068359375,0.0194434076547622,0.1394396201040517,36.77930533885956,-0.811607837677002,0.785538599100127
LightGBM,cluster,K0,ELEC_1-14-1,219,17917266,14615,66,level,r2,44,0.4613928119979863,60,2689.5,365.1,results/stage6_panel_cluster/predictions/lightgbm/cluster/K0/ELEC_1-14-1_predictions.csv,lag_1,0.2879696638286105,2026-07-30T09:55:25,0.0138046269512785,31.845466063785295,0.0074518473821759,0.0863240834424319,26.601119275180817,0.0373651894265193,0.4309848069465048,0.0167191252112388,36.453571915626526,0.0146982949227094,0.1212365247056738,30.053427815437317,-0.8987358808517456,0.5219763617598395
LightGBM,cluster,K0,ELEC_1-14-2,219,17917266,14615,66,level,r2,44,0.4613928119979863,60,2689.7,365.1,results/stage6_panel_cluster/predictions/lightgbm/cluster/K0/ELEC_1-14-2_predictions.csv,lag_1,0.2819231658712392,2026-07-30T09:55:25,0.0166013862483438,128119.62186925249,0.0040104725982191,0.0633282922414548,28.0025845247652,0.0547677016661586,0.5183005142072409,0.0204488523304462,95830.810546875,0.0077777453698217,0.0881915266327881,33.31238031387329,-0.8331443071365356,0.638419618655373
LightGBM,cluster,K0,ELEC_1-14-4,219,17917266,14615,66,level,r2,44,0.4613928119979863,60,2689.9,365.1,results/stage6_panel_cluster/predictions/lightgbm/cluster/K0/ELEC_1-14-4_predictions.csv,lag_1,0.2752594375200418,2026-07-30T09:55:25,0.0204848484333658,550004.4237029308,0.010120109288429,0.100598753910916,30.58508350960871,0.1871964713477826,0.6395434283405147,0.0225665401667356,390047.8759765625,0.01926726475358,0.13880657316417,31.19409382343292,-0.5474634170532227,0.704534500753771
LightGBM,cluster,K0,ELEC_1-15-1,219,17917266,14615,66,level,r2,44,0.4613928119979863,60,2690.0,365.1,results/stage6_panel_cluster/predictions/lightgbm/cluster/K0/ELEC_1-15-1_predictions.csv,lag_1,0.2607710741643414,2026-07-30T09:55:25,0.0255435519514689,143080.5767722922,0.0078858807244354,0.0888024815218326,35.8871528926672,0.1090614626691707,0.797477747525241,0.0289161838591098,95840.06958007812,0.0144308628514409,0.1201285263850385,36.611682176589966,-0.6303837299346924,0.9027723792995244
LightGBM,cluster,K0,ELEC_1-15-4,219,17917266,14615,66,level,r2,44,0.4613928119979863,60,2690.1,365.1,results/stage6_panel_cluster/predictions/lightgbm/cluster/K0/ELEC_1-15-4_predictions.csv,lag_1,0.2855965835652061,2026-07-30T09:55:26,0.0149262044646162,4423191.136262896,0.0038919455883832,0.0623854597513174,29.964081296867224,0.1370878450913016,0.466000810621751,0.0176873076707124,3106434.375,0.0076256999745965,0.0873252539337647,34.64491069316864,-0.6907508373260498,0.5522033234776699
LightGBM,cluster,K0,ELEC_1-16-2,219,17917266,14615,66,level,r2,44,0.4613928119979863,60,2690.3,365.1,results/stage6_panel_cluster/predictions/lightgbm/cluster/K0/ELEC_1-16-2_predictions.csv,lag_1,0.2868208435072088,2026-07-30T09:55:26,0.0146503248438927,104906.25576129796,0.0078742622643953,0.0887370399799055,28.07056124584475,0.0626679168770646,0.4573877618593583,0.0176667813211679,109515.3076171875,0.0154814841225743,0.1244246122058426,32.09565579891205,-0.8428765535354614,0.5515624843715509
LightGBM,cluster,K0,ELEC_1-16-3,219,17917266,14615,66,level,r2,44,0.4613928119979863,60,2690.4,365.1,results/stage6_panel_cluster/predictions/lightgbm/cluster/K0/ELEC_1-16-3_predictions.csv,lag_1,0.2855014953688428,2026-07-30T09:55:26,0.0156037178783657,1034648.509488539,0.0059157089373598,0.0769136459762492,35.13182597112435,0.0431571461797134,0.4871529930645691,0.0185343828052282,916918.359375,0.0115878842771053,0.1076470356168962,38.78966271877289,-0.8742949962615967,0.578649276317029
LightGBM,cluster,K0,ELEC_1-16-4,219,17917266,14615,66,level,r2,44,0.4613928119979863,60,2690.6,365.1,results/stage6_panel_cluster/predictions/lightgbm/cluster/K0/ELEC_1-16-4_predictions.csv,lag_1,0.2822957894298719,2026-07-30T09:55:26,0.0153042640223943,1521093.9031043765,0.0066531576073022,0.0815668903863706,31.55194211387309,0.0760110863579163,0.4778039492431961,0.0178980510681867,1067439.84375,0.0129162613302469,0.1136497308850616,35.21395027637482,-0.7938076257705688,0.5587827988083882
LightGBM,cluster,K0,ELEC_1-17-1,219,17917266,14615,66,level,r2,44,0.4613928119979863,60,2690.7,365.1,results/stage6_panel_cluster/predictions/lightgbm/cluster/K0/ELEC_1-17-1_predictions.csv,lag_1,0.2409422938375456,2026-07-30T09:55:26,0.0198893660854616,12526317.024303196,0.003487396009633,0.0590541785958715,44.17224333601356,0.2999393056752595,0.6209522816433024,0.0216845702379941,5569661.328125,0.006052735261619,0.0777993268712467,42.41241812705994,-0.2150273323059082,0.6769991214340095
LightGBM,cluster,K0,ELEC_1-17-2,219,17917266,14615,66,level,r2,44,0.4613928119979863,60,2690.9,365.1,results/stage6_panel_cluster/predictions/lightgbm/cluster/K0/ELEC_1-17-2_predictions.csv,lag_1,0.2849947584564684,2026-07-30T09:55:26,0.0238352083140761,30.098473793655025,0.031139608139274,0.1764641837293734,26.19906391842016,0.054101322193981,0.7441427204101595,0.028247008100152,33.641231060028076,0.0609108544886112,0.2468012449089575,28.18704843521118,-0.8502321243286133,0.8818805010687243
LightGBM,cluster,K0,ELEC_1-17-3,219,17917266,14615,66,level,r2,44,0.4613928119979863,60,2691.1,365.1,results/stage6_panel_cluster/predictions/lightgbm/cluster/K0/ELEC_1-17-3_predictions.csv,lag_1,0.2806027915653636,2026-07-30T09:55:26,0.0136972009153073,144508.8995328781,0.0029812136018467,0.0546004908571962,26.514418356804992,0.1369306865687821,0.4276309322248255,0.0156934652477502,95826.81884765624,0.0057604392059147,0.0758975573119104,29.48930561542511,-0.6676627397537231,0.4899549342401381
LightGBM,cluster,K0,ELEC_1-17-4,219,17917266,14615,66,level,r2,44,0.4613928119979863,60,2691.3,365.1,results/stage6_panel_cluster/predictions/lightgbm/cluster/K0/ELEC_1-17-4_predictions.csv,lag_1,0.289908547924336,2026-07-30T09:55:27,0.0152220858929748,192450.3071926269,0.0110006190142144,0.104883835809978,27.1150489937897,0.0403211977377815,0.4752383221264274,0.018716387450695,164251.40380859375,0.0218166746199131,0.147704687196829,30.27951717376709,-0.9032565355300904,0.5843315187468118
LightGBM,cluster,K0,ELEC_1-18-1,219,17917266,14615,66,level,r2,44,0.4613928119979863,60,2691.4,365.1,results/stage6_panel_cluster/predictions/lightgbm/cluster/K0/ELEC_1-18-1_predictions.csv,lag_1,0.2773277901478542,2026-07-30T09:55:27,0.0116235043937249,19068.464262640857,0.0020434601417888,0.0452046473472459,25.068903004683584,0.0266706197923675,0.362889472845001,0.0134970927610993,20559.48181152344,0.0039127622731029,0.0625520764891382,27.761074900627136,-0.8637046813964844,0.4213834925428891
LightGBM,cluster,K0,ELEC_1-18-2,219,17917266,14615,66,level,r2,44,0.4613928119979863,60,2691.5,365.1,results/stage6_panel_cluster/predictions/lightgbm/cluster/K0/ELEC_1-18-2_predictions.csv,lag_1,0.2735607707553773,2026-07-30T09:55:27,0.0172226534730621,1615591.910979662,0.0096010611910981,0.0979850049298268,40.984991678560355,0.239969271549673,0.5376966728902993,0.0180342122912406,1259023.046875,0.0181936845183372,0.1348839668690732,30.37058115005493,-0.4402323961257934,0.5630337951329258
LightGBM,cluster,K0,ELEC_1-18-4,219,17917266,14615,66,level,r2,44,0.4613928119979863,60,2691.7,365.1,results/stage6_panel_cluster/predictions/lightgbm/cluster/K0/ELEC_1-18-4_predictions.csv,lag_1,0.2833166632049663,2026-07-30T09:55:27,0.0178053244908697,35.08732597102558,0.0146121013034806,0.1208805249139854,28.830841060202456,0.0560965503435783,0.5558878458216239,0.0206137523055076,39.34222757816315,0.0284484140574932,0.1686665765867476,29.96233701705933,-0.8376929759979248,0.6435678478808463
LightGBM,cluster,K0,ELEC_2-1-1,219,17917266,14615,66,level,r2,44,0.4613928119979863,60,2691.8,365.1,results/stage6_panel_cluster/predictions/lightgbm/cluster/K0/ELEC_2-1-1_predictions.csv,lag_1,0.2607118931082611,2026-07-30T09:55:27,0.0201067848498928,213456.5297308205,0.0048587063852024,0.0697044215613504,31.120007815935296,0.2311658078141164,0.6277401640356065,0.0225282236933708,95829.44946289062,0.0088898250833153,0.0942858689481906,32.15935528278351,-0.4067120552062988,0.7033382483715592
LightGBM,cluster,K0,ELEC_2-1-3,219,17917266,14615,66,level,r2,44,0.4613928119979863,60,2691.9,365.1,results/stage6_panel_cluster/predictions/lightgbm/cluster/K0/ELEC_2-1-3_predictions.csv,lag_1,0.2842292409691332,2026-07-30T09:55:27,0.0114153100538846,4940845.088968505,0.0036089020523988,0.0600741379663398,39.81026731891971,0.1700419504577968,0.3563895798975064,0.0114888818934559,4239973.046875,0.0070441272109746,0.0839292988828972,37.82120645046234,-0.6199746131896973,0.3586865159310741
LightGBM,cluster,K0,ELEC_2-1-4,219,17917266,14615,66,level,r2,44,0.4613928119979863,60,2692.0,365.1,results/stage6_panel_cluster/predictions/lightgbm/cluster/K0/ELEC_2-1-4_predictions.csv,lag_1,0.2598935019823692,2026-07-30T09:55:27,0.0115022932629797,685042.3022294403,0.0014220116945088,0.037709570330472,33.80487164365471,0.2292470014672262,0.3591052231171134,0.0123879564926028,636372.607421875,0.0025960600469261,0.0509515460700275,34.618985652923584,-0.4071060419082641,0.3867559084551451
LightGBM,cluster,K0,ELEC_2-1-5,219,17917266,14615,66,level,r2,44,0.4613928119979863,60,2692.2,365.1,results/stage6_panel_cluster/predictions/lightgbm/cluster/K0/ELEC_2-1-5_predictions.csv,lag_1,0.1748542400594823,2026-07-30T09:55:28,0.0225020374867068,1115728.05182065,0.002217357477504,0.0470888253994938,37.406711595593464,0.3490282569384615,0.7025207067412375,0.0250030774623155,889545.60546875,0.0032566746231168,0.0570672815465819,38.871097564697266,0.0439055562019348,0.7806039635259038
LightGBM,cluster,K0,ELEC_2-1-6,219,17917266,14615,66,level,r2,44,0.4613928119979863,60,2692.3,365.1,results/stage6_panel_cluster/predictions/lightgbm/cluster/K0/ELEC_2-1-6_predictions.csv,lag_1,0.1962898510932035,2026-07-30T09:55:28,0.0234204714917417,43.37856016046182,0.00309996579509,0.0556773364582935,32.8444887478501,0.4792374751965973,0.7311945060224568,0.0245966464281082,42.8347647190094,0.004799080081284,0.0692753930431581,35.022374987602234,0.193803608417511,0.7679150584629026
LightGBM,cluster,K0,ELEC_2-2-1,219,17917266,14615,66,level,r2,44,0.4613928119979863,60,2692.4,365.1,results/stage6_panel_cluster/predictions/lightgbm/cluster/K0/ELEC_2-2-1_predictions.csv,lag_1,0.2539440934561147,2026-07-30T09:55:28,0.0235545088252969,44.198667175619526,0.0056177417139324,0.0749515958064434,35.8975234273685,0.1029279730656925,0.7353791938470384,0.0277523081749677,50.18317699432373,0.0100929709151387,0.1004637791203313,40.97759127616882,-0.6117016077041626,0.8664358133923045
LightGBM,cluster,K0,ELEC_2-2-3,219,17917266,14615,66,level,r2,44,0.4613928119979863,60,2692.5,365.1,results/stage6_panel_cluster/predictions/lightgbm/cluster/K0/ELEC_2-2-3_predictions.csv,lag_1,0.2346777800854215,2026-07-30T09:55:28,0.0181879099936868,2324498.6828113333,0.0024743277472157,0.049742615001784,33.50403705020552,0.4446667652981119,0.5678322858745192,0.0186021216213703,1792715.8203125,0.0042244344949722,0.0649956498157548,33.45903158187866,0.0518761873245239,0.5807641035195907
LightGBM,cluster,K0,ELEC_2-2-5,219,17917266,14615,66,level,r2,44,0.4613928119979863,60,2692.6,365.1,results/stage6_panel_cluster/predictions/lightgbm/cluster/K0/ELEC_2-2-5_predictions.csv,lag_1,0.2733802640718585,2026-07-30T09:55:28,0.0130381552470833,4544760.42286961,0.0016087746631427,0.0401095333199326,37.52481521268001,0.0614625359293702,0.4070553186214378,0.015337667427957,3813481.640625,0.0030470588244497,0.0552001705110571,43.91626715660095,-0.7776130437850952,0.4788468140992047
LightGBM,cluster,K0,ELEC_2-2-6,219,17917266,14615,66,level,r2,44,0.4613928119979863,60,2692.8,365.1,results/stage6_panel_cluster/predictions/lightgbm/cluster/K0/ELEC_2-2-6_predictions.csv,lag_144,0.2654606559701472,2026-07-30T09:55:28,0.0299367308348017,2390454.7767532347,0.005345640562988,0.0731138876205338,56.73294179519207,-0.0440909380118195,0.934634177727743,0.0357066914439201,3092817.3828125,0.0099076265469193,0.0995370611728081,64.70962762832642,-0.9351211786270142,1.114774167601175
LightGBM,cluster,K0,ELEC_2-3-4,219,17917266,14615,66,level,r2,44,0.4613928119979863,60,2692.9,365.1,results/stage6_panel_cluster/predictions/lightgbm/cluster/K0/ELEC_2-3-4_predictions.csv,lag_1,0.2368584828128682,2026-07-30T09:55:28,0.0172287337255497,11503079.09153852,0.0032034419659266,0.0565989572865669,61.07418464250565,0.3047121059230749,0.5378865002904746,0.0181580577045679,4073483.203125,0.0055005573667585,0.0741657425416788,40.93486666679382,-0.1938631534576416,0.5669002879937921
LightGBM,cluster,K0,ELEC_2-3-5,219,17917266,14615,66,level,r2,44,0.4613928119979863,60,2693.0,365.1,results/stage6_panel_cluster/predictions/lightgbm/cluster/K0/ELEC_2-3-5_predictions.csv,lag_1,0.2590889859872243,2026-07-30T09:55:28,0.0217045013921669,31.056201526148257,0.0106228925239282,0.103067417372942,26.542617877754036,0.220200081050237,0.6776213783529158,0.0227109119296073,28.775310516357425,0.0193513240665197,0.1391090366098469,24.94196444749832,-0.4205322265625,0.7090418327207563
LightGBM,cluster,K0,ELEC_2-3-6,219,17917266,14615,66,level,r2,44,0.4613928119979863,60,2693.1,365.1,results/stage6_panel_cluster/predictions/lightgbm/cluster/K0/ELEC_2-3-6_predictions.csv,lag_1,0.2755607489354964,2026-07-30T09:55:29,0.0141288648791981,33.28900817266299,0.0030199159709985,0.054953762118699,27.768613194164164,0.0657404543662598,0.4411076173101842,0.0168908648192882,37.56941258907318,0.0057542789727449,0.0758569639040803,32.315823435783386,-0.7801786661148071,0.5273381264841939
LightGBM,cluster,K0,ELEC_2-4-1,219,17917266,14615,66,level,r2,44,0.4613928119979863,60,2693.2,365.1,results/stage6_panel_cluster/predictions/lightgbm/cluster/K0/ELEC_2-4-1_predictions.csv,lag_1,0.2720399211036995,2026-07-30T09:55:29,0.014128506166662,2087920.8296358865,0.0016334845843178,0.0404163900455976,38.54151241871448,0.0998690578039169,0.441096418191683,0.0174902509897947,2100639.84375,0.0030824774876236,0.0555200638294273,48.73032867908478,-0.6985976696014404,0.5460511517541895
LightGBM,cluster,K0,ELEC_2-4-3,219,17917266,14615,66,level,r2,44,0.4613928119979863,60,2693.3,365.1,results/stage6_panel_cluster/predictions/lightgbm/cluster/K0/ELEC_2-4-3_predictions.csv,lag_1,0.2669002499767605,2026-07-30T09:55:29,0.0139687395779483,713024.6365944594,0.0021177009324336,0.046018484682067,32.87912503810772,0.1542470330206858,0.4361084549068852,0.0152418753132224,513211.5234375,0.0039403834380209,0.0627724735693993,33.810293674468994,-0.573683500289917,0.4758561540674907
LightGBM,cluster,K0,ELEC_2-4-4,219,17917266,14615,66,level,r2,44,0.4613928119979863,60,2693.5,365.1,results/stage6_panel_cluster/predictions/lightgbm/cluster/K0/ELEC_2-4-4_predictions.csv,lag_1,0.2867817911356561,2026-07-30T09:55:29,0.012023838587797,1286425.1625385082,0.0041649840238864,0.0645366874257307,26.12106260279889,0.1553688560972258,0.3753880326362379,0.0137495724484324,1183745.80078125,0.0081878239288926,0.090486595299484,28.37998569011688,-0.6604361534118652,0.4292659880052598
LightGBM,cluster,K0,ELEC_2-4-6,219,17917266,14615,66,level,r2,44,0.4613928119979863,60,2693.6,365.1,results/stage6_panel_cluster/predictions/lightgbm/cluster/K0/ELEC_2-4-6_predictions.csv,lag_1,0.2510990723079839,2026-07-30T09:55:29,0.0154329779154834,1522705.7822154074,0.0033662488313418,0.0580193832382061,36.280139538816954,0.1784472015928377,0.4818224375775865,0.0173664037138223,1573773.33984375,0.0060020205564796,0.0774727084622687,40.24940133094787,-0.4648283720016479,0.5421846007409542
LightGBM,cluster,K0,ELEC_2-5-3,219,17917266,14615,66,level,r2,44,0.4613928119979863,60,2693.8,365.1,results/stage6_panel_cluster/predictions/lightgbm/cluster/K0/ELEC_2-5-3_predictions.csv,lag_1,0.2329385928306442,2026-07-30T09:55:29,0.0168605994723939,6789949.664728155,0.0018686799627903,0.0432282310856041,45.09691460316911,0.2693134414040505,0.5263932328094534,0.0187266506254673,6055475.390625,0.0031759573612362,0.0563556329148756,50.139814615249634,-0.2418550252914428,0.5846519382998713
LightGBM,cluster,K0,ELEC_2-5-4,219,17917266,14615,66,level,r2,44,0.4613928119979863,60,2693.9,365.1,results/stage6_panel_cluster/predictions/lightgbm/cluster/K0/ELEC_2-5-4_predictions.csv,lag_1,0.2830398369554834,2026-07-30T09:55:29,0.0150355933562926,30.114731953524,0.0036411401407361,0.0603418606005496,26.64038728434596,0.0453981459124549,0.4694159663175652,0.018686281517148,35.80125570297241,0.0070834909565746,0.0841634775693987,31.607618927955627,-0.8570865392684937,0.5833916020070476
LightGBM,cluster,K0,ELEC_2-5-5,219,17917266,14615,66,level,r2,44,0.4613928119979863,60,2694.2,365.1,results/stage6_panel_cluster/predictions/lightgbm/cluster/K0/ELEC_2-5-5_predictions.csv,lag_1,0.2538283336408874,2026-07-30T09:55:30,0.0209342238803961,1602184.7780148154,0.0044221273594593,0.0664990778842788,39.6278591761115,0.1419525259657518,0.6535730715151136,0.0240608975291252,1416409.08203125,0.0079424362629652,0.0891203470761037,44.95914280414581,-0.5411105155944824,0.7511888088789829
LightGBM,cluster,K0,ELEC_2-5-6,219,17917266,14615,66,level,r2,44,0.4613928119979863,60,2694.3,365.1,results/stage6_panel_cluster/predictions/lightgbm/cluster/K0/ELEC_2-5-6_predictions.csv,lag_1,0.2520705279617842,2026-07-30T09:55:30,0.0166077372329529,32.52517551083368,0.0028684401926445,0.0535578210221865,27.952393011447228,0.1858786680498666,0.5184987939496305,0.0188751276582479,37.011682987213135,0.0051277223974466,0.0716081168405274,30.95074892044067,-0.4553513526916504,0.5892874380880804
LightGBM,cluster,K0,ELEC_2-6-2,219,17917266,14615,66,level,r2,44,0.4613928119979863,60,2694.6,365.1,results/stage6_panel_cluster/predictions/lightgbm/cluster/K0/ELEC_2-6-2_predictions.csv,lag_1,0.2854614494406839,2026-07-30T09:55:30,0.014893906496476,20.885436048900925,0.0060220964034345,0.0776021675176314,19.62635776302704,0.0736361550857109,0.4649924578706921,0.0178665742278099,24.309994280338287,0.011794957332313,0.1086045916723278,21.473293006420135,-0.8143885135650635,0.5578000819250574
LightGBM,cluster,K0,ELEC_2-6-3,219,17917266,14615,66,level,r2,44,0.4613928119979863,60,2694.8,365.1,results/stage6_panel_cluster/predictions/lightgbm/cluster/K0/ELEC_2-6-3_predictions.csv,lag_1,0.24796110926141,2026-07-30T09:55:30,0.0176021198732776,23068941.128344424,0.0032632200936375,0.0571246014746498,60.476717860050954,0.302162319066556,0.5495437335763118,0.0175798833370208,9798198.4375,0.0057698665186762,0.0759596374311797,51.81577801704407,-0.2338826656341552,0.5488495019016988
LightGBM,cluster,K0,ELEC_2-6-4,219,17917266,14615,66,level,r2,44,0.4613928119979863,60,2695.0,365.1,results/stage6_panel_cluster/predictions/lightgbm/cluster/K0/ELEC_2-6-4_predictions.csv,lag_1,0.2896646415400975,2026-07-30T09:55:30,0.014103485390788,10459978.102295972,0.0049655025487659,0.0704663220891083,45.291423806669194,0.1180310089412165,0.4403152616781612,0.0184344835579395,9773105.46875,0.0098409345373511,0.0992014845521534,58.97039771080017,-0.747939944267273,0.5755303903117223
LightGBM,cluster,K0,ELEC_2-6-6,219,17917266,14615,66,level,r2,44,0.4613928119979863,60,2695.2,365.1,results/stage6_panel_cluster/predictions/lightgbm/cluster/K0/ELEC_2-6-6_predictions.csv,lag_1,0.2706528817886201,2026-07-30T09:55:31,0.0202309599622602,75593.29557496184,0.0067082535351799,0.0819039286919737,34.778706854764444,0.1236923004554834,0.6316169502044843,0.0231994520872831,88998.69384765625,0.01261075027287,0.1122975969149387,38.04236352443695,-0.6473585367202759,0.7242942105129714
LightGBM,cluster,K0,ELEC_2-7-2,219,17917266,14615,66,level,r2,44,0.4613928119979863,60,2695.4,365.1,results/stage6_panel_cluster/predictions/lightgbm/cluster/K0/ELEC_2-7-2_predictions.csv,lag_1,0.269585130390897,2026-07-30T09:55:31,0.0199172419842073,38.478207525228534,0.006813258116349,0.0825424625047559,31.067240858914623,0.1258126351866987,0.6218225759932888,0.0231296606361866,43.4254378080368,0.012770727276802,0.1130076425592626,34.44846570491791,-0.6385712623596191,0.7221152993997978
LightGBM,cluster,K0,ELEC_2-7-3,219,17917266,14615,66,level,r2,44,0.4613928119979863,60,2695.6,365.1,results/stage6_panel_cluster/predictions/lightgbm/cluster/K0/ELEC_2-7-3_predictions.csv,lag_1,0.2552306659496031,2026-07-30T09:55:31,0.0198541922450681,39.90352290683434,0.0051070055455099,0.0714633160825183,31.77928377101038,0.319845783586536,0.6198541432535384,0.0206869654357433,40.39222300052643,0.009207097813487,0.0959536232431431,31.814104318618774,-0.2262070178985595,0.6458535848958293
LightGBM,cluster,K0,ELEC_2-7-6,219,17917266,14615,66,level,r2,44,0.4613928119979863,60,2695.8,365.1,results/stage6_panel_cluster/predictions/lightgbm/cluster/K0/ELEC_2-7-6_predictions.csv,lag_1,0.2587568493632863,2026-07-30T09:55:31,0.0231924231564113,35.49265878433861,0.0073485342940752,0.0857235924006645,29.94193958150659,0.1594774691033577,0.724074765074461,0.0261477921158075,37.58678436279297,0.0133745549246668,0.1156484108177318,30.91038465499878,-0.5297763347625732,0.8163423160134644
LightGBM,cluster,K0,ELEC_2-8-1,219,17917266,14615,66,level,r2,44,0.4613928119979863,60,2696.0,365.1,results/stage6_panel_cluster/predictions/lightgbm/cluster/K0/ELEC_2-8-1_predictions.csv,lag_1,0.2532894187348117,2026-07-30T09:55:31,0.0155679445591671,16678016.007572846,0.0025020631257264,0.050020627002532,49.69675422335582,0.2268296325964001,0.4860361387574567,0.0156777296215295,8381844.53125,0.0044873883016407,0.0669879713205344,54.36626076698303,-0.3866621255874634,0.4894636630270262
LightGBM,cluster,K0,ELEC_2-8-2,219,17917266,14615,66,level,r2,44,0.4613928119979863,60,2696.1,365.1,results/stage6_panel_cluster/predictions/lightgbm/cluster/K0/ELEC_2-8-2_predictions.csv,lag_1,0.2806838821995957,2026-07-30T09:55:32,0.0136452374106251,294122.35511747416,0.0032464692150967,0.0569777958076367,31.14209704857016,0.0824005061860752,0.4260086152210594,0.0152767710387706,232675.6591796875,0.0062743928283452,0.0792110650625611,32.01088011264801,-0.7734279632568359,0.4769456096240775
LightGBM,cluster,K0,ELEC_2-8-3,219,17917266,14615,66,level,r2,44,0.4613928119979863,60,2696.3,365.1,results/stage6_panel_cluster/predictions/lightgbm/cluster/K0/ELEC_2-8-3_predictions.csv,lag_1,0.2725102413066582,2026-07-30T09:55:32,0.0132972432424483,2057630.76454787,0.0021154434386094,0.0459939500218172,34.12144171701377,0.1549042311232905,0.4151441275446084,0.015360246412456,1566927.83203125,0.0039971242658793,0.0632228144413026,38.89996111392975,-0.5968061685562134,0.4795517371159356
LightGBM,cluster,K0,ELEC_2-8-4,219,17917266,14615,66,level,r2,44,0.4613928119979863,60,2696.6,365.1,results/stage6_panel_cluster/predictions/lightgbm/cluster/K0/ELEC_2-8-4_predictions.csv,lag_1,0.2832316719878187,2026-07-30T09:55:32,0.0128243541077207,1933761.702876827,0.0032779433346465,0.0572533259701701,37.49452319378064,0.1220260778787198,0.4003803796246537,0.0146589120849967,1546405.76171875,0.0063803400844335,0.0798770310191456,42.13230013847351,-0.7089289426803589,0.4576558582347592
LightGBM,cluster,K0,ELEC_2-8-5,219,17917266,14615,66,level,r2,44,0.4613928119979863,60,2696.8,365.1,results/stage6_panel_cluster/predictions/lightgbm/cluster/K0/ELEC_2-8-5_predictions.csv,lag_1,0.2778072196523561,2026-07-30T09:55:32,0.014648852040786,283044.5600290183,0.0041981272867523,0.0647929570767711,25.63113991632128,0.1348750749629931,0.4573417804818924,0.0162866916507482,191613.58642578125,0.0080491369590163,0.0897169825563495,26.363512873649597,-0.6587181091308594,0.5084756496259291
LightGBM,cluster,K0,ELEC_2-9-1,219,17917266,14615,66,level,r2,44,0.4613928119979863,60,2697.0,365.1,results/stage6_panel_cluster/predictions/lightgbm/cluster/K0/ELEC_2-9-1_predictions.csv,lag_1,0.1979156889420089,2026-07-30T09:55:32,0.0129160523549233,2599481.595020307,0.000676977183818,0.026018785210268,41.327948379502,0.215477398869799,0.4032432278209439,0.0146308587864041,2476961.5234375,0.0010522864758968,0.0324389653949819,46.66227698326111,-0.2194540500640869,0.4567800254056069
LightGBM,cluster,K0,ELEC_2-9-2,219,17917266,14615,66,level,r2,44,0.4613928119979863,60,2697.1,365.1,results/stage6_panel_cluster/predictions/lightgbm/cluster/K0/ELEC_2-9-2_predictions.csv,lag_1,0.2023204129936363,2026-07-30T09:55:33,0.0199734673660757,57891.24231352987,0.0028347757422085,0.0532426120903974,35.351187827405326,0.2716835438220634,0.6235779501468637,0.0215661991387605,54781.93359375,0.0044551440514624,0.0667468654804284,35.68392097949982,-0.1446248292922973,0.6733035383855647
LightGBM,cluster,K0,ELEC_2-9-3,219,17917266,14615,66,level,r2,44,0.4613928119979863,60,2697.3,365.1,results/stage6_panel_cluster/predictions/lightgbm/cluster/K0/ELEC_2-9-3_predictions.csv,lag_1,0.2567873181908624,2026-07-30T09:55:33,0.0167844729518221,256525.44427251673,0.0034166413789977,0.0584520434116528,34.23355453028299,0.191569525509792,0.5240165388293876,0.0184769071638584,232681.9091796875,0.006185476668179,0.0786478014198682,36.162421107292175,-0.4635800123214721,0.5768548686675269
LightGBM,cluster,K0,ELEC_2-9-5,219,17917266,14615,66,level,r2,44,0.4613928119979863,60,2697.5,365.1,results/stage6_panel_cluster/predictions/lightgbm/cluster/K0/ELEC_2-9-5_predictions.csv,lag_1,0.2519407468267329,2026-07-30T09:55:33,0.0235254544016042,1978870.2323702024,0.0049455764923536,0.0703247928710328,39.670395023154846,0.1451822714576328,0.7344721055765366,0.0266219619661569,1272714.16015625,0.0088378153741359,0.0940096557494812,41.26693308353424,-0.5275712013244629,0.8311460482790272
LightGBM,cluster,K0,ELEC_2-10-2,219,17917266,14615,66,level,r2,44,0.4613928119979863,60,2697.7,365.1,results/stage6_panel_cluster/predictions/lightgbm/cluster/K0/ELEC_2-10-2_predictions.csv,lag_1,0.2522531334662122,2026-07-30T09:55:33,0.0221257234524199,416618.94601287186,0.0031263594834385,0.0559138577048525,33.004501974821125,0.0791465859276314,0.6907720639136676,0.0256900452077388,355842.87109375,0.0055915177799761,0.0747764520419104,34.95074808597565,-0.6469533443450928,0.8020513131851658
LightGBM,cluster,K0,ELEC_2-10-3,219,17917266,14615,66,level,r2,44,0.4613928119979863,60,2697.9,365.1,results/stage6_panel_cluster/predictions/lightgbm/cluster/K0/ELEC_2-10-3_predictions.csv,lag_1,0.2695631202193466,2026-07-30T09:55:33,0.0191241134050218,158794.68743806396,0.0056430110426205,0.0751199776532216,32.88262066221401,0.1646126786202746,0.5970608516243184,0.022787544876337,143736.60888671875,0.0105765862390398,0.102842531274954,39.86668884754181,-0.5657503604888916,0.7114343374851799
LightGBM,cluster,K0,ELEC_2-10-5,219,17917266,14615,66,level,r2,44,0.4613928119979863,60,2698.1,365.1,results/stage6_panel_cluster/predictions/lightgbm/cluster/K0/ELEC_2-10-5_predictions.csv,lag_1,0.2595977030838974,2026-07-30T09:55:34,0.0203724788700749,22600.588511741906,0.0067823107902302,0.0823547860796821,32.210364544785925,0.0908016029471359,0.6360352151368922,0.0245159082114696,27414.620971679688,0.0123720644041895,0.1112297820018972,37.882548570632935,-0.6585294008255005,0.7653943858772553
LightGBM,cluster,K0,ELEC_2-11-1,219,17917266,14615,66,level,r2,44,0.4613928119979863,60,2698.3,365.1,results/stage6_panel_cluster/predictions/lightgbm/cluster/K0/ELEC_2-11-1_predictions.csv,lag_1,0.2564950363099573,2026-07-30T09:55:34,0.0126763594151542,7201563.013339845,0.0022480438095399,0.0474135403607444,45.60804978399738,0.1529545185768469,0.3957599386500453,0.0139117343351244,7334978.125,0.0040666521526873,0.0637703077669169,49.73679482936859,-0.532282829284668,0.4343287332483378
LightGBM,cluster,K0,ELEC_2-11-2,219,17917266,14615,66,level,r2,44,0.4613928119979863,60,2698.6,365.1,results/stage6_panel_cluster/predictions/lightgbm/cluster/K0/ELEC_2-11-2_predictions.csv,lag_1,0.2756782879607479,2026-07-30T09:55:34,0.0135511492676529,71021.74477280451,0.0019257469328111,0.0438833332007856,30.5566618858749,0.0323271521596825,0.423071153725146,0.0162627436220645,68465.41748046875,0.0036705927923321,0.0605854173240737,35.33187806606293,-0.8444439172744751,0.5077279846180006
LightGBM,cluster,K0,ELEC_2-11-4,219,17917266,14615,66,level,r2,44,0.4613928119979863,60,2698.9,365.1,results/stage6_panel_cluster/predictions/lightgbm/cluster/K0/ELEC_2-11-4_predictions.csv,lag_1,0.2834763994644833,2026-07-30T09:55:34,0.01635575717332,27.808120191216226,0.0082827500794283,0.0910096153130447,24.495237043230027,0.1054686051472657,0.5106318970216249,0.0188552867621183,30.958694219589233,0.0161329414695501,0.1270155166487549,26.633530855178833,-0.7423465251922607,0.5886679990537447
LightGBM,cluster,K0,ELEC_2-12-2,219,17917266,14615,66,level,r2,44,0.4613928119979863,60,2699.0,365.1,results/stage6_panel_cluster/predictions/lightgbm/cluster/K0/ELEC_2-12-2_predictions.csv,lag_1,0.274529004581703,2026-07-30T09:55:34,0.0150183222086642,257587.02525679328,0.0036649316194511,0.060538678705858,30.76821030352555,0.130451776445671,0.4688767556418524,0.0168799180537462,218992.96875,0.0069634709507226,0.0834474142842227,32.53603279590607,-0.6521657705307007,0.52699636501172
LightGBM,cluster,K0,ELEC_2-12-4,219,17917266,14615,66,level,r2,44,0.4613928119979863,60,2699.1,365.1,results/stage6_panel_cluster/predictions/lightgbm/cluster/K0/ELEC_2-12-4_predictions.csv,lag_1,0.2822680947914906,2026-07-30T09:55:35,0.016698186964061,25.619966679162964,0.0056012090812477,0.0748412258133694,23.86087041893201,0.0368918893957597,0.52132266307971,0.0201436858624219,30.996912717819217,0.0108731975778937,0.1042746257624247,26.520085334777832,-0.8696085214614868,0.6288922252841382
LightGBM,cluster,K0,ELEC_2-12-5,219,17917266,14615,66,level,r2,44,0.4613928119979863,60,2699.3,365.1,results/stage6_panel_cluster/predictions/lightgbm/cluster/K0/ELEC_2-12-5_predictions.csv,lag_1,0.2433874833385518,2026-07-30T09:55:35,0.0214909251126966,530095.8708505088,0.0041957880834428,0.0647749031913045,39.42603404484928,0.1612655519045371,0.6709534595528843,0.0244030095636844,472171.923828125,0.0073293675668537,0.0856117256388034,41.66975915431976,-0.4651342630386352,0.7618696544888628
LightGBM,cluster,K0,ELEC_2-13-1,219,17917266,14615,66,level,r2,44,0.4613928119979863,60,2699.5,365.1,results/stage6_panel_cluster/predictions/lightgbm/cluster/K0/ELEC_2-13-1_predictions.csv,lag_1,0.26134603221966,2026-07-30T09:55:35,0.0217296291010006,2459969.885627059,0.0052991581077494,0.0727953165234514,44.949987499911984,0.1913068470211265,0.678405873347162,0.0242586378008127,2309333.3984375,0.0097123607993125,0.0985513104900822,46.80958390235901,-0.4821826219558716,0.7573623225218775
LightGBM,cluster,K0,ELEC_2-13-2,219,17917266,14615,66,level,r2,44,0.4613928119979863,60,2699.6,365.1,results/stage6_panel_cluster/predictions/lightgbm/cluster/K0/ELEC_2-13-2_predictions.csv,lag_1,0.2200374102447002,2026-07-30T09:55:35,0.0221799353734745,108885.36818361956,0.0032784903895751,0.0572581032656094,31.61077979905552,0.3484246650145859,0.6924645771856579,0.0240390002727508,130043.4326171875,0.0053892256692051,0.0734113456436073,32.874250411987305,-0.0710680484771728,0.7505051696292973
LightGBM,cluster,K0,ELEC_2-13-3,219,17917266,14615,66,level,r2,44,0.4613928119979863,60,2699.7,365.1,results/stage6_panel_cluster/predictions/lightgbm/cluster/K0/ELEC_2-13-3_predictions.csv,lag_1,0.2675523933496121,2026-07-30T09:55:35,0.0143611953201378,37.13024547596481,0.0021993820805409,0.0468975700920739,30.209286419191145,0.1696262887467053,0.4483610469457419,0.0163927469402551,39.0188604593277,0.0040996572934091,0.0640285662295284,32.653817534446716,-0.5478200912475586,0.5117867292107026
LightGBM,cluster,K0,ELEC_2-13-5,219,17917266,14615,66,level,r2,44,0.4613928119979863,60,2700.0,365.1,results/stage6_panel_cluster/predictions/lightgbm/cluster/K0/ELEC_2-13-5_predictions.csv,lag_1,0.1944116565377817,2026-07-30T09:55:35,0.025782577568021,81976.49151179258,0.0044908688383208,0.0670139451033949,36.92478590253088,0.3275774705950224,0.8049402026548541,0.0281279478222131,54784.9609375,0.0069199670106172,0.0831863390865186,36.80437207221985,-0.0361338853836059,0.8781634016437582
LightGBM,cluster,K0,ELEC_2-14-1,219,17917266,14615,66,level,r2,44,0.4613928119979863,60,2700.2,365.1,results/stage6_panel_cluster/predictions/lightgbm/cluster/K0/ELEC_2-14-1_predictions.csv,lag_1,0.273109145836983,2026-07-30T09:55:36,0.0218911320622266,203534.29741046752,0.0099474018752758,0.0997366626435626,34.543837268701125,0.150242333023577,0.6834480467293879,0.0244878567755222,184787.5732421875,0.0188265722244977,0.137209956725078,36.47466599941254,-0.6082618236541748,0.7645186112004719
LightGBM,cluster,K0,ELEC_2-14-2,219,17917266,14615,66,level,r2,44,0.4613928119979863,60,2700.3,365.1,results/stage6_panel_cluster/predictions/lightgbm/cluster/K0/ELEC_2-14-2_predictions.csv,lag_1,0.2819261130525484,2026-07-30T09:55:36,0.0145246076856467,596725.1924601969,0.0049082357253085,0.0700588019117407,26.03210716669012,0.099208831228426,0.4534628325318418,0.0164317470043897,478990.869140625,0.0095189083367586,0.0975648929521199,26.79089605808258,-0.746971607208252,0.5130043235123286
LightGBM,cluster,K0,ELEC_2-14-3,219,17917266,14615,66,level,r2,44,0.4613928119979863,60,2700.5,365.1,results/stage6_panel_cluster/predictions/lightgbm/cluster/K0/ELEC_2-14-3_predictions.csv,lag_1,0.2528062718177037,2026-07-30T09:55:36,0.0260618853733022,409318.07030239224,0.0076293986433403,0.0873464289100608,37.522886471464496,0.1477785957004056,0.8136602804202729,0.0294580906629562,396900.390625,0.0136654479429125,0.1168993068538585,39.12245035171509,-0.5264618396759033,0.91969088061528
LightGBM,cluster,K0,ELEC_2-14-4,219,17917266,14615,66,level,r2,44,0.4613928119979863,60,2700.7,365.1,results/stage6_panel_cluster/predictions/lightgbm/cluster/K0/ELEC_2-14-4_predictions.csv,lag_1,0.2696367373071909,2026-07-30T09:55:36,0.0229351937053914,421934.7627182554,0.0083297146228337,0.0912672702716242,35.14508445549505,0.115898602689033,0.7160439804918678,0.0278966818004846,403748.4619140625,0.0156153701245784,0.1249614745614762,42.92737543582916,-0.6573879718780518,0.8709432035116588
LightGBM,cluster,K0,ELEC_2-14-5,219,17917266,14615,66,level,r2,44,0.4613928119979863,60,2700.9,365.1,results/stage6_panel_cluster/predictions/lightgbm/cluster/K0/ELEC_2-14-5_predictions.csv,lag_1,0.2497117440044512,2026-07-30T09:55:36,0.02175320083711,677822.5823192288,0.0044640729894803,0.0668137185724633,35.36811725912792,0.2628171144702739,0.6791417903822519,0.0235141981393098,547426.904296875,0.0079300329089164,0.0890507322199906,35.53350865840912,-0.3095407485961914,0.7341206815178513
LightGBM,cluster,K0,ELEC_2-14-6,219,17917266,14615,66,level,r2,44,0.4613928119979863,60,2701.1,365.1,results/stage6_panel_cluster/predictions/lightgbm/cluster/K0/ELEC_2-14-6_predictions.csv,lag_1,0.2790173635939147,2026-07-30T09:55:36,0.0139874005918801,21.35156601453352,0.0033792852764068,0.0581316202802475,19.91559939267949,0.1250396257085628,0.4366910576469105,0.01620389893651,23.29554557800293,0.0065009263344109,0.0806283221604598,21.00123167037964,-0.6832119226455688,0.5058908349773008
LightGBM,cluster,K0,ELEC_2-15-1,219,17917266,14615,66,level,r2,44,0.4613928119979863,60,2701.3,365.1,results/stage6_panel_cluster/predictions/lightgbm/cluster/K0/ELEC_2-15-1_predictions.csv,lag_1,0.2377012270463946,2026-07-30T09:55:37,0.0249470609015964,18283093.15872267,0.0059503193578658,0.0771383131645088,58.23607902154575,0.2386023854208311,0.778855108834462,0.0266780704259872,8094478.125,0.0102397613227367,0.1011917058001135,51.07407569885254,-0.3102710247039795,0.8328977720897007
LightGBM,cluster,K0,ELEC_2-15-4,219,17917266,14615,66,level,r2,44,0.4613928119979863,60,2701.4,365.1,results/stage6_panel_cluster/predictions/lightgbm/cluster/K0/ELEC_2-15-4_predictions.csv,lag_1,0.2635285358651624,2026-07-30T09:55:37,0.0081147986989966,1464220.158184003,0.0004949477231808,0.0222474205961237,36.44627555334511,0.012164459191247,0.2533465745246289,0.0105959624052047,1662733.0078125,0.0009125306969508,0.030208123029259,49.06240701675415,-0.8212639093399048,0.3308092879102853
LightGBM,cluster,K0,ELEC_2-15-5,219,17917266,14615,66,level,r2,44,0.4613928119979863,60,2701.6,365.1,results/stage6_panel_cluster/predictions/lightgbm/cluster/K0/ELEC_2-15-5_predictions.csv,lag_1,0.2845586998412746,2026-07-30T09:55:37,0.0115321184016084,61600.39051591384,0.0030886716507347,0.0555758189389479,27.566548134009366,0.0715416434815425,0.3600363733509743,0.013939787633717,68461.77978515625,0.0060342559590935,0.0776804734736701,32.60093629360199,-0.8139046430587769,0.4352045660774901
LightGBM,cluster,K0,ELEC_2-15-6,219,17917266,14615,66,level,r2,44,0.4613928119979863,60,2701.7,365.1,results/stage6_panel_cluster/predictions/lightgbm/cluster/K0/ELEC_2-15-6_predictions.csv,lag_1,0.2510817893282259,2026-07-30T09:55:37,0.0222924236516304,40.600646449101816,0.0069711461011452,0.0834933895655532,32.19261049527169,0.2005382562308727,0.6959764967048077,0.0245685949921607,41.01758301258087,0.0124289775267243,0.1114853242661308,32.14997351169586,-0.4253741502761841,0.7670392837861193
LightGBM,cluster,K0,ELEC_2-16-1,219,17917266,14615,66,level,r2,44,0.4613928119979863,60,2701.8,365.1,results/stage6_panel_cluster/predictions/lightgbm/cluster/K0/ELEC_2-16-1_predictions.csv,lag_1,0.2754613138660595,2026-07-30T09:55:37,0.0169196629921683,1651263.7881712108,0.0034795794168311,0.0589879599310835,38.373290702598965,0.1463927965071316,0.528237214523512,0.0198515225201845,1293245.3125,0.0066283219493925,0.0814145069959436,43.89612674713135,-0.626054048538208,0.6197707936007272
LightGBM,cluster,K0,ELEC_2-16-2,219,17917266,14615,66,level,r2,44,0.4613928119979863,60,2702.0,365.1,results/stage6_panel_cluster/predictions/lightgbm/cluster/K0/ELEC_2-16-2_predictions.csv,lag_1,0.2450270091463364,2026-07-30T09:55:37,0.0209893398462211,1204708.3014550738,0.0042450889792707,0.0651543473551129,35.73651190050297,0.2053938681537621,0.6552938093499405,0.0236749928444623,999021.19140625,0.0074477307498455,0.0863002360937993,38.85711431503296,-0.3940843343734741,0.7391407429221007
LightGBM,cluster,K0,ELEC_2-16-3,219,17917266,14615,66,level,r2,44,0.4613928119979863,60,2702.1,365.1,results/stage6_panel_cluster/predictions/lightgbm/cluster/K0/ELEC_2-16-3_predictions.csv,lag_1,0.257494363533677,2026-07-30T09:55:38,0.02027192432192,2620233.7240514844,0.0068974284310957,0.0830507581608727,39.10832728460927,0.2225333172312967,0.6328958704318804,0.0220444742590188,1997992.7734375,0.0125108752399683,0.1118520238528043,39.6604061126709,-0.4102050065994262,0.6882354384723512
LightGBM,cluster,K0,ELEC_2-17-2,219,17917266,14615,66,level,r2,44,0.4613928119979863,60,2702.3,365.1,results/stage6_panel_cluster/predictions/lightgbm/cluster/K0/ELEC_2-17-2_predictions.csv,lag_1,0.2057553866604308,2026-07-30T09:55:38,0.0193576681112256,261483.7721392883,0.0023133058614166,0.0480968383723576,31.93170538366057,0.302284451857046,0.6043525032075119,0.0218152571469545,205309.27734375,0.0036671147681772,0.0605567070453576,34.39781963825226,-0.1060374975204467,0.6810792079461258
LightGBM,cluster,K0,ELEC_2-17-3,219,17917266,14615,66,level,r2,44,0.4613928119979863,60,2702.4,365.1,results/stage6_panel_cluster/predictions/lightgbm/cluster/K0/ELEC_2-17-3_predictions.csv,lag_1,0.2490157028404973,2026-07-30T09:55:38,0.0186244334354884,86289.79325453813,0.0036481202147901,0.0603996706513382,32.45815786076762,0.3310800472450995,0.5814606853927761,0.0197023618966341,82148.388671875,0.0064685572870075,0.0804273416631904,33.90606343746185,-0.1860756874084472,0.6151139518931038
LightGBM,cluster,K0,ELEC_2-17-4,219,17917266,14615,66,level,r2,44,0.4613928119979863,60,2702.5,365.1,results/stage6_panel_cluster/predictions/lightgbm/cluster/K0/ELEC_2-17-4_predictions.csv,lag_1,0.2490285345487092,2026-07-30T09:55:38,0.0207819873996635,738138.9095754934,0.0045674770156929,0.0675831119118742,33.504055944410425,0.2323910174079216,0.6488202005762371,0.0237324647605419,684273.14453125,0.0080989645794034,0.0899942474795106,36.15603744983673,-0.3611096143722534,0.7409350342668649
LightGBM,cluster,K0,ELEC_2-17-5,219,17917266,14615,66,level,r2,44,0.4613928119979863,60,2702.7,365.1,results/stage6_panel_cluster/predictions/lightgbm/cluster/K0/ELEC_2-17-5_predictions.csv,lag_1,0.2011606960955654,2026-07-30T09:55:38,0.0166403154588713,15945081.884256115,0.0018998111538027,0.0435868231671311,54.5353205508346,0.3165900875810401,0.5195158964369098,0.0178070478141307,10751564.0625,0.0029770873952656,0.0545626923388655,56.80124759674072,-0.0709333419799804,0.5559416485173123
LightGBM,cluster,K0,ELEC_2-17-6,219,17917266,14615,66,level,r2,44,0.4613928119979863,60,2702.8,365.1,results/stage6_panel_cluster/predictions/lightgbm/cluster/K0/ELEC_2-17-6_predictions.csv,lag_1,0.2761627451399939,2026-07-30T09:55:38,0.0210013269293072,1054030.7156325798,0.0106279201755426,0.1030918045993117,36.6709664844381,0.1027981714191356,0.6556680498642226,0.0228641796857118,725330.76171875,0.0202845986932516,0.1424240102414322,36.851754784584045,-0.7124123573303223,0.7138269004019724
LightGBM,cluster,K0,ELEC_2-18-1,219,17917266,14615,66,level,r2,44,0.4613928119979863,60,2703.0,365.1,results/stage6_panel_cluster/predictions/lightgbm/cluster/K0/ELEC_2-18-1_predictions.csv,lag_1,0.236051952143899,2026-07-30T09:55:38,0.0242569834316157,16962234.91808848,0.0059514292575615,0.0771455070471482,53.755132432596774,0.3068674908301879,0.7573106725938129,0.0256373584270477,10721914.0625,0.0101974979043006,0.1009826614043256,61.426228284835815,-0.1876503229141235,0.8004064152763016
LightGBM,cluster,K0,ELEC_2-18-3,219,17917266,14615,66,level,r2,44,0.4613928119979863,60,2703.1,365.1,results/stage6_panel_cluster/predictions/lightgbm/cluster/K0/ELEC_2-18-3_predictions.csv,lag_1,0.2649364559358534,2026-07-30T09:55:39,0.0142768393937663,42578.92883538966,0.0032707917880497,0.0571908365741381,27.13385564169678,0.1501724882669314,0.445727428321324,0.0155949378386139,34243.76220703125,0.0060534523800015,0.0778039355045845,28.054597973823547,-0.5728273391723633,0.4868788774545824
LightGBM,cluster,K0,ELEC_2-18-4,219,17917266,14615,66,level,r2,44,0.4613928119979863,60,2703.3,365.1,results/stage6_panel_cluster/predictions/lightgbm/cluster/K0/ELEC_2-18-4_predictions.csv,lag_1,0.2418597695989719,2026-07-30T09:55:39,0.0185380140021858,2988520.9041399313,0.004106528706753,0.0640822027301888,40.19869872910811,0.2686400961312301,0.5787626434312075,0.0196866225451231,2244321.09375,0.0071445647627115,0.0845255272844335,43.93598437309265,-0.2724244594573974,0.614622564375254
LightGBM,cluster,K0,ELEC_2-18-5,219,17917266,14615,66,level,r2,44,0.4613928119979863,60,2703.4,365.1,results/stage6_panel_cluster/predictions/lightgbm/cluster/K0/ELEC_2-18-5_predictions.csv,lag_1,0.2724377337028655,2026-07-30T09:55:39,0.0163001374536028,400644.8124815104,0.0032819451496452,0.0572882636291694,31.56609687225066,0.116079785838439,0.5088954318314155,0.018550120294094,321626.4404296875,0.0061999899335205,0.0787400148178837,32.87988305091858,-0.6698317527770996,0.5791406056825099
LightGBM,cluster,K0,ELEC_2-18-6,219,17917266,14615,66,level,r2,44,0.4613928119979863,60,2703.6,365.1,results/stage6_panel_cluster/predictions/lightgbm/cluster/K0/ELEC_2-18-6_predictions.csv,lag_1,0.2850507998657703,2026-07-30T09:55:39,0.0139845987898637,21.936805633237167,0.0042354756847872,0.065080532302581,20.52890039011468,0.033101232810437,0.4366035845043609,0.0176968872547149,27.97342538833618,0.0082861315459012,0.0910281909405064,24.77242201566696,-0.8916060924530029,0.552502401111315
LightGBM,cluster,K0,ELEC_2-19-1,219,17917266,14615,66,level,r2,44,0.4613928119979863,60,2703.7,365.1,results/stage6_panel_cluster/predictions/lightgbm/cluster/K0/ELEC_2-19-1_predictions.csv,lag_1,0.2700794771985989,2026-07-30T09:55:39,0.0328006638933778,35.67667783745237,0.0180793110787094,0.1344593287158219,30.63142604903833,0.1242429151053224,1.0240470710072545,0.0366903841495513,38.394033908843994,0.0339336618781089,0.1842109168266337,31.80147111415863,-0.6437375545501709,1.1454853640954712
LightGBM,cluster,K0,ELEC_2-19-4,219,17917266,14615,66,level,r2,44,0.4613928119979863,60,2703.9,365.1,results/stage6_panel_cluster/predictions/lightgbm/cluster/K0/ELEC_2-19-4_predictions.csv,lag_1,0.2771080736908052,2026-07-30T09:55:39,0.0142237862175729,524000.4649635269,0.00279972757061,0.0529124519429034,33.8107836205432,0.1400052322429731,0.4440710914293307,0.0154498796910047,431106.005859375,0.0053575844503939,0.0731955220651777,35.18511354923248,-0.6456941366195679,0.4823501163396294
LightGBM,cluster,K0,ELEC_2-19-5,219,17917266,14615,66,level,r2,44,0.4613928119979863,60,2704.1,365.1,results/stage6_panel_cluster/predictions/lightgbm/cluster/K0/ELEC_2-19-5_predictions.csv,lag_1,0.2260005345280387,2026-07-30T09:55:40,0.0284662213361618,3425872.8143569133,0.0076900045038912,0.0876926707535541,47.54097975690297,0.2515251346252788,0.8887244074296324,0.0310694482177495,2955926.7578125,0.0128364600241184,0.1132981024736002,47.99642860889435,-0.2493836879730224,0.9699979716453702
LightGBM,cluster,K0,ELEC_2-20-2,219,17917266,14615,66,level,r2,44,0.4613928119979863,60,2704.3,365.1,results/stage6_panel_cluster/predictions/lightgbm/cluster/K0/ELEC_2-20-2_predictions.csv,lag_1,0.2403020146949428,2026-07-30T09:55:40,0.0159204294758677,2946361.427018941,0.0022603729182341,0.0475433793312393,40.67686983007558,0.2288910545496331,0.4970408290190544,0.0171310286968946,2216948.046875,0.0039165001362562,0.0625819473670819,41.798752546310425,-0.3360840082168579,0.534836118482893
LightGBM,cluster,K0,ELEC_2-21-1,219,17917266,14615,66,level,r2,44,0.4613928119979863,60,2704.5,365.1,results/stage6_panel_cluster/predictions/lightgbm/cluster/K0/ELEC_2-21-1_predictions.csv,lag_1,0.2485592886966325,2026-07-30T09:55:40,0.0188939693716639,167876.7750420142,0.0043990183725944,0.0663250960993987,28.093156528801263,0.24772258522006,0.5898756823229887,0.0211987681686878,150565.2099609375,0.0077905179932713,0.0882639110467656,29.92554306983948,-0.3322588205337524,0.6618322276241896
LightGBM,cluster,K0,ELEC_2-21-2,219,17917266,14615,66,level,r2,44,0.4613928119979863,60,2704.6,365.1,results/stage6_panel_cluster/predictions/lightgbm/cluster/K0/ELEC_2-21-2_predictions.csv,lag_1,0.2715513389987021,2026-07-30T09:55:40,0.0200264304898871,37536.603616944834,0.0047150581596433,0.068666281096644,29.938349110116548,0.147309194810379,0.6252314755750924,0.023562092334032,41095.16906738281,0.0088856490328907,0.0942637206611896,34.61996912956238,-0.6069175004959106,0.7356159533813392
LightGBM,cluster,K0,ELEC_2-21-3,219,17917266,14615,66,level,r2,44,0.4613928119979863,60,2704.8,365.1,results/stage6_panel_cluster/predictions/lightgbm/cluster/K0/ELEC_2-21-3_predictions.csv,lag_1,0.2841890438407696,2026-07-30T09:55:40,0.0164190083750993,33.24935590496182,0.0089650921267042,0.0946841704125046,27.439318259465335,0.1026317101807093,0.5126066194885357,0.0190612375736236,36.36804819107056,0.0174967776983976,0.1322753858372661,29.810047149658203,-0.751354455947876,0.595097848339087
LightGBM,cluster,K0,ELEC_2-21-5,219,17917266,14615,66,level,r2,44,0.4613928119979863,60,2705.0,365.1,results/stage6_panel_cluster/predictions/lightgbm/cluster/K0/ELEC_2-21-5_predictions.csv,lag_1,0.24698619967231,2026-07-30T09:55:40,0.0233864361595719,580035.4605746925,0.0048288227986372,0.0694897316057363,36.96681316804533,0.1778950103606563,0.7301319122184866,0.026814917102456,492696.240234375,0.0085159949958324,0.0922821488470681,40.56733846664429,-0.4498443603515625,0.8371701684860217
LightGBM,cluster,K0,ELEC_2-21-6,219,17917266,14615,66,level,r2,44,0.4613928119979863,60,2705.2,365.1,results/stage6_panel_cluster/predictions/lightgbm/cluster/K0/ELEC_2-21-6_predictions.csv,lag_1,0.1444971563298384,2026-07-30T09:55:41,0.0186441651349754,700104.5193056529,0.0018629804600143,0.0431622573554066,33.05830842492035,0.4911452963603984,0.5820767152734901,0.0192808751016855,492685.64453125,0.0025454547721892,0.050452500157963,34.544891119003296,0.3047342300415039,0.6019550012316671
LightGBM,cluster,K0,ELEC_2-22-1,219,17917266,14615,66,level,r2,44,0.4613928119979863,60,2705.3,365.1,results/stage6_panel_cluster/predictions/lightgbm/cluster/K0/ELEC_2-22-1_predictions.csv,lag_1,0.2762765789555647,2026-07-30T09:55:41,0.0154426418358084,363967.02321035066,0.0018610889640245,0.0431403403327387,30.878304288081253,0.0634644748600921,0.4821241482178193,0.0190872363746166,335318.017578125,0.0035532182082533,0.0596088769249462,37.2778058052063,-0.7880470752716064,0.5959095391052583
LightGBM,cluster,K0,ELEC_2-22-3,219,17917266,14615,66,level,r2,44,0.4613928119979863,60,2705.5,365.1,results/stage6_panel_cluster/predictions/lightgbm/cluster/K0/ELEC_2-22-3_predictions.csv,lag_1,0.2727945949619483,2026-07-30T09:55:41,0.0138332934322773,24329.345528141766,0.0036755757885958,0.0606265271032064,29.09087469565523,0.1356522656348752,0.4318797835237565,0.0157728362828493,20565.122985839844,0.0069504221901297,0.0833691920923416,32.452768087387085,-0.6344598531723022,0.4924329229869569
LightGBM,cluster,K0,ELEC_2-22-5,219,17917266,14615,66,level,r2,44,0.4613928119979863,60,2705.7,365.1,results/stage6_panel_cluster/predictions/lightgbm/cluster/K0/ELEC_2-22-5_predictions.csv,lag_1,0.2637963900760933,2026-07-30T09:55:41,0.0162658284751028,2112494.6422343366,0.0022966676511498,0.0479235605015932,35.7460462113804,0.1510271427492479,0.507824294702716,0.0189517624676227,1642196.6796875,0.0042374273762106,0.0650955250091025,40.86681604385376,-0.5663830041885376,0.591680001004873
LightGBM,cluster,K0,ELEC_2-23-1,219,17917266,14615,66,level,r2,44,0.4613928119979863,60,2705.9,365.1,results/stage6_panel_cluster/predictions/lightgbm/cluster/K0/ELEC_2-23-1_predictions.csv,lag_1,0.2714043015078263,2026-07-30T09:55:41,0.014136705443899,1294288.860906348,0.0021277021648019,0.0461270220673515,34.62591659661182,0.1079016103414393,0.4413524022128045,0.0171782411634922,1183764.0625,0.004008091520518,0.063309489972026,41.255658864974976,-0.6805037260055542,0.5363101065793358
LightGBM,cluster,K0,ELEC_2-23-3,219,17917266,14615,66,level,r2,44,0.4613928119979863,60,2706.1,365.1,results/stage6_panel_cluster/predictions/lightgbm/cluster/K0/ELEC_2-23-3_predictions.csv,lag_1,0.1278554383821478,2026-07-30T09:55:42,0.01185076937975,14528855.79094292,0.0007520209950163,0.0274230012036678,73.92004247409112,0.4534336904022071,0.3699847573806441,0.0114943543449044,6602839.84375,0.0009886737680062,0.0314431831722913,43.1651771068573,0.2814352512359619,0.3588573675911265
LightGBM,cluster,K0,ELEC_2-23-4,219,17917266,14615,66,level,r2,44,0.4613928119979863,60,2706.2,365.1,results/stage6_panel_cluster/predictions/lightgbm/cluster/K0/ELEC_2-23-4_predictions.csv,lag_1,0.173957173001184,2026-07-30T09:55:42,0.0088926974253068,3510966.601611914,0.0001662890405864,0.012895310798367,39.10987313135461,0.2299738289571727,0.2776328180838372,0.0100691076368093,3404083.984375,0.0002437016664771,0.0156109470076973,44.918546080589294,-0.1284968852996826,0.3143607158882274
LightGBM,cluster,K0,ELEC_2-24-1,219,17917266,14615,66,level,r2,44,0.4613928119979863,60,2706.5,365.1,results/stage6_panel_cluster/predictions/lightgbm/cluster/K0/ELEC_2-24-1_predictions.csv,lag_1,0.246591110296641,2026-07-30T09:55:42,0.0168450717502213,3647618.053591377,0.0033250020834891,0.0576628310394928,42.44258276789644,0.3566278623034761,0.5259084524262897,0.0179678425192832,3154334.765625,0.0058577447198331,0.0765359047756877,40.964749455451965,-0.1334457397460937,0.5609617099215618
LightGBM,cluster,K0,ELEC_2-24-2,219,17917266,14615,66,level,r2,44,0.4613928119979863,60,2706.7,365.1,results/stage6_panel_cluster/predictions/lightgbm/cluster/K0/ELEC_2-24-2_predictions.csv,lag_1,0.2819169628921699,2026-07-30T09:55:42,0.0133961472600914,382745.81750661565,0.0059757161287601,0.0773027562817791,31.69974673473943,0.082624552510757,0.4182319421665138,0.0149284983053803,335311.181640625,0.0115888575091958,0.1076515559998823,33.080291748046875,-0.7790895700454712,0.4660724250538084
LightGBM,cluster,K0,ELEC_3-1-1,219,17917266,14615,66,level,r2,44,0.4613928119979863,60,2707.0,365.1,results/stage6_panel_cluster/predictions/lightgbm/cluster/K0/ELEC_3-1-1_predictions.csv,lag_1,0.2284545707455317,2026-07-30T09:55:42,0.0237732510682808,52612.76387206987,0.0042627524818884,0.0652897578636068,34.69517346904607,0.2867978488365456,0.7422083956571415,0.0254389308393001,41095.867919921875,0.0071608917787671,0.0846220525558622,34.6350222826004,-0.1980905532836914,0.7942114434092548
LightGBM,cluster,K0,ELEC_3-1-2,219,17917266,14615,66,level,r2,44,0.4613928119979863,60,2707.2,365.1,results/stage6_panel_cluster/predictions/lightgbm/cluster/K0/ELEC_3-1-2_predictions.csv,lag_1,0.2844105400309803,2026-07-30T09:55:43,0.0157859335366999,24.54790302760683,0.0040426384899737,0.0635817465155979,22.530851556108587,0.0781044030043079,0.492841823382618,0.0200827922672033,30.139118432998657,0.0078947255387902,0.0888522680565343,26.96392834186554,-0.8003374338150024,0.6269911080375645
LightGBM,cluster,K0,ELEC_3-1-3,219,17917266,14615,66,level,r2,44,0.4613928119979863,60,2707.4,365.1,results/stage6_panel_cluster/predictions/lightgbm/cluster/K0/ELEC_3-1-3_predictions.csv,lag_1,0.1393729000267365,2026-07-30T09:55:43,0.0242730828624909,387360.8683174647,0.00295455500669,0.0543558185173407,33.89896892801501,0.5396218445681851,0.7578133019029718,0.0247163865715265,314783.8134765625,0.0039889817126095,0.0631583859246698,31.98270797729492,0.3784376978874206,0.7716533835025451
LightGBM,cluster,K0,ELEC_3-1-4,219,17917266,14615,66,level,r2,44,0.4613928119979863,60,2707.7,365.1,results/stage6_panel_cluster/predictions/lightgbm/cluster/K0/ELEC_3-1-4_predictions.csv,lag_1,0.2639150160133587,2026-07-30T09:55:43,0.019834741867801,33.56676862153217,0.0070504024609187,0.0839666747044251,27.964407634436935,0.1732351727997524,0.6192468963412476,0.0216010957956314,35.078972578048706,0.0130124175921082,0.1140719842560312,29.192066192626953,-0.5259000062942505,0.6743930230183359
LightGBM,cluster,K0,ELEC_3-1-5,219,17917266,14615,66,level,r2,44,0.4613928119979863,60,2707.9,365.1,results/stage6_panel_cluster/predictions/lightgbm/cluster/K0/ELEC_3-1-5_predictions.csv,lag_1,0.2868042738433184,2026-07-30T09:55:43,0.0211749684764608,246559.82947898432,0.0217721443397156,0.1475538692807328,31.877104020283813,0.0419126784355865,0.6610891937272196,0.0249770786613225,184782.71484375,0.0428039394319057,0.2068911294181211,33.30543041229248,-0.8835955858230591,0.7797922727597323
LightGBM,cluster,K0,ELEC_3-1-6,219,17917266,14615,66,level,r2,44,0.4613928119979863,60,2708.1,365.1,results/stage6_panel_cluster/predictions/lightgbm/cluster/K0/ELEC_3-1-6_predictions.csv,lag_1,0.2405490352283824,2026-07-30T09:55:44,0.025493141827778,464859.62419496325,0.0064315956083537,0.0801972294306587,36.39705215574035,0.3121814014718352,0.7959039275659051,0.027354771271348,362687.3046875,0.0111511396244168,0.1055989565498486,36.798107624053955,-0.1925439834594726,0.8540245858911653
LightGBM,cluster,K0,ELEC_3-2-1,219,17917266,14615,66,level,r2,44,0.4613928119979863,60,2708.3,365.1,results/stage6_panel_cluster/predictions/lightgbm/cluster/K0/ELEC_3-2-1_predictions.csv,lag_1,0.2519434472376888,2026-07-30T09:55:44,0.0162620870068034,2188240.063902176,0.0021823634535196,0.0467157730699133,34.67847605030098,0.1921219799638588,0.5077074848824721,0.0183434821665287,1888515.0390625,0.0038999426178634,0.0624495205575144,38.71771991252899,-0.443699836730957,0.5726892981730154
LightGBM,cluster,K0,ELEC_3-2-2,219,17917266,14615,66,level,r2,44,0.4613928119979863,60,2708.4,365.1,results/stage6_panel_cluster/predictions/lightgbm/cluster/K0/ELEC_3-2-2_predictions.csv,lag_1,0.2607525905706827,2026-07-30T09:55:44,0.0213213732535695,251847.97722929445,0.0062020041469445,0.0787528040576625,31.434999655758773,0.1543350232615564,0.6656599970398301,0.0241115298122167,225836.7919921875,0.0113488649949431,0.106531051787463,33.27111601829529,-0.5474574565887451,0.752769564724866
LightGBM,cluster,K0,ELEC_3-2-3,219,17917266,14615,66,level,r2,44,0.4613928119979863,60,2708.6,365.1,results/stage6_panel_cluster/predictions/lightgbm/cluster/K0/ELEC_3-2-3_predictions.csv,lag_1,0.2577443707271782,2026-07-30T09:55:44,0.0230524520069489,191500.76936043936,0.0066792860880406,0.0817268994153127,37.49518779598401,0.2427588940206101,0.719704821645923,0.025530619546771,171107.6171875,0.0121233612298965,0.1101061362045573,39.45610225200653,-0.3744443655014038,0.7970739937721139
LightGBM,cluster,K0,ELEC_3-3-3,219,17917266,14615,66,level,r2,44,0.4613928119979863,60,2708.8,365.1,results/stage6_panel_cluster/predictions/lightgbm/cluster/K0/ELEC_3-3-3_predictions.csv,lag_1,0.286070312413034,2026-07-30T09:55:44,0.0124804054780174,205510.76292924507,0.0053827469240939,0.0733672060534809,30.4493461663128,0.0770891449854415,0.3896421949351751,0.0145562775433063,191625.10986328125,0.0105607090517878,0.102765310546837,34.08006131649017,-0.810710072517395,0.4544515754756107
LightGBM,cluster,K0,ELEC_3-3-4,219,17917266,14615,66,level,r2,44,0.4613928119979863,60,2709.0,365.1,results/stage6_panel_cluster/predictions/lightgbm/cluster/K0/ELEC_3-3-4_predictions.csv,lag_1,0.2649391888046772,2026-07-30T09:55:44,0.0172028906689957,133321.01464304063,0.0046357914178564,0.0680866463989558,31.098395670327765,0.126087877288225,0.5370796719148051,0.0198049955070018,116359.87548828124,0.0085798036307096,0.092627229423694,35.33068895339966,-0.6174138784408569,0.6183182055760679
LightGBM,cluster,K0,ELEC_3-3-5,219,17917266,14615,66,level,r2,44,0.4613928119979863,60,2709.1,365.1,results/stage6_panel_cluster/predictions/lightgbm/cluster/K0/ELEC_3-3-5_predictions.csv,lag_1,0.2673451227797088,2026-07-30T09:55:45,0.0168285141196721,61945.78877048442,0.0035531671972478,0.0596084490424628,28.781062068357297,0.0900060381366447,0.525391517978809,0.0193315092474222,47931.30798339844,0.0066193714737892,0.0813595198719192,29.82496023178101,-0.6952728033065796,0.6035358152299194
LightGBM,cluster,K0,ELEC_3-4-5,219,17917266,14615,66,level,r2,44,0.4613928119979863,60,2709.3,365.1,results/stage6_panel_cluster/predictions/lightgbm/cluster/K0/ELEC_3-4-5_predictions.csv,lag_1,0.2706062663545928,2026-07-30T09:55:45,0.0124844475899216,6388857.228192763,0.000961625573213,0.0310100882490369,39.106530363930055,0.1624830091462291,0.389768390943572,0.0153007181361317,5934593.359375,0.0018075151601806,0.0425148816319724,49.84475374221802,-0.5742347240447998,0.4776932455558215
LightGBM,cluster,K0,ELEC_3-5-3,219,17917266,14615,66,level,r2,44,0.4613928119979863,60,2709.5,365.1,results/stage6_panel_cluster/predictions/lightgbm/cluster/K0/ELEC_3-5-3_predictions.csv,lag_1,0.259817752780526,2026-07-30T09:55:45,0.0173427756419346,30.84394912174762,0.0032726914412015,0.0572074421837017,26.936090054569156,0.1302207517990715,0.5414469248850998,0.0200602114200592,35.78033745288849,0.0059734843671321,0.0772883197328819,29.548320174217224,-0.5875658988952637,0.6262861268684647
LightGBM,cluster,K0,ELEC_3-5-4,219,17917266,14615,66,level,r2,44,0.4613928119979863,60,2709.6,365.1,results/stage6_panel_cluster/predictions/lightgbm/cluster/K0/ELEC_3-5-4_predictions.csv,lag_1,0.280349275101437,2026-07-30T09:55:45,0.0141004530900496,629398.1778110472,0.0028097224041851,0.0530068146957081,30.934057013289184,0.0656234258589427,0.4402205922928218,0.0171679779887199,581638.37890625,0.0054252515546977,0.073656306958045,37.112513184547424,-0.8041737079620361,0.5359896870262763
LightGBM,cluster,K0,ELEC_3-5-5,219,17917266,14615,66,level,r2,44,0.4613928119979863,60,2709.8,365.1,results/stage6_panel_cluster/predictions/lightgbm/cluster/K0/ELEC_3-5-5_predictions.csv,lag_1,0.2228494616459513,2026-07-30T09:55:45,0.0222565492512416,766672.2944533308,0.0037271764705515,0.0610506058164174,39.70221290765766,0.3022896371537411,0.6948564866110571,0.0237153600901365,602174.072265625,0.0061712004244327,0.078556988386984,39.10767734050751,-0.1552203893661499,0.7404010210625555
LightGBM,cluster,K0,ELEC_3-5-6,219,17917266,14615,66,level,r2,44,0.4613928119979863,60,2710.0,365.1,results/stage6_panel_cluster/predictions/lightgbm/cluster/K0/ELEC_3-5-6_predictions.csv,lag_1,0.2697308330016514,2026-07-30T09:55:45,0.017569326045698,39.22447325561219,0.0048201566358607,0.0694273478959176,30.61537345264473,0.1999429659862548,0.548519899937177,0.020842969417572,44.14107799530029,0.0090384762734174,0.0950709012969661,34.80002284049988,-0.5002199411392212,0.6507240784070717
LightGBM,cluster,K0,ELEC_3-6-1,219,17917266,14615,66,level,r2,44,0.4613928119979863,60,2710.1,365.1,results/stage6_panel_cluster/predictions/lightgbm/cluster/K0/ELEC_3-6-1_predictions.csv,lag_1,0.2667681901169888,2026-07-30T09:55:46,0.0223065769886834,41.5372368088856,0.0111866344544871,0.1057668873253207,32.84286062484581,0.086542317444238,0.6964183683511012,0.0260027386248111,43.19579303264618,0.0208073537796735,0.144247543409493,35.46338379383087,-0.6990489959716797,0.8118137002794338
LightGBM,cluster,K0,ELEC_3-6-3,219,17917266,14615,66,level,r2,44,0.4613928119979863,60,2710.3,365.1,results/stage6_panel_cluster/predictions/lightgbm/cluster/K0/ELEC_3-6-3_predictions.csv,lag_1,0.2726662245293846,2026-07-30T09:55:46,0.0128893420215072,562317.5507287581,0.0033640057776853,0.0580000498076107,33.38108514142835,0.0854768610059298,0.4024093227881294,0.0148901809006929,547428.662109375,0.0063590058125555,0.0797433747251491,37.74375021457672,-0.7287299633026123,0.4648761435954121
LightGBM,cluster,K0,ELEC_3-6-5,219,17917266,14615,66,level,r2,44,0.4613928119979863,60,2710.4,365.1,results/stage6_panel_cluster/predictions/lightgbm/cluster/K0/ELEC_3-6-5_predictions.csv,lag_1,0.2566500909337457,2026-07-30T09:55:46,0.0215061973509491,146743.82463512212,0.0082984384436605,0.0910957652345075,30.831068904721015,0.1389727970913302,0.671430263647492,0.0243927463889122,123202.099609375,0.0150179201737046,0.1225476241046909,32.52408504486084,-0.5582255125045776,0.7615492349358033
LightGBM,cluster,K0,ELEC_3-7-1,219,17917266,14615,66,level,r2,44,0.4613928119979863,60,2710.6,365.1,results/stage6_panel_cluster/predictions/lightgbm/cluster/K0/ELEC_3-7-1_predictions.csv,lag_1,0.2897687932199689,2026-07-30T09:55:46,0.0128473176689145,22.368172931707825,0.0060464882945849,0.0777591685564148,19.70848388151637,0.1177510129853067,0.4010973092470787,0.01481628511101,23.70087057352066,0.0119868125766515,0.1094843028778626,20.371130108833313,-0.7490073442459106,0.4625690937371992
LightGBM,cluster,K0,ELEC_3-7-2,219,17917266,14615,66,level,r2,44,0.4613928119979863,60,2710.7,365.1,results/stage6_panel_cluster/predictions/lightgbm/cluster/K0/ELEC_3-7-2_predictions.csv,lag_1,0.2742253914372935,2026-07-30T09:55:46,0.0186891982896602,22578.73131497491,0.0064014369685773,0.080008980549544,26.671775680602373,0.248314483757535,0.5834826645647352,0.0205275416374206,20559.698486328125,0.0121527323499321,0.1102394319194914,27.99779176712036,-0.4270286560058594,0.6408763236351465
LightGBM,cluster,K0,ELEC_3-7-3,219,17917266,14615,66,level,r2,44,0.4613928119979863,60,2710.9,365.1,results/stage6_panel_cluster/predictions/lightgbm/cluster/K0/ELEC_3-7-3_predictions.csv,lag_1,0.2823237695992749,2026-07-30T09:55:46,0.0115881288181942,29.16376180146147,0.0022085022830762,0.0469947048408247,25.33035275310719,0.0459284787004435,0.3617850362206342,0.0141122136265039,33.916452527046204,0.0042878612875938,0.0654817630153147,29.946866631507874,-0.8523530960083008,0.4405877599498122
LightGBM,cluster,K0,ELEC_3-7-5,219,17917266,14615,66,level,r2,44,0.4613928119979863,60,2711.0,365.1,results/stage6_panel_cluster/predictions/lightgbm/cluster/K0/ELEC_3-7-5_predictions.csv,lag_1,0.2593217930788366,2026-07-30T09:55:46,0.0216870049183259,121393.55181762556,0.0061957667060369,0.0787131927064131,29.891121557129814,0.2443570144756314,0.6770751329217859,0.0234793033450841,95828.8818359375,0.0112936915829777,0.1062717816872276,30.538639426231384,-0.3773918151855469,0.7330312550374489
LightGBM,cluster,K0,ELEC_3-8-1,219,17917266,14615,66,level,r2,44,0.4613928119979863,60,2711.2,365.1,results/stage6_panel_cluster/predictions/lightgbm/cluster/K0/ELEC_3-8-1_predictions.csv,lag_1,0.273738172438577,2026-07-30T09:55:47,0.0158100822487913,47640.34553893025,0.0031788746435532,0.0563815097665297,34.9096951476041,0.0825763320713609,0.4935957537898272,0.0185097511857748,47944.873046875,0.0060268025845289,0.0776324840806277,39.24807608127594,-0.7393361330032349,0.5778802693896863
LightGBM,cluster,K0,ELEC_3-8-5,219,17917266,14615,66,level,r2,44,0.4613928119979863,60,2711.4,365.1,results/stage6_panel_cluster/predictions/lightgbm/cluster/K0/ELEC_3-8-5_predictions.csv,lag_1,0.2286612444068905,2026-07-30T09:55:47,0.0117519120684694,15117460.513279429,0.0011195159039905,0.0334591677121608,53.57593478755208,0.282586925740636,0.3668984009461056,0.0119958948343992,10061625.78125,0.0018816548399627,0.0433780455986979,59.1926634311676,-0.2058104276657104,0.3745156198426118
LightGBM,cluster,K0,ELEC_3-8-6,219,17917266,14615,66,level,r2,44,0.4613928119979863,60,2711.5,365.1,results/stage6_panel_cluster/predictions/lightgbm/cluster/K0/ELEC_3-8-6_predictions.csv,lag_1,0.2636574206689173,2026-07-30T09:55:47,0.0168430951828523,42.97154824734958,0.0043437260411503,0.0659069498698762,33.108708287697404,0.1835895353632316,0.5258467433696838,0.0175744090229272,38.10213804244995,0.0080112926661968,0.0895058247612792,31.304484605789185,-0.5057358741760254,0.5486785920892774
LightGBM,cluster,K0,ELEC_3-9-1,219,17917266,14615,66,level,r2,44,0.4613928119979863,60,2711.7,365.1,results/stage6_panel_cluster/predictions/lightgbm/cluster/K0/ELEC_3-9-1_predictions.csv,lag_1,0.2275609305076588,2026-07-30T09:55:47,0.0183651897681082,330539.62653828907,0.0043646931587979,0.066065824438948,33.02518689290493,0.2814846334522511,0.5733670163401949,0.0196777284145355,273731.4208984375,0.0073151839897036,0.0855288488739539,34.10065770149231,-0.2042248249053955,0.614344886813392
LightGBM,cluster,K0,ELEC_3-9-2,219,17917266,14615,66,level,r2,44,0.4613928119979863,60,2711.9,365.1,results/stage6_panel_cluster/predictions/lightgbm/cluster/K0/ELEC_3-9-2_predictions.csv,lag_1,0.2625642633999488,2026-07-30T09:55:47,0.011513385577883,31.16577510381714,0.0011928863120564,0.034538186287882,26.140012865714425,0.1964565178794354,0.3594515286865485,0.0128094414249062,31.931617856025696,0.0021935659460723,0.0468355201323988,27.4154394865036,-0.4776140451431274,0.3999148009642128
LightGBM,cluster,K0,ELEC_3-9-3,219,17917266,14615,66,level,r2,44,0.4613928119979863,60,2712.3,365.1,results/stage6_panel_cluster/predictions/lightgbm/cluster/K0/ELEC_3-9-3_predictions.csv,lag_1,0.2757470453620084,2026-07-30T09:55:48,0.0186894443748022,353407.63359793695,0.0057278481439319,0.0756825484767256,31.073700556905617,0.2026573057998173,0.5834903474204748,0.0207594949752092,273731.1279296875,0.0109197059646248,0.1044973969275066,32.52013921737671,-0.5200735330581665,0.6481179799913981
LightGBM,cluster,K0,ELEC_3-9-4,219,17917266,14615,66,level,r2,44,0.4613928119979863,60,2712.5,365.1,results/stage6_panel_cluster/predictions/lightgbm/cluster/K0/ELEC_3-9-4_predictions.csv,lag_1,0.277570473364355,2026-07-30T09:55:48,0.0182526225915116,21941.866679025712,0.0043161467010794,0.0656973873230851,26.699758260532917,0.0789813039454219,0.5698526335868459,0.0221580546349287,13720.17822265625,0.0082699945196509,0.0909395102232848,30.709365010261536,-0.7647265195846558,0.691781453627789
LightGBM,cluster,K0,ELEC_3-9-5,219,17917266,14615,66,level,r2,44,0.4613928119979863,60,2712.7,365.1,results/stage6_panel_cluster/predictions/lightgbm/cluster/K0/ELEC_3-9-5_predictions.csv,lag_1,0.1905756040458456,2026-07-30T09:55:48,0.0088170047581548,28062990.183566757,0.0005818479030546,0.0241215236470388,128.95954491656855,0.5799118064787856,0.2752696691443621,0.0084885386750102,14245664.0625,0.0008880898240022,0.0298008359614665,58.20242762565613,0.3588082194328308,0.2650148544411313
LightGBM,cluster,K0,ELEC_3-10-2,219,17917266,14615,66,level,r2,44,0.4613928119979863,60,2712.9,365.1,results/stage6_panel_cluster/predictions/lightgbm/cluster/K0/ELEC_3-10-2_predictions.csv,lag_1,0.2686813654149081,2026-07-30T09:55:48,0.0252863793555489,1448414.922392204,0.0087254117907707,0.0934099127007981,39.91091750292275,0.1100848872781918,0.7894487379767972,0.0284077990800142,964815.33203125,0.0163144581019878,0.1277280630949512,42.357075214385986,-0.6639307737350464,0.8869004461682357
LightGBM,cluster,K0,ELEC_3-10-3,219,17917266,14615,66,level,r2,44,0.4613928119979863,60,2713.2,365.1,results/stage6_panel_cluster/predictions/lightgbm/cluster/K0/ELEC_3-10-3_predictions.csv,lag_1,0.2660233231370549,2026-07-30T09:55:49,0.0186434092048775,42.65539098896279,0.0073895231885523,0.0859623358718942,33.11791770573055,0.1803199276332174,0.5820531148974385,0.0204399581998586,41.66795313358307,0.0137167712673544,0.1171186204979997,33.95949900150299,-0.5215275287628174,0.6381419410935111
LightGBM,cluster,K0,ELEC_3-10-4,219,17917266,14615,66,level,r2,44,0.4613928119979863,60,2713.5,365.1,results/stage6_panel_cluster/predictions/lightgbm/cluster/K0/ELEC_3-10-4_predictions.csv,lag_1,0.2737461861950081,2026-07-30T09:55:49,0.0179156711962322,695541.7642511904,0.0062556368922447,0.0790925843062722,33.10736647610978,0.1400403548010301,0.5593329047627794,0.019347246736288,540581.54296875,0.0118602728471159,0.108904879813147,34.087374806404114,-0.6304265260696411,0.6040271445954002
LightGBM,cluster,K0,ELEC_3-10-6,219,17917266,14615,66,level,r2,44,0.4613928119979863,60,2713.7,365.1,results/stage6_panel_cluster/predictions/lightgbm/cluster/K0/ELEC_3-10-6_predictions.csv,lag_1,0.2789555379222079,2026-07-30T09:55:49,0.016321457670957,31.23943548604508,0.0040522357299012,0.0636571734363162,26.996972915620347,0.0665947643510678,0.5095610557409126,0.0196989402174949,36.54977083206177,0.0077941832132637,0.0882846714512986,31.47939145565033,-0.7953377962112427,0.6150071259912944
LightGBM,cluster,K0,ELEC_3-11-1,219,17917266,14615,66,level,r2,44,0.4613928119979863,60,2713.8,365.1,results/stage6_panel_cluster/predictions/lightgbm/cluster/K0/ELEC_3-11-1_predictions.csv,lag_1,0.2836119346007176,2026-07-30T09:55:49,0.0152626924536486,660425.4000262788,0.005403875019581,0.0735110537237842,32.84527209433435,0.0598552199706557,0.4765060717566424,0.0173622984439134,465317.87109375,0.0105295209214091,0.102613453900593,34.638285636901855,-0.831884503364563,0.5420564329197304
LightGBM,cluster,K0,ELEC_3-11-2,219,17917266,14615,66,level,r2,44,0.4613928119979863,60,2714.0,365.1,results/stage6_panel_cluster/predictions/lightgbm/cluster/K0/ELEC_3-11-2_predictions.csv,lag_1,0.2768351685227158,2026-07-30T09:55:49,0.0139049807063075,1546301.6814769623,0.0024985932443694,0.0499859304641756,31.1211234792548,0.1082648829918766,0.4341178828267988,0.0161751639097929,1341129.39453125,0.0047777229920029,0.069121074875923,35.411137342453,-0.7051446437835693,0.5049937183811032
LightGBM,cluster,K0,ELEC_3-11-4,219,17917266,14615,66,level,r2,44,0.4613928119979863,60,2714.1,365.1,results/stage6_panel_cluster/predictions/lightgbm/cluster/K0/ELEC_3-11-4_predictions.csv,lag_1,0.272105965034249,2026-07-30T09:55:50,0.023259213822113,9466190.84996586,0.0126851710904116,0.1126284648319936,39.91747310521069,0.1100921626236253,0.726159990721257,0.0255525149405002,3621888.671875,0.0239419769495725,0.1547319519348624,37.04756200313568,-0.6796109676361084,0.7977575748694304
LightGBM,cluster,K0,ELEC_3-11-5,219,17917266,14615,66,level,r2,44,0.4613928119979863,60,2714.3,365.1,results/stage6_panel_cluster/predictions/lightgbm/cluster/K0/ELEC_3-11-5_predictions.csv,lag_1,0.2800503583794029,2026-07-30T09:55:50,0.009871930873233,30.275319035347593,0.0012594436474818,0.0354886411050329,25.65058650560208,0.0126109499135722,0.3082047951462771,0.012162847444415,36.19515597820282,0.0024298222269862,0.0492932269889717,31.43223822116852,-0.9049522876739502,0.3797279329786969
LightGBM,cluster,K0,ELEC_3-11-6,219,17917266,14615,66,level,r2,44,0.4613928119979863,60,2714.5,365.1,results/stage6_panel_cluster/predictions/lightgbm/cluster/K0/ELEC_3-11-6_predictions.csv,lag_1,0.2266844560786278,2026-07-30T09:55:50,0.020561789071381,69138.07010003345,0.0031628118478301,0.0562388819930673,36.05376364536848,0.1944407902948198,0.641945539323909,0.022262742742896,54784.112548828125,0.0052888332866132,0.072724365150981,35.06638705730438,-0.347050666809082,0.6950498493737339
LightGBM,cluster,K0,ELEC_3-12-1,219,17917266,14615,66,level,r2,44,0.4613928119979863,60,2714.7,365.1,results/stage6_panel_cluster/predictions/lightgbm/cluster/K0/ELEC_3-12-1_predictions.csv,lag_1,0.2427645553985192,2026-07-30T09:55:50,0.0217629424365841,3186928.969890734,0.0054658295336002,0.0739312486949888,37.39804006773074,0.2318879244139254,0.6794459261900152,0.0236489903181791,2182733.59375,0.0095322234556078,0.0976331063502943,39.52412903308869,-0.3395617008209228,0.7383289358511913
LightGBM,cluster,K0,ELEC_3-12-3,219,17917266,14615,66,level,r2,44,0.4613928119979863,60,2714.9,365.1,results/stage6_panel_cluster/predictions/lightgbm/cluster/K0/ELEC_3-12-3_predictions.csv,lag_1,0.2812421513587241,2026-07-30T09:55:50,0.0129630048714777,2681227.7094700085,0.0038755900314064,0.0622542370558538,36.62598377690315,0.0913656673339957,0.4047091001950593,0.0146828601136803,2237474.21875,0.0075019234791398,0.0866136448785051,40.76397120952606,-0.7588298320770264,0.4584035232426877
LightGBM,cluster,K0,ELEC_3-12-5,219,17917266,14615,66,level,r2,44,0.4613928119979863,60,2715.1,365.1,results/stage6_panel_cluster/predictions/lightgbm/cluster/K0/ELEC_3-12-5_predictions.csv,lag_1,0.2519978895529154,2026-07-30T09:55:51,0.0175102287579631,29.145330074039716,0.0030854778856375,0.0555470781017107,25.170191583418237,0.2161264338105701,0.5466748639767417,0.0199924744665622,31.920886039733887,0.0055146352387964,0.074260590078429,27.409163117408752,-0.4010072946548462,0.6241713578182719
LightGBM,cluster,K0,ELEC_3-12-6,219,17917266,14615,66,level,r2,44,0.4613928119979863,60,2715.3,365.1,results/stage6_panel_cluster/predictions/lightgbm/cluster/K0/ELEC_3-12-6_predictions.csv,lag_1,0.2538618762913524,2026-07-30T09:55:51,0.015692610243196,47422.38244692704,0.002631060938107,0.0512938684260319,31.193060633585496,0.2176619052856536,0.4899282407283143,0.0169565510004758,41092.01354980469,0.0047259861603379,0.0687458083110375,30.874747037887573,-0.4052580595016479,0.5293888697761436
LightGBM,cluster,K0,ELEC_3-13-1,219,17917266,14615,66,level,r2,44,0.4613928119979863,60,2715.4,365.1,results/stage6_panel_cluster/predictions/lightgbm/cluster/K0/ELEC_3-13-1_predictions.csv,lag_1,0.2367825400807917,2026-07-30T09:55:51,0.0144701694168775,106175.85334993416,0.0027167269949354,0.052122231292755,36.12376121157797,0.2676567419516389,0.451763252612819,0.0158610995858907,102687.20703125,0.0046639018692076,0.06829276586292,40.04756212234497,-0.2572396993637085,0.4951885311432686
LightGBM,cluster,K0,ELEC_3-13-3,219,17917266,14615,66,level,r2,44,0.4613928119979863,60,2715.6,365.1,results/stage6_panel_cluster/predictions/lightgbm/cluster/K0/ELEC_3-13-3_predictions.csv,lag_1,0.2757250355662893,2026-07-30T09:55:51,0.0182846220376207,15222678.517118366,0.0101715948622012,0.1008543249553593,69.28487937425793,0.1647229782610789,0.5708516663859492,0.0196619909256696,3024325.0,0.0193901918828487,0.1392486692318771,32.84274935722351,-0.5922954082489014,0.6138535574479111
LightGBM,cluster,K0,ELEC_3-13-4,219,17917266,14615,66,level,r2,44,0.4613928119979863,60,2715.8,365.1,results/stage6_panel_cluster/predictions/lightgbm/cluster/K0/ELEC_3-13-4_predictions.csv,lag_1,0.2623830741658912,2026-07-30T09:55:51,0.0087195187073831,12136025.196780711,0.0006681112816328,0.0258478486848108,48.03847185317166,0.1135627787912282,0.2722261238953576,0.0094245634973049,8352192.96875,0.0012279680231586,0.0350423746792167,55.88798522949219,-0.6292444467544556,0.29423784458477
LightGBM,cluster,K0,ELEC_3-13-5,219,17917266,14615,66,level,r2,44,0.4613928119979863,60,2716.0,365.1,results/stage6_panel_cluster/predictions/lightgbm/cluster/K0/ELEC_3-13-5_predictions.csv,lag_1,0.2503335392921318,2026-07-30T09:55:51,0.0133502582955008,1479763.3208462847,0.0010019984511141,0.0316543591170965,32.99966590440516,0.2969682137970495,0.4167992742201174,0.0150236049667,1135860.546875,0.0017829160206019,0.0422245902360459,35.62327027320862,-0.2509467601776123,0.469041685013739
LightGBM,cluster,K0,ELEC_3-14-3,219,17917266,14615,66,level,r2,44,0.4613928119979863,60,2716.1,365.1,results/stage6_panel_cluster/predictions/lightgbm/cluster/K0/ELEC_3-14-3_predictions.csv,lag_1,0.2742203711321267,2026-07-30T09:55:52,0.014493508094751,23631.812180896475,0.0040803699268419,0.0638777733397303,31.896175750965867,0.0522132844196753,0.4524918934962852,0.0168936029076576,20571.30126953125,0.0077462228946387,0.0880126291769469,34.92738902568817,-0.7992897033691406,0.527423610466589
LightGBM,cluster,K0,ELEC_3-14-4,219,17917266,14615,66,level,r2,44,0.4613928119979863,60,2716.3,365.1,results/stage6_panel_cluster/predictions/lightgbm/cluster/K0/ELEC_3-14-4_predictions.csv,lag_1,0.2599958793989702,2026-07-30T09:55:52,0.0234355226098148,232941.71721240936,0.0064521275247685,0.0803251363196385,31.054067917082943,0.2406425405167657,0.7316644066753296,0.0249367095530033,171095.37353515625,0.0117824245244264,0.1085468770827906,31.022778153419495,-0.3866852521896362,0.7785319364669087
LightGBM,cluster,K0,ELEC_3-14-5,219,17917266,14615,66,level,r2,44,0.4613928119979863,60,2716.4,365.1,results/stage6_panel_cluster/predictions/lightgbm/cluster/K0/ELEC_3-14-5_predictions.csv,lag_1,0.2516672239634684,2026-07-30T09:55:52,0.0303765238381979,48.38822706743434,0.0071964054737692,0.0848316301491914,38.20351967260813,0.165561479833922,0.9483646539900954,0.0343824848532676,51.53403282165527,0.0128506794571876,0.1133608374051094,39.2467200756073,-0.4900637865066528,1.0734320202295808
LightGBM,cluster,K0,ELEC_3-14-6,219,17917266,14615,66,level,r2,44,0.4613928119979863,60,2716.6,365.1,results/stage6_panel_cluster/predictions/lightgbm/cluster/K0/ELEC_3-14-6_predictions.csv,lag_1,0.0802145001027856,2026-07-30T09:55:52,0.0038179897891424,31873087.667136792,2.037783544510072e-05,0.00451418159195,190.712730941349,-0.5052763423895326,0.1191988452860631,0.0018118370790034,8815153.125,2.408712316537276e-05,0.0049078634012544,34.501656889915466,-0.7792750597000122,0.0565661250006106
LightGBM,cluster,K0,ELEC_3-15-1,219,17917266,14615,66,level,r2,44,0.4613928119979863,60,2716.7,365.1,results/stage6_panel_cluster/predictions/lightgbm/cluster/K0/ELEC_3-15-1_predictions.csv,lag_1,0.2748343436845903,2026-07-30T09:55:52,0.0210101171055634,736441.7149716051,0.0100614341243453,0.1003067002963678,34.712888474545764,0.1307899561004997,0.6559424819390742,0.0241046845912933,615852.978515625,0.0191331040114164,0.1383224638712614,37.33992874622345,-0.65291428565979,0.7525558547688781
LightGBM,cluster,K0,ELEC_3-15-3,219,17917266,14615,66,level,r2,44,0.4613928119979863,60,2716.9,365.1,results/stage6_panel_cluster/predictions/lightgbm/cluster/K0/ELEC_3-15-3_predictions.csv,lag_1,0.2672790456655881,2026-07-30T09:55:52,0.0134857732651543,30.773630723896343,0.0019075676542822,0.0436757101176638,25.62471623020699,0.2595399748518761,0.4210300943096866,0.0149907628074288,31.24886155128479,0.0035530615132302,0.0596075625506546,27.045607566833496,-0.3791912794113159,0.4680163424439487
LightGBM,cluster,K0,ELEC_3-15-4,219,17917266,14615,66,level,r2,44,0.4613928119979863,60,2717.1,365.1,results/stage6_panel_cluster/predictions/lightgbm/cluster/K0/ELEC_3-15-4_predictions.csv,lag_1,0.2751283219013694,2026-07-30T09:55:53,0.0252511821844163,34.080223543117526,0.0144883561911098,0.1203675877930177,28.798206544602,0.1351987204663721,0.7883498711940014,0.0283434819430112,36.052900552749634,0.0275738146156072,0.1660536498111597,29.308772087097168,-0.6458644866943359,0.8848924448674835
LightGBM,cluster,K0,ELEC_3-15-5,219,17917266,14615,66,level,r2,44,0.4613928119979863,60,2717.3,365.1,results/stage6_panel_cluster/predictions/lightgbm/cluster/K0/ELEC_3-15-5_predictions.csv,lag_1,0.273156789596038,2026-07-30T09:55:53,0.0194093602750578,27.05968222976713,0.006872849755898,0.0829026522850627,24.58374427509917,0.1037742355413725,0.6059663488643686,0.0226144362241029,30.680176615715027,0.0130093432962894,0.1140585082152552,26.124307513237,-0.6964297294616699,0.706029830769628
LightGBM,cluster,K0,ELEC_3-16-3,219,17917266,14615,66,level,r2,44,0.4613928119979863,60,2717.4,365.1,results/stage6_panel_cluster/predictions/lightgbm/cluster/K0/ELEC_3-16-3_predictions.csv,lag_1,0.2658848082375665,2026-07-30T09:55:53,0.0213367838603477,42.58837391395339,0.0112912253849233,0.1062601777945216,32.114714097330335,0.2004904194396134,0.6661411210434456,0.0232021901756525,41.104698181152344,0.0209513809531927,0.1447459186063383,33.442625403404236,-0.4835264682769775,0.7243796944953665
LightGBM,cluster,K0,ELEC_3-16-4,219,17917266,14615,66,level,r2,44,0.4613928119979863,60,2717.6,365.1,results/stage6_panel_cluster/predictions/lightgbm/cluster/K0/ELEC_3-16-4_predictions.csv,lag_1,0.2322495515542236,2026-07-30T09:55:53,0.0205318459246607,533846.490003542,0.0030842256221273,0.0555358048661167,36.7889633064064,0.2587989093847553,0.6410107048402128,0.022855969145894,499535.546875,0.005232460796833,0.0723357504753565,38.57322335243225,-0.2574648857116699,0.7135705647595249
LightGBM,cluster,K0,ELEC_3-16-6,219,17917266,14615,66,level,r2,44,0.4613928119979863,60,2717.8,365.1,results/stage6_panel_cluster/predictions/lightgbm/cluster/K0/ELEC_3-16-6_predictions.csv,lag_1,0.274252109671744,2026-07-30T09:55:53,0.0179206649315664,568656.9079016389,0.0039478030638,0.0628315451329986,37.606898206889454,0.1012792304383372,0.5594888107547761,0.0213581938296556,479013.0859375,0.0074952119030058,0.0865748918740638,43.483299016952515,-0.7062913179397583,0.6668095470372415
LightGBM,cluster,K0,ELEC_3-17-1,219,17917266,14615,66,level,r2,44,0.4613928119979863,60,2717.9,365.1,results/stage6_panel_cluster/predictions/lightgbm/cluster/K0/ELEC_3-17-1_predictions.csv,lag_1,0.2574628471108727,2026-07-30T09:55:53,0.0222805086093742,23599.46915720978,0.0072785705122742,0.0853145386922667,28.062539226840215,0.1895343318418156,0.6956045053279548,0.0244851186871528,20561.49444580078,0.0132010877132415,0.1148959864975342,29.485607147216797,-0.4699355363845825,0.7644331272180768
LightGBM,cluster,K0,ELEC_3-17-2,219,17917266,14615,66,level,r2,44,0.4613928119979863,60,2718.1,365.1,results/stage6_panel_cluster/predictions/lightgbm/cluster/K0/ELEC_3-17-2_predictions.csv,lag_1,0.2802353334209729,2026-07-30T09:55:54,0.0122612741604439,113239.84128497238,0.0032905725715054,0.0573635125450441,22.630542061384578,0.034752258543635,0.3828008460936816,0.0144762238487601,75293.23120117188,0.006351706571877,0.0796975945175072,25.113457441329956,-0.8631927967071533,0.4519522738855622
LightGBM,cluster,K0,ELEC_3-17-3,219,17917266,14615,66,level,r2,44,0.4613928119979863,60,2718.3,365.1,results/stage6_panel_cluster/predictions/lightgbm/cluster/K0/ELEC_3-17-3_predictions.csv,lag_1,0.2821979086159073,2026-07-30T09:55:54,0.0088878312612176,28.11108193135916,0.0013166590772691,0.0362857971838732,24.006472533745733,0.041412744971395,0.2774808949063411,0.0103838518261909,30.66920042037964,0.002555429469794,0.0505512558676244,27.053308486938477,-0.8604679107666016,0.3241871287407383
LightGBM,cluster,K0,ELEC_3-17-4,219,17917266,14615,66,level,r2,44,0.4613928119979863,60,2718.4,365.1,results/stage6_panel_cluster/predictions/lightgbm/cluster/K0/ELEC_3-17-4_predictions.csv,lag_1,0.2793877781938757,2026-07-30T09:55:54,0.0129300857147291,89263.60693068439,0.0039656549690368,0.06297344653929,29.37926715419566,0.092906805073186,0.4036813537397443,0.0143571672961115,75302.92358398438,0.0076368045993149,0.0873888127812417,31.256288290023804,-0.7468216419219971,0.448235290765334
LightGBM,cluster,K0,ELEC_3-17-5,219,17917266,14615,66,level,r2,44,0.4613928119979863,60,2718.6,365.1,results/stage6_panel_cluster/predictions/lightgbm/cluster/K0/ELEC_3-17-5_predictions.csv,lag_1,0.2633392386915911,2026-07-30T09:55:54,0.0119175118548423,17839382.537378535,0.0025651625620952,0.0506474339142198,55.25798366655286,0.1222926703084501,0.3720684785014179,0.0138823119923472,14414467.1875,0.0047269370406866,0.0687527238783061,71.32754921913147,-0.6173893213272095,0.4334101584279879
LightGBM,cluster,K0,ELEC_3-17-6,219,17917266,14615,66,level,r2,44,0.4613928119979863,60,2718.8,365.1,results/stage6_panel_cluster/predictions/lightgbm/cluster/K0/ELEC_3-17-6_predictions.csv,lag_1,0.1830944403141029,2026-07-30T09:55:54,0.0186081077808017,8888920.976193212,0.0017129131287732,0.0413873546964919,45.74274734425905,0.3181957730399132,0.5809509933048781,0.0218077320605516,8140098.4375,0.002566797658801,0.0506635732928608,55.97103834152222,-0.0216825008392334,0.6808442723754615
LightGBM,cluster,K0,ELEC_3-18-1,219,17917266,14615,66,level,r2,44,0.4613928119979863,60,2718.9,365.1,results/stage6_panel_cluster/predictions/lightgbm/cluster/K0/ELEC_3-18-1_predictions.csv,lag_1,0.2472229243268864,2026-07-30T09:55:54,0.012029050394031,397049.9995486338,0.001350186201183,0.0367448799315365,35.049594832360356,0.0783801632984732,0.3755507468704943,0.0138953132554888,369529.931640625,0.0023826535325497,0.0488124321515506,39.34248685836792,-0.6263689994812012,0.4338160619634426
LightGBM,cluster,K0,ELEC_3-18-2,219,17917266,14615,66,level,r2,44,0.4613928119979863,60,2719.1,365.1,results/stage6_panel_cluster/predictions/lightgbm/cluster/K0/ELEC_3-18-2_predictions.csv,lag_1,0.0129609412888027,2026-07-30T09:55:55,0.0219690616483874,33.57600505933865,0.0065497841634287,0.0809307368274176,28.789031011546403,0.1757111628956641,0.6858810329857693,0.0245193280279636,36.19062304496765,0.0067229256965219,0.0819934491073646,30.318334698677063,0.1539213061332702,0.7655011536266958
LightGBM,cluster,K0,ELEC_3-18-4,219,17917266,14615,66,level,r2,44,0.4613928119979863,60,2719.3,365.1,results/stage6_panel_cluster/predictions/lightgbm/cluster/K0/ELEC_3-18-4_predictions.csv,lag_1,0.2585517346680995,2026-07-30T09:55:55,0.0147350797231011,42.5450205142874,0.0026241636475144,0.051226591215056,32.63675268835255,0.2361430938248004,0.4600338359171592,0.0160054732114076,42.10231006145477,0.004773415159434,0.0690899063498719,34.37437117099762,-0.3894736766815185,0.4996959212626228
LightGBM,cluster,K0,ELEC_3-18-6,219,17917266,14615,66,level,r2,44,0.4613928119979863,60,2719.5,365.1,results/stage6_panel_cluster/predictions/lightgbm/cluster/K0/ELEC_3-18-6_predictions.csv,lag_1,0.2782031068344741,2026-07-30T09:55:55,0.0187845741785887,38.106506313169376,0.0086154200630649,0.0928192871286188,31.04014642559826,0.0655179876501403,0.5864603298955171,0.0219254195690155,43.0964320898056,0.016536608338356,0.12859474459851,32.949841022491455,-0.7936632633209229,0.684518513504492
LightGBM,cluster,K0,ELEC_3-19-1,219,17917266,14615,66,level,r2,44,0.4613928119979863,60,2719.6,365.1,results/stage6_panel_cluster/predictions/lightgbm/cluster/K0/ELEC_3-19-1_predictions.csv,lag_1,0.273647253625417,2026-07-30T09:55:55,0.0297894507238368,42.35825763273353,0.024093102318982,0.1552195294380899,32.7508829311261,0.1482357506229139,0.9300360462160936,0.0335484072566032,42.76455640792847,0.0456664822995662,0.2136971742900833,34.19070541858673,-0.6144486665725708,1.0473918546209384
LightGBM,cluster,K0,ELEC_3-19-4,219,17917266,14615,66,level,r2,44,0.4613928119979863,60,2719.8,365.1,results/stage6_panel_cluster/predictions/lightgbm/cluster/K0/ELEC_3-19-4_predictions.csv,lag_1,0.2767404341274061,2026-07-30T09:55:55,0.0049184833326515,15787744.292891806,0.0005783074614048,0.0240480240644608,51.98155610192807,0.0602029988021836,0.1535566007740686,0.0060567907057702,16687223.4375,0.0011055297218263,0.033249507091479,73.94205331802368,-0.7965759038925171,0.1890949159477289
LightGBM,cluster,K0,ELEC_3-20-1,219,17917266,14615,66,level,r2,44,0.4613928119979863,60,2719.9,365.1,results/stage6_panel_cluster/predictions/lightgbm/cluster/K0/ELEC_3-20-1_predictions.csv,lag_1,0.2007099601581716,2026-07-30T09:55:55,0.0183664257215643,774902.6571486461,0.002459785947254,0.0495962291636576,36.62646873631303,0.3558378118487332,0.5734056031968732,0.0196674652397632,684277.197265625,0.0038502463139593,0.0620503530526568,39.99927639961243,-0.0082923173904418,0.6140244672603326
LightGBM,cluster,K0,ELEC_3-20-2,219,17917266,14615,66,level,r2,44,0.4613928119979863,60,2720.1,365.1,results/stage6_panel_cluster/predictions/lightgbm/cluster/K0/ELEC_3-20-2_predictions.csv,lag_1,0.2614618826607079,2026-07-30T09:55:55,0.0249879308512217,449593.7736429758,0.008107857084058,0.0900436398867687,35.94707082859462,0.1837813095109413,0.7801310815508082,0.0274950396269559,355844.1650390625,0.0148648405447602,0.1219214523566719,36.71363890171051,-0.4964447021484375,0.8584038081892957
LightGBM,cluster,K0,ELEC_3-20-3,219,17917266,14615,66,level,r2,44,0.4613928119979863,60,2720.2,365.1,results/stage6_panel_cluster/predictions/lightgbm/cluster/K0/ELEC_3-20-3_predictions.csv,lag_1,0.2660049243029992,2026-07-30T09:55:56,0.0309610094649251,52.99421942940838,0.0149909332977862,0.122437466887331,39.13166813934639,0.1867626603001206,0.9666124795841572,0.0331399254500865,55.590999126434326,0.0278254617005586,0.1668096570962204,36.742809414863586,-0.5094927549362183,1.0346389237996945
LightGBM,cluster,K0,ELEC_3-20-5,219,17917266,14615,66,level,r2,44,0.4613928119979863,60,2720.4,365.1,results/stage6_panel_cluster/predictions/lightgbm/cluster/K0/ELEC_3-20-5_predictions.csv,lag_1,0.2824903656880767,2026-07-30T09:55:56,0.0188354617207154,228000.21748575097,0.0065438222039919,0.0808938947263136,36.60053174037202,0.0632198406713125,0.5880490550089785,0.0232596658170223,191638.5498046875,0.0127108916640281,0.1127425902843648,43.90804171562195,-0.8196266889572144,0.7261741021448688
LightGBM,cluster,K0,ELEC_3-21-1,219,17917266,14615,66,level,r2,44,0.4613928119979863,60,2720.5,365.1,results/stage6_panel_cluster/predictions/lightgbm/cluster/K0/ELEC_3-21-1_predictions.csv,lag_1,0.2655775827537391,2026-07-30T09:55:56,0.0165471303323259,34.64215368658661,0.0046006447569291,0.06782805287585,27.399127419373976,0.2667796977322676,0.5166066273986222,0.0174656175076961,32.3158860206604,0.0085295643657445,0.0923556406817937,26.530596613883972,-0.35938560962677,0.5452820866744776
LightGBM,cluster,K0,ELEC_3-21-2,219,17917266,14615,66,level,r2,44,0.4613928119979863,60,2720.8,365.1,results/stage6_panel_cluster/predictions/lightgbm/cluster/K0/ELEC_3-21-2_predictions.csv,lag_1,0.2567614346637868,2026-07-30T09:55:56,0.0190475917268523,175469.05888308576,0.003945550963081,0.0628136208403964,38.596139560082705,0.1182899463161706,0.5946718206994341,0.0218289420008659,212164.74609375,0.007142515387386,0.0845134035960337,42.363545298576355,-0.596133828163147,0.6815064534009948
LightGBM,cluster,K0,ELEC_3-21-3,219,17917266,14615,66,level,r2,44,0.4613928119979863,60,2721.0,365.1,results/stage6_panel_cluster/predictions/lightgbm/cluster/K0/ELEC_3-21-3_predictions.csv,lag_1,0.2822546360215282,2026-07-30T09:55:56,0.0170964012723706,32.81413018285871,0.0047822604271586,0.0691538894579232,28.448003231804307,0.0644675438863415,0.5337550393688966,0.0202846378087997,37.67991065979004,0.0092830872163176,0.0963487790079233,32.03636109828949,-0.8160092830657959,0.633292789501683
LightGBM,cluster,K0,ELEC_3-21-4,219,17917266,14615,66,level,r2,44,0.4613928119979863,60,2721.2,365.1,results/stage6_panel_cluster/predictions/lightgbm/cluster/K0/ELEC_3-21-4_predictions.csv,lag_1,0.27698997896474,2026-07-30T09:55:57,0.0135082918439934,415794.8165233968,0.0027646552189917,0.0525799887694142,28.92381273518692,0.1135944477298487,0.4217331314426664,0.0159883685410022,376365.2587890625,0.0052887415513396,0.072723734443025,33.36571156978607,-0.6956800222396851,0.4991619080583133
LightGBM,cluster,K0,ELEC_3-22-2,219,17917266,14615,66,level,r2,44,0.4613928119979863,60,2721.4,365.1,results/stage6_panel_cluster/predictions/lightgbm/cluster/K0/ELEC_3-22-2_predictions.csv,lag_1,0.261166794464022,2026-07-30T09:55:57,0.0210309267484158,1842705.984911333,0.0051274841554411,0.0716064533086312,36.4292627427776,0.1637373299329704,0.6565921655516076,0.0240335278213024,1525877.34375,0.0093931555747985,0.0969182932928484,40.60896933078766,-0.5319688320159912,0.7503343179692449
LightGBM,cluster,K0,ELEC_3-22-3,219,17917266,14615,66,level,r2,44,0.4613928119979863,60,2721.6,365.1,results/stage6_panel_cluster/predictions/lightgbm/cluster/K0/ELEC_3-22-3_predictions.csv,lag_1,0.2407225851101733,2026-07-30T09:55:57,0.0079255342482545,27129041.132075205,0.0006600697016142,0.0256918216873425,86.59451460316662,0.2028525491738936,0.2474376786846472,0.007269243709743,11668406.25,0.0011449560988694,0.0338371999265518,50.17058253288269,-0.3827310800552368,0.226948081099759
LightGBM,cluster,K0,ELEC_3-22-4,219,17917266,14615,66,level,r2,44,0.4613928119979863,60,2721.7,365.1,results/stage6_panel_cluster/predictions/lightgbm/cluster/K0/ELEC_3-22-4_predictions.csv,lag_1,0.2717577992464977,2026-07-30T09:55:57,0.011628981262315,119705.12236108826,0.0016177199099153,0.0402208889747025,24.165840346856257,0.1133968612502983,0.3630604624096105,0.0132576124742627,54768.084716796875,0.0030503638554364,0.0552300991800344,26.2676864862442,-0.67177414894104,0.4139068424636041
LightGBM,cluster,K0,ELEC_3-22-5,219,17917266,14615,66,level,r2,44,0.4613928119979863,60,2721.9,365.1,results/stage6_panel_cluster/predictions/lightgbm/cluster/K0/ELEC_3-22-5_predictions.csv,lag_1,0.2743296010274267,2026-07-30T09:55:57,0.0180470118720553,39.562211316988176,0.0054077659668462,0.0735375140105118,31.171158787669125,0.2192345143121371,0.5634334020825292,0.0195189882069826,39.92184102535248,0.0102692581713199,0.1013373483535066,31.607356667518616,-0.4826604127883911,0.6093889674721235
LightGBM,cluster,K0,ELEC_3-23-1,219,17917266,14615,66,level,r2,44,0.4613928119979863,60,2722.0,365.1,results/stage6_panel_cluster/predictions/lightgbm/cluster/K0/ELEC_3-23-1_predictions.csv,lag_1,0.2572760708397877,2026-07-30T09:55:57,0.0227005518077331,47.082571668526214,0.0056200123474651,0.0749667416089639,36.42096238118215,0.1556075299046962,0.7087183864486002,0.0252637695521116,47.64947593212128,0.0101878475397825,0.1009348678098035,36.98022961616516,-0.5306979417800903,0.788742852783091
LightGBM,cluster,K0,ELEC_3-23-2,219,17917266,14615,66,level,r2,44,0.4613928119979863,60,2722.2,365.1,results/stage6_panel_cluster/predictions/lightgbm/cluster/K0/ELEC_3-23-2_predictions.csv,lag_1,0.2521841555713515,2026-07-30T09:55:58,0.0174590957880739,38.228042637026824,0.0029765832839651,0.0545580725829377,31.073525329529367,0.2148282969646097,0.545078476531137,0.0200184751302003,41.27662181854248,0.0053226598538458,0.0729565614173655,34.217098355293274,-0.4040265083312988,0.6249831067368123
LightGBM,cluster,K0,ELEC_3-23-4,219,17917266,14615,66,level,r2,44,0.4613928119979863,60,2722.3,365.1,results/stage6_panel_cluster/predictions/lightgbm/cluster/K0/ELEC_3-23-4_predictions.csv,lag_1,0.2686418700005593,2026-07-30T09:55:58,0.0152613265764559,263656.7014778895,0.0024296100822138,0.0492910750766691,33.16740020137267,0.1102011027512347,0.4764634286399339,0.0173417720943689,266892.1875,0.0045423060655593,0.0673966324496957,35.12581288814545,-0.6635338068008423,0.5414155938136114
LightGBM,cluster,K0,ELEC_3-24-1,219,17917266,14615,66,level,r2,44,0.4613928119979863,60,2722.4,365.1,results/stage6_panel_cluster/predictions/lightgbm/cluster/K0/ELEC_3-24-1_predictions.csv,lag_1,0.263764215792176,2026-07-30T09:55:58,0.0158449293248565,33.821165003819495,0.0029070818524469,0.0539173613268205,28.29385985251795,0.2024523510865686,0.4946836904942081,0.0179651044309139,34.832096099853516,0.0053631928749382,0.0732338232986524,29.778414964675903,-0.4713730812072754,0.5608762259391665
LightGBM,cluster,K1,ELEC_1-1-1,129,10554006,14615,66,level,r2,44,0.4691249071849281,60,3933.1,225.3,results/stage6_panel_cluster/predictions/lightgbm/cluster/K1/ELEC_1-1-1_predictions.csv,lag_1,0.2872095172323839,2026-08-03T11:03:52,0.0260851830785458,126310.9670499985,0.0326016368209651,0.18055923355222,28.72271453457134,0.0662300380894985,0.5485761231589222,0.0297256242483854,102671.2646484375,0.0641675740480423,0.2533131935925215,28.641033172607425,-0.837875485420227,0.6251352601036516
LightGBM,cluster,K1,ELEC_1-1-2,129,10554006,14615,66,level,r2,44,0.4691249071849281,60,3933.2,225.3,results/stage6_panel_cluster/predictions/lightgbm/cluster/K1/ELEC_1-1-2_predictions.csv,lag_1,0.2625821527695883,2026-08-03T11:03:52,0.0268686547986592,32.175688184507436,0.0094613368912331,0.0972694036747071,28.071992828940033,0.1429233362906021,0.565052675289314,0.029601776972413,33.52999985218048,0.0173990372568368,0.1319054102637071,27.58139669895172,-0.5761314630508423,0.6225307294660042
LightGBM,cluster,K1,ELEC_1-1-3,129,10554006,14615,66,level,r2,44,0.4691249071849281,60,3933.3,225.3,results/stage6_panel_cluster/predictions/lightgbm/cluster/K1/ELEC_1-1-3_predictions.csv,lag_1,0.2783347232980141,2026-08-03T11:03:52,0.027689365190905,17020.264247554416,0.0265164253058465,0.1628386480717847,30.829236752908013,0.1076731321540176,0.5823123634371316,0.0302784796804189,13722.86376953125,0.0509147197008132,0.2256429030588227,29.836052656173703,-0.7133749723434448,0.636761909940039
LightGBM,cluster,K1,ELEC_1-1-4,129,10554006,14615,66,level,r2,44,0.4691249071849281,60,3933.3,225.3,results/stage6_panel_cluster/predictions/lightgbm/cluster/K1/ELEC_1-1-4_predictions.csv,lag_1,0.2744419652984943,2026-08-03T11:03:52,0.0344381413903087,38080.18964126894,0.0299576892369897,0.1730828970088892,37.89823991911554,0.1099312290401458,0.724240348852768,0.0374040342867374,13731.404113769531,0.0569067783653736,0.2385514166073503,36.37998700141907,-0.6907494068145752,0.7866136134730815
LightGBM,cluster,K1,ELEC_1-2-1,129,10554006,14615,66,level,r2,44,0.4691249071849281,60,3933.4,225.3,results/stage6_panel_cluster/predictions/lightgbm/cluster/K1/ELEC_1-2-1_predictions.csv,lag_1,0.2617403594154498,2026-08-03T11:03:52,0.0320370731025399,38.46230803617087,0.0148056936015104,0.1216786489138931,31.838388269767226,0.2044602591247137,0.6737454480204498,0.0342736914753913,36.11646294593811,0.0271650496870279,0.1648182322652076,30.030030012130737,-0.4596328735351562,0.7207819373665418
LightGBM,cluster,K1,ELEC_1-3-1,129,10554006,14615,66,level,r2,44,0.4691249071849281,60,3933.4,225.3,results/stage6_panel_cluster/predictions/lightgbm/cluster/K1/ELEC_1-3-1_predictions.csv,lag_1,0.2800122022878469,2026-08-03T11:03:52,0.0258026953414654,1421279.9811331676,0.0152876489749442,0.1236432326289808,37.000101272822086,0.0710268117137272,0.5426353549005247,0.0285904873162508,930599.70703125,0.0294910632073879,0.1717296223934238,37.44438290596008,-0.7920615673065186,0.6012631248914942
LightGBM,cluster,K1,ELEC_1-4-2,129,10554006,14615,66,level,r2,44,0.4691249071849281,60,3933.5,225.3,results/stage6_panel_cluster/predictions/lightgbm/cluster/K1/ELEC_1-4-2_predictions.csv,lag_1,0.2571766671291209,2026-08-03T11:03:52,0.0208702088180609,38.42195244508578,0.0057009720679349,0.0755047817554286,31.106080513183876,0.1412527438566213,0.4389042702309178,0.0228929165750741,39.385852217674255,0.0103318439796566,0.1016456786078812,31.88941478729248,-0.5563035011291504,0.4814421805949971
LightGBM,cluster,K1,ELEC_1-4-3,129,10554006,14615,66,level,r2,44,0.4691249071849281,60,3933.5,225.3,results/stage6_panel_cluster/predictions/lightgbm/cluster/K1/ELEC_1-4-3_predictions.csv,lag_1,0.2634587588829531,2026-08-03T11:03:52,0.0239256669232999,47.66947641570439,0.0109262908429925,0.10452889955889,35.29569113314738,0.1871982974705465,0.5031611074093033,0.0264556985348463,49.141210317611694,0.0201408881694078,0.1419185969822413,37.89031207561493,-0.4982712268829345,0.5563681302909302
LightGBM,cluster,K1,ELEC_1-5-1,129,10554006,14615,66,level,r2,44,0.4691249071849281,60,3933.6,225.3,results/stage6_panel_cluster/predictions/lightgbm/cluster/K1/ELEC_1-5-1_predictions.csv,lag_1,0.2712597163972788,2026-08-03T11:03:52,0.0379793205565806,32.40209263199684,0.0274353470626345,0.1656361888677549,28.033560935582457,0.116406955849313,0.7987119878899636,0.0422490574419498,32.36328065395355,0.0516612492501735,0.2272911112432106,27.111002802848816,-0.6638214588165283,0.888505327673379
LightGBM,cluster,K1,ELEC_1-5-3,129,10554006,14615,66,level,r2,44,0.4691249071849281,60,3933.6,225.3,results/stage6_panel_cluster/predictions/lightgbm/cluster/K1/ELEC_1-5-3_predictions.csv,lag_1,0.2783248418902017,2026-08-03T11:03:52,0.0303478624191233,36.87235088632989,0.0209164266753334,0.1446251246337696,31.052679509610662,0.0590331847774248,0.6382210414975202,0.0352480337023735,40.68508446216583,0.0401609502732753,0.2004019717300091,32.47392177581787,-0.8067195415496826,0.7412725308156439
LightGBM,cluster,K1,ELEC_1-5-4,129,10554006,14615,66,level,r2,44,0.4691249071849281,60,3933.7,225.3,results/stage6_panel_cluster/predictions/lightgbm/cluster/K1/ELEC_1-5-4_predictions.csv,lag_1,0.2753713934838704,2026-08-03T11:03:52,0.0315904515558131,55.21050135311405,0.0187236354490109,0.1368343357824013,39.40245133959508,0.1565611968689882,0.6643529160269086,0.0348060205578804,55.597299337387085,0.0356581844389438,0.1888337481462036,39.82417285442352,-0.6062852144241333,0.7319769143554803
LightGBM,cluster,K1,ELEC_1-6-1,129,10554006,14615,66,level,r2,44,0.4691249071849281,60,3933.7,225.3,results/stage6_panel_cluster/predictions/lightgbm/cluster/K1/ELEC_1-6-1_predictions.csv,lag_1,0.2692592786786374,2026-08-03T11:03:52,0.0267901203932498,31.200267314712683,0.0123850652298325,0.1112882079549874,27.285173309047607,0.107369331383726,0.5634010825240118,0.0303181651979684,33.61615538597107,0.0231937877833843,0.1522950681518752,28.5699725151062,-0.6716494560241699,0.6375965035596166
LightGBM,cluster,K1,ELEC_1-6-4,129,10554006,14615,66,level,r2,44,0.4691249071849281,60,3933.8,225.3,results/stage6_panel_cluster/predictions/lightgbm/cluster/K1/ELEC_1-6-4_predictions.csv,lag_1,0.2615372632103073,2026-08-03T11:03:52,0.0226708357113792,28.666257810859214,0.0065780705853932,0.0811053055317175,25.10795636829631,0.2059878969386255,0.4767717798212434,0.0246274378150701,29.756498336791992,0.0120626119896769,0.1098299230158928,25.363251566886905,-0.4560290575027466,0.517919476326779
LightGBM,cluster,K1,ELEC_1-7-1,129,10554006,14615,66,level,r2,44,0.4691249071849281,60,3933.8,225.3,results/stage6_panel_cluster/predictions/lightgbm/cluster/K1/ELEC_1-7-1_predictions.csv,lag_1,0.2841159333077568,2026-08-03T11:03:52,0.0383026152302227,44.30639509136903,0.0494197902887671,0.2223056236103061,35.08618798884974,0.0709068480053647,0.8055109334128102,0.0445350669324398,49.1942435503006,0.0964307412505149,0.3105329954296563,36.51144802570343,-0.812900185585022,0.936580521166228
LightGBM,cluster,K1,ELEC_1-7-2,129,10554006,14615,66,level,r2,44,0.4691249071849281,60,3933.9,225.3,results/stage6_panel_cluster/predictions/lightgbm/cluster/K1/ELEC_1-7-2_predictions.csv,lag_1,0.2610960461336651,2026-08-03T11:03:52,0.0247756818616265,26959.15075041164,0.0068089198789442,0.0825161794979885,27.87354325896146,0.1257745391007061,0.5210370754671187,0.0284255910664796,20562.76092529297,0.0124710276722908,0.1116737555215673,30.57756125926971,-0.6012066602706909,0.5977953269024786
LightGBM,cluster,K1,ELEC_1-7-4,129,10554006,14615,66,level,r2,44,0.4691249071849281,60,3933.9,225.3,results/stage6_panel_cluster/predictions/lightgbm/cluster/K1/ELEC_1-7-4_predictions.csv,lag_1,0.2666847440632153,2026-08-03T11:03:52,0.0203534665166425,412225.834001616,0.0070483668813476,0.0839545524754178,33.80383595950061,0.237646702731602,0.4280370860700559,0.0210516583174467,307941.259765625,0.0131071135401725,0.1144863028496098,32.21995830535889,-0.4176690578460693,0.4427201860564813
LightGBM,cluster,K1,ELEC_1-8-1,129,10554006,14615,66,level,r2,44,0.4691249071849281,60,3934.0,225.3,results/stage6_panel_cluster/predictions/lightgbm/cluster/K1/ELEC_1-8-1_predictions.csv,lag_1,0.2867665599665665,2026-08-03T11:03:53,0.0254442201931854,30.356289087256293,0.0289874505972612,0.1702570133570456,26.18460982847759,0.074454569733271,0.5350965576262211,0.0286992825567722,34.025734663009644,0.0569831728935241,0.2387114846284614,26.011478900909424,-0.8194258213043213,0.6035511084982673
LightGBM,cluster,K1,ELEC_1-9-3,129,10554006,14615,66,level,r2,44,0.4691249071849281,60,3934.1,225.3,results/stage6_panel_cluster/predictions/lightgbm/cluster/K1/ELEC_1-9-3_predictions.csv,lag_1,0.2902270146577681,2026-08-03T11:03:53,0.0207885400649401,31.84622803114598,0.0177434523347101,0.1332045507282322,27.1526542592675,0.0269698448184215,0.4371867615657353,0.0257769394665956,39.392706751823425,0.0352207981050014,0.1876720493440657,31.877192854881287,-0.931466817855835,0.5420937041886211
LightGBM,cluster,K1,ELEC_1-9-4,129,10554006,14615,66,level,r2,44,0.4691249071849281,60,3934.1,225.3,results/stage6_panel_cluster/predictions/lightgbm/cluster/K1/ELEC_1-9-4_predictions.csv,lag_1,0.2682971874933136,2026-08-03T11:03:53,0.0276880268994602,36.14574354983242,0.0111955936548321,0.1058092323704891,30.215628714993287,0.1366210558051228,0.5822842189257351,0.0315217226743698,37.868353724479675,0.0209111385047435,0.1446068411408795,32.77216851711273,-0.6126198768615723,0.6629075352060153
LightGBM,cluster,K1,ELEC_1-10-1,129,10554006,14615,66,level,r2,44,0.4691249071849281,60,3934.2,225.3,results/stage6_panel_cluster/predictions/lightgbm/cluster/K1/ELEC_1-10-1_predictions.csv,lag_1,0.260319647343737,2026-08-03T11:03:53,0.0218709128284087,36.99214544618586,0.0052573827149238,0.0725078114062467,29.99006438485311,0.2100510666416138,0.4599492567572979,0.0236380435526371,36.146923899650574,0.0096090715378522,0.0980258717780785,29.395702481269836,-0.4438124895095825,0.4971123358468027
LightGBM,cluster,K1,ELEC_1-11-2,129,10554006,14615,66,level,r2,44,0.4691249071849281,60,3934.2,225.3,results/stage6_panel_cluster/predictions/lightgbm/cluster/K1/ELEC_1-11-2_predictions.csv,lag_1,0.2537748753189242,2026-08-03T11:03:53,0.0233486688436294,35.736458592005846,0.0057283072749902,0.0756855816849569,29.84629939250459,0.1488569892319527,0.491026733321812,0.0258474182337522,37.85749673843384,0.0102869486436247,0.1014245958514244,31.70524537563324,-0.5284905433654785,0.5435758854229015
LightGBM,cluster,K1,ELEC_1-11-3,129,10554006,14615,66,level,r2,44,0.4691249071849281,60,3934.3,225.3,results/stage6_panel_cluster/predictions/lightgbm/cluster/K1/ELEC_1-11-3_predictions.csv,lag_1,0.2858692833644426,2026-08-03T11:03:53,0.0231135526993517,34.33777926577816,0.0202349464633968,0.1422495921378927,28.785081527606433,0.0192490730892915,0.4860821982372181,0.0277215186506509,39.11576867103577,0.0396777130663394,0.1991926531434819,31.8591445684433,-0.9231061935424804,0.5829885565173355
LightGBM,cluster,K1,ELEC_1-11-4,129,10554006,14615,66,level,r2,44,0.4691249071849281,60,3934.3,225.3,results/stage6_panel_cluster/predictions/lightgbm/cluster/K1/ELEC_1-11-4_predictions.csv,lag_1,0.2832889394887335,2026-08-03T11:03:53,0.0294903402265887,30.90709451374103,0.0280870102752752,0.1675917965631827,27.235633324035856,0.0832641395842015,0.6201871945244364,0.0326117016375064,32.99283683300018,0.054678589105606,0.2338345336035849,26.232117414474487,-0.7846622467041016,0.6858299901537852
LightGBM,cluster,K1,ELEC_1-13-1,129,10554006,14615,66,level,r2,44,0.4691249071849281,60,3934.4,225.3,results/stage6_panel_cluster/predictions/lightgbm/cluster/K1/ELEC_1-13-1_predictions.csv,lag_1,0.2430214585589519,2026-08-03T11:03:53,0.0366303059157554,32.7587371801038,0.0098333690936165,0.0991633455144419,28.31390966905374,0.2467130949059126,0.7703419657390681,0.0406219623982906,33.852362632751465,0.0171607080847024,0.1309988858147369,29.23380732536316,-0.3145990371704101,0.8542872243012855
LightGBM,cluster,K1,ELEC_1-13-4,129,10554006,14615,66,level,r2,44,0.4691249071849281,60,3934.4,225.3,results/stage6_panel_cluster/predictions/lightgbm/cluster/K1/ELEC_1-13-4_predictions.csv,lag_1,0.2820662085047023,2026-08-03T11:03:53,0.0238810522688858,53.313874825830446,0.0160866596040227,0.1268331959859987,37.45631035699073,0.0760242783290482,0.5022228531489883,0.0261388998478651,50.54609179496765,0.0312102381139993,0.1766641959028466,37.907424569129944,-0.7926343679428101,0.5497057965437342
LightGBM,cluster,K1,ELEC_1-14-3,129,10554006,14615,66,level,r2,44,0.4691249071849281,60,3934.5,225.3,results/stage6_panel_cluster/predictions/lightgbm/cluster/K1/ELEC_1-14-3_predictions.csv,lag_1,0.2778564973021855,2026-08-03T11:03:53,0.0216089099616285,172080.5950712895,0.0075122833441573,0.0866734292857812,31.79897076416067,0.043512650227612,0.4544392890303305,0.0241217911243438,88988.39721679688,0.0144053874537348,0.1200224456247033,32.33610391616821,-0.8341389894485474,0.5072856348677592
LightGBM,cluster,K1,ELEC_1-15-2,129,10554006,14615,66,level,r2,44,0.4691249071849281,60,3934.5,225.3,results/stage6_panel_cluster/predictions/lightgbm/cluster/K1/ELEC_1-15-2_predictions.csv,lag_1,0.2792879010934692,2026-08-03T11:03:53,0.0301206141459647,39.45427843210816,0.0227882943846319,0.1509579225633154,31.51056897945332,0.1543814714093266,0.6334419691671288,0.0325514860451221,40.55740535259247,0.0438720770180225,0.20945662323742,29.998546838760376,-0.6279867887496948,0.6845636453432292
LightGBM,cluster,K1,ELEC_1-15-3,129,10554006,14615,66,level,r2,44,0.4691249071849281,60,3934.6,225.3,results/stage6_panel_cluster/predictions/lightgbm/cluster/K1/ELEC_1-15-3_predictions.csv,lag_1,0.2708255483862373,2026-08-03T11:03:53,0.0227411133777097,24.884146379387506,0.0075852733313226,0.087093474677054,22.81123899899439,0.1341470274049231,0.4782497318687398,0.026644542813301,29.32218909263611,0.0142662012949585,0.1194412043432189,26.075655221939087,-0.6284757852554321,0.5603395596592244
LightGBM,cluster,K1,ELEC_1-16-1,129,10554006,14615,66,level,r2,44,0.4691249071849281,60,3934.6,225.3,results/stage6_panel_cluster/predictions/lightgbm/cluster/K1/ELEC_1-16-1_predictions.csv,lag_1,0.2842807270895783,2026-08-03T11:03:53,0.0262371993546583,30.71597611077444,0.0257476856112652,0.1604608538281698,26.235401757123363,0.0642262958808678,0.551773052969833,0.0300177875906229,31.068098545074463,0.0502635054290294,0.2241952395324875,25.9351909160614,-0.8267766237258911,0.6312795080903796
LightGBM,cluster,K1,ELEC_1-18-3,129,10554006,14615,66,level,r2,44,0.4691249071849281,60,3934.7,225.3,results/stage6_panel_cluster/predictions/lightgbm/cluster/K1/ELEC_1-18-3_predictions.csv,lag_1,0.2543380318965803,2026-08-03T11:03:53,0.0239762091610731,90863.72880581478,0.0054842166727113,0.0740554972484242,33.47762890342516,0.2324261414022672,0.5042240198209169,0.026297640055418,88993.09692382812,0.0098634902387857,0.0993151057935586,35.15719771385193,-0.3804992437362671,0.5530441318502799
LightGBM,cluster,K1,ELEC_2-1-2,129,10554006,14615,66,level,r2,44,0.4691249071849281,60,3934.7,225.3,results/stage6_panel_cluster/predictions/lightgbm/cluster/K1/ELEC_2-1-2_predictions.csv,lag_1,0.2426984250606449,2026-08-03T11:03:53,0.0247025552404003,420239.2297528445,0.0063909806621994,0.0799436092642772,39.766984267402314,0.2824996478352765,0.5194992093823323,0.0251105017960071,253212.158203125,0.0111437095329165,0.1055637699824923,36.99634373188019,-0.2510778903961181,0.5280783993100755
LightGBM,cluster,K1,ELEC_2-2-2,129,10554006,14615,66,level,r2,44,0.4691249071849281,60,3934.8,225.3,results/stage6_panel_cluster/predictions/lightgbm/cluster/K1/ELEC_2-2-2_predictions.csv,lag_1,0.2867282211869132,2026-08-03T11:03:53,0.0158705324738999,21.387952702860183,0.0047872498993639,0.0691899551912262,19.797491957474364,0.0767260355161875,0.333760171465323,0.0191289782524108,25.03150105476379,0.0094097051769495,0.097003634864625,22.38503098487854,-0.8147653341293335,0.40228587616583
LightGBM,cluster,K1,ELEC_2-2-4,129,10554006,14615,66,level,r2,44,0.4691249071849281,60,3934.8,225.3,results/stage6_panel_cluster/predictions/lightgbm/cluster/K1/ELEC_2-2-4_predictions.csv,lag_1,0.2725151119553883,2026-08-03T11:03:53,0.0278407447233055,45.62027052634587,0.0178260528192466,0.1335142420090331,34.601314213224946,0.0991160204464727,0.5854959024124895,0.0303687993437051,43.065184354782104,0.0336827263236045,0.183528543620889,33.63037407398224,-0.7022405862808228,0.6386613488123434
LightGBM,cluster,K1,ELEC_2-3-1,129,10554006,14615,66,level,r2,44,0.4691249071849281,60,3934.9,225.3,results/stage6_panel_cluster/predictions/lightgbm/cluster/K1/ELEC_2-3-1_predictions.csv,lag_1,0.279660096346925,2026-08-03T11:03:53,0.0172463275205192,28.677712088859884,0.0051511419495499,0.071771456370551,24.97052147330536,0.0715411980780709,0.3626933903989641,0.0206130668520927,32.360464334487915,0.0099272411316633,0.0996355415083559,28.746947646141052,-0.7893191576004028,0.4334965281281474
LightGBM,cluster,K1,ELEC_2-3-2,129,10554006,14615,66,level,r2,44,0.4691249071849281,60,3934.9,225.3,results/stage6_panel_cluster/predictions/lightgbm/cluster/K1/ELEC_2-3-2_predictions.csv,lag_1,0.2420737176840162,2026-08-03T11:03:53,0.0209169060135062,53526.92582919485,0.004069308411406,0.0637911311343988,33.95554340740858,0.2167582508611197,0.4398863207061871,0.0216079354286193,41095.05920410156,0.0070838062092661,0.0841653504077906,33.47220718860626,-0.363458514213562,0.4544187944246984
LightGBM,cluster,K1,ELEC_2-3-3,129,10554006,14615,66,level,r2,44,0.4691249071849281,60,3935.0,225.3,results/stage6_panel_cluster/predictions/lightgbm/cluster/K1/ELEC_2-3-3_predictions.csv,lag_1,0.2806683738148791,2026-08-03T11:03:54,0.018582644059413,31.039193031971234,0.0071462472286628,0.0845354791118073,26.805200804323892,0.0776874887318374,0.3907963691671068,0.0216592531651258,33.26631486415863,0.0138108283281326,0.1175194806325003,29.50708568096161,-0.7824599742889404,0.4554980157150852
LightGBM,cluster,K1,ELEC_2-4-2,129,10554006,14615,66,level,r2,44,0.4691249071849281,60,3935.0,225.3,results/stage6_panel_cluster/predictions/lightgbm/cluster/K1/ELEC_2-4-2_predictions.csv,lag_1,0.2394342500063551,2026-08-03T11:03:54,0.0314996218337301,25284347.60491156,0.0075444484834581,0.0868587847224339,58.26133902836118,0.276909396339706,0.6624427505257555,0.0319062583148479,8802658.59375,0.0130422934889793,0.1142028611243139,46.779683232307434,-0.2500263452529907,0.6709943893497926
LightGBM,cluster,K1,ELEC_2-4-5,129,10554006,14615,66,level,r2,44,0.4691249071849281,60,3935.1,225.3,results/stage6_panel_cluster/predictions/lightgbm/cluster/K1/ELEC_2-4-5_predictions.csv,lag_1,0.2573837050915144,2026-08-03T11:03:54,0.0293315097107568,37.67462163356218,0.0106342830436218,0.1031226601849557,30.862441931405947,0.1748980101569845,0.6168469600184323,0.0326418057084083,38.69669735431671,0.0192832071334123,0.1388639878925143,31.489014625549316,-0.4961621761322021,0.6864630842155337
LightGBM,cluster,K1,ELEC_2-5-1,129,10554006,14615,66,level,r2,44,0.4691249071849281,60,3935.1,225.3,results/stage6_panel_cluster/predictions/lightgbm/cluster/K1/ELEC_2-5-1_predictions.csv,lag_1,0.2467507665570448,2026-08-03T11:03:54,0.0275278331385424,73127.49266697816,0.0082827557116515,0.0910096462560512,40.215082596564784,0.3017486623272136,0.5789153151287426,0.0288279149681329,68476.01928710938,0.0145981376990675,0.1208227532340974,40.2999609708786,-0.2306495904922485,0.6062562713995351
LightGBM,cluster,K1,ELEC_2-5-2,129,10554006,14615,66,level,r2,44,0.4691249071849281,60,3935.2,225.3,results/stage6_panel_cluster/predictions/lightgbm/cluster/K1/ELEC_2-5-2_predictions.csv,lag_1,0.2450649348773171,2026-08-03T11:03:54,0.0452708400379583,159697.36950113715,0.0189930565193904,0.1378152985680126,37.72348854527529,0.2266429632823835,0.9520539627953174,0.0474464558064937,102680.029296875,0.0333254225552082,0.1825525199913937,34.29838418960571,-0.3569406270980835,0.9978075563274308
LightGBM,cluster,K1,ELEC_2-6-1,129,10554006,14615,66,level,r2,44,0.4691249071849281,60,3935.3,225.3,results/stage6_panel_cluster/predictions/lightgbm/cluster/K1/ELEC_2-6-1_predictions.csv,lag_1,0.276119115442807,2026-08-03T11:03:54,0.0225679497119092,41.42538448769477,0.0092784708236762,0.096324819354496,31.3342603024359,0.1015645824252152,0.4746080686237153,0.0248108096420764,37.89144158363342,0.017706885933876,0.1330672233642681,31.94243609905243,-0.7145595550537109,0.5217758190502634
LightGBM,cluster,K1,ELEC_2-6-5,129,10554006,14615,66,level,r2,44,0.4691249071849281,60,3935.3,225.3,results/stage6_panel_cluster/predictions/lightgbm/cluster/K1/ELEC_2-6-5_predictions.csv,lag_1,0.2721369358994231,2026-08-03T11:03:54,0.0187384443005358,32.550940565579076,0.0064130476175796,0.0800815060896062,27.21365820864854,0.160570314712045,0.3940728764473143,0.0198275744915008,30.920374393463135,0.0121050085872411,0.1100227639501988,26.390570402145386,-0.5844734907150269,0.4169774815626337
LightGBM,cluster,K1,ELEC_2-7-1,129,10554006,14615,66,level,r2,44,0.4691249071849281,60,3935.4,225.3,results/stage6_panel_cluster/predictions/lightgbm/cluster/K1/ELEC_2-7-1_predictions.csv,lag_1,0.2593008107742925,2026-08-03T11:03:54,0.0236370425814173,32214.94874804942,0.005514838587528,0.0742619592222565,33.725412192706536,0.1416135039160316,0.4970912852408142,0.0268402341753244,27413.09509277344,0.0100519210100173,0.1002592689481496,36.38259470462799,-0.5645848512649536,0.5644549844347075
LightGBM,cluster,K1,ELEC_2-7-4,129,10554006,14615,66,level,r2,44,0.4691249071849281,60,3935.4,225.3,results/stage6_panel_cluster/predictions/lightgbm/cluster/K1/ELEC_2-7-4_predictions.csv,lag_1,0.2677770250778122,2026-08-03T11:03:54,0.0306210544844799,32.5323298254473,0.0142044084941978,0.1191822490734162,28.116306081289583,0.1578618639058568,0.6439663200964795,0.0349982902407646,36.99216544628143,0.0264933239668607,0.1627676993965964,30.097872018814087,-0.5707123279571533,0.7360203805991337
LightGBM,cluster,K1,ELEC_2-7-5,129,10554006,14615,66,level,r2,44,0.4691249071849281,60,3935.5,225.3,results/stage6_panel_cluster/predictions/lightgbm/cluster/K1/ELEC_2-7-5_predictions.csv,lag_1,0.2886922898021602,2026-08-03T11:03:54,0.017383053091276,18.64699632659588,0.0118370055545451,0.1087980034492599,17.329136099151853,0.0620883844311522,0.3655687539076892,0.0205713305622339,21.022982895374295,0.0233952030539512,0.1529549052954865,18.142977356910706,-0.8537319898605347,0.4326188063955897
LightGBM,cluster,K1,ELEC_2-8-6,129,10554006,14615,66,level,r2,44,0.4691249071849281,60,3935.5,225.3,results/stage6_panel_cluster/predictions/lightgbm/cluster/K1/ELEC_2-8-6_predictions.csv,lag_1,0.2684535505656448,2026-08-03T11:03:54,0.0290029754682838,32.43774096416014,0.0130804487637272,0.1143697895588133,28.168650657193496,0.1539888778816051,0.6099378254143896,0.0325610674917697,33.98735821247101,0.0244421176612377,0.156339750739336,28.581368923187256,-0.5808556079864502,0.6847651449010584
LightGBM,cluster,K1,ELEC_2-9-4,129,10554006,14615,66,level,r2,44,0.4691249071849281,60,3935.6,225.3,results/stage6_panel_cluster/predictions/lightgbm/cluster/K1/ELEC_2-9-4_predictions.csv,lag_1,0.280097062335718,2026-08-03T11:03:54,0.0234706675747731,25.710430511928408,0.013017213201713,0.1140930024222038,23.015020136204654,0.1237505564648903,0.4935923887270129,0.0264160092920064,27.030566334724423,0.0251171365380287,0.1584838683842261,24.091967940330505,-0.6907517910003662,0.5555334583278232
LightGBM,cluster,K1,ELEC_2-9-6,129,10554006,14615,66,level,r2,44,0.4691249071849281,60,3935.6,225.3,results/stage6_panel_cluster/predictions/lightgbm/cluster/K1/ELEC_2-9-6_predictions.csv,lag_1,0.2782421029615359,2026-08-03T11:03:54,0.0133437350875321,22.273945835464986,0.0026272655755014,0.0512568588142257,20.130752291042704,0.0657330564735644,0.2806211649247945,0.0164201166480779,26.77140235900879,0.0050433706492185,0.0710166927504974,24.17321652173996,-0.7934449911117554,0.3453180261567108
LightGBM,cluster,K1,ELEC_2-10-1,129,10554006,14615,66,level,r2,44,0.4691249071849281,60,3935.7,225.3,results/stage6_panel_cluster/predictions/lightgbm/cluster/K1/ELEC_2-10-1_predictions.csv,lag_1,0.267561807576876,2026-08-03T11:03:54,0.0169784808790247,30.064902007067175,0.0038670553640948,0.0621856523974369,25.15846093445271,0.0998022179796326,0.3570605270316747,0.0186678078025579,30.65228760242462,0.0072083924897015,0.0849022525596436,26.611104607582092,-0.6780154705047607,0.3925873781053025
LightGBM,cluster,K1,ELEC_2-10-4,129,10554006,14615,66,level,r2,44,0.4691249071849281,60,3935.7,225.3,results/stage6_panel_cluster/predictions/lightgbm/cluster/K1/ELEC_2-10-4_predictions.csv,lag_1,0.2806658518013456,2026-08-03T11:03:54,0.0167559202091059,25.32983905146574,0.0064132513141088,0.0800827778870642,22.640308495418495,0.0612895610828089,0.3523800358461577,0.0196325685828924,27.847778797149655,0.0123941544443368,0.1113290368427612,24.777521193027496,-0.8141381740570068,0.4128764719965754
LightGBM,cluster,K1,ELEC_2-10-6,129,10554006,14615,66,level,r2,44,0.4691249071849281,60,3935.8,225.3,results/stage6_panel_cluster/predictions/lightgbm/cluster/K1/ELEC_2-10-6_predictions.csv,lag_1,0.2502137069550026,2026-08-03T11:03:54,0.0411807506496151,48.01137545728898,0.0160782850222082,0.1268001775322425,36.422429668210654,0.2568713147344801,0.866038642401565,0.0441915839910507,46.76480293273926,0.028599914163351,0.1691150914713144,35.041067004203796,-0.3218709230422973,0.9293570127173484
LightGBM,cluster,K1,ELEC_2-11-3,129,10554006,14615,66,level,r2,44,0.4691249071849281,60,3935.8,225.3,results/stage6_panel_cluster/predictions/lightgbm/cluster/K1/ELEC_2-11-3_predictions.csv,lag_1,0.2529707522236456,2026-08-03T11:03:54,0.0238707849986175,38.201798491844194,0.0054528122326556,0.073843159687649,30.56470460984113,0.2448827168625479,0.5020069305962399,0.0258905217051506,36.42092049121857,0.009771142154932,0.098849087779969,30.679401755332947,-0.3531289100646972,0.5444823592307794
LightGBM,cluster,K1,ELEC_2-11-5,129,10554006,14615,66,level,r2,44,0.4691249071849281,60,3935.9,225.3,results/stage6_panel_cluster/predictions/lightgbm/cluster/K1/ELEC_2-11-5_predictions.csv,lag_1,0.2044640630320151,2026-08-03T11:03:54,0.0330478478569429,2054367.0737544475,0.0055040768410211,0.0741894658359336,50.29282311261235,0.3157920283518735,0.6950022241177344,0.0348470732569694,1731166.796875,0.0086969081312417,0.0932572149018069,51.116013526916504,-0.0811066627502441,0.7328402600503781
LightGBM,cluster,K1,ELEC_2-11-6,129,10554006,14615,66,level,r2,44,0.4691249071849281,60,3935.9,225.3,results/stage6_panel_cluster/predictions/lightgbm/cluster/K1/ELEC_2-11-6_predictions.csv,lag_1,0.2388328677643649,2026-08-03T11:03:54,0.0350575461758119,181823.73792796585,0.0102196966067337,0.1010925150875859,37.541207154956105,0.2186276299318038,0.7372665436421346,0.0379302054643631,136891.71142578125,0.0176391620188951,0.1328125070123109,35.63715219497681,-0.3486460447311401,0.7976790886077854
LightGBM,cluster,K1,ELEC_2-12-1,129,10554006,14615,66,level,r2,44,0.4691249071849281,60,3936.0,225.3,results/stage6_panel_cluster/predictions/lightgbm/cluster/K1/ELEC_2-12-1_predictions.csv,lag_1,0.2593397594776597,2026-08-03T11:03:55,0.0244317894190112,35.94567494256238,0.0065202934676646,0.0807483341479232,30.34579236385496,0.1578036952413204,0.5138049551333077,0.0278364680707454,39.052391052246094,0.0118858180940151,0.1090220991084611,33.03245007991791,-0.5352363586425781,0.5854059636348139
LightGBM,cluster,K1,ELEC_2-12-3,129,10554006,14615,66,level,r2,44,0.4691249071849281,60,3936.0,225.3,results/stage6_panel_cluster/predictions/lightgbm/cluster/K1/ELEC_2-12-3_predictions.csv,lag_1,0.2799814651875874,2026-08-03T11:03:55,0.0229931667507668,275483.5361648435,0.008408415292586,0.0916974115915279,31.869911184594923,0.098405796767274,0.48355045994124,0.0271577145904302,205311.4013671875,0.0162191018462181,0.12735423764531,35.761892795562744,-0.7390967607498169,0.571131655047799
LightGBM,cluster,K1,ELEC_2-12-6,129,10554006,14615,66,level,r2,44,0.4691249071849281,60,3936.1,225.3,results/stage6_panel_cluster/predictions/lightgbm/cluster/K1/ELEC_2-12-6_predictions.csv,lag_1,0.2334148328580292,2026-08-03T11:03:55,0.0299336624166106,46.2335891564156,0.0068641890943734,0.08285040189627,35.87373430458661,0.2414658050834449,0.6295103404490878,0.0319343134760856,45.36246657371521,0.011680687777698,0.1080772306163423,34.608784317970276,-0.2907863855361938,0.6715843944703257
LightGBM,cluster,K1,ELEC_2-13-4,129,10554006,14615,66,level,r2,44,0.4691249071849281,60,3936.1,225.3,results/stage6_panel_cluster/predictions/lightgbm/cluster/K1/ELEC_2-13-4_predictions.csv,lag_1,0.2755914673791936,2026-08-03T11:03:55,0.019598408696513,29.755553688898516,0.0062441334356179,0.0790198293823644,25.978384078972276,0.1029344275730228,0.4121580834009831,0.0213705096393823,30.28600513935089,0.0118988519534468,0.1090818589566884,25.26424527168274,-0.7094528675079346,0.4494256870884223
LightGBM,cluster,K1,ELEC_2-13-6,129,10554006,14615,66,level,r2,44,0.4691249071849281,60,3936.2,225.3,results/stage6_panel_cluster/predictions/lightgbm/cluster/K1/ELEC_2-13-6_predictions.csv,lag_1,0.1923186310131521,2026-08-03T11:03:55,0.0259650682289256,219966.21633897495,0.0042463228432905,0.0651638154445434,34.16478800990124,0.4427263075812659,0.5460500861232584,0.0273335594683885,184783.38623046875,0.0065092789009213,0.0806801022614705,33.775776624679565,0.1457433700561523,0.5748297046699637
LightGBM,cluster,K1,ELEC_2-15-2,129,10554006,14615,66,level,r2,44,0.4691249071849281,60,3936.2,225.3,results/stage6_panel_cluster/predictions/lightgbm/cluster/K1/ELEC_2-15-2_predictions.csv,lag_1,0.2569514350853046,2026-08-03T11:03:55,0.0293597569284646,873608.5424949396,0.0096727768541114,0.0983502763296142,43.530870586663504,0.2287293424913181,0.6174410041213056,0.0309380758553743,670605.322265625,0.0175193008035421,0.1323604956304642,42.91829466819763,-0.3969228267669678,0.6506333369266899
LightGBM,cluster,K1,ELEC_2-15-3,129,10554006,14615,66,level,r2,44,0.4691249071849281,60,3936.3,225.3,results/stage6_panel_cluster/predictions/lightgbm/cluster/K1/ELEC_2-15-3_predictions.csv,lag_1,0.2679203771235443,2026-08-03T11:03:55,0.0280759992395097,40.080768067306366,0.0116354859918622,0.1078679099262715,31.645054147991715,0.1518390056236821,0.5904433474837519,0.0303126946091651,39.36004042625427,0.0217104032635688,0.1473445053728468,31.073451042175293,-0.5825657844543457,0.6374814560865715
LightGBM,cluster,K1,ELEC_2-16-4,129,10554006,14615,66,level,r2,44,0.4691249071849281,60,3936.3,225.3,results/stage6_panel_cluster/predictions/lightgbm/cluster/K1/ELEC_2-16-4_predictions.csv,lag_1,0.2818891224172115,2026-08-03T11:03:55,0.0173780349835013,34.04551401269505,0.0062179384442484,0.0788539057006592,27.896632411171048,0.129339291701948,0.3654632221926023,0.0186787545680999,32.99034535884857,0.012057670392096,0.1098074241210312,27.53315269947052,-0.6883631944656372,0.3928175905666869
LightGBM,cluster,K1,ELEC_2-16-5,129,10554006,14615,66,level,r2,44,0.4691249071849281,60,3936.4,225.3,results/stage6_panel_cluster/predictions/lightgbm/cluster/K1/ELEC_2-16-5_predictions.csv,lag_1,0.2671683412331027,2026-08-03T11:03:55,0.019085120498598,43464.99909866914,0.0064395343507477,0.0802467092829841,26.18685631740711,0.1586099456794486,0.4013635396622037,0.0210646577179431,27401.190185546875,0.0119907408952713,0.1095022415079769,27.059665322303772,-0.5667111873626709,0.4429935658026107
LightGBM,cluster,K1,ELEC_2-16-6,129,10554006,14615,66,level,r2,44,0.4691249071849281,60,3936.4,225.3,results/stage6_panel_cluster/predictions/lightgbm/cluster/K1/ELEC_2-16-6_predictions.csv,lag_1,0.2442198058272698,2026-08-03T11:03:55,0.0244382308474977,10743846.683661444,0.0048862059687272,0.0699014017651094,50.42407434740994,0.294667933472205,0.513940419540672,0.025865888223052,2114312.890625,0.0085542267188429,0.0924890626984779,40.25162160396576,-0.2348170280456543,0.543964312642076
LightGBM,cluster,K1,ELEC_2-17-1,129,10554006,14615,66,level,r2,44,0.4691249071849281,60,3936.5,225.3,results/stage6_panel_cluster/predictions/lightgbm/cluster/K1/ELEC_2-17-1_predictions.csv,lag_1,0.2875929373642606,2026-08-03T11:03:55,0.0143368782667728,23.023851039936257,0.0058990646204231,0.0768053684349159,20.224678699868683,0.0448749312034251,0.3015071458040188,0.0163811147212982,23.743991553783417,0.0116232270374894,0.1078110710339592,21.054470539093018,-0.8819310665130615,0.3444978085747933
LightGBM,cluster,K1,ELEC_2-18-2,129,10554006,14615,66,level,r2,44,0.4691249071849281,60,3936.5,225.3,results/stage6_panel_cluster/predictions/lightgbm/cluster/K1/ELEC_2-18-2_predictions.csv,lag_1,0.2431956820050202,2026-08-03T11:03:55,0.0169740465588717,38057.9954762576,0.0044481071374964,0.0666941312072992,27.522559953347592,0.2470451155935756,0.3569672724759719,0.017911734059453,27400.271606445312,0.0077661904506385,0.0881259919129341,27.20734477043152,-0.3146247863769531,0.3766870103921125
LightGBM,cluster,K1,ELEC_2-19-2,129,10554006,14615,66,level,r2,44,0.4691249071849281,60,3936.6,225.3,results/stage6_panel_cluster/predictions/lightgbm/cluster/K1/ELEC_2-19-2_predictions.csv,lag_1,0.2591694726831486,2026-08-03T11:03:55,0.0203860217904555,32.96721880934732,0.0065786507647523,0.0811088821569646,27.62760819727012,0.1831616634389633,0.4287217293728428,0.0220499485731124,33.47935974597931,0.0119866849854588,0.1094837201845957,27.434498071670532,-0.4883267879486084,0.463714410884862
LightGBM,cluster,K1,ELEC_2-19-3,129,10554006,14615,66,level,r2,44,0.4691249071849281,60,3936.7,225.3,results/stage6_panel_cluster/predictions/lightgbm/cluster/K1/ELEC_2-19-3_predictions.csv,lag_1,0.126997465990893,2026-08-03T11:03:55,0.0234052825326792,35.403114666082665,0.0021181501177315,0.046023364911005,29.08109570302157,0.4649301870714245,0.4922173294530762,0.0239822100847959,33.76256823539734,0.0027792379260063,0.0527184780319606,27.58062481880188,0.2979316115379333,0.5043502203333423
LightGBM,cluster,K1,ELEC_2-19-6,129,10554006,14615,66,level,r2,44,0.4691249071849281,60,3936.7,225.3,results/stage6_panel_cluster/predictions/lightgbm/cluster/K1/ELEC_2-19-6_predictions.csv,lag_1,0.2645949104651345,2026-08-03T11:03:55,0.0277298627981744,226952.2042788244,0.0097180611666621,0.0985802270572661,32.81062625318631,0.1229612566813043,0.5831640354505573,0.0322647951543331,191630.82275390625,0.0179691016674041,0.1340488779043084,37.032872438430786,-0.6216812133789062,0.6785344840013111
LightGBM,cluster,K1,ELEC_2-20-1,129,10554006,14615,66,level,r2,44,0.4691249071849281,60,3936.8,225.3,results/stage6_panel_cluster/predictions/lightgbm/cluster/K1/ELEC_2-20-1_predictions.csv,lag_1,0.2567728462461847,2026-08-03T11:03:55,0.0220666315593227,288158.0223021646,0.0050724071144388,0.0712208334298245,36.27477013497737,0.2653645201400907,0.4640652571055061,0.0224892236292362,184785.48583984375,0.0091827120631933,0.0958264684896261,33.92904996871948,-0.3299297094345093,0.4729524448508558
LightGBM,cluster,K1,ELEC_2-20-3,129,10554006,14615,66,level,r2,44,0.4691249071849281,60,3936.8,225.3,results/stage6_panel_cluster/predictions/lightgbm/cluster/K1/ELEC_2-20-3_predictions.csv,lag_1,0.2721290347883118,2026-08-03T11:03:55,0.0226201581665348,6369868.727808832,0.0094930303603447,0.0974321833910371,37.1550472951012,0.146721849581585,0.4757060218774241,0.0242353752255439,3065381.25,0.0179182700812816,0.1338591426884307,37.454670667648315,-0.6105784177780151,0.5096743290816822
LightGBM,cluster,K1,ELEC_2-20-4,129,10554006,14615,66,level,r2,44,0.4691249071849281,60,3936.9,225.3,results/stage6_panel_cluster/predictions/lightgbm/cluster/K1/ELEC_2-20-4_predictions.csv,lag_1,0.2773768922025146,2026-08-03T11:03:55,0.0129250854224051,29.857014455720964,0.0040622985614804,0.0637361636865635,24.736595392540845,0.1026290327265666,0.2718168866659218,0.0137762567028403,28.499329090118408,0.0077794366516172,0.0882011147980414,24.568594992160797,-0.7184948921203613,0.2897171728076503
LightGBM,cluster,K1,ELEC_2-20-5,129,10554006,14615,66,level,r2,44,0.4691249071849281,60,3936.9,225.3,results/stage6_panel_cluster/predictions/lightgbm/cluster/K1/ELEC_2-20-5_predictions.csv,lag_1,0.2660048597660408,2026-08-03T11:03:55,0.0249419207700756,34.95350751067582,0.0119968532545309,0.1095301476970198,29.27968870675002,0.1267903169802503,0.5245331098112372,0.0280198436230421,34.77435111999512,0.0222679879516363,0.1492246224710798,29.468852281570435,-0.6208103895187378,0.5892623847018277
LightGBM,cluster,K1,ELEC_2-20-6,129,10554006,14615,66,level,r2,44,0.4691249071849281,60,3937.0,225.3,results/stage6_panel_cluster/predictions/lightgbm/cluster/K1/ELEC_2-20-6_predictions.csv,lag_1,0.2490372931962815,2026-08-03T11:03:56,0.0310414379385241,37.664941906023465,0.0106649203557303,0.1032711012613418,31.255258104343316,0.2532988575073721,0.6528070602502034,0.0332945547997951,37.29357421398163,0.0189112778753042,0.1375182819675414,30.07519245147705,-0.3240673542022705,0.7001905157949957
LightGBM,cluster,K1,ELEC_2-21-4,129,10554006,14615,66,level,r2,44,0.4691249071849281,60,3937.0,225.3,results/stage6_panel_cluster/predictions/lightgbm/cluster/K1/ELEC_2-21-4_predictions.csv,lag_1,0.2722302154982415,2026-08-03T11:03:56,0.0229797309440219,31.218246180372724,0.0081000760196895,0.0900004223306178,26.793460411175555,0.1579891320845927,0.4832679024926902,0.0251536089926958,32.13408589363098,0.0152932945638895,0.1236660606791107,26.685380935668945,-0.589753270149231,0.5289849514614828
LightGBM,cluster,K1,ELEC_2-22-2,129,10554006,14615,66,level,r2,44,0.4691249071849281,60,3937.1,225.3,results/stage6_panel_cluster/predictions/lightgbm/cluster/K1/ELEC_2-22-2_predictions.csv,lag_1,0.2196386957806225,2026-08-03T11:03:56,0.0307171248546639,56788.48662457878,0.0059259048401523,0.0769798989357117,41.95501540726269,0.2982732332449982,0.6459866973760758,0.0321224778890609,27422.113037109375,0.0097311288118362,0.0986464840318003,39.739325642585754,-0.1523292064666748,0.6755415261444893
LightGBM,cluster,K1,ELEC_2-22-4,129,10554006,14615,66,level,r2,44,0.4691249071849281,60,3937.1,225.3,results/stage6_panel_cluster/predictions/lightgbm/cluster/K1/ELEC_2-22-4_predictions.csv,lag_1,0.2618195125431233,2026-08-03T11:03:56,0.0221047319758552,41.82479954171443,0.0069827935018444,0.0835631108913762,32.98238717366537,0.1471753533839618,0.4648665157636964,0.0244023259729146,40.966227650642395,0.0128145711496472,0.1132014626656706,33.62615406513214,-0.5650728940963745,0.5131853335272074
LightGBM,cluster,K1,ELEC_2-22-6,129,10554006,14615,66,level,r2,44,0.4691249071849281,60,3937.2,225.3,results/stage6_panel_cluster/predictions/lightgbm/cluster/K1/ELEC_2-22-6_predictions.csv,lag_1,0.2759868856419379,2026-08-03T11:03:56,0.0213017790550187,23452.853660512177,0.0056140121817477,0.0749267120708478,27.67255025963348,0.2096833327388241,0.4479802704548065,0.0237283613532781,20562.94403076172,0.0107097784057259,0.1034880592422428,30.035176873207092,-0.5076768398284912,0.4990117355473423
LightGBM,cluster,K1,ELEC_2-23-2,129,10554006,14615,66,level,r2,44,0.4691249071849281,60,3937.2,225.3,results/stage6_panel_cluster/predictions/lightgbm/cluster/K1/ELEC_2-23-2_predictions.csv,lag_1,0.277106820580664,2026-08-03T11:03:56,0.0174379495574205,34.34251637780856,0.0039853695249711,0.0631297831848891,27.91618704516568,0.0564641972017589,0.3667232365303325,0.0201963745057582,36.659809947013855,0.0076264133676886,0.0873293385277173,31.22001886367798,-0.80555260181427,0.4247334126378768
LightGBM,cluster,K1,ELEC_3-2-4,129,10554006,14615,66,level,r2,44,0.4691249071849281,60,3937.3,225.3,results/stage6_panel_cluster/predictions/lightgbm/cluster/K1/ELEC_3-2-4_predictions.csv,lag_1,0.2438880449009467,2026-08-03T11:03:56,0.0295127893494924,38.93263402006796,0.0084037792591493,0.0916721291295741,31.295107658876248,0.2671376505161738,0.6206593036437696,0.0312624014914035,37.535473704338074,0.0146994953975081,0.1212414755663594,30.15790581703186,-0.281888484954834,0.6574539637752055
LightGBM,cluster,K1,ELEC_3-2-5,129,10554006,14615,66,level,r2,44,0.4691249071849281,60,3937.3,225.3,results/stage6_panel_cluster/predictions/lightgbm/cluster/K1/ELEC_3-2-5_predictions.csv,lag_1,0.2760671491264033,2026-08-03T11:03:56,0.0196272483590762,26.3898577647282,0.0067941698948026,0.0824267547268643,23.540945753426076,0.1147450804489508,0.4127645867264348,0.0229291804134845,29.33560013771057,0.012964024208486,0.1138596689284053,26.18415355682373,-0.6891641616821289,0.482204815682745
LightGBM,cluster,K1,ELEC_3-2-6,129,10554006,14615,66,level,r2,44,0.4691249071849281,60,3937.4,225.3,results/stage6_panel_cluster/predictions/lightgbm/cluster/K1/ELEC_3-2-6_predictions.csv,lag_1,0.2748578745232084,2026-08-03T11:03:56,0.0257792937494116,68331.27891569727,0.0124893700122153,0.1117558500133903,34.63334317112769,0.1697718025786294,0.5421432151825113,0.0283551141619682,54782.196044921875,0.023751676082611,0.1541157879083486,34.53383147716522,-0.5788875818252563,0.596313184839963
LightGBM,cluster,K1,ELEC_3-3-1,129,10554006,14615,66,level,r2,44,0.4691249071849281,60,3937.4,225.3,results/stage6_panel_cluster/predictions/lightgbm/cluster/K1/ELEC_3-3-1_predictions.csv,lag_1,0.2802620547635209,2026-08-03T11:03:56,0.0167023255844129,23.51398980218602,0.005225789688057,0.0722896236541392,21.679916949811997,0.0441989311176819,0.3512529311849509,0.0193691421300172,27.143311500549316,0.0100879548117518,0.1004388112820529,24.088285863399506,-0.845095157623291,0.4073365659962759
LightGBM,cluster,K1,ELEC_3-3-2,129,10554006,14615,66,level,r2,44,0.4691249071849281,60,3937.5,225.3,results/stage6_panel_cluster/predictions/lightgbm/cluster/K1/ELEC_3-3-2_predictions.csv,lag_1,0.2718365193351419,2026-08-03T11:03:56,0.0217944740954865,226549.27793903337,0.0109939356826995,0.1048519703329392,29.038058110010372,0.1704044018548194,0.458341736363847,0.0234642494469881,82140.97900390625,0.0207345876842737,0.1439950960424476,28.02387773990631,-0.5646190643310547,0.4934574143376179
LightGBM,cluster,K1,ELEC_3-3-6,129,10554006,14615,66,level,r2,44,0.4691249071849281,60,3937.5,225.3,results/stage6_panel_cluster/predictions/lightgbm/cluster/K1/ELEC_3-3-6_predictions.csv,lag_1,0.2754535034438938,2026-08-03T11:03:56,0.022206705029996,27.075887067662457,0.0080988964923499,0.0899938691931289,24.047638050978872,0.0964342061623837,0.4670110275556499,0.0266725979745388,31.72161281108856,0.0154274208471179,0.124207169064905,27.54821479320526,-0.7211836576461792,0.5609295647797575
LightGBM,cluster,K1,ELEC_3-4-1,129,10554006,14615,66,level,r2,44,0.4691249071849281,60,3937.6,225.3,results/stage6_panel_cluster/predictions/lightgbm/cluster/K1/ELEC_3-4-1_predictions.csv,lag_1,0.2758481494078995,2026-08-03T11:03:56,0.0244292083328003,30.3212191531683,0.0121560139866415,0.1102543150477184,26.34329448646371,0.0810961251697065,0.513750674422957,0.0277461521327495,32.76298940181732,0.0231809858232736,0.1522530322301452,27.06783711910248,-0.7523095607757568,0.5835066031060389
LightGBM,cluster,K1,ELEC_3-4-2,129,10554006,14615,66,level,r2,44,0.4691249071849281,60,3937.6,225.3,results/stage6_panel_cluster/predictions/lightgbm/cluster/K1/ELEC_3-4-2_predictions.csv,lag_1,0.2766752297461248,2026-08-03T11:03:56,0.0242514603466296,32.63493424147634,0.0122923804606177,0.1108710082060126,27.527528983753125,0.1040876526080676,0.5100126020905077,0.0276093054562807,34.87701117992401,0.0234946683049201,0.1532797061091917,28.345799446105957,-0.7123745679855347,0.5806286927222621
LightGBM,cluster,K1,ELEC_3-4-3,129,10554006,14615,66,level,r2,44,0.4691249071849281,60,3937.7,225.3,results/stage6_panel_cluster/predictions/lightgbm/cluster/K1/ELEC_3-4-3_predictions.csv,lag_1,0.2694611592485884,2026-08-03T11:03:56,0.0220002649938891,4224305.687503608,0.0072394473048583,0.0850849417045009,34.90424919637016,0.1258153734248659,0.4626695562180208,0.0236674640327692,1471129.6875,0.0135649684816598,0.1164687446556366,33.61041843891144,-0.6380100250244141,0.4977310538708911
LightGBM,cluster,K1,ELEC_3-4-4,129,10554006,14615,66,level,r2,44,0.4691249071849281,60,3937.7,225.3,results/stage6_panel_cluster/predictions/lightgbm/cluster/K1/ELEC_3-4-4_predictions.csv,lag_1,0.2448245761809929,2026-08-03T11:03:56,0.0276496005104099,36.2727123777512,0.0076755818577674,0.0876103981144214,30.618316160235825,0.2552953656669834,0.5814761050064754,0.0304604861885309,36.944931745529175,0.0134590873494744,0.1160133067776038,30.275848507881165,-0.3058353662490845,0.6405895397599679
LightGBM,cluster,K1,ELEC_3-4-6,129,10554006,14615,66,level,r2,44,0.4691249071849281,60,3937.8,225.3,results/stage6_panel_cluster/predictions/lightgbm/cluster/K1/ELEC_3-4-6_predictions.csv,lag_1,0.2646575847485763,2026-08-03T11:03:56,0.0280386439561978,42.787650606416584,0.0126784721919995,0.1125987219820881,32.54007082726999,0.2468932889227648,0.5896577591121065,0.0291987676173448,37.82861530780792,0.0234470218420028,0.1531242039718178,30.887144804000854,-0.3927633762359619,0.614055369759523
LightGBM,cluster,K1,ELEC_3-5-1,129,10554006,14615,66,level,r2,44,0.4691249071849281,60,3937.8,225.3,results/stage6_panel_cluster/predictions/lightgbm/cluster/K1/ELEC_3-5-1_predictions.csv,lag_1,0.2877948847287851,2026-08-03T11:03:56,0.0213966837402171,38.55407963808095,0.0114963790443093,0.1072211688255141,31.823083643258208,0.0212245801208447,0.449976133168095,0.0260355789214372,45.06465792655945,0.0226647481322288,0.1505481588470242,35.657066106796265,-0.9296249151229858,0.5475329387535356
LightGBM,cluster,K1,ELEC_3-5-2,129,10554006,14615,66,level,r2,44,0.4691249071849281,60,3937.9,225.3,results/stage6_panel_cluster/predictions/lightgbm/cluster/K1/ELEC_3-5-2_predictions.csv,lag_1,0.271207906602571,2026-08-03T11:03:56,0.0240869530120888,35.43798327871124,0.0087591326709698,0.0935902381179248,29.5383971157438,0.1192735818058058,0.5065529830592019,0.0268511790782213,36.97170317173004,0.0164912585169076,0.128418295102013,30.67328631877899,-0.6581878662109375,0.5646851577243273
LightGBM,cluster,K1,ELEC_3-6-2,129,10554006,14615,66,level,r2,44,0.4691249071849281,60,3937.9,225.3,results/stage6_panel_cluster/predictions/lightgbm/cluster/K1/ELEC_3-6-2_predictions.csv,lag_1,0.2836261066945869,2026-08-03T11:03:56,0.020347459238861,34.43971656579608,0.012588409641681,0.1121980821657887,28.829021827155533,0.0247943291196042,0.427910751930626,0.0244440641254186,38.46136033535004,0.0245296508073806,0.1566194458149455,32.256850600242615,-0.9002761840820312,0.51406309443153
LightGBM,cluster,K1,ELEC_3-6-4,129,10554006,14615,66,level,r2,44,0.4691249071849281,60,3938.0,225.3,results/stage6_panel_cluster/predictions/lightgbm/cluster/K1/ELEC_3-6-4_predictions.csv,lag_1,0.0853141957445263,2026-08-03T11:03:57,0.0208607057734537,28020733.01089235,0.0014802076968402,0.0384734674397852,77.6658765442066,0.6589167421602244,0.4387044194821948,0.0179938413202762,4334624.609375,0.0017692075343802,0.0420619487705961,39.108338952064514,0.5923227071762085,0.3784137409536726
LightGBM,cluster,K1,ELEC_3-6-6,129,10554006,14615,66,level,r2,44,0.4691249071849281,60,3938.0,225.3,results/stage6_panel_cluster/predictions/lightgbm/cluster/K1/ELEC_3-6-6_predictions.csv,lag_1,0.2775942381241946,2026-08-03T11:03:57,0.0290043047245376,3531774.8034416423,0.0183866823843964,0.1355975013943709,33.49798115181861,0.1039289298728946,0.6099657799140832,0.0337358862161636,2237469.7265625,0.0352322980761528,0.1877026853195041,37.61119246482849,-0.7170385122299194,0.709471795389264
LightGBM,cluster,K1,ELEC_3-7-4,129,10554006,14615,66,level,r2,44,0.4691249071849281,60,3938.1,225.3,results/stage6_panel_cluster/predictions/lightgbm/cluster/K1/ELEC_3-7-4_predictions.csv,lag_1,0.2814995045173191,2026-08-03T11:03:57,0.0274514559300463,27.74789422950821,0.0230040827080522,0.1516709685735942,25.335432861625513,0.047496803340553,0.5773090886051143,0.0322771109640598,31.873008608818058,0.0445605739951133,0.2110937564095948,25.954610109329224,-0.8450676202774048,0.6787934877097804
LightGBM,cluster,K1,ELEC_3-7-6,129,10554006,14615,66,level,r2,44,0.4691249071849281,60,3938.1,225.3,results/stage6_panel_cluster/predictions/lightgbm/cluster/K1/ELEC_3-7-6_predictions.csv,lag_1,0.2689379232149972,2026-08-03T11:03:57,0.033096010916077,28.519403125822546,0.0177660812958268,0.1332894643091752,24.57871925376322,0.2105267109064259,0.6960151019717903,0.0356147773563861,27.691835165023804,0.0332416929304599,0.1823230455276018,22.770291566848755,-0.4771647453308105,0.7489852162626125
LightGBM,cluster,K1,ELEC_3-8-2,129,10554006,14615,66,level,r2,44,0.4691249071849281,60,3938.2,225.3,results/stage6_panel_cluster/predictions/lightgbm/cluster/K1/ELEC_3-8-2_predictions.csv,lag_1,0.2798239497819179,2026-08-03T11:03:57,0.028784446422916,26.533619793249976,0.0175014431805628,0.1322930201505842,24.08528705383951,0.0707676283240372,0.6053421200231527,0.0328333899378776,30.195322632789612,0.0337439961731433,0.1836953896349698,26.291263103485107,-0.7916243076324463,0.6904921352497623
LightGBM,cluster,K1,ELEC_3-8-3,129,10554006,14615,66,level,r2,44,0.4691249071849281,60,3938.2,225.3,results/stage6_panel_cluster/predictions/lightgbm/cluster/K1/ELEC_3-8-3_predictions.csv,lag_1,0.2725709476495782,2026-08-03T11:03:57,0.0282031523766677,31.74217663309137,0.0123563117814235,0.1111589482741877,27.976805241369135,0.1039303850476534,0.5931174009806964,0.0336476191878318,36.890000104904175,0.0233511123806238,0.1528107076766017,31.69655203819275,-0.6934036016464233,0.7076155238017043
LightGBM,cluster,K1,ELEC_3-8-4,129,10554006,14615,66,level,r2,44,0.4691249071849281,60,3938.3,225.3,results/stage6_panel_cluster/predictions/lightgbm/cluster/K1/ELEC_3-8-4_predictions.csv,lag_1,0.147866401106905,2026-08-03T11:03:57,0.0260759816367313,116795.74661720252,0.0027383487574471,0.0523292342524441,41.756943334455805,0.4057427217905642,0.5483826151715379,0.0268422849476337,95843.02978515624,0.0037711462937295,0.0614096596125523,39.42784070968628,0.1816122531890869,0.5644981125476877
LightGBM,cluster,K1,ELEC_3-9-6,129,10554006,14615,66,level,r2,44,0.4691249071849281,60,3938.3,225.3,results/stage6_panel_cluster/predictions/lightgbm/cluster/K1/ELEC_3-9-6_predictions.csv,lag_1,0.2713466816123446,2026-08-03T11:03:57,0.0229393273786866,141296.79686533404,0.0117300504478322,0.1083053574290408,31.184406405313332,0.1295817392269919,0.4824182081981668,0.0251775551587343,75302.47192382812,0.02209316752851,0.1486377056083351,31.05382025241852,-0.6394041776657104,0.5294885436689967
LightGBM,cluster,K1,ELEC_3-10-1,129,10554006,14615,66,level,r2,44,0.4691249071849281,60,3938.4,225.3,results/stage6_panel_cluster/predictions/lightgbm/cluster/K1/ELEC_3-10-1_predictions.csv,lag_1,0.2641948417066752,2026-08-03T11:03:57,0.0244477280281104,39.51830977549465,0.0085877944908612,0.0926703538941188,31.55309136667623,0.1829617568737819,0.5141401469685299,0.0268778651952743,39.13551867008209,0.0158619284629821,0.1259441481887196,32.471758127212524,-0.5090955495834351,0.5652463715977756
LightGBM,cluster,K1,ELEC_3-10-5,129,10554006,14615,66,level,r2,44,0.4691249071849281,60,3938.4,225.3,results/stage6_panel_cluster/predictions/lightgbm/cluster/K1/ELEC_3-10-5_predictions.csv,lag_1,0.2826535375367449,2026-08-03T11:03:57,0.0188060197510789,27.1033037462114,0.0062089826097873,0.078797097724392,23.984319511997768,0.0771521476949834,0.395494000407535,0.0223558004945516,30.75359463691711,0.0120659777894616,0.1098452447284888,26.72969698905945,-0.793379545211792,0.4701465321706736
LightGBM,cluster,K1,ELEC_3-11-3,129,10554006,14615,66,level,r2,44,0.4691249071849281,60,3938.5,225.3,results/stage6_panel_cluster/predictions/lightgbm/cluster/K1/ELEC_3-11-3_predictions.csv,lag_1,0.2341378924309238,2026-08-03T11:03:57,0.0214603178860876,1705231.4576368243,0.0058516877438259,0.076496325034775,44.7302493667976,0.2529818775428188,0.4513143707774318,0.0214430391788482,1224819.7265625,0.0099765406921505,0.0998826345875527,41.27397835254669,-0.2735910415649414,0.4509509964356827
LightGBM,cluster,K1,ELEC_3-12-2,129,10554006,14615,66,level,r2,44,0.4691249071849281,60,3938.5,225.3,results/stage6_panel_cluster/predictions/lightgbm/cluster/K1/ELEC_3-12-2_predictions.csv,lag_1,0.2840525222646142,2026-08-03T11:03:57,0.0159457768144537,26457238.371910445,0.0051794101898614,0.071968119260277,62.95317175157387,0.196970693761649,0.3353425735710083,0.0165898073464632,3085894.3359375,0.0101045733317732,0.1005215068120911,29.168877005577087,-0.5666393041610718,0.3488866522681705
LightGBM,cluster,K1,ELEC_3-12-4,129,10554006,14615,66,level,r2,44,0.4691249071849281,60,3938.6,225.3,results/stage6_panel_cluster/predictions/lightgbm/cluster/K1/ELEC_3-12-4_predictions.csv,lag_1,0.2844835354534537,2026-08-03T11:03:57,0.0252969220735519,26.377211663247284,0.0279897684019039,0.1673014297664666,23.6247825455523,0.0723281792512651,0.5319988515003405,0.0286637004464864,28.104400634765625,0.0546713806688785,0.2338191195537237,23.758411407470703,-0.8119871616363525,0.6028028102764148
LightGBM,cluster,K1,ELEC_3-13-2,129,10554006,14615,66,level,r2,44,0.4691249071849281,60,3938.6,225.3,results/stage6_panel_cluster/predictions/lightgbm/cluster/K1/ELEC_3-13-2_predictions.csv,lag_1,0.2037681494727616,2026-08-03T11:03:57,0.0247535265405753,38.8032560154688,0.0040963948549945,0.0640030847303048,31.023790517695076,0.3741450578532448,0.5205711450539423,0.0260533690452575,36.876219511032104,0.0064613418653607,0.0803824723765121,30.281847715377808,0.0128241181373596,0.5479070682785796
LightGBM,cluster,K1,ELEC_3-13-6,129,10554006,14615,66,level,r2,44,0.4691249071849281,60,3938.7,225.3,results/stage6_panel_cluster/predictions/lightgbm/cluster/K1/ELEC_3-13-6_predictions.csv,lag_1,0.2676341065904156,2026-08-03T11:03:57,0.0199747348822923,33.06794378709101,0.0054741170820191,0.073987276487374,27.744923813754212,0.1606087450597092,0.4200722912260297,0.0217817313969135,32.56751298904419,0.0102060539647936,0.1010250165295392,27.810782194137573,-0.5649780035018921,0.4580737551056478
LightGBM,cluster,K1,ELEC_3-14-1,129,10554006,14615,66,level,r2,44,0.4691249071849281,60,3938.7,225.3,results/stage6_panel_cluster/predictions/lightgbm/cluster/K1/ELEC_3-14-1_predictions.csv,lag_1,0.2901294534550934,2026-08-03T11:03:57,0.0192931136472698,22.99036710344818,0.0233090620911342,0.1526730562055214,20.68748000706459,0.0419353797396475,0.4057376732382822,0.0224632211029529,25.60385465621948,0.0462558306753635,0.2150716872937103,20.828844606876373,-0.9012380838394164,0.4724056070150677
LightGBM,cluster,K1,ELEC_3-14-2,129,10554006,14615,66,level,r2,44,0.4691249071849281,60,3938.8,225.3,results/stage6_panel_cluster/predictions/lightgbm/cluster/K1/ELEC_3-14-2_predictions.csv,lag_1,0.237842902404098,2026-08-03T11:03:57,0.0298532299431147,38.10765273281833,0.0080691499785122,0.0898284474902703,31.643972389819343,0.244663524024755,0.6278188309682627,0.0324563793838024,38.07884752750397,0.0138911688700318,0.117860802941571,31.564602255821228,-0.3003236055374145,0.6825635350355398
LightGBM,cluster,K1,ELEC_3-15-2,129,10554006,14615,66,level,r2,44,0.4691249071849281,60,3938.8,225.3,results/stage6_panel_cluster/predictions/lightgbm/cluster/K1/ELEC_3-15-2_predictions.csv,lag_1,0.2664394361299648,2026-08-03T11:03:57,0.024870601009047,29.877070139260848,0.0083302107017951,0.0912699879576804,26.00419155473616,0.2208330811312594,0.5230332423235555,0.0268819686025381,29.101434350013733,0.0154804661870002,0.1244205215669837,25.417032837867737,-0.4479666948318481,0.5653326669955006
LightGBM,cluster,K1,ELEC_3-15-6,129,10554006,14615,66,level,r2,44,0.4691249071849281,60,3938.9,225.3,results/stage6_panel_cluster/predictions/lightgbm/cluster/K1/ELEC_3-15-6_predictions.csv,lag_1,0.2591004969175799,2026-08-03T11:03:57,0.0303910249583087,35.77468946126069,0.0147574033697215,0.1214800533821152,30.334547074286,0.1357388019577468,0.6391287575116547,0.0335730388760566,37.531110644340515,0.0268838424235582,0.1639629300285837,30.20837903022766,-0.5744409561157227,0.7060470863414637
LightGBM,cluster,K1,ELEC_3-16-1,129,10554006,14615,66,level,r2,44,0.4691249071849281,60,3939.0,225.3,results/stage6_panel_cluster/predictions/lightgbm/cluster/K1/ELEC_3-16-1_predictions.csv,lag_1,0.2765899643200831,2026-08-03T11:03:57,0.017792818880006,27.793908219930145,0.0051594793467082,0.0718295158462609,24.330627118191465,0.117082568205917,0.3741862026374051,0.0205679107457399,30.42011857032776,0.0098590897396206,0.0992929490931792,26.76895558834076,-0.687139630317688,0.4325468870355247
LightGBM,cluster,K1,ELEC_3-16-2,129,10554006,14615,66,level,r2,44,0.4691249071849281,60,3939.0,225.3,results/stage6_panel_cluster/predictions/lightgbm/cluster/K1/ELEC_3-16-2_predictions.csv,lag_1,0.2565209577729835,2026-08-03T11:03:58,0.0233778200114664,42.51557051103861,0.0072896777230624,0.085379609527465,33.742836047580944,0.198677144697763,0.4916397876595715,0.0253342445939779,44.611987471580505,0.0131877548992633,0.1148379506054657,34.29538607597351,-0.449673056602478,0.5327837508625622
LightGBM,cluster,K1,ELEC_3-16-5,129,10554006,14615,66,level,r2,44,0.4691249071849281,60,3939.1,225.3,results/stage6_panel_cluster/predictions/lightgbm/cluster/K1/ELEC_3-16-5_predictions.csv,lag_1,0.2155906115839378,2026-08-03T11:03:58,0.0348986312875575,52.6790459620182,0.0068667262360421,0.0828657120650163,38.43793857862362,0.3666448009375137,0.7339245347688091,0.0367122814059257,46.27521634101868,0.0111599992960691,0.1056408978382385,36.07019484043121,-0.0293469429016113,0.7720659251399372
LightGBM,cluster,K1,ELEC_3-18-3,129,10554006,14615,66,level,r2,44,0.4691249071849281,60,3939.1,225.3,results/stage6_panel_cluster/predictions/lightgbm/cluster/K1/ELEC_3-18-3_predictions.csv,lag_1,0.2741721542658131,2026-08-03T11:03:58,0.023922736418834,23627080.435688917,0.0120280994730493,0.1096726924674021,63.834220335289714,0.2026411912323777,0.5030994783697842,0.0245439633727073,2317283.7890625,0.0228312537074089,0.1511001446306684,30.06531298160553,-0.513514518737793,0.5161639936898987
LightGBM,cluster,K1,ELEC_3-18-5,129,10554006,14615,66,level,r2,44,0.4691249071849281,60,3939.2,225.3,results/stage6_panel_cluster/predictions/lightgbm/cluster/K1/ELEC_3-18-5_predictions.csv,lag_1,0.264242434747244,2026-08-03T11:03:58,0.0309736300073123,28.20526929651832,0.0124338394986452,0.1115071275688028,25.49268450341799,0.2074656741993777,0.6513810471794265,0.0354779325425624,31.563162803649902,0.0229686666280031,0.1515541706057709,26.677510142326355,-0.464025616645813,0.7461073450506005
LightGBM,cluster,K1,ELEC_3-19-2,129,10554006,14615,66,level,r2,44,0.4691249071849281,60,3939.2,225.3,results/stage6_panel_cluster/predictions/lightgbm/cluster/K1/ELEC_3-19-2_predictions.csv,lag_1,0.269479741424288,2026-08-03T11:03:58,0.0272189107795033,16065.535327431888,0.0161689882131081,0.1271573364501951,31.90008467393509,0.1786054407987947,0.5724186219842666,0.0278193652629852,13724.76806640625,0.0302983038127422,0.1740640796165085,30.26997745037079,-0.5391724109649658,0.5850462884909595
LightGBM,cluster,K1,ELEC_3-19-3,129,10554006,14615,66,level,r2,44,0.4691249071849281,60,3939.3,225.3,results/stage6_panel_cluster/predictions/lightgbm/cluster/K1/ELEC_3-19-3_predictions.csv,lag_1,0.2692027080410049,2026-08-03T11:03:58,0.0327858666660837,593033.6313236789,0.0149912548110562,0.1224387798495895,34.96586310959162,0.1257653463880496,0.6894927122393109,0.0377926751971244,417427.83203125,0.0280701108276844,0.1675413704960192,38.86385262012482,-0.6369452476501465,0.7947868021863486
LightGBM,cluster,K1,ELEC_3-19-5,129,10554006,14615,66,level,r2,44,0.4691249071849281,60,3939.3,225.3,results/stage6_panel_cluster/predictions/lightgbm/cluster/K1/ELEC_3-19-5_predictions.csv,lag_1,0.2776117252796215,2026-08-03T11:03:58,0.0193669294931894,30.097924443285745,0.0096071655659658,0.0980161495161172,25.274791353880428,0.1465860580323896,0.4072900338431643,0.0206903871148824,28.56589257717133,0.0184100046753883,0.1356834723737137,24.89522397518158,-0.6353789567947388,0.4351225872543225
LightGBM,cluster,K1,ELEC_3-19-6,129,10554006,14615,66,level,r2,44,0.4691249071849281,60,3939.4,225.3,results/stage6_panel_cluster/predictions/lightgbm/cluster/K1/ELEC_3-19-6_predictions.csv,lag_1,0.2369139467623083,2026-08-03T11:03:58,0.0334895825232195,45877.89892507532,0.0100275238471435,0.1001375246705425,34.8209946762562,0.3570499766449673,0.7042919841305836,0.035963051021099,41098.15979003906,0.0172205362468957,0.131227040837229,35.52420437335968,-0.104155421257019,0.7563094744904066
LightGBM,cluster,K1,ELEC_3-20-4,129,10554006,14615,66,level,r2,44,0.4691249071849281,60,3939.4,225.3,results/stage6_panel_cluster/predictions/lightgbm/cluster/K1/ELEC_3-20-4_predictions.csv,lag_1,0.2666914394659198,2026-08-03T11:03:58,0.0251953615139666,82723.77353339137,0.0084344913365133,0.0918394868044968,27.23299836331128,0.1414999872348618,0.5298630145435734,0.0280143674463033,82140.27099609375,0.0156850311905145,0.12523989456445,28.126665949821472,-0.5964921712875366,0.5891472197134883
LightGBM,cluster,K1,ELEC_3-20-6,129,10554006,14615,66,level,r2,44,0.4691249071849281,60,3939.5,225.3,results/stage6_panel_cluster/predictions/lightgbm/cluster/K1/ELEC_3-20-6_predictions.csv,lag_1,0.2855722164112915,2026-08-03T11:03:58,0.0186929603895518,30.891836628661935,0.0104368934499878,0.1021611151563445,25.82113215835038,0.1568643604460657,0.3931163415639442,0.0201847422868013,30.233347415924072,0.020448176190257,0.1429971195173422,25.838828086853027,-0.6518887281417847,0.4244887849670675
LightGBM,cluster,K1,ELEC_3-21-5,129,10554006,14615,66,level,r2,44,0.4691249071849281,60,3939.5,225.3,results/stage6_panel_cluster/predictions/lightgbm/cluster/K1/ELEC_3-21-5_predictions.csv,lag_1,0.2561525131181258,2026-08-03T11:03:58,0.0219335798579637,35.78819773215471,0.0050045715209249,0.0707429962676512,29.105297085709868,0.1766357838641721,0.4612671557354127,0.0236270949244499,33.512043952941895,0.0090448027476668,0.0951041678774744,28.563192486763,-0.4880728721618652,0.4968820842136535
LightGBM,cluster,K1,ELEC_3-21-6,129,10554006,14615,66,level,r2,44,0.4691249071849281,60,3939.6,225.3,results/stage6_panel_cluster/predictions/lightgbm/cluster/K1/ELEC_3-21-6_predictions.csv,lag_1,0.2869550742304846,2026-08-03T11:03:58,0.0210814172856926,27.28414508095749,0.023515588361138,0.1533479323666869,24.3773099687787,0.0460773373684811,0.4433460225468908,0.0244563799351453,29.73567545413971,0.0462510995566844,0.2150606880782364,25.665229558944706,-0.8762010335922241,0.5143220981399993
LightGBM,cluster,K1,ELEC_3-22-1,129,10554006,14615,66,level,r2,44,0.4691249071849281,60,3939.6,225.3,results/stage6_panel_cluster/predictions/lightgbm/cluster/K1/ELEC_3-22-1_predictions.csv,lag_1,0.2875940243895953,2026-08-03T11:03:58,0.0193286143487328,27.106902751756976,0.0179544961382995,0.1339943884582468,23.93412927370104,0.0326059744814228,0.4064842594178507,0.0222319532185792,28.73467803001404,0.0353767648339271,0.1880871203297215,24.220696091651917,-0.9061115980148317,0.4675420015330261
LightGBM,cluster,K1,ELEC_3-22-6,129,10554006,14615,66,level,r2,44,0.4691249071849281,60,3939.7,225.3,results/stage6_panel_cluster/predictions/lightgbm/cluster/K1/ELEC_3-22-6_predictions.csv,lag_1,0.2749602675072293,2026-08-03T11:03:58,0.0184692766160042,36.95078433944764,0.0041722773711182,0.0645931681458518,29.559453921801715,0.1573114442549322,0.3884122313057635,0.0209449212998151,36.99193298816681,0.0079368753358721,0.089089142637429,31.995734572410583,-0.603036642074585,0.4404754872497473
LightGBM,cluster,K1,ELEC_3-23-3,129,10554006,14615,66,level,r2,44,0.4691249071849281,60,3939.7,225.3,results/stage6_panel_cluster/predictions/lightgbm/cluster/K1/ELEC_3-23-3_predictions.csv,lag_1,0.272433776119049,2026-08-03T11:03:58,0.026622288676733,30.529837162502627,0.0130026190916645,0.1140290274082197,26.298414105620427,0.1159440769228077,0.5598715511378358,0.0297892577946186,31.90791606903076,0.0245632473379373,0.15672666441272,27.350085973739624,-0.6700699329376221,0.6264734851025078
LightGBM,cluster,K1,ELEC_3-24-2,129,10554006,14615,66,level,r2,44,0.4691249071849281,60,3939.8,225.3,results/stage6_panel_cluster/predictions/lightgbm/cluster/K1/ELEC_3-24-2_predictions.csv,lag_1,0.22997771501958253,2026-08-03T11:03:58,0.025816975930537476,36.096216494381714,0.005294111880889304,0.07276064788667913,30.128060139886912,0.289278438389139,0.5429356782743718,0.02816421538591385,35.614603757858276,0.008928664959967136,0.09449161317263631,29.9052894115448,-0.19865155220031738,0.5922985490151592
