model,panel_mode,group_id,household,n_group_households,n_train_rows,n_test_rows,n_input_features,target_mode,scoring,best_trial_index,best_cv_score,n_trials,elapsed_s,fit_elapsed_s,predictions_path,best_naive,rmse_improvement_vs_best_naive,updated_at,MAE,MAPE,MSE,RMSE,SMAPE,R2,MASE,best_naive_MAE,best_naive_MAPE,best_naive_MSE,best_naive_RMSE,best_naive_SMAPE,best_naive_R2,best_naive_MASE
LightGBM,global,ALL,ELEC_1-1-1,348,28471272,14615,66,level,r2,44,0.4843323662931906,60,3358.1,366.5,results/stage6_panel_global/predictions/lightgbm/global/ALL/ELEC_1-1-1_predictions.csv,lag_1,0.2871292818752656,2026-07-27T15:46:13,0.0258594679648316,121037.32746118982,0.0326089768493756,0.1805795582267707,28.321329794496812,0.0660198063736198,0.6844092344650435,0.0297256242483854,102671.2646484375,0.0641675740480423,0.2533131935925215,28.641033172607425,-0.837875485420227,0.7867328037646067
LightGBM,global,ALL,ELEC_1-1-2,348,28471272,14615,66,level,r2,44,0.4843323662931906,60,3358.1,366.5,results/stage6_panel_global/predictions/lightgbm/global/ALL/ELEC_1-1-2_predictions.csv,lag_1,0.262216187229139,2026-07-27T15:46:13,0.0266697300757052,31.541590095760636,0.0094707301612003,0.0973176765094625,27.73532521195191,0.1420724256235994,0.7058540248904785,0.029601776972413,33.52999985218048,0.0173990372568368,0.1319054102637071,27.58139669895172,-0.5761314630508423,0.7834550016283021
LightGBM,global,ALL,ELEC_1-1-3,348,28471272,14615,66,level,r2,44,0.4843323662931906,60,3358.2,366.5,results/stage6_panel_global/predictions/lightgbm/global/ALL/ELEC_1-1-3_predictions.csv,lag_1,0.2780766672087479,2026-07-27T15:46:13,0.0271686433798219,15200.655227466084,0.0265353924050317,0.1628968765969187,29.706489701649502,0.1070348541051156,0.7190585066299836,0.0302784796804189,13722.86376953125,0.0509147197008132,0.2256429030588227,29.836052656173703,-0.7133749723434448,0.8013649440515803
LightGBM,global,ALL,ELEC_1-1-4,348,28471272,14615,66,level,r2,44,0.4843323662931906,60,3358.3,366.5,results/stage6_panel_global/predictions/lightgbm/global/ALL/ELEC_1-1-4_predictions.csv,lag_1,0.2743473268839641,2026-07-27T15:46:13,0.0340170927538611,37028.610626752445,0.0299655048298949,0.1731054731367408,37.12990907435237,0.1096990210378402,0.900312892827456,0.0374040342867374,13731.404113769531,0.0569067783653736,0.2385514166073503,36.37998700141907,-0.6907494068145752,0.989953331866892
LightGBM,global,ALL,ELEC_1-2-1,348,28471272,14615,66,level,r2,44,0.4843323662931906,60,3358.3,366.5,results/stage6_panel_global/predictions/lightgbm/global/ALL/ELEC_1-2-1_predictions.csv,lag_1,0.2614438641227439,2026-07-27T15:46:13,0.0317673519972566,37.52643700281409,0.0148175883326393,0.1217275167439118,31.37921884835463,0.2038211312611542,0.8407701616673829,0.0342736914753913,36.11646294593811,0.0271650496870279,0.1648182322652076,30.030030012130737,-0.4596328735351562,0.9071041591754748
LightGBM,global,ALL,ELEC_1-2-2,348,28471272,14615,66,level,r2,44,0.4843323662931906,60,3358.4,366.5,results/stage6_panel_global/predictions/lightgbm/global/ALL/ELEC_1-2-2_predictions.csv,lag_1,0.2792264171986632,2026-07-27T15:46:13,0.0144831504745197,16080.455922546318,0.0038397902424904,0.0619660410425779,30.128261560659936,0.0742148570035751,0.3833180923284569,0.0173191931098699,13726.132202148438,0.0073911119252443,0.0859715762635787,34.57011878490448,-0.7820194959640503,0.458378173673131
LightGBM,global,ALL,ELEC_1-2-3,348,28471272,14615,66,level,r2,44,0.4843323662931906,60,3358.4,366.5,results/stage6_panel_global/predictions/lightgbm/global/ALL/ELEC_1-2-3_predictions.csv,lag_144,0.1733892220980698,2026-07-27T15:46:13,0.0292611111902063,55924.729320757106,0.0278681248686038,0.1669374879067126,37.036797281220515,0.1065440178738926,0.7744387756361193,0.0550537072122097,116425.93994140624,0.0407854840159416,0.2019541631557557,58.29811692237854,-0.3075882196426391,1.457078144794555
LightGBM,global,ALL,ELEC_1-2-4,348,28471272,14615,66,level,r2,44,0.4843323662931906,60,3358.5,366.5,results/stage6_panel_global/predictions/lightgbm/global/ALL/ELEC_1-2-4_predictions.csv,lag_1,0.2841211545213457,2026-07-27T15:46:13,0.019633650343271,44359.62721948998,0.0152360956115561,0.1234345802907601,26.98516897691718,0.0652859790861314,0.5196337225292942,0.0225206967443227,34244.28405761719,0.0297299809753894,0.1724238410875638,27.298766374588013,-0.8238942623138428,0.5960436943004104
LightGBM,global,ALL,ELEC_1-3-1,348,28471272,14615,66,level,r2,44,0.4843323662931906,60,3358.5,366.5,results/stage6_panel_global/predictions/lightgbm/global/ALL/ELEC_1-3-1_predictions.csv,lag_1,0.2800727643819104,2026-07-27T15:46:13,0.0253833079149099,1355649.4506576576,0.0152850772283148,0.1236328323234359,36.43103187042303,0.0711830871272803,0.6718069513982405,0.0285904873162508,930599.70703125,0.0294910632073879,0.1717296223934238,37.44438290596008,-0.7920615673065186,0.7566897185862177
LightGBM,global,ALL,ELEC_1-3-2,348,28471272,14615,66,level,r2,44,0.4843323662931906,60,3358.6,366.5,results/stage6_panel_global/predictions/lightgbm/global/ALL/ELEC_1-3-2_predictions.csv,lag_1,0.2871837209042087,2026-07-27T15:46:14,0.0121836188354957,9696994.640007306,0.0046856599864136,0.0684518808099065,58.42921253485718,0.0768216396910682,0.3224575714997626,0.0139965787529945,2476948.046875,0.0092217968776822,0.0960301873250396,38.566023111343384,-0.8168972730636597,0.3704402489059121
LightGBM,global,ALL,ELEC_1-3-3,348,28471272,14615,66,level,r2,44,0.4843323662931906,60,3358.7,366.5,results/stage6_panel_global/predictions/lightgbm/global/ALL/ELEC_1-3-3_predictions.csv,lag_1,0.2269676083620602,2026-07-27T15:46:14,0.0202339884957276,3026768.487111252,0.0029401097839976,0.0542227791983931,38.64762047740971,0.1413923320784429,0.5355225635488307,0.0239185765385627,2791708.0078125,0.0049200346693396,0.0701429588008636,45.816537737846375,-0.4368100166320801,0.6330406596343868
LightGBM,global,ALL,ELEC_1-3-4,348,28471272,14615,66,level,r2,44,0.4843323662931906,60,3358.7,366.5,results/stage6_panel_global/predictions/lightgbm/global/ALL/ELEC_1-3-4_predictions.csv,lag_1,0.2759437754253926,2026-07-27T15:46:14,0.0217395717079756,85052.6495049173,0.0132652525108899,0.1151748779504018,28.308158303281296,0.1139728318146582,0.5753700598360482,0.0246883351355791,75300.59814453125,0.0253029372543096,0.1590689701177123,28.676828742027283,-0.6900613307952881,0.6534134643967784
LightGBM,global,ALL,ELEC_1-4-1,348,28471272,14615,66,level,r2,44,0.4843323662931906,60,3358.8,366.5,results/stage6_panel_global/predictions/lightgbm/global/ALL/ELEC_1-4-1_predictions.csv,lag_1,0.2439858617579564,2026-07-27T15:46:14,0.0208322096865181,675795.4718405614,0.0036351110402896,0.0602918820430219,38.02561523420504,0.2210885910468156,0.5513553760330814,0.024011630564928,650074.267578125,0.0063600107096135,0.0797496752947218,44.54052150249481,-0.3627876043319702,0.6355034726758293
LightGBM,global,ALL,ELEC_1-4-2,348,28471272,14615,66,level,r2,44,0.4843323662931906,60,3358.8,366.5,results/stage6_panel_global/predictions/lightgbm/global/ALL/ELEC_1-4-2_predictions.csv,lag_1,0.2576518687857143,2026-07-27T15:46:14,0.0201745659154732,35.870296996330474,0.0056936803076745,0.0754564795605685,29.887117847623635,0.1423511142821307,0.5339498566889216,0.0228929165750741,39.385852217674255,0.0103318439796566,0.1016456786078812,31.88941478729248,-0.5563035011291504,0.605895045061522
LightGBM,global,ALL,ELEC_1-4-3,348,28471272,14615,66,level,r2,44,0.4843323662931906,60,3358.9,366.5,results/stage6_panel_global/predictions/lightgbm/global/ALL/ELEC_1-4-3_predictions.csv,lag_1,0.2631155009215521,2026-07-27T15:46:14,0.0233885917296187,45.10897932483767,0.0109364774016309,0.104577614247175,34.37508750583827,0.1864405241032432,0.6190138243622629,0.0264556985348463,49.141210317611694,0.0201408881694078,0.1419185969822413,37.89031207561493,-0.4982712268829345,0.700189362213355
LightGBM,global,ALL,ELEC_1-4-4,348,28471272,14615,66,level,r2,44,0.4843323662931906,60,3358.9,366.5,results/stage6_panel_global/predictions/lightgbm/global/ALL/ELEC_1-4-4_predictions.csv,lag_1,0.2538432990490613,2026-07-27T15:46:14,0.0190522073210102,298443.3259336765,0.0040114476256378,0.0633359899712463,34.896309771525694,0.2273862250076367,0.5042449691994978,0.0204584337770938,253209.765625,0.0072051170282065,0.0848829607648471,35.44695973396301,-0.3877217769622803,0.5414628413383056
LightGBM,global,ALL,ELEC_1-5-1,348,28471272,14615,66,level,r2,44,0.4843323662931906,60,3359.0,366.5,results/stage6_panel_global/predictions/lightgbm/global/ALL/ELEC_1-5-1_predictions.csv,lag_1,0.2709443384921057,2026-07-27T15:46:14,0.0378520777689918,31.9125670484138,0.0274590986645606,0.1657078714622833,27.814530589037467,0.115642002878193,1.0018114682026364,0.0422490574419498,32.36328065395355,0.0516612492501735,0.2272911112432106,27.111002802848816,-0.6638214588165283,1.1181840670519312
LightGBM,global,ALL,ELEC_1-5-2,348,28471272,14615,66,level,r2,44,0.4843323662931906,60,3359.0,366.5,results/stage6_panel_global/predictions/lightgbm/global/ALL/ELEC_1-5-2_predictions.csv,lag_1,0.2785810830161979,2026-07-27T15:46:14,0.0244431317762998,38.01475639260117,0.014444801786958,0.1201865291409899,32.079626505920885,0.0581039858603977,0.6469237932387791,0.0285350643098354,41.737887263298035,0.0277546998113393,0.1665974183813764,33.54267477989197,-0.8097888231277466,0.7552228663894099
LightGBM,global,ALL,ELEC_1-5-3,348,28471272,14615,66,level,r2,44,0.4843323662931906,60,3359.1,366.5,results/stage6_panel_global/predictions/lightgbm/global/ALL/ELEC_1-5-3_predictions.csv,lag_1,0.2782023366603278,2026-07-27T15:46:14,0.0301077177828821,36.105214196013165,0.0209235284554405,0.1446496749233836,30.72933469770701,0.0587136971558746,0.7968454767629304,0.0352480337023735,40.68508446216583,0.0401609502732753,0.2004019717300091,32.47392177581787,-0.8067195415496826,0.9328915736181346
LightGBM,global,ALL,ELEC_1-5-4,348,28471272,14615,66,level,r2,44,0.4843323662931906,60,3359.1,366.5,results/stage6_panel_global/predictions/lightgbm/global/ALL/ELEC_1-5-4_predictions.csv,lag_1,0.2749656587320626,2026-07-27T15:46:14,0.0311770183931253,52.82858506044107,0.018744608831308,0.1369109521963383,38.509298933645475,0.1556164142966914,0.8251461058812402,0.0348060205578804,55.597299337387085,0.0356581844389438,0.1888337481462036,39.82417285442352,-0.6062852144241333,0.9211930391294348
LightGBM,global,ALL,ELEC_1-6-1,348,28471272,14615,66,level,r2,44,0.4843323662931906,60,3359.2,366.5,results/stage6_panel_global/predictions/lightgbm/global/ALL/ELEC_1-6-1_predictions.csv,lag_1,0.2690102412030626,2026-07-27T15:46:14,0.0266075606740417,30.674295540974732,0.0123935083639409,0.1113261351343024,27.03206637394377,0.1067608081095584,0.7042086193215178,0.0303181651979684,33.61615538597107,0.0231937877833843,0.1522950681518752,28.5699725151062,-0.6716494560241699,0.8024152802271873
LightGBM,global,ALL,ELEC_1-6-2,348,28471272,14615,66,level,r2,44,0.4843323662931906,60,3359.2,366.5,results/stage6_panel_global/predictions/lightgbm/global/ALL/ELEC_1-6-2_predictions.csv,lag_1,0.2483440285496664,2026-07-27T15:46:14,0.0153235553901098,3454856.212577878,0.0027154104215992,0.0521096000905708,41.85142240610963,0.2611518015310808,0.4055606568584748,0.0158015731722116,2853282.03125,0.0048061492852866,0.0693263967424145,42.217376828193665,-0.3077267408370971,0.4182121075671234
LightGBM,global,ALL,ELEC_1-6-3,348,28471272,14615,66,level,r2,44,0.4843323662931906,60,3359.3,366.5,results/stage6_panel_global/predictions/lightgbm/global/ALL/ELEC_1-6-3_predictions.csv,lag_1,0.2767138999309632,2026-07-27T15:46:14,0.0141424198893189,2741731.691840219,0.0018612459611782,0.0431421599039531,39.13688712353532,0.0962217592057859,0.3743001512287702,0.0165774896740913,2244321.484375,0.0035578163806349,0.059647433981982,45.4818457365036,-0.7275935411453247,0.4387478904294192
LightGBM,global,ALL,ELEC_1-6-4,348,28471272,14615,66,level,r2,44,0.4843323662931906,60,3359.3,366.5,results/stage6_panel_global/predictions/lightgbm/global/ALL/ELEC_1-6-4_predictions.csv,lag_1,0.2611478042149642,2026-07-27T15:46:14,0.0225779653843952,28.12751936332198,0.0065850108524996,0.0811480797831938,24.87543202307694,0.205150165569011,0.5975593939336805,0.0246274378150701,29.756498336791992,0.0120626119896769,0.1098299230158928,25.363251566886905,-0.4560290575027466,0.6518017263452768
LightGBM,global,ALL,ELEC_1-7-1,348,28471272,14615,66,level,r2,44,0.4843323662931906,60,3359.4,366.5,results/stage6_panel_global/predictions/lightgbm/global/ALL/ELEC_1-7-1_predictions.csv,lag_1,0.2840539949409687,2026-07-27T15:46:14,0.0380276369055284,43.2525362677818,0.0494283422698996,0.2223248575168768,34.603802832021074,0.0707460705706616,1.0064579015478157,0.0445350669324398,49.1942435503006,0.0964307412505149,0.3105329954296563,36.51144802570343,-0.812900185585022,1.1786867041322393
LightGBM,global,ALL,ELEC_1-7-2,348,28471272,14615,66,level,r2,44,0.4843323662931906,60,3359.4,366.5,results/stage6_panel_global/predictions/lightgbm/global/ALL/ELEC_1-7-2_predictions.csv,lag_1,0.261143496152369,2026-07-27T15:46:14,0.0245555284263415,26370.81933819816,0.0068080454134599,0.0825108805762003,27.648567017173235,0.1258868153507755,0.6498985375496866,0.0284255910664796,20562.76092529297,0.0124710276722908,0.1116737555215673,30.57756125926971,-0.6012066602706909,0.7523254943792275
LightGBM,global,ALL,ELEC_1-7-3,348,28471272,14615,66,level,r2,44,0.4843323662931906,60,3359.5,366.5,results/stage6_panel_global/predictions/lightgbm/global/ALL/ELEC_1-7-3_predictions.csv,lag_1,0.259720231118113,2026-07-27T15:46:14,0.023503911885559,38.107336307773075,0.0067963309117413,0.0824398623952113,31.38211472646022,0.0813111474810136,0.6220659435997055,0.0269757099449634,40.55752158164978,0.0124017437919974,0.111363116838554,32.06196427345276,-0.6763966083526611,0.7139522366698359
LightGBM,global,ALL,ELEC_1-7-4,348,28471272,14615,66,level,r2,44,0.4843323662931906,60,3359.5,366.5,results/stage6_panel_global/predictions/lightgbm/global/ALL/ELEC_1-7-4_predictions.csv,lag_1,0.2667372594986,2026-07-27T15:46:14,0.0196599839390196,384294.0874821264,0.0070473573979128,0.0839485401773781,32.27513085344261,0.2377558887371021,0.5203306802598824,0.0210516583174467,307941.259765625,0.0131071135401725,0.1144863028496098,32.21995830535889,-0.4176690578460693,0.5571634100460963
LightGBM,global,ALL,ELEC_1-8-1,348,28471272,14615,66,level,r2,44,0.4843323662931906,60,3359.6,366.5,results/stage6_panel_global/predictions/lightgbm/global/ALL/ELEC_1-8-1_predictions.csv,lag_1,0.2865208524487106,2026-07-27T15:46:15,0.0252234660230201,29.670000825073483,0.0290074262769411,0.1703156665634173,25.86329192667065,0.0738167627284012,0.6675764982809335,0.0286992825567722,34.025734663009644,0.0569831728935241,0.2387114846284614,26.011478900909424,-0.8194258213043213,0.7595691462442027
LightGBM,global,ALL,ELEC_1-8-2,348,28471272,14615,66,level,r2,44,0.4843323662931906,60,3359.7,366.5,results/stage6_panel_global/predictions/lightgbm/global/ALL/ELEC_1-8-2_predictions.csv,lag_1,0.2271850016960162,2026-07-27T15:46:15,0.0229638527239812,251528.4221948962,0.0042680390380913,0.0653302306600193,38.165681083558134,0.1616123134130557,0.6077724756194675,0.0254327729344367,198478.23486328125,0.007146235089749,0.0845354073140308,38.70558440685272,-0.4037630558013916,0.6731161166213309
LightGBM,global,ALL,ELEC_1-8-3,348,28471272,14615,66,level,r2,44,0.4843323662931906,60,3359.7,366.5,results/stage6_panel_global/predictions/lightgbm/global/ALL/ELEC_1-8-3_predictions.csv,lag_1,0.2853550453771355,2026-07-27T15:46:15,0.0176607109636871,175684.22372775746,0.0112448763210762,0.1060418611732,33.48183882443374,0.0628263265924914,0.4674169510062551,0.0208251792937517,143739.8681640625,0.0220178049057722,0.148383977928118,36.171725392341614,-0.8350142240524292,0.5511693062447233
LightGBM,global,ALL,ELEC_1-8-4,348,28471272,14615,66,level,r2,44,0.4843323662931906,60,3359.8,366.5,results/stage6_panel_global/predictions/lightgbm/global/ALL/ELEC_1-8-4_predictions.csv,lag_1,0.2720463516859559,2026-07-27T15:46:15,0.0193399314138444,2936320.798589012,0.0082519084790272,0.0908400158466922,39.67268944677623,0.1142759362681377,0.51186001473646,0.0211276076734066,2206690.8203125,0.015572091564536,0.1247881867988155,40.17941653728485,-0.671440601348877,0.5591735225759177
LightGBM,global,ALL,ELEC_1-9-1,348,28471272,14615,66,level,r2,44,0.4843323662931906,60,3359.8,366.5,results/stage6_panel_global/predictions/lightgbm/global/ALL/ELEC_1-9-1_predictions.csv,lag_1,0.2670955219158942,2026-07-27T15:46:15,0.0209795171427945,553399.6195187172,0.0074734612322249,0.0864491829471217,38.211868853369594,0.0759080830999011,0.5552540866917165,0.0242162179201841,485855.859375,0.0139132002368569,0.1179542294148748,41.378527879714966,-0.7203643321990967,0.6409181809514392
LightGBM,global,ALL,ELEC_1-9-2,348,28471272,14615,66,level,r2,44,0.4843323662931906,60,3359.9,366.5,results/stage6_panel_global/predictions/lightgbm/global/ALL/ELEC_1-9-2_predictions.csv,lag_1,0.2840889619676335,2026-07-27T15:46:15,0.0203666312284197,41.95184892997127,0.0125776334097025,0.1121500486388773,31.92941553184333,0.0665341031574952,0.5390331505130557,0.0244810115545988,48.4012097120285,0.0245403535664081,0.1566536101288705,37.36360967159271,-0.8212952613830566,0.647926337842657
LightGBM,global,ALL,ELEC_1-9-3,348,28471272,14615,66,level,r2,44,0.4843323662931906,60,3359.9,366.5,results/stage6_panel_global/predictions/lightgbm/global/ALL/ELEC_1-9-3_predictions.csv,lag_1,0.2901912977640605,2026-07-27T15:46:15,0.0205419509528209,30.94047779998636,0.0177452381365357,0.1332112537908705,26.897411529022214,0.0268719135368064,0.5436732474604191,0.0257769394665956,39.392706751823425,0.0352207981050014,0.1876720493440657,31.877192854881287,-0.931466817855835,0.6822249951614336
LightGBM,global,ALL,ELEC_1-9-4,348,28471272,14615,66,level,r2,44,0.4843323662931906,60,3360.0,366.5,results/stage6_panel_global/predictions/lightgbm/global/ALL/ELEC_1-9-4_predictions.csv,lag_1,0.2681568074474212,2026-07-27T15:46:15,0.0275297890302089,35.56247873200735,0.0111998899037644,0.1058295322854848,30.031151619907543,0.1362897387725883,0.7286167627568272,0.0315217226743698,37.868353724479675,0.0209111385047435,0.1446068411408795,32.77216851711273,-0.6126198768615723,0.8342692167497316
LightGBM,global,ALL,ELEC_1-10-1,348,28471272,14615,66,level,r2,44,0.4843323662931906,60,3360.0,366.5,results/stage6_panel_global/predictions/lightgbm/global/ALL/ELEC_1-10-1_predictions.csv,lag_1,0.2609483245984597,2026-07-27T15:46:15,0.0213180464956571,34.93036957817376,0.0052484496877703,0.0724461847702854,29.016495561504456,0.2113933001547906,0.564213768907598,0.0236380435526371,36.146923899650574,0.0096090715378522,0.0980258717780785,29.395702481269836,-0.4438124895095825,0.6256159374242972
LightGBM,global,ALL,ELEC_1-10-2,348,28471272,14615,66,level,r2,44,0.4843323662931906,60,3360.1,366.5,results/stage6_panel_global/predictions/lightgbm/global/ALL/ELEC_1-10-2_predictions.csv,lag_1,0.2776009880349458,2026-07-27T15:46:15,0.0167047239608956,5409649.075180923,0.0044719399287819,0.066872564843753,38.39946904328495,0.0884275806940038,0.4421153348388672,0.0195853561162948,4502267.1875,0.0085692275315523,0.0925701222401284,46.71635031700134,-0.7467745542526245,0.5183555440702937
LightGBM,global,ALL,ELEC_1-10-3,348,28471272,14615,66,level,r2,44,0.4843323662931906,60,3360.1,366.5,results/stage6_panel_global/predictions/lightgbm/global/ALL/ELEC_1-10-3_predictions.csv,lag_1,0.277200335319738,2026-07-27T15:46:15,0.0216537569884119,385651.47608721815,0.0128874973706432,0.1135231138167167,32.58006781809273,0.0866146579851708,0.5730988458032487,0.0249257590621709,328473.6572265625,0.0246679298579692,0.157060274601725,34.75170135498047,-0.7483087778091431,0.6596972413121975
LightGBM,global,ALL,ELEC_1-10-4,348,28471272,14615,66,level,r2,44,0.4843323662931906,60,3360.2,366.5,results/stage6_panel_global/predictions/lightgbm/global/ALL/ELEC_1-10-4_predictions.csv,lag_1,0.2786907036956358,2026-07-27T15:46:15,0.0160191337054344,7706130.864707788,0.0043327286092644,0.0658234654911489,34.22692814295813,0.2060288624420861,0.4239701702695464,0.0175798833370208,3166869.140625,0.0083275726065039,0.0912555346623094,33.529239892959595,-0.5260251760482788,0.465277727795417
LightGBM,global,ALL,ELEC_1-11-1,348,28471272,14615,66,level,r2,44,0.4843323662931906,60,3360.2,366.5,results/stage6_panel_global/predictions/lightgbm/global/ALL/ELEC_1-11-1_predictions.csv,lag_1,0.2763269036175295,2026-07-27T15:46:15,0.02548684730145,72291.92335721942,0.0161986154572686,0.1272737814998387,35.70160390921893,0.1068725710818278,0.6745472750729309,0.0283380076289176,61629.486083984375,0.0309309344738721,0.1758719263380946,35.078346729278564,-0.705409049987793,0.7500074685971372
LightGBM,global,ALL,ELEC_1-11-2,348,28471272,14615,66,level,r2,44,0.4843323662931906,60,3360.3,366.5,results/stage6_panel_global/predictions/lightgbm/global/ALL/ELEC_1-11-2_predictions.csv,lag_1,0.253903643437019,2026-07-27T15:46:15,0.0229779396159471,34.531429422231774,0.0057263304996677,0.0756725214306206,29.348843367499367,0.1491507092471121,0.608145306141714,0.0258474182337522,37.85749673843384,0.0102869486436247,0.1014245958514244,31.70524537563324,-0.5284905433654785,0.6840903204319028
LightGBM,global,ALL,ELEC_1-11-3,348,28471272,14615,66,level,r2,44,0.4843323662931906,60,3360.3,366.5,results/stage6_panel_global/predictions/lightgbm/global/ALL/ELEC_1-11-3_predictions.csv,lag_1,0.2859236344974016,2026-07-27T15:46:15,0.0227438530906272,33.18099121774837,0.0202318664938941,0.1422387657915172,28.355954842520585,0.019398353590237,0.6019498585087377,0.0277215186506509,39.11576867103577,0.0396777130663394,0.1991926531434819,31.8591445684433,-0.9231061935424804,0.7336911719801504
LightGBM,global,ALL,ELEC_1-11-4,348,28471272,14615,66,level,r2,44,0.4843323662931906,60,3360.4,366.5,results/stage6_panel_global/predictions/lightgbm/global/ALL/ELEC_1-11-4_predictions.csv,lag_1,0.2834069773101073,2026-07-27T15:46:15,0.0293232554024076,30.46016638978391,0.0280777595278612,0.1675641952442741,26.99443430356427,0.0835660760241048,0.776083514528541,0.0326117016375064,32.99283683300018,0.054678589105606,0.2338345336035849,26.232117414474487,-0.7846622467041016,0.8631171291954906
LightGBM,global,ALL,ELEC_1-12-1,348,28471272,14615,66,level,r2,44,0.4843323662931906,60,3360.4,366.5,results/stage6_panel_global/predictions/lightgbm/global/ALL/ELEC_1-12-1_predictions.csv,lag_1,0.2504503104802106,2026-07-27T15:46:15,0.0205800163316361,40.16244472942974,0.0052992984174744,0.0727962802447657,32.11674952609279,0.1954055277910141,0.5446807042576726,0.0221423208713531,39.00993466377258,0.009432298131287,0.0971200192096722,32.653629779815674,-0.4321094751358032,0.5860294147370655
LightGBM,global,ALL,ELEC_1-12-2,348,28471272,14615,66,level,r2,44,0.4843323662931906,60,3360.5,366.5,results/stage6_panel_global/predictions/lightgbm/global/ALL/ELEC_1-12-2_predictions.csv,lag_1,0.2326475834180799,2026-07-27T15:46:15,0.0179665366649447,14672340.334120482,0.0028172664018059,0.0530779276329245,46.73575884585398,0.3871368383316889,0.4755110825004567,0.0185063295066356,6698635.15625,0.0047845179215073,0.0691702097836009,44.1203773021698,-0.0408154726028442,0.4897975019292643
LightGBM,global,ALL,ELEC_1-12-3,348,28471272,14615,66,level,r2,44,0.4843323662931906,60,3360.5,366.5,results/stage6_panel_global/predictions/lightgbm/global/ALL/ELEC_1-12-3_predictions.csv,lag_1,0.2805757280914034,2026-07-27T15:46:15,0.020306656036446,601055.8172724237,0.0099215711915955,0.0996070840432322,33.33191851608282,0.0898313930236497,0.5374458179630809,0.0238405745476484,465321.923828125,0.0191694777458906,0.1384538831015245,36.29559874534607,-0.758537769317627,0.630976221071264
LightGBM,global,ALL,ELEC_1-12-4,348,28471272,14615,66,level,r2,44,0.4843323662931906,60,3360.6,366.5,results/stage6_panel_global/predictions/lightgbm/global/ALL/ELEC_1-12-4_predictions.csv,lag_1,0.2556560170092707,2026-07-27T15:46:16,0.0163507939978528,22965308.84982766,0.0030598755409636,0.0553161417758289,63.18045154558688,0.1927137548189815,0.4327480525966394,0.0167765989899635,8823170.3125,0.0055227628909051,0.0743152937887292,49.13159906864166,-0.4570693969726562,0.4440176142549933
LightGBM,global,ALL,ELEC_1-13-1,348,28471272,14615,66,level,r2,44,0.4843323662931906,60,3360.6,366.5,results/stage6_panel_global/predictions/lightgbm/global/ALL/ELEC_1-13-1_predictions.csv,lag_1,0.2424607611394564,2026-07-27T15:46:16,0.0364701413848568,32.337944800884465,0.0098479417302964,0.099236796251675,28.15374133430876,0.2455967556045871,0.965236468901355,0.0406219623982906,33.852362632751465,0.0171607080847024,0.1309988858147369,29.23380732536316,-0.3145990371704101,1.0751205796380705
LightGBM,global,ALL,ELEC_1-13-2,348,28471272,14615,66,level,r2,44,0.4843323662931906,60,3360.7,366.5,results/stage6_panel_global/predictions/lightgbm/global/ALL/ELEC_1-13-2_predictions.csv,lag_1,0.0051697762948819,2026-07-27T15:46:16,0.0051810303530963,41526392.20658761,7.685904741335272e-05,0.0087669291894797,185.4529348353055,0.4337637465722944,0.137123664822696,0.0022976393811404,8942877.34375,7.765994087094441e-05,0.0088124877799032,34.18409824371338,0.4278634190559387,0.0608104394128174
LightGBM,global,ALL,ELEC_1-13-3,348,28471272,14615,66,level,r2,44,0.4843323662931906,60,3360.7,366.5,results/stage6_panel_global/predictions/lightgbm/global/ALL/ELEC_1-13-3_predictions.csv,lag_1,0.2784181669435068,2026-07-27T15:46:16,0.022067710089624,307529.2323393195,0.0101238001433833,0.1006170966753826,35.457096866780745,0.0567313186557764,0.584054729562743,0.0251611359417438,246370.068359375,0.0194434076547622,0.1394396201040517,36.77930533885956,-0.811607837677002,0.6659268400873278
LightGBM,global,ALL,ELEC_1-13-4,348,28471272,14615,66,level,r2,44,0.4843323662931906,60,3360.8,366.5,results/stage6_panel_global/predictions/lightgbm/global/ALL/ELEC_1-13-4_predictions.csv,lag_1,0.2820386641834678,2026-07-27T15:46:16,0.0234389354965215,50.86651526432061,0.0160878939925552,0.1268380620813613,36.82195874320129,0.0759533782750145,0.6203462469400528,0.0261388998478651,50.54609179496765,0.0312102381139993,0.1766641959028466,37.907424569129944,-0.7926343679428101,0.6918048143513802
LightGBM,global,ALL,ELEC_1-14-1,348,28471272,14615,66,level,r2,44,0.4843323662931906,60,3360.8,366.5,results/stage6_panel_global/predictions/lightgbm/global/ALL/ELEC_1-14-1_predictions.csv,lag_1,0.2877764733179935,2026-07-27T15:46:16,0.0139596106705404,32.50522507405631,0.0074558916522858,0.0863475051885452,26.86053815424013,0.0368427478101677,0.3694618336869119,0.0167191252112388,36.453571915626526,0.0146982949227094,0.1212365247056738,30.053427815437317,-0.8987358808517456,0.4424964853225551
LightGBM,global,ALL,ELEC_1-14-2,348,28471272,14615,66,level,r2,44,0.4843323662931906,60,3360.9,366.5,results/stage6_panel_global/predictions/lightgbm/global/ALL/ELEC_1-14-2_predictions.csv,lag_1,0.2816803203126691,2026-07-27T15:46:16,0.0167359887774564,129900.962628162,0.0040131856509101,0.0633497091620011,28.141954910446525,0.0541282595635567,0.4429428046536799,0.0204488523304462,95830.810546875,0.0077777453698217,0.0881915266327881,33.31238031387329,-0.8331443071365356,0.5412092541193381
LightGBM,global,ALL,ELEC_1-14-3,348,28471272,14615,66,level,r2,44,0.4843323662931906,60,3361.0,366.5,results/stage6_panel_global/predictions/lightgbm/global/ALL/ELEC_1-14-3_predictions.csv,lag_1,0.2783999631407166,2026-07-27T15:46:16,0.0210925704180616,164722.67841215953,0.0075009805128006,0.0866082011867272,31.162350699934805,0.044951761974868,0.558246209564643,0.0241217911243438,88988.39721679688,0.0144053874537348,0.1200224456247033,32.33610391616821,-0.8341389894485474,0.6384190355265636
LightGBM,global,ALL,ELEC_1-14-4,348,28471272,14615,66,level,r2,44,0.4843323662931906,60,3361.0,366.5,results/stage6_panel_global/predictions/lightgbm/global/ALL/ELEC_1-14-4_predictions.csv,lag_1,0.2751350664705909,2026-07-27T15:46:16,0.0206431650181378,559536.2773210221,0.0101235829634924,0.1006160174300911,30.920297723359635,0.1869174807491218,0.546352028054623,0.0225665401667356,390047.8759765625,0.01926726475358,0.13880657316417,31.19409382343292,-0.5474634170532227,0.5972570085759215
LightGBM,global,ALL,ELEC_1-15-1,348,28471272,14615,66,level,r2,44,0.4843323662931906,60,3361.1,366.5,results/stage6_panel_global/predictions/lightgbm/global/ALL/ELEC_1-15-1_predictions.csv,lag_1,0.260712965581898,2026-07-27T15:46:16,0.0258028016759277,146205.79506496183,0.0078871205443194,0.0888094620202118,36.28265050667505,0.1089213891183992,0.6829094769502569,0.0289161838591098,95840.06958007812,0.0144308628514409,0.1201285263850385,36.611682176589966,-0.6303837299346924,0.76530976142195
LightGBM,global,ALL,ELEC_1-15-2,348,28471272,14615,66,level,r2,44,0.4843323662931906,60,3361.1,366.5,results/stage6_panel_global/predictions/lightgbm/global/ALL/ELEC_1-15-2_predictions.csv,lag_1,0.2789830717555359,2026-07-27T15:46:16,0.0297982661170454,38.07308902595818,0.0228075753422852,0.1510217710871026,30.83366326208294,0.1536660016701087,0.7886553787296952,0.0325514860451221,40.55740535259247,0.0438720770180225,0.20945662323742,29.998546838760376,-0.6279867887496948,0.8615234340915282
LightGBM,global,ALL,ELEC_1-15-3,348,28471272,14615,66,level,r2,44,0.4843323662931906,60,3361.2,366.5,results/stage6_panel_global/predictions/lightgbm/global/ALL/ELEC_1-15-3_predictions.csv,lag_1,0.2705102095300017,2026-07-27T15:46:16,0.0226750268606714,24.663303589778188,0.0075918354060598,0.087131139129819,22.74954674621304,0.1333979717454315,0.6001282700901651,0.026644542813301,29.32218909263611,0.0142662012949585,0.1194412043432189,26.075655221939087,-0.6284757852554321,0.7051874065747515
LightGBM,global,ALL,ELEC_1-15-4,348,28471272,14615,66,level,r2,44,0.4843323662931906,60,3361.2,366.5,results/stage6_panel_global/predictions/lightgbm/global/ALL/ELEC_1-15-4_predictions.csv,lag_1,0.2854013258014307,2026-07-27T15:46:16,0.0150119115891324,4487073.840211737,0.0038940733398067,0.0624025106851217,30.05123307332525,0.1366160855242046,0.397312540712279,0.0176873076707124,3106434.375,0.0076256999745965,0.0873252539337647,34.64491069316864,-0.6907508373260498,0.4681208723676399
LightGBM,global,ALL,ELEC_1-16-1,348,28471272,14615,66,level,r2,44,0.4843323662931906,60,3361.3,366.5,results/stage6_panel_global/predictions/lightgbm/global/ALL/ELEC_1-16-1_predictions.csv,lag_1,0.284221461946515,2026-07-27T15:46:16,0.0260274304573938,29.984252482721903,0.0257519498626465,0.1604741407911148,25.877269195825935,0.0640713159587658,0.688854611342469,0.0300177875906229,31.068098545074463,0.0502635054290294,0.2241952395324875,25.9351909160614,-0.8267766237258911,0.7944653406316234
LightGBM,global,ALL,ELEC_1-16-2,348,28471272,14615,66,level,r2,44,0.4843323662931906,60,3361.3,366.5,results/stage6_panel_global/predictions/lightgbm/global/ALL/ELEC_1-16-2_predictions.csv,lag_1,0.2867966086721739,2026-07-27T15:46:16,0.0148131330052287,108087.67016211216,0.0078747974305948,0.0887400553898566,28.33737525638112,0.0626042120585401,0.3920515701995619,0.0176667813211679,109515.3076171875,0.0154814841225743,0.1244246122058426,32.09565579891205,-0.8428765535354614,0.4675776120346263
LightGBM,global,ALL,ELEC_1-16-3,348,28471272,14615,66,level,r2,44,0.4843323662931906,60,3361.4,366.5,results/stage6_panel_global/predictions/lightgbm/global/ALL/ELEC_1-16-3_predictions.csv,lag_1,0.2849323221809278,2026-07-27T15:46:16,0.0158253414023469,1059450.8217583229,0.0059251376597508,0.0769749157826809,35.63043461268338,0.0416320870978633,0.4188411690858534,0.0185343828052282,916918.359375,0.0115878842771053,0.1076470356168962,38.78966271877289,-0.8742949962615967,0.4905399741502733
LightGBM,global,ALL,ELEC_1-16-4,348,28471272,14615,66,level,r2,44,0.4843323662931906,60,3361.4,366.5,results/stage6_panel_global/predictions/lightgbm/global/ALL/ELEC_1-16-4_predictions.csv,lag_1,0.282360756739315,2026-07-27T15:46:16,0.0154606338702026,1545238.4847828555,0.0066519531607366,0.0815595068691361,31.88297258493141,0.0761783596045949,0.409188642467055,0.0178980510681867,1067439.84375,0.0129162613302469,0.1136497308850616,35.21395027637482,-0.7938076257705688,0.473698509445483
LightGBM,global,ALL,ELEC_1-17-1,348,28471272,14615,66,level,r2,44,0.4843323662931906,60,3361.5,366.5,results/stage6_panel_global/predictions/lightgbm/global/ALL/ELEC_1-17-1_predictions.csv,lag_1,0.239820916554672,2026-07-27T15:46:16,0.020101339515055,12848168.833181623,0.0034977076771478,0.0591414209936478,44.49617283133136,0.297869339115651,0.5320118112225194,0.0216845702379941,5569661.328125,0.006052735261619,0.0777993268712467,42.41241812705994,-0.2150273323059082,0.5739143642271648
LightGBM,global,ALL,ELEC_1-17-2,348,28471272,14615,66,level,r2,44,0.4843323662931906,60,3361.5,366.5,results/stage6_panel_global/predictions/lightgbm/global/ALL/ELEC_1-17-2_predictions.csv,lag_1,0.2852789603356122,2026-07-27T15:46:16,0.0240195327011985,30.75259645474056,0.0311148581772069,0.1763940423517953,26.457423683321828,0.0548531285844251,0.6357126144510149,0.028247008100152,33.641231060028076,0.0609108544886112,0.2468012449089575,28.18704843521118,-0.8502321243286133,0.7475990308866669
LightGBM,global,ALL,ELEC_1-17-3,348,28471272,14615,66,level,r2,44,0.4843323662931906,60,3361.6,366.5,results/stage6_panel_global/predictions/lightgbm/global/ALL/ELEC_1-17-3_predictions.csv,lag_1,0.2803203547917086,2026-07-27T15:46:16,0.0138447791413254,148524.69409582685,0.002983554922129,0.0546219271184116,26.752670803490375,0.1362528680832752,0.3664226466816207,0.0156934652477502,95826.81884765624,0.0057604392059147,0.0758975573119104,29.48930561542511,-0.6676627397537231,0.4153508707496904
LightGBM,global,ALL,ELEC_1-17-4,348,28471272,14615,66,level,r2,44,0.4843323662931906,60,3361.6,366.5,results/stage6_panel_global/predictions/lightgbm/global/ALL/ELEC_1-17-4_predictions.csv,lag_1,0.2898282044272641,2026-07-27T15:46:17,0.0154473872658628,194387.9873255405,0.0110031084913077,0.1048957029210813,27.50944360046278,0.0401040191960928,0.4088380514050947,0.018716387450695,164251.40380859375,0.0218166746199131,0.147704687196829,30.27951717376709,-0.9032565355300904,0.4953569974642264
LightGBM,global,ALL,ELEC_1-18-1,348,28471272,14615,66,level,r2,44,0.4843323662931906,60,3361.7,366.5,results/stage6_panel_global/predictions/lightgbm/global/ALL/ELEC_1-18-1_predictions.csv,lag_1,0.2768949670902972,2026-07-27T15:46:17,0.0117744244425748,19240.553480947325,0.0020459086143163,0.0452317213282485,25.346340994458867,0.0255043772027159,0.3116276340243576,0.0134970927610993,20559.48181152344,0.0039127622731029,0.0625520764891382,27.761074900627136,-0.8637046813964844,0.3572206101336095
LightGBM,global,ALL,ELEC_1-18-2,348,28471272,14615,66,level,r2,44,0.4843323662931906,60,3361.7,366.5,results/stage6_panel_global/predictions/lightgbm/global/ALL/ELEC_1-18-2_predictions.csv,lag_1,0.2730984792421892,2026-07-27T15:46:17,0.0175336232527628,1650946.5416279582,0.0096132849290537,0.0980473606429755,41.98060714281971,0.2390016267989726,0.4640533859452148,0.0180342122912406,1259023.046875,0.0181936845183372,0.1348839668690732,30.37058115005493,-0.4402323961257934,0.477302218483925
LightGBM,global,ALL,ELEC_1-18-3,348,28471272,14615,66,level,r2,44,0.4843323662931906,60,3361.8,366.5,results/stage6_panel_global/predictions/lightgbm/global/ALL/ELEC_1-18-3_predictions.csv,lag_1,0.2546570255875071,2026-07-27T15:46:17,0.0235213659727724,87795.55712609363,0.0054795253879456,0.0740238163562624,32.6983143332609,0.2330827360928667,0.6225278919462154,0.026297640055418,88993.09692382812,0.0098634902387857,0.0993151057935586,35.15719771385193,-0.3804992437362671,0.6960061097561372
LightGBM,global,ALL,ELEC_1-18-4,348,28471272,14615,66,level,r2,44,0.4843323662931906,60,3361.9,366.5,results/stage6_panel_global/predictions/lightgbm/global/ALL/ELEC_1-18-4_predictions.csv,lag_1,0.2832477841765654,2026-07-27T15:46:17,0.0180192275149148,35.9509187362313,0.0146149101191843,0.1208921425039044,29.22348913742969,0.0559151082103019,0.4769056241182652,0.0206137523055076,39.34222757816315,0.0284484140574932,0.1686665765867476,29.96233701705933,-0.8376929759979248,0.5455735769216701
LightGBM,global,ALL,ELEC_2-1-1,348,28471272,14615,66,level,r2,44,0.4843323662931906,60,3361.9,366.5,results/stage6_panel_global/predictions/lightgbm/global/ALL/ELEC_2-1-1_predictions.csv,lag_1,0.2607915924840879,2026-07-27T15:46:17,0.0203303326770267,215873.33121547615,0.0048576588504469,0.0696969070364459,31.497560634303216,0.2313315680954859,0.5380724554281887,0.0225282236933708,95829.44946289062,0.0088898250833153,0.0942858689481906,32.15935528278351,-0.4067120552062988,0.5962429061884056
LightGBM,global,ALL,ELEC_2-1-2,348,28471272,14615,66,level,r2,44,0.4843323662931906,60,3362.0,366.5,results/stage6_panel_global/predictions/lightgbm/global/ALL/ELEC_2-1-2_predictions.csv,lag_1,0.2423951517163998,2026-07-27T15:46:17,0.0239655751685833,387049.9055547518,0.0063961004248851,0.0799756239418309,38.005318037914975,0.2819248641324029,0.6342845481953195,0.0251105017960071,253212.158203125,0.0111437095329165,0.1055637699824923,36.99634373188019,-0.2510778903961181,0.664586732202333
LightGBM,global,ALL,ELEC_2-1-3,348,28471272,14615,66,level,r2,44,0.4843323662931906,60,3362.0,366.5,results/stage6_panel_global/predictions/lightgbm/global/ALL/ELEC_2-1-3_predictions.csv,lag_1,0.2837923749310613,2026-07-27T15:46:17,0.0116134533992751,5070119.128468992,0.0036133087366825,0.0601108038266209,40.62678796252362,0.1690285222627595,0.3073672962376084,0.0114888818934559,4239973.046875,0.0070441272109746,0.0839292988828972,37.82120645046234,-0.6199746131896973,0.3040703262825504
LightGBM,global,ALL,ELEC_2-1-4,348,28471272,14615,66,level,r2,44,0.4843323662931906,60,3362.1,366.5,results/stage6_panel_global/predictions/lightgbm/global/ALL/ELEC_2-1-4_predictions.csv,lag_1,0.2586032099618777,2026-07-27T15:46:17,0.0117326562607741,700432.3132332666,0.0014269742498697,0.0377753127037979,34.49120714588871,0.2265572173820688,0.3105221770455014,0.0123879564926028,636372.607421875,0.0025960600469261,0.0509515460700275,34.618985652923584,-0.4071060419082641,0.327865671142928
LightGBM,global,ALL,ELEC_2-1-5,348,28471272,14615,66,level,r2,44,0.4843323662931906,60,3362.1,366.5,results/stage6_panel_global/predictions/lightgbm/global/ALL/ELEC_2-1-5_predictions.csv,lag_1,0.1733715729185176,2026-07-27T15:46:17,0.0227581310738483,1136536.7230274794,0.002225333175627,0.0471734371826671,37.86090294621655,0.3466867517179666,0.6023277465449237,0.0250030774623155,889545.60546875,0.0032566746231168,0.0570672815465819,38.871097564697266,0.0439055562019348,0.6617435876301101
LightGBM,global,ALL,ELEC_2-1-6,348,28471272,14615,66,level,r2,44,0.4843323662931906,60,3362.2,366.5,results/stage6_panel_global/predictions/lightgbm/global/ALL/ELEC_2-1-6_predictions.csv,lag_1,0.1977581131999167,2026-07-27T15:46:17,0.02353784816293,44.205277390734,0.0030886497633278,0.0555756220237605,33.092985450277254,0.4811384527107784,0.6229641175933727,0.0245966464281082,42.8347647190094,0.004799080081284,0.0692753930431581,35.022374987602234,0.193803608417511,0.6509867865480854
LightGBM,global,ALL,ELEC_2-2-1,348,28471272,14615,66,level,r2,44,0.4843323662931906,60,3362.2,366.5,results/stage6_panel_global/predictions/lightgbm/global/ALL/ELEC_2-2-1_predictions.csv,lag_1,0.2537727131745575,2026-07-27T15:46:17,0.023735342551033,44.98391815932286,0.0056203229701884,0.0749688133171953,36.11983665651478,0.1025157838089519,0.6281910999565247,0.0277523081749677,50.18317699432373,0.0100929709151387,0.1004637791203313,40.97759127616882,-0.6117016077041626,0.7345060624796709
LightGBM,global,ALL,ELEC_2-2-2,348,28471272,14615,66,level,r2,44,0.4843323662931906,60,3362.3,366.5,results/stage6_panel_global/predictions/lightgbm/global/ALL/ELEC_2-2-2_predictions.csv,lag_1,0.2873498534160511,2026-07-27T15:46:17,0.0154820389032651,20.61253032229138,0.0047789091458689,0.0691296546054509,19.370365957941647,0.0783346418576068,0.4097551584646741,0.0191289782524108,25.03150105476379,0.0094097051769495,0.097003634864625,22.38503098487854,-0.8147653341293335,0.5062768259438261
LightGBM,global,ALL,ELEC_2-2-3,348,28471272,14615,66,level,r2,44,0.4843323662931906,60,3362.3,366.5,results/stage6_panel_global/predictions/lightgbm/global/ALL/ELEC_2-2-3_predictions.csv,lag_1,0.2356739514737983,2026-07-27T15:46:17,0.0182237813498402,2360206.9592752606,0.0024678905884066,0.0496778681950686,33.75437806108965,0.446111508512817,0.4823194452285301,0.0186021216213703,1792715.8203125,0.0042244344949722,0.0649956498157548,33.45903158187866,0.0518761873245239,0.4923327825468892
LightGBM,global,ALL,ELEC_2-2-4,348,28471272,14615,66,level,r2,44,0.4843323662931906,60,3362.4,366.5,results/stage6_panel_global/predictions/lightgbm/global/ALL/ELEC_2-2-4_predictions.csv,lag_1,0.272428650573507,2026-07-27T15:46:17,0.0273034232267969,43.42789706502844,0.0178302903141418,0.1335301101405292,33.636521919834856,0.0989018680873812,0.7226256554984343,0.0303687993437051,43.065184354782104,0.0336827263236045,0.183528543620889,33.63037407398224,-0.7022405862808228,0.8037553881121822
LightGBM,global,ALL,ELEC_2-2-5,348,28471272,14615,66,level,r2,44,0.4843323662931906,60,3362.4,366.5,results/stage6_panel_global/predictions/lightgbm/global/ALL/ELEC_2-2-5_predictions.csv,lag_1,0.2717260105478024,2026-07-27T15:46:17,0.0131982875141139,4612443.828931946,0.0016161082118007,0.0402008483965291,37.80922644468516,0.0571842424444375,0.3493122853907527,0.015337667427957,3813481.640625,0.0030470588244497,0.0552001705110571,43.91626715660095,-0.7776130437850952,0.405934152903825
LightGBM,global,ALL,ELEC_2-2-6,348,28471272,14615,66,level,r2,44,0.4843323662931906,60,3362.5,366.5,results/stage6_panel_global/predictions/lightgbm/global/ALL/ELEC_2-2-6_predictions.csv,lag_144,0.263840070697642,2026-07-27T15:46:17,0.0302605866729079,2417850.869339196,0.0053692543365192,0.0732751959159389,57.15969457572332,-0.0487030937798069,0.8008913790273688,0.0357066914439201,3092817.3828125,0.0099076265469193,0.0995370611728081,64.70962762832642,-0.9351211786270142,0.94503063209375
LightGBM,global,ALL,ELEC_2-3-1,348,28471272,14615,66,level,r2,44,0.4843323662931906,60,3362.5,366.5,results/stage6_panel_global/predictions/lightgbm/global/ALL/ELEC_2-3-1_predictions.csv,lag_1,0.2808504458183719,2026-07-27T15:46:17,0.0166868967775793,27.1781975954385,0.0051341316663916,0.0716528552563792,24.275587783732743,0.0746071875763542,0.4416435119497502,0.0206130668520927,32.360464334487915,0.0099272411316633,0.0996355415083559,28.746947646141052,-0.7893191576004028,0.545555435378789
LightGBM,global,ALL,ELEC_2-3-2,348,28471272,14615,66,level,r2,44,0.4843323662931906,60,3362.6,366.5,results/stage6_panel_global/predictions/lightgbm/global/ALL/ELEC_2-3-2_predictions.csv,lag_1,0.2423254736351979,2026-07-27T15:46:18,0.0203297398963951,51721.8421799383,0.0040666055035187,0.0637699420065503,32.71003390020978,0.2172784941278757,0.5380567666081844,0.0216079354286193,41095.05920410156,0.0070838062092661,0.0841653504077906,33.47220718860626,-0.363458514213562,0.5718861101544624
LightGBM,global,ALL,ELEC_2-3-3,348,28471272,14615,66,level,r2,44,0.4843323662931906,60,3362.6,366.5,results/stage6_panel_global/predictions/lightgbm/global/ALL/ELEC_2-3-3_predictions.csv,lag_1,0.2809167839810614,2026-07-27T15:46:18,0.018160427237064,29.691241927179096,0.0071413123867126,0.0845062860780937,26.229061290861083,0.0783243917560623,0.480642684520058,0.0216592531651258,33.26631486415863,0.0138108283281326,0.1175194806325003,29.50708568096161,-0.7824599742889404,0.5732443102846674
LightGBM,global,ALL,ELEC_2-3-4,348,28471272,14615,66,level,r2,44,0.4843323662931906,60,3362.7,366.5,results/stage6_panel_global/predictions/lightgbm/global/ALL/ELEC_2-3-4_predictions.csv,lag_1,0.2364197149171011,2026-07-27T15:46:18,0.0174999016571916,12548291.46776288,0.0032071266601128,0.0566314988333599,61.30871805855547,0.3039123651166846,0.463160893824294,0.0181580577045679,4073483.203125,0.0055005573667585,0.0741657425416788,40.93486666679382,-0.1938631534576416,0.4805799713225589
LightGBM,global,ALL,ELEC_2-3-5,348,28471272,14615,66,level,r2,44,0.4843323662931906,60,3362.7,366.5,results/stage6_panel_global/predictions/lightgbm/global/ALL/ELEC_2-3-5_predictions.csv,lag_1,0.2596063174302696,2026-07-27T15:46:18,0.0218716255492809,31.886176659959208,0.0106080631109094,0.102995451894292,26.922509543624773,0.2212886710970717,0.5788650609149114,0.0227109119296073,28.775310516357425,0.0193513240665197,0.1391090366098469,24.94196444749832,-0.4205322265625,0.6010780217475689
LightGBM,global,ALL,ELEC_2-3-6,348,28471272,14615,66,level,r2,44,0.4843323662931906,60,3362.8,366.5,results/stage6_panel_global/predictions/lightgbm/global/ALL/ELEC_2-3-6_predictions.csv,lag_1,0.2751645728774728,2026-07-27T15:46:18,0.0142679960772754,33.92373830313231,0.0030232198934392,0.0549838148316321,27.972724229139068,0.0647183328543178,0.3776237115890697,0.0168908648192882,37.56941258907318,0.0057542789727449,0.0758569639040803,32.315823435783386,-0.7801786661148071,0.4470418291723305
LightGBM,global,ALL,ELEC_2-4-1,348,28471272,14615,66,level,r2,44,0.4843323662931906,60,3362.9,366.5,results/stage6_panel_global/predictions/lightgbm/global/ALL/ELEC_2-4-1_predictions.csv,lag_1,0.2708557716650216,2026-07-27T15:46:18,0.0142905518909085,2109995.6793688904,0.0016388031811297,0.0404821340980165,38.8097287926233,0.0969382474336006,0.3782206847039964,0.0174902509897947,2100639.84375,0.0030824774876236,0.0555200638294273,48.73032867908478,-0.6985976696014404,0.4629054745753671
LightGBM,global,ALL,ELEC_2-4-2,348,28471272,14615,66,level,r2,44,0.4843323662931906,60,3362.9,366.5,results/stage6_panel_global/predictions/lightgbm/global/ALL/ELEC_2-4-2_predictions.csv,lag_1,0.239411793009089,2026-07-27T15:46:18,0.0306067407949051,22979925.125416525,0.0075448940153802,0.0868613493757739,56.93704795792942,0.2768666947496239,0.8100528620851484,0.0319062583148479,8802658.59375,0.0130422934889793,0.1142028611243139,46.779683232307434,-0.2500263452529907,0.8444465237106514
LightGBM,global,ALL,ELEC_2-4-3,348,28471272,14615,66,level,r2,44,0.4843323662931906,60,3363.0,366.5,results/stage6_panel_global/predictions/lightgbm/global/ALL/ELEC_2-4-3_predictions.csv,lag_1,0.2660423422928692,2026-07-27T15:46:18,0.0141532500814377,724863.9270798023,0.0021226602983305,0.0460723376694791,33.234882670398456,0.1522663952651989,0.3745867883516694,0.0152418753132224,513211.5234375,0.0039403834380209,0.0627724735693993,33.810293674468994,-0.573683500289917,0.4033988722862002
LightGBM,global,ALL,ELEC_2-4-4,348,28471272,14615,66,level,r2,44,0.4843323662931906,60,3363.0,366.5,results/stage6_panel_global/predictions/lightgbm/global/ALL/ELEC_2-4-4_predictions.csv,lag_1,0.2867215494363794,2026-07-27T15:46:18,0.012187799457858,1301898.582963253,0.0041656876411196,0.0645421384919933,26.43241210071272,0.155226167187708,0.3225682178809815,0.0137495724484324,1183745.80078125,0.0081878239288926,0.090486595299484,28.37998569011688,-0.6604361534118652,0.3639028601226901
LightGBM,global,ALL,ELEC_2-4-5,348,28471272,14615,66,level,r2,44,0.4843323662931906,60,3363.1,366.5,results/stage6_panel_global/predictions/lightgbm/global/ALL/ELEC_2-4-5_predictions.csv,lag_1,0.2572370009241586,2026-07-27T15:46:18,0.0290931159572186,36.84750006726949,0.0106384850729837,0.1031430321106752,30.49802927850943,0.174571979452923,0.7699925322346972,0.0326418057084083,38.69669735431671,0.0192832071334123,0.1388639878925143,31.489014625549316,-0.4961621761322021,0.86391387815213
LightGBM,global,ALL,ELEC_2-4-6,348,28471272,14615,66,level,r2,44,0.4843323662931906,60,3363.1,366.5,results/stage6_panel_global/predictions/lightgbm/global/ALL/ELEC_2-4-6_predictions.csv,lag_1,0.250197652610356,2026-07-27T15:46:18,0.0156202768646,1555798.9602491995,0.0033743573249524,0.0580892186636426,36.70061407072354,0.1764682761032324,0.4134138314667583,0.0173664037138223,1573773.33984375,0.0060020205564796,0.0774727084622687,40.24940133094787,-0.4648283720016479,0.4596276724390624
LightGBM,global,ALL,ELEC_2-5-1,348,28471272,14615,66,level,r2,44,0.4843323662931906,60,3363.2,366.5,results/stage6_panel_global/predictions/lightgbm/global/ALL/ELEC_2-5-1_predictions.csv,lag_1,0.2460068222870665,2026-07-27T15:46:18,0.0269220809136612,70340.52699592062,0.008299124667032,0.0910995316510027,38.87057087689186,0.3003687296829801,0.7125328646893864,0.0288279149681329,68476.01928710938,0.0145981376990675,0.1208227532340974,40.2999609708786,-0.2306495904922485,0.7629735940969786
LightGBM,global,ALL,ELEC_2-5-2,348,28471272,14615,66,level,r2,44,0.4843323662931906,60,3363.2,366.5,results/stage6_panel_global/predictions/lightgbm/global/ALL/ELEC_2-5-2_predictions.csv,lag_1,0.2444401439477407,2026-07-27T15:46:18,0.0449235063658679,156531.81477292787,0.0190245071711755,0.1379293557266746,37.13968892615403,0.225362359349967,1.1889673307727469,0.0474464558064937,102680.029296875,0.0333254225552082,0.1825525199913937,34.29838418960571,-0.3569406270980835,1.255740935612608
LightGBM,global,ALL,ELEC_2-5-3,348,28471272,14615,66,level,r2,44,0.4843323662931906,60,3363.3,366.5,results/stage6_panel_global/predictions/lightgbm/global/ALL/ELEC_2-5-3_predictions.csv,lag_1,0.2318210918019383,2026-07-27T15:46:18,0.0170554790522145,6909814.49487876,0.0018741287388763,0.0432912085633599,45.55347566940653,0.2671828746263964,0.4513985893845805,0.0187266506254673,6055475.390625,0.0031759573612362,0.0563556329148756,50.139814615249634,-0.2418550252914428,0.4956286276307332
LightGBM,global,ALL,ELEC_2-5-4,348,28471272,14615,66,level,r2,44,0.4843323662931906,60,3363.3,366.5,results/stage6_panel_global/predictions/lightgbm/global/ALL/ELEC_2-5-4_predictions.csv,lag_1,0.2824186528102638,2026-07-27T15:46:18,0.0152351900328812,30.74897687634709,0.003647452341826,0.0603941416184222,26.89516704512102,0.0437432689698289,0.4032219364108499,0.018686281517148,35.80125570297241,0.0070834909565746,0.0841634775693987,31.607618927955627,-0.8570865392684937,0.494560199209916
LightGBM,global,ALL,ELEC_2-5-5,348,28471272,14615,66,level,r2,44,0.4843323662931906,60,3363.4,366.5,results/stage6_panel_global/predictions/lightgbm/global/ALL/ELEC_2-5-5_predictions.csv,lag_1,0.2533337587174027,2026-07-27T15:46:18,0.0211180558599129,1627471.71933589,0.0044279914205414,0.0665431545731149,39.94527736527002,0.1408146928845084,0.5589207196423914,0.0240608975291252,1416409.08203125,0.0079424362629652,0.0891203470761037,44.95914280414581,-0.5411105155944824,0.6368073960704038
LightGBM,global,ALL,ELEC_2-5-6,348,28471272,14615,66,level,r2,44,0.4843323662931906,60,3363.4,366.5,results/stage6_panel_global/predictions/lightgbm/global/ALL/ELEC_2-5-6_predictions.csv,lag_1,0.2520513129905544,2026-07-27T15:46:18,0.0167307605147758,33.0902003635822,0.002868587580081,0.0535591969700914,28.141195960626614,0.1858368365149393,0.4428044309151454,0.0188751276582479,37.011682987213135,0.0051277223974466,0.0716081168405274,30.95074892044067,-0.4553513526916504,0.4995582928689834
LightGBM,global,ALL,ELEC_2-6-1,348,28471272,14615,66,level,r2,44,0.4843323662931906,60,3363.5,366.5,results/stage6_panel_global/predictions/lightgbm/global/ALL/ELEC_2-6-1_predictions.csv,lag_1,0.2762673249448102,2026-07-27T15:46:18,0.0222347088267502,40.04293010773669,0.0092746718097982,0.0963050975275882,30.906405303221145,0.1019324413843826,0.588474599220872,0.0248108096420764,37.89144158363342,0.017706885933876,0.1330672233642681,31.94243609905243,-0.7145595550537109,0.6566549341496501
LightGBM,global,ALL,ELEC_2-6-2,348,28471272,14615,66,level,r2,44,0.4843323662931906,60,3363.5,366.5,results/stage6_panel_global/predictions/lightgbm/global/ALL/ELEC_2-6-2_predictions.csv,lag_1,0.2855292939808016,2026-07-27T15:46:18,0.0151185889463635,21.500658081219463,0.0060209528767087,0.0775947992890548,19.914282447405032,0.0738120609071302,0.4001359154428264,0.0178665742278099,24.309994280338287,0.011794957332313,0.1086045916723278,21.473293006420135,-0.8143885135650635,0.4728654281054106
LightGBM,global,ALL,ELEC_2-6-3,348,28471272,14615,66,level,r2,44,0.4843323662931906,60,3363.6,366.5,results/stage6_panel_global/predictions/lightgbm/global/ALL/ELEC_2-6-3_predictions.csv,lag_1,0.2481460370935102,2026-07-27T15:46:19,0.0177775431441228,23863187.50630267,0.0032616154265678,0.0571105544235726,60.7118548541778,0.3025054761673558,0.4705090882181114,0.0175798833370208,9798198.4375,0.0057698665186762,0.0759596374311797,51.81577801704407,-0.2338826656341552,0.465277727795417
LightGBM,global,ALL,ELEC_2-6-4,348,28471272,14615,66,level,r2,44,0.4843323662931906,60,3363.6,366.5,results/stage6_panel_global/predictions/lightgbm/global/ALL/ELEC_2-6-4_predictions.csv,lag_1,0.2893795399942098,2026-07-27T15:46:19,0.0143404607388973,11145534.570263356,0.0049694892756954,0.0704946045857085,45.27963965355784,0.1173228893716361,0.3795415965066488,0.0184344835579395,9773105.46875,0.0098409345373511,0.0992014845521534,58.97039771080017,-0.747939944267273,0.4878959921683748
LightGBM,global,ALL,ELEC_2-6-5,348,28471272,14615,66,level,r2,44,0.4843323662931906,60,3363.7,366.5,results/stage6_panel_global/predictions/lightgbm/global/ALL/ELEC_2-6-5_predictions.csv,lag_1,0.2725810245476938,2026-07-27T15:46:19,0.0182017894692477,30.638299458685776,0.0064052244624298,0.0800326462290845,26.245565134999097,0.1615943190633276,0.4817373974392543,0.0198275744915008,30.920374393463135,0.0121050085872411,0.1100227639501988,26.390570402145386,-0.5844734907150269,0.5247662131905384
LightGBM,global,ALL,ELEC_2-6-6,348,28471272,14615,66,level,r2,44,0.4843323662931906,60,3363.7,366.5,results/stage6_panel_global/predictions/lightgbm/global/ALL/ELEC_2-6-6_predictions.csv,lag_1,0.2702184344138092,2026-07-27T15:46:19,0.0204041722734309,76959.81050983224,0.006716247674225,0.081952716088151,35.065186288544645,0.122648015894715,0.5400267300372775,0.0231994520872831,88998.69384765625,0.01261075027287,0.1122975969149387,38.04236352443695,-0.6473585367202759,0.61400796275699
LightGBM,global,ALL,ELEC_2-7-1,348,28471272,14615,66,level,r2,44,0.4843323662931906,60,3363.8,366.5,results/stage6_panel_global/predictions/lightgbm/global/ALL/ELEC_2-7-1_predictions.csv,lag_1,0.2602847704785693,2026-07-27T15:46:19,0.0229795958906321,30932.574294717597,0.0055001962745105,0.0741633081416313,32.765609452294306,0.14389258490203,0.6081891419116825,0.0268402341753244,27413.09509277344,0.0100519210100173,0.1002592689481496,36.38259470462799,-0.5645848512649536,0.7103666691742748
LightGBM,global,ALL,ELEC_2-7-2,348,28471272,14615,66,level,r2,44,0.4843323662931906,60,3363.9,366.5,results/stage6_panel_global/predictions/lightgbm/global/ALL/ELEC_2-7-2_predictions.csv,lag_1,0.2691379583489982,2026-07-27T15:46:19,0.0201090725333274,39.254531952334034,0.0068216030482233,0.0825929963630293,31.366778383867462,0.1247419236592328,0.5322164770386555,0.0231296606361866,43.4254378080368,0.012770727276802,0.1130076425592626,34.44846570491791,-0.6385712623596191,0.6121608283270727
LightGBM,global,ALL,ELEC_2-7-3,348,28471272,14615,66,level,r2,44,0.4843323662931906,60,3363.9,366.5,results/stage6_panel_global/predictions/lightgbm/global/ALL/ELEC_2-7-3_predictions.csv,lag_1,0.2566429339374777,2026-07-27T15:46:19,0.0199572441219411,40.83973716034609,0.0050876556023624,0.0713278038520915,32.128680052443,0.322422821207084,0.5281981125870657,0.0206869654357433,40.39222300052643,0.009207097813487,0.0959536232431431,31.814104318618774,-0.2262070178985595,0.5475112711729799
LightGBM,global,ALL,ELEC_2-7-4,348,28471272,14615,66,level,r2,44,0.4843323662931906,60,3364.0,366.5,results/stage6_panel_global/predictions/lightgbm/global/ALL/ELEC_2-7-4_predictions.csv,lag_1,0.2674663130670803,2026-07-27T15:46:19,0.0305086279763353,32.115162739182516,0.0142164660692407,0.1192328229525779,27.939299176913035,0.1571470052915996,0.8074561605930737,0.0349982902407646,36.99216544628143,0.0264933239668607,0.1627676993965964,30.097872018814087,-0.5707123279571533,0.9262817419075656
LightGBM,global,ALL,ELEC_2-7-5,348,28471272,14615,66,level,r2,44,0.4843323662931906,60,3364.0,366.5,results/stage6_panel_global/predictions/lightgbm/global/ALL/ELEC_2-7-5_predictions.csv,lag_1,0.2885314747424963,2026-07-27T15:46:19,0.0171493453708482,18.045685885923405,0.011842358466963,0.1088226009014809,16.99741058306009,0.0616642434851451,0.4538829009475844,0.0205713305622339,21.022982895374295,0.0233952030539512,0.1529549052954865,18.142977356910706,-0.8537319898605347,0.5444508224675515
LightGBM,global,ALL,ELEC_2-7-6,348,28471272,14615,66,level,r2,44,0.4843323662931906,60,3364.1,366.5,results/stage6_panel_global/predictions/lightgbm/global/ALL/ELEC_2-7-6_predictions.csv,lag_1,0.2582898502261977,2026-07-27T15:46:19,0.0234699102248157,36.43142020236222,0.0073577966804118,0.0857776001087221,30.35849598054256,0.1584180409107135,0.6211660391379604,0.0261477921158075,37.58678436279297,0.0133745549246668,0.1156484108177318,30.91038465499878,-0.5297763347625732,0.692040161432125
LightGBM,global,ALL,ELEC_2-8-1,348,28471272,14615,66,level,r2,44,0.4843323662931906,60,3364.1,366.5,results/stage6_panel_global/predictions/lightgbm/global/ALL/ELEC_2-8-1_predictions.csv,lag_1,0.2526718238971188,2026-07-27T15:46:19,0.0157142786273291,17061425.599217743,0.0025062036865857,0.0500619984278071,49.93624542507044,0.2255501449096408,0.4159017277589517,0.0156777296215295,8381844.53125,0.0044873883016407,0.0669879713205344,54.36626076698303,-0.3866621255874634,0.4149344040261605
LightGBM,global,ALL,ELEC_2-8-2,348,28471272,14615,66,level,r2,44,0.4843323662931906,60,3364.2,366.5,results/stage6_panel_global/predictions/lightgbm/global/ALL/ELEC_2-8-2_predictions.csv,lag_1,0.2800260388333988,2026-07-27T15:46:19,0.0138725726234017,298750.1932546077,0.0032524099823362,0.0570299042813175,31.593747220028497,0.0807213758291703,0.3671582424725616,0.0152767710387706,232675.6591796875,0.0062743928283452,0.0792110650625611,32.01088011264801,-0.7734279632568359,0.4043224395011588
LightGBM,global,ALL,ELEC_2-8-3,348,28471272,14615,66,level,r2,44,0.4843323662931906,60,3364.2,366.5,results/stage6_panel_global/predictions/lightgbm/global/ALL/ELEC_2-8-3_predictions.csv,lag_1,0.2718345107566658,2026-07-27T15:46:19,0.013468776146799,2087131.5345176468,0.0021193751328341,0.0460366716089917,34.46596670177961,0.1533335636721133,0.3564711688712353,0.015360246412456,1566927.83203125,0.0039971242658793,0.0632228144413026,38.89996111392975,-0.5968061685562134,0.4065317392701401
LightGBM,global,ALL,ELEC_2-8-4,348,28471272,14615,66,level,r2,44,0.4843323662931906,60,3364.3,366.5,results/stage6_panel_global/predictions/lightgbm/global/ALL/ELEC_2-8-4_predictions.csv,lag_1,0.2831167114948251,2026-07-27T15:46:19,0.0129905231690694,1964363.7124795665,0.0032789948995294,0.0572625086730349,37.8971111863124,0.1217444236674345,0.3438134933609073,0.0146589120849967,1546405.76171875,0.0063803400844335,0.0798770310191456,42.13230013847351,-0.7089289426803589,0.3879698844472454
LightGBM,global,ALL,ELEC_2-8-5,348,28471272,14615,66,level,r2,44,0.4843323662931906,60,3364.3,366.5,results/stage6_panel_global/predictions/lightgbm/global/ALL/ELEC_2-8-5_predictions.csv,lag_1,0.2776720247886201,2026-07-27T15:46:19,0.0148447474792309,286804.9719972269,0.0041996992170905,0.0648050863520026,26.003996792411037,0.1345511409745451,0.3928882942179847,0.0162866916507482,191613.58642578125,0.0080491369590163,0.0897169825563495,26.363512873649597,-0.6587181091308594,0.431051488755152
LightGBM,global,ALL,ELEC_2-8-6,348,28471272,14615,66,level,r2,44,0.4843323662931906,60,3364.4,366.5,results/stage6_panel_global/predictions/lightgbm/global/ALL/ELEC_2-8-6_predictions.csv,lag_1,0.2681270353665337,2026-07-27T15:46:19,0.0288541005438141,31.933771547712418,0.0130921279085791,0.1144208368636549,27.91412556566489,0.1532334996357965,0.7636666342565955,0.0325610674917697,33.98735821247101,0.0244421176612377,0.156339750739336,28.581368923187256,-0.5808556079864502,0.8617770213104957
LightGBM,global,ALL,ELEC_2-9-1,348,28471272,14615,66,level,r2,44,0.4843323662931906,60,3364.4,366.5,results/stage6_panel_global/predictions/lightgbm/global/ALL/ELEC_2-9-1_predictions.csv,lag_1,0.195015431368052,2026-07-27T15:46:19,0.0131292914855722,2645280.223774852,0.0006818818002595,0.0261128665653462,41.86548940008969,0.2097936291058921,0.3474862030003663,0.0146308587864041,2476961.5234375,0.0010522864758968,0.0324389653949819,46.66227698326111,-0.2194540500640869,0.3872274122262364
LightGBM,global,ALL,ELEC_2-9-2,348,28471272,14615,66,level,r2,44,0.4843323662931906,60,3364.5,366.5,results/stage6_panel_global/predictions/lightgbm/global/ALL/ELEC_2-9-2_predictions.csv,lag_1,0.2020746209378269,2026-07-27T15:46:19,0.0201921960943819,58687.205190216206,0.0028365229918994,0.0532590179396827,35.764549295674435,0.2712346368118922,0.5344164655637356,0.0215661991387605,54781.93359375,0.0044551440514624,0.0667468654804284,35.68392097949982,-0.1446248292922973,0.5707814972432249
LightGBM,global,ALL,ELEC_2-9-3,348,28471272,14615,66,level,r2,44,0.4843323662931906,60,3364.5,366.5,results/stage6_panel_global/predictions/lightgbm/global/ALL/ELEC_2-9-3_predictions.csv,lag_1,0.2564331551108524,2026-07-27T15:46:19,0.0169819766480755,260676.78327098803,0.0034198984185391,0.0584798975592396,34.767208993986415,0.1907988593116678,0.4494532390696963,0.0184769071638584,232681.9091796875,0.006185476668179,0.0786478014198682,36.162421107292175,-0.4635800123214721,0.4890187959201642
LightGBM,global,ALL,ELEC_2-9-4,348,28471272,14615,66,level,r2,44,0.4843323662931906,60,3364.6,366.5,results/stage6_panel_global/predictions/lightgbm/global/ALL/ELEC_2-9-4_predictions.csv,lag_1,0.279577255743987,2026-07-27T15:46:20,0.0233775185317884,25.368222549271508,0.013036018170352,0.1141753833816729,22.88329441895911,0.122484706159585,0.6187207557322176,0.0264160092920064,27.030566334724423,0.0251171365380287,0.1584838683842261,24.091967940330505,-0.6907517910003662,0.6991389274424062
LightGBM,global,ALL,ELEC_2-9-5,348,28471272,14615,66,level,r2,44,0.4843323662931906,60,3364.6,366.5,results/stage6_panel_global/predictions/lightgbm/global/ALL/ELEC_2-9-5_predictions.csv,lag_1,0.2513107714553891,2026-07-27T15:46:20,0.0237361611139072,2010629.3136840896,0.0049539097982141,0.0703840166388235,39.95207873248354,0.1437419019480422,0.6282127644389819,0.0266219619661569,1272714.16015625,0.0088378153741359,0.0940096557494812,41.26693308353424,-0.5275712013244629,0.7045897709107656
LightGBM,global,ALL,ELEC_2-9-6,348,28471272,14615,66,level,r2,44,0.4843323662931906,60,3364.7,366.5,results/stage6_panel_global/predictions/lightgbm/global/ALL/ELEC_2-9-6_predictions.csv,lag_1,0.2799341653059432,2026-07-27T15:46:20,0.0129073310172459,21.223898356604895,0.0026149614878336,0.0511366941425983,19.56724293889174,0.0701084429915818,0.3416116894792318,0.0164201166480779,26.77140235900879,0.0050433706492185,0.0710166927504974,24.17321652173996,-0.7934449911117554,0.4345827795150824
LightGBM,global,ALL,ELEC_2-10-1,348,28471272,14615,66,level,r2,44,0.4843323662931906,60,3364.8,366.5,results/stage6_panel_global/predictions/lightgbm/global/ALL/ELEC_2-10-1_predictions.csv,lag_1,0.2677571942943838,2026-07-27T15:46:20,0.0165547753496341,28.731103938458126,0.0038649924720093,0.0621690636250002,24.621441447615407,0.1002824311405755,0.4381467220900598,0.0186678078025579,30.65228760242462,0.0072083924897015,0.0849022525596436,26.611104607582092,-0.6780154705047607,0.4940712649102038
LightGBM,global,ALL,ELEC_2-10-2,348,28471272,14615,66,level,r2,44,0.4843323662931906,60,3364.8,366.5,results/stage6_panel_global/predictions/lightgbm/global/ALL/ELEC_2-10-2_predictions.csv,lag_1,0.2513382697507579,2026-07-27T15:46:20,0.0223419108762992,426129.6275091476,0.0031340143267957,0.0559822679675961,33.326093035170615,0.0768918904337054,0.5913118607130533,0.0256900452077388,355842.87109375,0.0055915177799761,0.0747764520419104,34.95074808597565,-0.6469533443450928,0.6799252095175661
LightGBM,global,ALL,ELEC_2-10-3,348,28471272,14615,66,level,r2,44,0.4843323662931906,60,3364.9,366.5,results/stage6_panel_global/predictions/lightgbm/global/ALL/ELEC_2-10-3_predictions.csv,lag_1,0.269805051601555,2026-07-27T15:46:20,0.0191939529048764,158749.62203465303,0.0056392735660267,0.0750950968174805,32.99538476873073,0.1651659719838341,0.5079964766425206,0.022787544876337,143736.60888671875,0.0105765862390398,0.102842531274954,39.86668884754181,-0.5657503604888916,0.6031062265226005
LightGBM,global,ALL,ELEC_2-10-4,348,28471272,14615,66,level,r2,44,0.4843323662931906,60,3364.9,366.5,results/stage6_panel_global/predictions/lightgbm/global/ALL/ELEC_2-10-4_predictions.csv,lag_1,0.2812274338075112,2026-07-27T15:46:20,0.0162778890418343,24.111390480428646,0.0064032416108799,0.0800202575032096,22.05352200428312,0.062754685783404,0.4308185146337865,0.0196325685828924,27.847778797149655,0.0123941544443368,0.1113290368427612,24.777521193027496,-0.8141381740570068,0.519605092133896
LightGBM,global,ALL,ELEC_2-10-5,348,28471272,14615,66,level,r2,44,0.4843323662931906,60,3365.0,366.5,results/stage6_panel_global/predictions/lightgbm/global/ALL/ELEC_2-10-5_predictions.csv,lag_1,0.2594056616532462,2026-07-27T15:46:20,0.0205031187746387,23065.028046179163,0.0067858295626281,0.0823761468061487,32.36268278805029,0.0903298961317475,0.542645496178821,0.0245159082114696,27414.620971679688,0.0123720644041895,0.1112297820018972,37.882548570632935,-0.6585294008255005,0.6488499297064511
LightGBM,global,ALL,ELEC_2-10-6,348,28471272,14615,66,level,r2,44,0.4843323662931906,60,3365.0,366.5,results/stage6_panel_global/predictions/lightgbm/global/ALL/ELEC_2-10-6_predictions.csv,lag_1,0.24902747860042,2026-07-27T15:46:20,0.0410298142743556,47.01566740859238,0.0161291998094479,0.1270007866489336,36.07074357903954,0.2545180638218499,1.0859149854105474,0.0441915839910507,46.76480293273926,0.028599914163351,0.1691150914713144,35.041067004203796,-0.3218709230422973,1.1695959178373467
LightGBM,global,ALL,ELEC_2-11-1,348,28471272,14615,66,level,r2,44,0.4843323662931906,60,3365.1,366.5,results/stage6_panel_global/predictions/lightgbm/global/ALL/ELEC_2-11-1_predictions.csv,lag_1,0.2557139036021013,2026-07-27T15:46:20,0.0128988365827786,7428668.961845243,0.0022527699191942,0.0474633534339312,46.389594564528494,0.1511737570941655,0.3413868716523974,0.0139117343351244,7334978.125,0.0040666521526873,0.0637703077669169,49.73679482936859,-0.532282829284668,0.3681947153488397
LightGBM,global,ALL,ELEC_2-11-2,348,28471272,14615,66,level,r2,44,0.4843323662931906,60,3365.1,366.5,results/stage6_panel_global/predictions/lightgbm/global/ALL/ELEC_2-11-2_predictions.csv,lag_1,0.2740930407461223,2026-07-27T15:46:20,0.0137685491774924,71543.74457554451,0.0019341855190531,0.0439793760648455,30.92407570034664,0.0280868282410255,0.3644051074475873,0.0162627436220645,68465.41748046875,0.0036705927923321,0.0605854173240737,35.33187806606293,-0.8444439172744751,0.4304176686007457
LightGBM,global,ALL,ELEC_2-11-3,348,28471272,14615,66,level,r2,44,0.4843323662931906,60,3365.2,366.5,results/stage6_panel_global/predictions/lightgbm/global/ALL/ELEC_2-11-3_predictions.csv,lag_1,0.2529273956106062,2026-07-27T15:46:20,0.0235788832286525,37.031835837251144,0.0054534451993869,0.0738474454492972,30.14300573036543,0.2447950622546033,0.6240501715661593,0.0258905217051506,36.42092049121857,0.009771142154932,0.098849087779969,30.679401755332947,-0.3531289100646972,0.6852311178335606
LightGBM,global,ALL,ELEC_2-11-4,348,28471272,14615,66,level,r2,44,0.4843323662931906,60,3365.2,366.5,results/stage6_panel_global/predictions/lightgbm/global/ALL/ELEC_2-11-4_predictions.csv,lag_1,0.2836190903175095,2026-07-27T15:46:20,0.0165002285657693,28.393917846540717,0.0082794515000309,0.0909914913606265,24.735104071911135,0.1058248494865373,0.4367030604246986,0.0188552867621183,30.958694219589233,0.0161329414695501,0.1270155166487549,26.633530855178833,-0.7423465251922607,0.4990331740788508
LightGBM,global,ALL,ELEC_2-11-5,348,28471272,14615,66,level,r2,44,0.4843323662931906,60,3365.3,366.5,results/stage6_panel_global/predictions/lightgbm/global/ALL/ELEC_2-11-5_predictions.csv,lag_1,0.2053047997907485,2026-07-27T15:46:20,0.0321516138659502,1917914.1138294956,0.0054924493725282,0.0741110610673486,48.41662716545745,0.3172374308894311,0.8509402228513312,0.0348470732569694,1731166.796875,0.0086969081312417,0.0932572149018069,51.116013526916504,-0.0811066627502441,0.922279559795462
LightGBM,global,ALL,ELEC_2-11-6,348,28471272,14615,66,level,r2,44,0.4843323662931906,60,3365.3,366.5,results/stage6_panel_global/predictions/lightgbm/global/ALL/ELEC_2-11-6_predictions.csv,lag_1,0.2384298195100485,2026-07-27T15:46:20,0.0347103575560641,180283.1574773889,0.0102305224063346,0.1011460449366886,36.92400097074566,0.2177999164470002,0.9186611756769946,0.0379302054643631,136891.71142578125,0.0176391620188951,0.1328125070123109,35.63715219497681,-0.3486460447311401,1.0038792337209477
LightGBM,global,ALL,ELEC_2-12-1,348,28471272,14615,66,level,r2,44,0.4843323662931906,60,3365.4,366.5,results/stage6_panel_global/predictions/lightgbm/global/ALL/ELEC_2-12-1_predictions.csv,lag_1,0.2594266169810815,2026-07-27T15:46:20,0.0240483867316108,34.74441560625122,0.0065187642828267,0.0807388647605768,29.873711582900498,0.1580012130104509,0.6364762792291376,0.0278364680707454,39.052391052246094,0.0118858180940151,0.1090220991084611,33.03245007991791,-0.5352363586425781,0.7367334791426977
LightGBM,global,ALL,ELEC_2-12-2,348,28471272,14615,66,level,r2,44,0.4843323662931906,60,3365.4,366.5,results/stage6_panel_global/predictions/lightgbm/global/ALL/ELEC_2-12-2_predictions.csv,lag_1,0.2739756776632333,2026-07-27T15:46:20,0.015184323664687,260206.4524335565,0.0036705243411123,0.0605848524064582,31.081734127120377,0.1291248373127461,0.4018756824135439,0.0168799180537462,218992.96875,0.0069634709507226,0.0834474142842227,32.53603279590607,-0.6521657705307007,0.4467521067606135
LightGBM,global,ALL,ELEC_2-12-3,348,28471272,14615,66,level,r2,44,0.4843323662931906,60,3365.5,366.5,results/stage6_panel_global/predictions/lightgbm/global/ALL/ELEC_2-12-3_predictions.csv,lag_1,0.2801336943790964,2026-07-27T15:46:20,0.0227530896477908,265693.18767978705,0.0084048601870215,0.0916780245588959,31.57776871180808,0.0987869937535492,0.6021943177151701,0.0271577145904302,205311.4013671875,0.0162191018462181,0.12735423764531,35.761892795562744,-0.7390967607498169,0.7187692599837889
LightGBM,global,ALL,ELEC_2-12-4,348,28471272,14615,66,level,r2,44,0.4843323662931906,60,3365.5,366.5,results/stage6_panel_global/predictions/lightgbm/global/ALL/ELEC_2-12-4_predictions.csv,lag_1,0.2818504974328064,2026-07-27T15:46:20,0.0169306200693042,26.244312268516538,0.0056077288710594,0.0748847706216656,24.167112436166764,0.0357708345741994,0.4480940109212524,0.0201436858624219,30.996912717819217,0.0108731975778937,0.1042746257624247,26.520085334777832,-0.8696085214614868,0.5331325702119613
LightGBM,global,ALL,ELEC_2-12-5,348,28471272,14615,66,level,r2,44,0.4843323662931906,60,3365.6,366.5,results/stage6_panel_global/predictions/lightgbm/global/ALL/ELEC_2-12-5_predictions.csv,lag_1,0.2424950707901662,2026-07-27T15:46:21,0.0217785519666782,538742.0933493203,0.0042056916524919,0.0648513041695535,40.02882912034204,0.1592858369248094,0.5764017302885955,0.0244030095636844,472171.923828125,0.0073293675668537,0.0856117256388034,41.66975915431976,-0.4651342630386352,0.6458618992795343
LightGBM,global,ALL,ELEC_2-12-6,348,28471272,14615,66,level,r2,44,0.4843323662931906,60,3365.6,366.5,results/stage6_panel_global/predictions/lightgbm/global/ALL/ELEC_2-12-6_predictions.csv,lag_1,0.2330529318933518,2026-07-27T15:46:21,0.0294470558970192,44.26474889486967,0.0068706717218501,0.0828895151502898,35.0078174090869,0.2407494357430412,0.7793600785266404,0.0319343134760856,45.36246657371521,0.011680687777698,0.1080772306163423,34.608784317970276,-0.2907863855361938,0.8451890452293312
LightGBM,global,ALL,ELEC_2-13-1,348,28471272,14615,66,level,r2,44,0.4843323662931906,60,3365.7,366.5,results/stage6_panel_global/predictions/lightgbm/global/ALL/ELEC_2-13-1_predictions.csv,lag_1,0.2609037225145748,2026-07-27T15:46:21,0.0219398523110852,2508747.726885797,0.0053055063328247,0.0728389067245301,45.44796765935113,0.1903380580083086,0.5806707835183316,0.0242586378008127,2309333.3984375,0.0097123607993125,0.0985513104900822,46.80958390235901,-0.4821826219558716,0.6420408861078868
LightGBM,global,ALL,ELEC_2-13-2,348,28471272,14615,66,level,r2,44,0.4843323662931906,60,3365.7,366.5,results/stage6_panel_global/predictions/lightgbm/global/ALL/ELEC_2-13-2_predictions.csv,lag_1,0.2198481933633771,2026-07-27T15:46:21,0.0224055901299646,109553.37187929222,0.0032800812888881,0.0572719939314858,31.995278065686065,0.3481084857279041,0.5929972267581611,0.0240390002727508,130043.4326171875,0.0053892256692051,0.0734113456436073,32.874250411987305,-0.0710680484771728,0.6362278526516281
LightGBM,global,ALL,ELEC_2-13-3,348,28471272,14615,66,level,r2,44,0.4843323662931906,60,3365.8,366.5,results/stage6_panel_global/predictions/lightgbm/global/ALL/ELEC_2-13-3_predictions.csv,lag_1,0.2668530144456332,2026-07-27T15:46:21,0.014564355220829,38.08894220974667,0.0022035842536169,0.0469423503205468,30.624326949580663,0.1680397640208354,0.3854672965708673,0.0163927469402551,39.0188604593277,0.0040996572934091,0.0640285662295284,32.653817534446716,-0.5478200912475586,0.4338583995392837
LightGBM,global,ALL,ELEC_2-13-4,348,28471272,14615,66,level,r2,44,0.4843323662931906,60,3365.9,366.5,results/stage6_panel_global/predictions/lightgbm/global/ALL/ELEC_2-13-4_predictions.csv,lag_1,0.2762123395530882,2026-07-27T15:46:21,0.0190556722030364,28.171969819599752,0.0062334346457264,0.0789521034914615,25.15240651233659,0.1044714728936078,0.5043366724494743,0.0213705096393823,30.28600513935089,0.0118988519534468,0.1090818589566884,25.26424527168274,-0.7094528675079346,0.5656022839413725
LightGBM,global,ALL,ELEC_2-13-5,348,28471272,14615,66,level,r2,44,0.4843323662931906,60,3365.9,366.5,results/stage6_panel_global/predictions/lightgbm/global/ALL/ELEC_2-13-5_predictions.csv,lag_1,0.193904761847636,2026-07-27T15:46:21,0.0260819693696091,86217.88353862896,0.00449652213201,0.0670561118169705,37.467910573389624,0.3267309969662355,0.6902980646729318,0.0281279478222131,54784.9609375,0.0069199670106172,0.0831863390865186,36.80437207221985,-0.0361338853836059,0.7444479237645042
LightGBM,global,ALL,ELEC_2-13-6,348,28471272,14615,66,level,r2,44,0.4843323662931906,60,3366.0,366.5,results/stage6_panel_global/predictions/lightgbm/global/ALL/ELEC_2-13-6_predictions.csv,lag_1,0.1917196631433836,2026-07-27T15:46:21,0.0254178733487758,202317.7441655879,0.0042526232338372,0.0652121402335276,33.01398206287647,0.4418994646790068,0.6727217769531697,0.0273335594683885,184783.38623046875,0.0065092789009213,0.0806801022614705,33.775776624679565,0.1457433700561523,0.7234232559001671
LightGBM,global,ALL,ELEC_2-14-1,348,28471272,14615,66,level,r2,44,0.4843323662931906,60,3366.0,366.5,results/stage6_panel_global/predictions/lightgbm/global/ALL/ELEC_2-14-1_predictions.csv,lag_1,0.2730948165256933,2026-07-27T15:46:21,0.0220744081281336,205779.62559718773,0.0099477940684699,0.0997386287677445,34.95707325228772,0.1502088298859897,0.5842320031019745,0.0244878567755222,184787.5732421875,0.0188265722244977,0.137209956725078,36.47466599941254,-0.6082618236541748,0.648107506783113
LightGBM,global,ALL,ELEC_2-14-2,348,28471272,14615,66,level,r2,44,0.4843323662931906,60,3366.1,366.5,results/stage6_panel_global/predictions/lightgbm/global/ALL/ELEC_2-14-2_predictions.csv,lag_1,0.2815263874227683,2026-07-27T15:46:21,0.0147218320411728,612306.2520225823,0.004913701719058,0.0700978011000204,26.37927609966288,0.0982056766992492,0.3896351545563476,0.0164317470043897,478990.869140625,0.0095189083367586,0.0975648929521199,26.79089605808258,-0.746971607208252,0.4348905941720096
LightGBM,global,ALL,ELEC_2-14-3,348,28471272,14615,66,level,r2,44,0.4843323662931906,60,3366.1,366.5,results/stage6_panel_global/predictions/lightgbm/global/ALL/ELEC_2-14-3_predictions.csv,lag_1,0.2525263198652286,2026-07-27T15:46:21,0.0263493519044989,416462.96124449617,0.0076351167458601,0.0873791550992575,37.94096558504199,0.147139870476157,0.6973747406610882,0.0294580906629562,396900.390625,0.0136654479429125,0.1168993068538585,39.12245035171509,-0.5264618396759033,0.7796521299995356
LightGBM,global,ALL,ELEC_2-14-4,348,28471272,14615,66,level,r2,44,0.4843323662931906,60,3366.2,366.5,results/stage6_panel_global/predictions/lightgbm/global/ALL/ELEC_2-14-4_predictions.csv,lag_1,0.2700026068261503,2026-07-27T15:46:21,0.0230429392808944,424670.4254979214,0.0083213713079234,0.091221550677038,35.24132657607106,0.1167841475971598,0.6098656188328958,0.0278966818004846,403748.4619140625,0.0156153701245784,0.1249614745614762,42.92737543582916,-0.6573879718780518,0.7383271249489892
LightGBM,global,ALL,ELEC_2-14-5,348,28471272,14615,66,level,r2,44,0.4843323662931906,60,3366.2,366.5,results/stage6_panel_global/predictions/lightgbm/global/ALL/ELEC_2-14-5_predictions.csv,lag_1,0.2491476889132291,2026-07-27T15:46:21,0.0220099376051522,692449.8752679279,0.0044707875543626,0.0668639480913491,35.900799993301305,0.2617082924759497,0.5825256949389725,0.0235141981393098,547426.904296875,0.0079300329089164,0.0890507322199906,35.53350865840912,-0.3095407485961914,0.6223381845856635
LightGBM,global,ALL,ELEC_2-14-6,348,28471272,14615,66,level,r2,44,0.4843323662931906,60,3366.3,366.5,results/stage6_panel_global/predictions/lightgbm/global/ALL/ELEC_2-14-6_predictions.csv,lag_1,0.2790102583831003,2026-07-27T15:46:21,0.0141905209654596,21.921397710255498,0.0033793518817629,0.0581321931614741,20.21315895690156,0.1250223803319546,0.3755732176639796,0.01620389893651,23.29554557800293,0.0065009263344109,0.0806283221604598,21.00123167037964,-0.6832119226455688,0.4288602565825454
LightGBM,global,ALL,ELEC_2-15-1,348,28471272,14615,66,level,r2,44,0.4843323662931906,60,3366.3,366.5,results/stage6_panel_global/predictions/lightgbm/global/ALL/ELEC_2-15-1_predictions.csv,lag_1,0.2375606917697016,2026-07-27T15:46:21,0.0251899986765319,18823753.03088277,0.0059525135286805,0.0771525341688824,58.59344234648899,0.2383216212594728,0.666690735239685,0.0266780704259872,8094478.125,0.0102397613227367,0.1011917058001135,51.07407569885254,-0.3102710247039795,0.7060747646504544
LightGBM,global,ALL,ELEC_2-15-2,348,28471272,14615,66,level,r2,44,0.4843323662931906,60,3366.4,366.5,results/stage6_panel_global/predictions/lightgbm/global/ALL/ELEC_2-15-2_predictions.csv,lag_1,0.2569587933318501,2026-07-27T15:46:21,0.0285584509081592,825691.6350878187,0.0096725852802956,0.0983493023884545,41.725365866751986,0.2287446178631283,0.7558418274553264,0.0309380758553743,670605.322265625,0.0175193008035421,0.1323604956304642,42.91829466819763,-0.3969228267669678,0.8188221366655667
LightGBM,global,ALL,ELEC_2-15-3,348,28471272,14615,66,level,r2,44,0.4843323662931906,60,3366.4,366.5,results/stage6_panel_global/predictions/lightgbm/global/ALL/ELEC_2-15-3_predictions.csv,lag_1,0.2681352047678168,2026-07-27T15:46:21,0.0277666040411957,38.96301883938998,0.0116286581627243,0.1078362562532858,31.154351653872357,0.1523367156767981,0.7348844238161998,0.0303126946091651,39.36004042625427,0.0217104032635688,0.1473445053728468,31.073451042175293,-0.5825657844543457,0.8022704929678351
LightGBM,global,ALL,ELEC_2-15-4,348,28471272,14615,66,level,r2,44,0.4843323662931906,60,3366.5,366.5,results/stage6_panel_global/predictions/lightgbm/global/ALL/ELEC_2-15-4_predictions.csv,lag_1,0.2605331981887978,2026-07-27T15:46:21,0.0082512644325749,1491779.076526679,0.000498981960705,0.0223379041251655,36.817243271694835,0.0041127740942554,0.2183819706324749,0.0105959624052047,1662733.0078125,0.0009125306969508,0.030208123029259,49.06240701675415,-0.8212639093399048,0.2804378855755705
LightGBM,global,ALL,ELEC_2-15-5,348,28471272,14615,66,level,r2,44,0.4843323662931906,60,3366.5,366.5,results/stage6_panel_global/predictions/lightgbm/global/ALL/ELEC_2-15-5_predictions.csv,lag_1,0.2842643602549758,2026-07-27T15:46:21,0.0116561227609751,61922.81926224558,0.0030912135932974,0.0555986833773736,27.803885925451837,0.0707775325364411,0.308496604281221,0.013939787633717,68461.77978515625,0.0060342559590935,0.0776804734736701,32.60093629360199,-0.8139046430587769,0.3689371875698486
LightGBM,global,ALL,ELEC_2-15-6,348,28471272,14615,66,level,r2,44,0.4843323662931906,60,3366.6,366.5,results/stage6_panel_global/predictions/lightgbm/global/ALL/ELEC_2-15-6_predictions.csv,lag_1,0.2510603918358921,2026-07-27T15:46:21,0.0225369722134868,41.609548600412495,0.0069715444548614,0.0834957750719245,32.64387365698488,0.2004925724147604,0.596474448769384,0.0245685949921607,41.01758301258087,0.0124289775267243,0.1114853242661308,32.14997351169586,-0.4253741502761841,0.6502443636247474
LightGBM,global,ALL,ELEC_2-16-1,348,28471272,14615,66,level,r2,44,0.4843323662931906,60,3366.6,366.5,results/stage6_panel_global/predictions/lightgbm/global/ALL/ELEC_2-16-1_predictions.csv,lag_1,0.2745408251296007,2026-07-27T15:46:22,0.0170989499193921,1670465.088541009,0.0034884262825397,0.0590629010677576,38.67748305346715,0.1442224915959474,0.4525491104613096,0.0198515225201845,1293245.3125,0.0066283219493925,0.0814145069959436,43.89612674713135,-0.626054048538208,0.5254000333449446
LightGBM,global,ALL,ELEC_2-16-2,348,28471272,14615,66,level,r2,44,0.4843323662931906,60,3366.7,366.5,results/stage6_panel_global/predictions/lightgbm/global/ALL/ELEC_2-16-2_predictions.csv,lag_1,0.244150370483922,2026-07-27T15:46:22,0.0212069903266683,1216794.2040594316,0.0042549530929044,0.0652300014786482,36.02847311169388,0.2035474792519336,0.5612745024190672,0.0236749928444623,999021.19140625,0.0074477307498455,0.0863002360937993,38.85711431503296,-0.3940843343734741,0.6265938553213927
LightGBM,global,ALL,ELEC_2-16-3,348,28471272,14615,66,level,r2,44,0.4843323662931906,60,3366.7,366.5,results/stage6_panel_global/predictions/lightgbm/global/ALL/ELEC_2-16-3_predictions.csv,lag_1,0.2572700633536807,2026-07-27T15:46:22,0.0205301093422266,2677448.844772482,0.0069015962866378,0.0830758465899559,39.651890724623115,0.2220635234733831,0.5433598416450809,0.0220444742590188,1997992.7734375,0.0125108752399683,0.1118520238528043,39.6604061126709,-0.4102050065994262,0.5834397587884683
LightGBM,global,ALL,ELEC_2-16-4,348,28471272,14615,66,level,r2,44,0.4843323662931906,60,3366.8,366.5,results/stage6_panel_global/predictions/lightgbm/global/ALL/ELEC_2-16-4_predictions.csv,lag_1,0.282507011815102,2026-07-27T15:46:22,0.0168041640319702,31.74242986833704,0.0062072427551508,0.0787860568574851,26.87136239906687,0.130836945036558,0.4447471640401427,0.0186787545680999,32.99034535884857,0.012057670392096,0.1098074241210312,27.53315269947052,-0.6883631944656372,0.4943609873219208
LightGBM,global,ALL,ELEC_2-16-5,348,28471272,14615,66,level,r2,44,0.4843323662931906,60,3366.8,366.5,results/stage6_panel_global/predictions/lightgbm/global/ALL/ELEC_2-16-5_predictions.csv,lag_1,0.2670416776539996,2026-07-27T15:46:22,0.0187273701628326,41241.70437585816,0.0064417605781446,0.0802605792288133,25.605486657198384,0.1583190666362849,0.4956476712559939,0.0210646577179431,27401.190185546875,0.0119907408952713,0.1095022415079769,27.059665322303772,-0.5667111873626709,0.5575074584911146
LightGBM,global,ALL,ELEC_2-16-6,348,28471272,14615,66,level,r2,44,0.4843323662931906,60,3366.9,366.5,results/stage6_panel_global/predictions/lightgbm/global/ALL/ELEC_2-16-6_predictions.csv,lag_1,0.2449084287206276,2026-07-27T15:46:22,0.0235523719205649,6379116.401491943,0.00487730597258,0.0698377116791501,50.10815238519286,0.2959526629156087,0.6233485104145227,0.025865888223052,2114312.890625,0.0085542267188429,0.0924890626984779,40.25162160396576,-0.2348170280456543,0.6845791561362734
LightGBM,global,ALL,ELEC_2-17-1,348,28471272,14615,66,level,r2,44,0.4843323662931906,60,3366.9,366.5,results/stage6_panel_global/predictions/lightgbm/global/ALL/ELEC_2-17-1_predictions.csv,lag_1,0.2882744164146693,2026-07-27T15:46:22,0.0138390211287619,21.88272388163963,0.0058877840860631,0.0767318974486042,19.61131884949103,0.0467013768943951,0.3662702523254788,0.0163811147212982,23.743991553783417,0.0116232270374894,0.1078110710339592,21.054470539093018,-0.8819310665130615,0.4335505355846856
LightGBM,global,ALL,ELEC_2-17-2,348,28471272,14615,66,level,r2,44,0.4843323662931906,60,3367.0,366.5,results/stage6_panel_global/predictions/lightgbm/global/ALL/ELEC_2-17-2_predictions.csv,lag_1,0.2046511382725415,2026-07-27T15:46:22,0.0195780033679162,265436.44757201325,0.0023197427700902,0.0481637080184883,32.287543497707155,0.3003430175926075,0.5181609426617942,0.0218152571469545,205309.27734375,0.0036671147681772,0.0605567070453576,34.39781963825226,-0.1060374975204467,0.5773731874109129
LightGBM,global,ALL,ELEC_2-17-3,348,28471272,14615,66,level,r2,44,0.4843323662931906,60,3367.1,366.5,results/stage6_panel_global/predictions/lightgbm/global/ALL/ELEC_2-17-3_predictions.csv,lag_1,0.2488891653812541,2026-07-27T15:46:22,0.0188163622194556,88180.16250026239,0.0036493497018926,0.060409847722806,32.91834661103213,0.3308546082776096,0.4980029782340677,0.0197023618966341,82148.388671875,0.0064685572870075,0.0804273416631904,33.90606343746185,-0.1860756874084472,0.5214522758614842
LightGBM,global,ALL,ELEC_2-17-4,348,28471272,14615,66,level,r2,44,0.4843323662931906,60,3367.1,366.5,results/stage6_panel_global/predictions/lightgbm/global/ALL/ELEC_2-17-4_predictions.csv,lag_1,0.2483923429221999,2026-07-27T15:46:22,0.0210300250194753,735950.8423397487,0.004575219044778,0.0676403654985546,33.91113176851568,0.2310898940418195,0.5565908526785727,0.0237324647605419,684273.14453125,0.0080989645794034,0.0899942474795106,36.15603744983673,-0.3611096143722534,0.6281149349561601
LightGBM,global,ALL,ELEC_2-17-5,348,28471272,14615,66,level,r2,44,0.4843323662931906,60,3367.2,366.5,results/stage6_panel_global/predictions/lightgbm/global/ALL/ELEC_2-17-5_predictions.csv,lag_1,0.1994407004793164,2026-07-27T15:46:22,0.0168175736912925,16466672.923897108,0.0019080009979356,0.0436806707587647,54.83529007596001,0.313643994412596,0.4451020705944331,0.0178070478141307,10751564.0625,0.0029770873952656,0.0545626923388655,56.80124759674072,-0.0709333419799804,0.471289973139671
LightGBM,global,ALL,ELEC_2-17-6,348,28471272,14615,66,level,r2,44,0.4843323662931906,60,3367.2,366.5,results/stage6_panel_global/predictions/lightgbm/global/ALL/ELEC_2-17-6_predictions.csv,lag_1,0.2760704525473615,2026-07-27T15:46:22,0.0212174089087486,1062957.4371823086,0.0106306305661282,0.10310494928047,37.16786520538352,0.1025693620802032,0.5615502456708416,0.0228641796857118,725330.76171875,0.0202845986932516,0.1424240102414322,36.851754784584045,-0.7124123573303223,0.605134480595303
LightGBM,global,ALL,ELEC_2-18-1,348,28471272,14615,66,level,r2,44,0.4843323662931906,60,3367.3,366.5,results/stage6_panel_global/predictions/lightgbm/global/ALL/ELEC_2-18-1_predictions.csv,lag_1,0.2364097286142934,2026-07-27T15:46:22,0.0244699187489863,17280476.567565616,0.0059458561488639,0.0771093778269799,54.15139868350207,0.3075165622798012,0.6476327502635315,0.0256373584270477,10721914.0625,0.0101974979043006,0.1009826614043256,61.426228284835815,-0.1876503229141235,0.6785307755992699
LightGBM,global,ALL,ELEC_2-18-2,348,28471272,14615,66,level,r2,44,0.4843323662931906,60,3367.3,366.5,results/stage6_panel_global/predictions/lightgbm/global/ALL/ELEC_2-18-2_predictions.csv,lag_1,0.2431038303679691,2026-07-27T15:46:22,0.0164734465081954,34809.80541447039,0.0044491869165251,0.0667022257239231,26.51443948267282,0.2468623356225343,0.435994233485704,0.017911734059453,27400.271606445312,0.0077661904506385,0.0881259919129341,27.20734477043152,-0.3146247863769531,0.4740606501357116
LightGBM,global,ALL,ELEC_2-18-3,348,28471272,14615,66,level,r2,44,0.4843323662931906,60,3367.4,366.5,results/stage6_panel_global/predictions/lightgbm/global/ALL/ELEC_2-18-3_predictions.csv,lag_1,0.2646941554342008,2026-07-27T15:46:22,0.0144509457133318,42840.41798594483,0.0032729484590383,0.0572096885067414,27.49394545046471,0.149612135160209,0.3824657454827789,0.0155949378386139,34243.76220703125,0.0060534523800015,0.0778039355045845,28.054597973823547,-0.5728273391723633,0.4127431965023894
LightGBM,global,ALL,ELEC_2-18-4,348,28471272,14615,66,level,r2,44,0.4843323662931906,60,3367.4,366.5,results/stage6_panel_global/predictions/lightgbm/global/ALL/ELEC_2-18-4_predictions.csv,lag_1,0.2409329104759972,2026-07-27T15:46:22,0.0187637589620406,3034937.3672047835,0.0041165756612571,0.0641605459862766,40.69076997250121,0.2668507649941533,0.4966107548833489,0.0196866225451231,2244321.09375,0.0071445647627115,0.0845255272844335,43.93598437309265,-0.2724244594573974,0.5210357105426126
LightGBM,global,ALL,ELEC_2-18-5,348,28471272,14615,66,level,r2,44,0.4843323662931906,60,3367.5,366.5,results/stage6_panel_global/predictions/lightgbm/global/ALL/ELEC_2-18-5_predictions.csv,lag_1,0.2719051203611454,2026-07-27T15:46:22,0.016495227371125,410332.1700243493,0.0032867520168254,0.0573302016115887,31.914312666078757,0.1147851611955452,0.4365706963790607,0.018550120294094,321626.4404296875,0.0061999899335205,0.0787400148178837,32.87988305091858,-0.6698317527770996,0.4909564901714741
LightGBM,global,ALL,ELEC_2-18-6,348,28471272,14615,66,level,r2,44,0.4843323662931906,60,3367.5,366.5,results/stage6_panel_global/predictions/lightgbm/global/ALL/ELEC_2-18-6_predictions.csv,lag_1,0.2846772505957365,2026-07-27T15:46:22,0.014221003857627,22.470234355187458,0.004239902774645,0.0651145358168593,20.81435886086434,0.0320905912569777,0.3763799926881566,0.0176968872547149,27.97342538833618,0.0082861315459012,0.0910281909405064,24.77242201566696,-0.8916060924530029,0.4683744102889366
LightGBM,global,ALL,ELEC_2-19-1,348,28471272,14615,66,level,r2,44,0.4843323662931906,60,3367.6,366.5,results/stage6_panel_global/predictions/lightgbm/global/ALL/ELEC_2-19-1_predictions.csv,lag_1,0.2707411471915112,2026-07-27T15:46:23,0.0330952635155199,36.566527643723106,0.0180465482908061,0.1343374418797908,30.979082569433537,0.1258299359548598,0.875915312638311,0.0366903841495513,38.394033908843994,0.0339336618781089,0.1842109168266337,31.80147111415863,-0.6437375545501709,0.9710655208441892
LightGBM,global,ALL,ELEC_2-19-2,348,28471272,14615,66,level,r2,44,0.4843323662931906,60,3367.7,366.5,results/stage6_panel_global/predictions/lightgbm/global/ALL/ELEC_2-19-2_predictions.csv,lag_1,0.2592435950826607,2026-07-27T15:46:23,0.0198916582158957,31.26162846185486,0.0065773344016489,0.081100766960917,26.775645050459033,0.1833251096965843,0.5264622841543513,0.0220499485731124,33.47935974597931,0.0119866849854588,0.1094837201845957,27.434498071670532,-0.4883267879486084,0.5835846446431623
LightGBM,global,ALL,ELEC_2-19-3,348,28471272,14615,66,level,r2,44,0.4843323662931906,60,3367.7,366.5,results/stage6_panel_global/predictions/lightgbm/global/ALL/ELEC_2-19-3_predictions.csv,lag_1,0.1257523596544904,2026-07-27T15:46:23,0.0229268785334928,33.554277106532346,0.0021241963839223,0.0460890050220481,28.029569583003177,0.4634028286030273,0.6067938987422659,0.0239822100847959,33.76256823539734,0.0027792379260063,0.0527184780319606,27.58062481880188,0.2979316115379333,0.6347248159644
LightGBM,global,ALL,ELEC_2-19-4,348,28471272,14615,66,level,r2,44,0.4843323662931906,60,3367.8,366.5,results/stage6_panel_global/predictions/lightgbm/global/ALL/ELEC_2-19-4_predictions.csv,lag_1,0.27677720680312,2026-07-27T15:46:23,0.0143978553056854,531604.6783529478,0.0028022910219524,0.0529366699174816,34.18611449496522,0.1392178146510068,0.3810606289775141,0.0154498796910047,431106.005859375,0.0053575844503939,0.0731955220651777,35.18511354923248,-0.6456941366195679,0.4089040171390254
LightGBM,global,ALL,ELEC_2-19-5,348,28471272,14615,66,level,r2,44,0.4843323662931906,60,3367.8,366.5,results/stage6_panel_global/predictions/lightgbm/global/ALL/ELEC_2-19-5_predictions.csv,lag_1,0.225763532022501,2026-07-27T15:46:23,0.0287716532682327,3533658.3156533716,0.0076947146605601,0.087719522687713,48.30870537406584,0.2510666909563698,0.7614845446311969,0.0310694482177495,2955926.7578125,0.0128364600241184,0.1132981024736002,47.99642860889435,-0.2493836879730224,0.8222991013921958
LightGBM,global,ALL,ELEC_2-19-6,348,28471272,14615,66,level,r2,44,0.4843323662931906,60,3367.9,366.5,results/stage6_panel_global/predictions/lightgbm/global/ALL/ELEC_2-19-6_predictions.csv,lag_1,0.2645340627769645,2026-07-27T15:46:23,0.0274998466748679,222528.57109668525,0.0097196693851174,0.0985883836215884,32.54758882598451,0.1228161176593475,0.7278242938427376,0.0322647951543331,191630.82275390625,0.0179691016674041,0.1340488779043084,37.032872438430786,-0.6216812133789062,0.8539357337815346
LightGBM,global,ALL,ELEC_2-20-1,348,28471272,14615,66,level,r2,44,0.4843323662931906,60,3368.0,366.5,results/stage6_panel_global/predictions/lightgbm/global/ALL/ELEC_2-20-1_predictions.csv,lag_1,0.2569125188405948,2026-07-27T15:46:23,0.0214303297464295,266000.9448180091,0.0050705008070951,0.0712074490983574,34.848222015526616,0.2656406101657069,0.5671855119383846,0.0224892236292362,184785.48583984375,0.0091827120631933,0.0958264684896261,33.92904996871948,-0.3299297094345093,0.5952107115556797
LightGBM,global,ALL,ELEC_2-20-2,348,28471272,14615,66,level,r2,44,0.4843323662931906,60,3368.0,366.5,results/stage6_panel_global/predictions/lightgbm/global/ALL/ELEC_2-20-2_predictions.csv,lag_1,0.2394094573119602,2026-07-27T15:46:23,0.0161049100982303,3005332.275309298,0.002265687392532,0.0475992373104032,41.160032787793405,0.2270780622604087,0.4262403699275,0.0171310286968946,2216948.046875,0.0039165001362562,0.0625819473670819,41.798752546310425,-0.3360840082168579,0.4533981229616029
LightGBM,global,ALL,ELEC_2-20-3,348,28471272,14615,66,level,r2,44,0.4843323662931906,60,3368.1,366.5,results/stage6_panel_global/predictions/lightgbm/global/ALL/ELEC_2-20-3_predictions.csv,lag_1,0.2721558924362135,2026-07-27T15:46:23,0.0220454290438839,5614493.843735943,0.0094923298082544,0.0974285882493144,36.17351614252536,0.1467848184934238,0.5834650285882734,0.0242353752255439,3065381.25,0.0179182700812816,0.1338591426884307,37.454670667648315,-0.6105784177780151,0.6414252074963616
LightGBM,global,ALL,ELEC_2-20-4,348,28471272,14615,66,level,r2,44,0.4843323662931906,60,3368.1,366.5,results/stage6_panel_global/predictions/lightgbm/global/ALL/ELEC_2-20-4_predictions.csv,lag_1,0.2781761953972466,2026-07-27T15:46:23,0.0122015606876482,27.224997468981055,0.0040533168048682,0.0636656642537265,23.333792158147016,0.1046131231366902,0.3229324292699737,0.0137762567028403,28.499329090118408,0.0077794366516172,0.0882011147980414,24.568594992160797,-0.7184948921203613,0.3646090985556078
LightGBM,global,ALL,ELEC_2-20-5,348,28471272,14615,66,level,r2,44,0.4843323662931906,60,3368.2,366.5,results/stage6_panel_global/predictions/lightgbm/global/ALL/ELEC_2-20-5_predictions.csv,lag_1,0.2659004636851116,2026-07-27T15:46:23,0.0245291886746914,33.668340532939006,0.0120002661205316,0.109545726162784,28.67000803861303,0.1265419062032401,0.6492014168940198,0.0280198436230421,34.77435111999512,0.0222679879516363,0.1492246224710798,29.468852281570435,-0.6208103895187378,0.7415867855424129
LightGBM,global,ALL,ELEC_2-20-6,348,28471272,14615,66,level,r2,44,0.4843323662931906,60,3368.2,366.5,results/stage6_panel_global/predictions/lightgbm/global/ALL/ELEC_2-20-6_predictions.csv,lag_1,0.2488275456136278,2026-07-27T15:46:23,0.0307679962998118,36.661566267826814,0.0106708787172785,0.1032999453885552,30.748695349496952,0.2528816846427838,0.8143207285709,0.0332945547997951,37.29357421398163,0.0189112778753042,0.1375182819675414,30.07519245147705,-0.3240673542022705,0.8811898525279895
LightGBM,global,ALL,ELEC_2-21-1,348,28471272,14615,66,level,r2,44,0.4843323662931906,60,3368.3,366.5,results/stage6_panel_global/predictions/lightgbm/global/ALL/ELEC_2-21-1_predictions.csv,lag_1,0.2485566589239405,2026-07-27T15:46:23,0.0190724683162213,169726.7445837497,0.0043990491626181,0.0663253282134216,28.39518385684017,0.247717319809139,0.504781206535888,0.0211987681686878,150565.2099609375,0.0077905179932713,0.0882639110467656,29.92554306983948,-0.3322588205337524,0.5610568907939262
LightGBM,global,ALL,ELEC_2-21-2,348,28471272,14615,66,level,r2,44,0.4843323662931906,60,3368.3,366.5,results/stage6_panel_global/predictions/lightgbm/global/ALL/ELEC_2-21-2_predictions.csv,lag_1,0.2713300561363923,2026-07-27T15:46:23,0.0201492166756643,37747.26247083936,0.0047179232072267,0.0686871400425638,30.08194401001551,0.1467910676424574,0.5332789514005578,0.023562092334032,41095.16906738281,0.0088856490328907,0.0942637206611896,34.61996912956238,-0.6069175004959106,0.623605775596805
LightGBM,global,ALL,ELEC_2-21-3,348,28471272,14615,66,level,r2,44,0.4843323662931906,60,3368.4,366.5,results/stage6_panel_global/predictions/lightgbm/global/ALL/ELEC_2-21-3_predictions.csv,lag_1,0.2840982625884584,2026-07-27T15:46:23,0.0166181279124478,34.044677450107194,0.0089673662296403,0.0946961785376808,27.81730919600677,0.1024040819718948,0.4398234417764691,0.0190612375736236,36.36804819107056,0.0174967776983976,0.1322753858372661,29.810047149658203,-0.751354455947876,0.5044839682495393
LightGBM,global,ALL,ELEC_2-21-4,348,28471272,14615,66,level,r2,44,0.4843323662931906,60,3368.4,366.5,results/stage6_panel_global/predictions/lightgbm/global/ALL/ELEC_2-21-4_predictions.csv,lag_1,0.2722248528406651,2026-07-27T15:46:23,0.0226643073977412,30.219059990808084,0.0081001953928622,0.090001085509355,26.330598465832555,0.1579767231259011,0.5998445635797318,0.0251536089926958,32.13408589363098,0.0152932945638895,0.1236660606791107,26.685380935668945,-0.589753270149231,0.6657276281993326
LightGBM,global,ALL,ELEC_2-21-5,348,28471272,14615,66,level,r2,44,0.4843323662931906,60,3368.5,366.5,results/stage6_panel_global/predictions/lightgbm/global/ALL/ELEC_2-21-5_predictions.csv,lag_1,0.2463032463451191,2026-07-27T15:46:23,0.0236424998543144,589297.5143681428,0.0048375858680763,0.0695527560063317,37.35659982386957,0.1764031015847889,0.6257338800681179,0.026814917102456,492696.240234375,0.0085159949958324,0.0922821488470681,40.56733846664429,-0.4498443603515625,0.7096966152317774
LightGBM,global,ALL,ELEC_2-21-6,348,28471272,14615,66,level,r2,44,0.4843323662931906,60,3368.5,366.5,results/stage6_panel_global/predictions/lightgbm/global/ALL/ELEC_2-21-6_predictions.csv,lag_1,0.1442151078262133,2026-07-27T15:46:23,0.0188026587975651,711431.1345213939,0.0018642090648569,0.0431764874075803,33.36929671677489,0.4908097150880856,0.4976402968170174,0.0192808751016855,492685.64453125,0.0025454547721892,0.050452500157963,34.544891119003296,0.3047342300415039,0.5102970017057981
LightGBM,global,ALL,ELEC_2-22-1,348,28471272,14615,66,level,r2,44,0.4843323662931906,60,3368.6,366.5,results/stage6_panel_global/predictions/lightgbm/global/ALL/ELEC_2-22-1_predictions.csv,lag_1,0.2753627816522201,2026-07-27T15:46:24,0.0155878277405888,366594.5786189101,0.0018657916769142,0.0431948107637281,31.056859682455656,0.0610979798827266,0.412555017195957,0.0190872363746166,335318.017578125,0.0035532182082533,0.0596088769249462,37.2778058052063,-0.7880470752716064,0.505172065139576
LightGBM,global,ALL,ELEC_2-22-2,348,28471272,14615,66,level,r2,44,0.4843323662931906,60,3368.7,366.5,results/stage6_panel_global/predictions/lightgbm/global/ALL/ELEC_2-22-2_predictions.csv,lag_1,0.2196746127000503,2026-07-27T15:46:24,0.0299921415131499,54954.39805065057,0.0059253593611609,0.0769763558578929,40.412398087169386,0.2983378271288538,0.7937865790935229,0.0321224778890609,27422.113037109375,0.0097311288118362,0.0986464840318003,39.739325642585754,-0.1523292064666748,0.8501690959408593
LightGBM,global,ALL,ELEC_2-22-3,348,28471272,14615,66,level,r2,44,0.4843323662931906,60,3368.7,366.5,results/stage6_panel_global/predictions/lightgbm/global/ALL/ELEC_2-22-3_predictions.csv,lag_1,0.2725332217080138,2026-07-27T15:46:24,0.0139520004164532,24273.891330396407,0.0036782184253114,0.0606483175802214,29.338573408194947,0.1350308236651708,0.3692604170073026,0.0157728362828493,20565.122985839844,0.0069504221901297,0.0833691920923416,32.452768087387085,-0.6344598531723022,0.4174515431009043
LightGBM,global,ALL,ELEC_2-22-4,348,28471272,14615,66,level,r2,44,0.4843323662931906,60,3368.8,366.5,results/stage6_panel_global/predictions/lightgbm/global/ALL/ELEC_2-22-4_predictions.csv,lag_1,0.2619423557073237,2026-07-27T15:46:24,0.0215415644380751,39.26956396592277,0.006980469633659,0.0835492048655102,31.874930264388706,0.1474591727556079,0.5701295032942264,0.0244023259729146,40.966227650642395,0.0128145711496472,0.1132014626656706,33.62615406513214,-0.5650728940963745,0.6458438070343241
LightGBM,global,ALL,ELEC_2-22-5,348,28471272,14615,66,level,r2,44,0.4843323662931906,60,3368.8,366.5,results/stage6_panel_global/predictions/lightgbm/global/ALL/ELEC_2-22-5_predictions.csv,lag_1,0.2631078284251116,2026-07-27T15:46:24,0.0164314822665085,2146523.075216541,0.0023009657468898,0.0479683827837649,36.020439210912976,0.1494383335807796,0.434883587490711,0.0189517624676227,1642196.6796875,0.0042374273762106,0.0650955250091025,40.86681604385376,-0.5663830041885376,0.5015865469416859
LightGBM,global,ALL,ELEC_2-22-6,348,28471272,14615,66,level,r2,44,0.4843323662931906,60,3368.9,366.5,results/stage6_panel_global/predictions/lightgbm/global/ALL/ELEC_2-22-6_predictions.csv,lag_1,0.2749889889312515,2026-07-27T15:46:24,0.0212496153920173,22564.297160869715,0.0056294982686623,0.0750299824647609,27.554501514026708,0.2075032675371383,0.5624026380939459,0.0237283613532781,20562.94403076172,0.0107097784057259,0.1034880592422428,30.035176873207092,-0.5076768398284912,0.6280063321872282
LightGBM,global,ALL,ELEC_2-23-1,348,28471272,14615,66,level,r2,44,0.4843323662931906,60,3368.9,366.5,results/stage6_panel_global/predictions/lightgbm/global/ALL/ELEC_2-23-1_predictions.csv,lag_1,0.2704261581468451,2026-07-27T15:46:24,0.0143193801172266,1314247.7705260252,0.0021334189011486,0.0461889478246548,34.99969905569619,0.1055047094154538,0.3789836665384342,0.0171782411634922,1183764.0625,0.004008091520518,0.063309489972026,41.255658864974976,-0.6805037260055542,0.4546476710252052
LightGBM,global,ALL,ELEC_2-23-2,348,28471272,14615,66,level,r2,44,0.4843323662931906,60,3369.0,366.5,results/stage6_panel_global/predictions/lightgbm/global/ALL/ELEC_2-23-2_predictions.csv,lag_1,0.2785403633443707,2026-07-27T15:46:24,0.016901859479685,32.57273801931991,0.0039695787193857,0.0630045928435834,27.26817589950063,0.060202668711486,0.4473328191925276,0.0201963745057582,36.659809947013855,0.0076264133676886,0.0873293385277173,31.22001886367798,-0.80555260181427,0.5345270534279283
LightGBM,global,ALL,ELEC_2-23-3,348,28471272,14615,66,level,r2,44,0.4843323662931906,60,3369.0,366.5,results/stage6_panel_global/predictions/lightgbm/global/ALL/ELEC_2-23-3_predictions.csv,lag_1,0.1258028321191511,2026-07-27T15:46:24,0.0121051123577657,16265743.517000906,0.0007555649475204,0.0274875416783758,73.86694490790505,0.4508579577373189,0.3203797809436393,0.0114943543449044,6602839.84375,0.0009886737680062,0.0314431831722913,43.1651771068573,0.2814352512359619,0.3042151628395734
LightGBM,global,ALL,ELEC_2-23-4,348,28471272,14615,66,level,r2,44,0.4843323662931906,60,3369.1,366.5,results/stage6_panel_global/predictions/lightgbm/global/ALL/ELEC_2-23-4_predictions.csv,lag_1,0.166194967206316,2026-07-27T15:46:24,0.009007939242233,3600325.877285608,0.0001694289125182,0.0130164861816935,39.391659140288475,0.2154341842960824,0.2384084935261937,0.0100691076368093,3404083.984375,0.0002437016664771,0.0156109470076973,44.918546080589294,-0.1284968852996826,0.2664938914763045
LightGBM,global,ALL,ELEC_2-24-1,348,28471272,14615,66,level,r2,44,0.4843323662931906,60,3369.2,366.5,results/stage6_panel_global/predictions/lightgbm/global/ALL/ELEC_2-24-1_predictions.csv,lag_1,0.2466626265228347,2026-07-27T15:46:24,0.0170080370152289,4078513.103607452,0.0033243708716243,0.0576573574804149,42.49974529735909,0.3567499988064189,0.4501429653996278,0.0179678425192832,3154334.765625,0.0058577447198331,0.0765359047756877,40.964749455451965,-0.1334457397460937,0.4755456438754003
LightGBM,global,ALL,ELEC_2-24-2,348,28471272,14615,66,level,r2,44,0.4843323662931906,60,3369.2,366.5,results/stage6_panel_global/predictions/lightgbm/global/ALL/ELEC_2-24-2_predictions.csv,lag_1,0.2816216535935286,2026-07-27T15:46:24,0.0136012625567865,387649.2568508436,0.0059806321267938,0.0773345467872791,32.2274686590937,0.0818698620604644,0.3599776185228627,0.0149284983053803,335311.181640625,0.0115888575091958,0.1076515559998823,33.080291748046875,-0.7790895700454712,0.3951048842456179
LightGBM,global,ALL,ELEC_3-1-1,348,28471272,14615,66,level,r2,44,0.4843323662931906,60,3369.3,366.5,results/stage6_panel_global/predictions/lightgbm/global/ALL/ELEC_3-1-1_predictions.csv,lag_1,0.2281241774975101,2026-07-27T15:46:24,0.0240157499356049,53345.879093379786,0.0042664040781151,0.065317716418405,35.12254090623474,0.2861868993865891,0.6356124979402036,0.0254389308393001,41095.867919921875,0.0071608917787671,0.0846220525558622,34.6350222826004,-0.1980905532836914,0.6732790947212349
LightGBM,global,ALL,ELEC_3-1-2,348,28471272,14615,66,level,r2,44,0.4843323662931906,60,3369.3,366.5,results/stage6_panel_global/predictions/lightgbm/global/ALL/ELEC_3-1-2_predictions.csv,lag_1,0.283866958969904,2026-07-27T15:46:24,0.0160846508985529,25.35940286410081,0.0040487826172526,0.0636300449257471,22.902889736545593,0.0767032775017922,0.4257041801125773,0.0200827922672033,30.139118432998657,0.0078947255387902,0.0888522680565343,26.96392834186554,-0.8003374338150024,0.5315209307558013
LightGBM,global,ALL,ELEC_3-1-3,348,28471272,14615,66,level,r2,44,0.4843323662931906,60,3369.4,366.5,results/stage6_panel_global/predictions/lightgbm/global/ALL/ELEC_3-1-3_predictions.csv,lag_1,0.14290121376763,2026-07-27T15:46:24,0.0244261835044352,399167.5411874107,0.0029303790815688,0.0541329759164301,34.41109857729675,0.5433889322642991,0.6464752320468726,0.0247163865715265,314783.8134765625,0.0039889817126095,0.0631583859246698,31.98270797729492,0.3784376978874206,0.6541558873201165
LightGBM,global,ALL,ELEC_3-1-4,348,28471272,14615,66,level,r2,44,0.4843323662931906,60,3369.4,366.5,results/stage6_panel_global/predictions/lightgbm/global/ALL/ELEC_3-1-4_predictions.csv,lag_1,0.2640937144192004,2026-07-27T15:46:24,0.0200319485089084,34.37377864251526,0.0070469796421516,0.0839462902226874,28.3228356516758,0.1736365493427504,0.5301752751630701,0.0216010957956314,35.078972578048706,0.0130124175921082,0.1140719842560312,29.192066192626953,-0.5259000062942505,0.571705089107019
LightGBM,global,ALL,ELEC_3-1-5,348,28471272,14615,66,level,r2,44,0.4843323662931906,60,3369.5,366.5,results/stage6_panel_global/predictions/lightgbm/global/ALL/ELEC_3-1-5_predictions.csv,lag_1,0.2867591928085463,2026-07-27T15:46:24,0.021380912979463,253855.24395809704,0.0217748968570979,0.1475631961469322,32.24201927925287,0.0417915533885862,0.5658776237909847,0.0249770786613225,184782.71484375,0.0428039394319057,0.2068911294181211,33.30543041229248,-0.8835955858230591,0.6610554907400734
LightGBM,global,ALL,ELEC_3-1-6,348,28471272,14615,66,level,r2,44,0.4843323662931906,60,3369.5,366.5,results/stage6_panel_global/predictions/lightgbm/global/ALL/ELEC_3-1-6_predictions.csv,lag_1,0.2406239750216285,2026-07-27T15:46:24,0.0257783891170522,473150.2158608174,0.0064303263791674,0.0801893158666878,36.95862427419858,0.312317137530704,0.6822633623142529,0.027354771271348,362687.3046875,0.0111511396244168,0.1055989565498486,36.798107624053955,-0.1925439834594726,0.7239846577760618
LightGBM,global,ALL,ELEC_3-2-1,348,28471272,14615,66,level,r2,44,0.4843323662931906,60,3369.6,366.5,results/stage6_panel_global/predictions/lightgbm/global/ALL/ELEC_3-2-1_predictions.csv,lag_1,0.2519234618206186,2026-07-27T15:46:24,0.0164091945982486,2216964.2824956556,0.0021824800650947,0.0467170211496275,34.99370883430725,0.1920788121183486,0.4342937112414173,0.0183434821665287,1888515.0390625,0.0038999426178634,0.0624495205575144,38.71771991252899,-0.443699836730957,0.4854875051602337
LightGBM,global,ALL,ELEC_3-2-2,348,28471272,14615,66,level,r2,44,0.4843323662931906,60,3369.6,366.5,results/stage6_panel_global/predictions/lightgbm/global/ALL/ELEC_3-2-2_predictions.csv,lag_1,0.2607639713484372,2026-07-27T15:46:25,0.0215321763613528,254470.72183906863,0.0062018131876348,0.0787515916514381,31.73867172450803,0.1543610612319264,0.5698810338975894,0.0241115298122167,225836.7919921875,0.0113488649949431,0.106531051787463,33.27111601829529,-0.5474574565887451,0.6381474546577277
LightGBM,global,ALL,ELEC_3-2-3,348,28471272,14615,66,level,r2,44,0.4843323662931906,60,3369.7,366.5,results/stage6_panel_global/predictions/lightgbm/global/ALL/ELEC_3-2-3_predictions.csv,lag_1,0.258002906043144,2026-07-27T15:46:25,0.0233270979838156,193752.30097698123,0.0066746339694591,0.0816984330905993,38.15402370954243,0.2432863119771666,0.6173863010293474,0.025530619546771,171107.6171875,0.0121233612298965,0.1101061362045573,39.45610225200653,-0.3744443655014038,0.675705772569928
LightGBM,global,ALL,ELEC_3-2-4,348,28471272,14615,66,level,r2,44,0.4843323662931906,60,3369.7,366.5,results/stage6_panel_global/predictions/lightgbm/global/ALL/ELEC_3-2-4_predictions.csv,lag_1,0.2432685668329725,2026-07-27T15:46:25,0.0292421659145512,37.75796257320078,0.0084175552337492,0.0917472355646163,30.71124365364844,0.2659362989813022,0.7739373607723077,0.0312624014914035,37.535473704338074,0.0146994953975081,0.1212414755663594,30.15790581703186,-0.281888484954834,0.8274058964155367
LightGBM,global,ALL,ELEC_3-2-5,348,28471272,14615,66,level,r2,44,0.4843323662931906,60,3369.8,366.5,results/stage6_panel_global/predictions/lightgbm/global/ALL/ELEC_3-2-5_predictions.csv,lag_1,0.2759788092414802,2026-07-27T15:46:25,0.0194000225571217,25.71836963916215,0.0067958281502782,0.0824368130769149,23.24795300464236,0.1145290159642041,0.5134504161099326,0.0229291804134845,29.33560013771057,0.012964024208486,0.1138596689284053,26.18415355682373,-0.6891641616821289,0.6068548214157364
LightGBM,global,ALL,ELEC_3-2-6,348,28471272,14615,66,level,r2,44,0.4843323662931906,60,3369.8,366.5,results/stage6_panel_global/predictions/lightgbm/global/ALL/ELEC_3-2-6_predictions.csv,lag_1,0.2744803533117576,2026-07-27T15:46:25,0.02528660255736,62198.79646043482,0.0125023777503851,0.1118140319923451,33.61702755522412,0.1689071159689225,0.6692475004528695,0.0283551141619682,54782.196044921875,0.023751676082611,0.1541157879083486,34.53383147716522,-0.5788875818252563,0.7504602184064292
LightGBM,global,ALL,ELEC_3-3-1,348,28471272,14615,66,level,r2,44,0.4843323662931906,60,3369.9,366.5,results/stage6_panel_global/predictions/lightgbm/global/ALL/ELEC_3-3-1_predictions.csv,lag_1,0.2807100787305046,2026-07-27T15:46:25,0.0163024636819448,22.558765438653825,0.0052192857921876,0.0722446246594695,21.202800983516816,0.0453884988184506,0.4314689189904492,0.0193691421300172,27.143311500549316,0.0100879548117518,0.1004388112820529,24.088285863399506,-0.845095157623291,0.5126331197330984
LightGBM,global,ALL,ELEC_3-3-2,348,28471272,14615,66,level,r2,44,0.4843323662931906,60,3369.9,366.5,results/stage6_panel_global/predictions/lightgbm/global/ALL/ELEC_3-3-2_predictions.csv,lag_1,0.2716982191282731,2026-07-27T15:46:25,0.0212388201586214,223128.02022313813,0.0109981122392299,0.1048718848845099,27.98949693818201,0.1700892414779551,0.5621169262055812,0.0234642494469881,82140.97900390625,0.0207345876842737,0.1439950960424476,28.02387773990631,-0.5646190643310547,0.6210162182435496
LightGBM,global,ALL,ELEC_3-3-3,348,28471272,14615,66,level,r2,44,0.4843323662931906,60,3370.0,366.5,results/stage6_panel_global/predictions/lightgbm/global/ALL/ELEC_3-3-3_predictions.csv,lag_1,0.2859321309058864,2026-07-27T15:46:25,0.0126476942320609,207191.9639491989,0.0053848307933504,0.0733814063189747,30.81814380921135,0.076731850543697,0.334740016263484,0.0145562775433063,191625.10986328125,0.0105607090517878,0.102765310546837,34.08006131649017,-0.810710072517395,0.3852535088356708
LightGBM,global,ALL,ELEC_3-3-4,348,28471272,14615,66,level,r2,44,0.4843323662931906,60,3370.0,366.5,results/stage6_panel_global/predictions/lightgbm/global/ALL/ELEC_3-3-4_predictions.csv,lag_1,0.265040325556703,2026-07-27T15:46:25,0.0173039377522102,134614.24909501494,0.0046345158318761,0.0680772783818227,31.291772233042582,0.1263283432521179,0.4579744179705169,0.0198049955070018,116359.87548828124,0.0085798036307096,0.092627229423694,35.33068895339966,-0.6174138784408569,0.5241686268242234
LightGBM,global,ALL,ELEC_3-3-5,348,28471272,14615,66,level,r2,44,0.4843323662931906,60,3370.1,366.5,results/stage6_panel_global/predictions/lightgbm/global/ALL/ELEC_3-3-5_predictions.csv,lag_1,0.2668038309493606,2026-07-27T15:46:25,0.0170425170379582,63764.63224695227,0.0035584193586983,0.0596524882858905,29.13819110927964,0.0886609184332105,0.4510555304219467,0.0193315092474222,47931.30798339844,0.0066193714737892,0.0813595198719192,29.82496023178101,-0.6952728033065796,0.5116371095907929
LightGBM,global,ALL,ELEC_3-3-6,348,28471272,14615,66,level,r2,44,0.4843323662931906,60,3370.1,366.5,results/stage6_panel_global/predictions/lightgbm/global/ALL/ELEC_3-3-6_predictions.csv,lag_1,0.2753687523537294,2026-07-27T15:46:25,0.0221251564057544,26.742790866539405,0.0081007912788242,0.0900043958861134,23.965135288566216,0.0962228114067696,0.585575131656827,0.0266725979745388,31.72161281108856,0.0154274208471179,0.124207169064905,27.54821479320526,-0.7211836576461792,0.7059299280934314
LightGBM,global,ALL,ELEC_3-4-1,348,28471272,14615,66,level,r2,44,0.4843323662931906,60,3370.2,366.5,results/stage6_panel_global/predictions/lightgbm/global/ALL/ELEC_3-4-1_predictions.csv,lag_1,0.2755694065150584,2026-07-27T15:46:25,0.0242366397627372,29.727540974395584,0.0121653740528728,0.110296754498366,26.08392575890092,0.0803885740647101,0.6414586753516779,0.0277461521327495,32.76298940181732,0.0231809858232736,0.1522530322301452,27.06783711910248,-0.7523095607757568,0.7343431336774376
LightGBM,global,ALL,ELEC_3-4-2,348,28471272,14615,66,level,r2,44,0.4843323662931906,60,3370.2,366.5,results/stage6_panel_global/predictions/lightgbm/global/ALL/ELEC_3-4-2_predictions.csv,lag_1,0.2765878972975107,2026-07-27T15:46:25,0.0239187885125845,31.638555126034905,0.0122953489432036,0.11088439449807,27.042809274830375,0.1038712990539093,0.6330462698417645,0.0276093054562807,34.87701117992401,0.0234946683049201,0.1532797061091917,28.345799446105957,-0.7123745679855347,0.7307212830961146
LightGBM,global,ALL,ELEC_3-4-3,348,28471272,14615,66,level,r2,44,0.4843323662931906,60,3370.3,366.5,results/stage6_panel_global/predictions/lightgbm/global/ALL/ELEC_3-4-3_predictions.csv,lag_1,0.2700944182721051,2026-07-27T15:46:25,0.0212592691241948,3823242.8089315393,0.0072269018847132,0.0850111868209901,33.73164529630175,0.127330269930482,0.562658138456843,0.0236674640327692,1471129.6875,0.0135649684816598,0.1164687446556366,33.61041843891144,-0.6380100250244141,0.6263945941357265
LightGBM,global,ALL,ELEC_3-4-4,348,28471272,14615,66,level,r2,44,0.4843323662931906,60,3370.4,366.5,results/stage6_panel_global/predictions/lightgbm/global/ALL/ELEC_3-4-4_predictions.csv,lag_1,0.2444834535949458,2026-07-27T15:46:25,0.0272446316521867,34.87483255608925,0.0076825177447507,0.0876499728736453,29.901675944619267,0.2546224281261672,0.7210696491402723,0.0304604861885309,36.944931745529175,0.0134590873494744,0.1160133067776038,30.275848507881165,-0.3058353662490845,0.8061820166632043
LightGBM,global,ALL,ELEC_3-4-5,348,28471272,14615,66,level,r2,44,0.4843323662931906,60,3370.4,366.5,results/stage6_panel_global/predictions/lightgbm/global/ALL/ELEC_3-4-5_predictions.csv,lag_1,0.2691142165810533,2026-07-27T15:46:25,0.0125881741025088,6478205.207592945,0.000965563804818,0.0310735225685479,39.26020366641513,0.1590530505688113,0.3331647276165017,0.0153007181361317,5934593.359375,0.0018075151601806,0.0425148816319724,49.84475374221802,-0.5742347240447998,0.4049562350067296
LightGBM,global,ALL,ELEC_3-4-6,348,28471272,14615,66,level,r2,44,0.4843323662931906,60,3370.5,366.5,results/stage6_panel_global/predictions/lightgbm/global/ALL/ELEC_3-4-6_predictions.csv,lag_1,0.2644170092284675,2026-07-27T15:46:25,0.0276752065918624,41.059052558881135,0.0126867693578386,0.1126355599170999,31.76447756352222,0.2464004336968621,0.7324654545467895,0.0291987676173448,37.82861530780792,0.0234470218420028,0.1531242039718178,30.887144804000854,-0.3927633762359619,0.77278876036767
LightGBM,global,ALL,ELEC_3-5-1,348,28471272,14615,66,level,r2,44,0.4843323662931906,60,3370.5,366.5,results/stage6_panel_global/predictions/lightgbm/global/ALL/ELEC_3-5-1_predictions.csv,lag_1,0.2885282345356754,2026-07-27T15:46:25,0.0207389737647367,36.37860199077691,0.0114727158422752,0.1071107643622959,30.951339823276236,0.0232392110248323,0.5488877488592429,0.0260355789214372,45.06465792655945,0.0226647481322288,0.1505481588470242,35.657066106796265,-0.9296249151229858,0.6890702725480892
LightGBM,global,ALL,ELEC_3-5-2,348,28471272,14615,66,level,r2,44,0.4843323662931906,60,3370.6,366.5,results/stage6_panel_global/predictions/lightgbm/global/ALL/ELEC_3-5-2_predictions.csv,lag_1,0.2711977632253116,2026-07-27T15:46:25,0.0237404602730361,34.197036586469835,0.0087593764930591,0.093591540713139,29.04159208599993,0.119249065616424,0.6283265480718208,0.0268511790782213,36.97170317173004,0.0164912585169076,0.128418295102013,30.67328631877899,-0.6581878662109375,0.710656342288321
LightGBM,global,ALL,ELEC_3-5-3,348,28471272,14615,66,level,r2,44,0.4843323662931906,60,3370.6,366.5,results/stage6_panel_global/predictions/lightgbm/global/ALL/ELEC_3-5-3_predictions.csv,lag_1,0.259149239814134,2026-07-27T15:46:26,0.0175282070583853,31.469449181916332,0.0032786057269593,0.0572591104275938,27.21343601035177,0.1286489192225848,0.4639100383151433,0.0200602114200592,35.78033745288849,0.0059734843671321,0.0772883197328819,29.548320174217224,-0.5875658988952637,0.5309232950918155
LightGBM,global,ALL,ELEC_3-5-4,348,28471272,14615,66,level,r2,44,0.4843323662931906,60,3370.7,366.5,results/stage6_panel_global/predictions/lightgbm/global/ALL/ELEC_3-5-4_predictions.csv,lag_1,0.2798101900634081,2026-07-27T15:46:26,0.0142388059854276,637391.1474685045,0.0028139334653964,0.0530465217087457,31.14250911381115,0.0642230323744335,0.3768511524458308,0.0171679779887199,581638.37890625,0.0054252515546977,0.073656306958045,37.112513184547424,-0.8041737079620361,0.4543760408586983
LightGBM,global,ALL,ELEC_3-5-5,348,28471272,14615,66,level,r2,44,0.4843323662931906,60,3370.7,366.5,results/stage6_panel_global/predictions/lightgbm/global/ALL/ELEC_3-5-5_predictions.csv,lag_1,0.2223973308743848,2026-07-27T15:46:26,0.0224765839489018,776858.5053298887,0.0037315145267962,0.0610861238481887,40.21948535067302,0.3014775728953314,0.5948761836391224,0.0237153600901365,602174.072265625,0.0061712004244327,0.078556988386984,39.10767734050751,-0.1552203893661499,0.627662234444539
LightGBM,global,ALL,ELEC_3-5-6,348,28471272,14615,66,level,r2,44,0.4843323662931906,60,3370.8,366.5,results/stage6_panel_global/predictions/lightgbm/global/ALL/ELEC_3-5-6_predictions.csv,lag_1,0.2693034796719581,2026-07-27T15:46:26,0.0177782265506871,40.08977792161864,0.0048257997954257,0.0694679767621438,30.944105069885808,0.1990063056564984,0.4705271755880507,0.020842969417572,44.14107799530029,0.0090384762734174,0.0950709012969661,34.80002284049988,-0.5002199411392212,0.5516401482992255
LightGBM,global,ALL,ELEC_3-6-1,348,28471272,14615,66,level,r2,44,0.4843323662931906,60,3370.8,366.5,results/stage6_panel_global/predictions/lightgbm/global/ALL/ELEC_3-6-1_predictions.csv,lag_1,0.2666914985581181,2026-07-27T15:46:26,0.0225223290694943,42.50433497591033,0.0111889746838385,0.1057779498942881,33.17471889380969,0.0863512232873044,0.5960868962109279,0.0260027386248111,43.19579303264618,0.0208073537796735,0.144247543409493,35.46338379383087,-0.6990489959716797,0.6882011053129382
LightGBM,global,ALL,ELEC_3-6-2,348,28471272,14615,66,level,r2,44,0.4843323662931906,60,3370.9,366.5,results/stage6_panel_global/predictions/lightgbm/global/ALL/ELEC_3-6-2_predictions.csv,lag_1,0.2838333657778371,2026-07-27T15:46:26,0.0198115743475046,32.73960764853815,0.0125811266157546,0.1121656213630299,28.116594677808227,0.0253585344788858,0.5243427456111345,0.0244440641254186,38.46136033535004,0.0245296508073806,0.1566194458149455,32.256850600242615,-0.9002761840820312,0.6469484692432325
LightGBM,global,ALL,ELEC_3-6-3,348,28471272,14615,66,level,r2,44,0.4843323662931906,60,3370.9,366.5,results/stage6_panel_global/predictions/lightgbm/global/ALL/ELEC_3-6-3_predictions.csv,lag_1,0.2725442944301541,2026-07-27T15:46:26,0.0130754830271792,569740.3574710955,0.0033651337548337,0.0580097729252039,33.849294228606574,0.0851702143261561,0.3460620822154144,0.0148901809006929,547428.662109375,0.0063590058125555,0.0797433747251491,37.74375021457672,-0.7287299633026123,0.3940907572092667
LightGBM,global,ALL,ELEC_3-6-4,348,28471272,14615,66,level,r2,44,0.4843323662931906,60,3371.0,366.5,results/stage6_panel_global/predictions/lightgbm/global/ALL/ELEC_3-6-4_predictions.csv,lag_1,0.0925594696757619,2026-07-27T15:46:26,0.0191129784854116,15236073.581881585,0.0014568509649728,0.0381687170988607,77.3797792979242,0.6642988180775526,0.5058533683422058,0.0179938413202762,4334624.609375,0.0017692075343802,0.0420619487705961,39.108338952064514,0.5923227071762085,0.476233740765437
LightGBM,global,ALL,ELEC_3-6-5,348,28471272,14615,66,level,r2,44,0.4843323662931906,60,3371.0,366.5,results/stage6_panel_global/predictions/lightgbm/global/ALL/ELEC_3-6-5_predictions.csv,lag_1,0.2564533332738584,2026-07-27T15:46:26,0.021708225687734,149491.12985811333,0.0083028320607171,0.0911198774182511,31.132814246087815,0.1385169253233369,0.5745404408451908,0.0243927463889122,123202.099609375,0.0150179201737046,0.1225476241046909,32.52408504486084,-0.5582255125045776,0.6455902691130274
LightGBM,global,ALL,ELEC_3-6-6,348,28471272,14615,66,level,r2,44,0.4843323662931906,60,3371.1,366.5,results/stage6_panel_global/predictions/lightgbm/global/ALL/ELEC_3-6-6_predictions.csv,lag_1,0.2776046976959688,2026-07-27T15:46:26,0.0287589415910115,3341866.233685404,0.0183861499538927,0.1355955381046616,33.198597721567324,0.1039548777606773,0.7611481112100793,0.0337358862161636,2237469.7265625,0.0352322980761528,0.1877026853195041,37.61119246482849,-0.7170385122299194,0.89287034406915
LightGBM,global,ALL,ELEC_3-7-1,348,28471272,14615,66,level,r2,44,0.4843323662931906,60,3371.1,366.5,results/stage6_panel_global/predictions/lightgbm/global/ALL/ELEC_3-7-1_predictions.csv,lag_1,0.2896446749929311,2026-07-27T15:46:26,0.0130875555742784,23.12657869394456,0.0060486018175496,0.0777727575539765,20.114662798303396,0.1174426267942198,0.3463816001084143,0.01481628511101,23.70087057352066,0.0119868125766515,0.1094843028778626,20.371130108833313,-0.7490073442459106,0.3921349953615821
LightGBM,global,ALL,ELEC_3-7-2,348,28471272,14615,66,level,r2,44,0.4843323662931906,60,3371.2,366.5,results/stage6_panel_global/predictions/lightgbm/global/ALL/ELEC_3-7-2_predictions.csv,lag_1,0.2751783106440333,2026-07-27T15:46:26,0.0188462830437847,23147.166463563804,0.0063846382336038,0.0799039312775278,27.005090039746964,0.2502870667623664,0.4987948772979423,0.0205275416374206,20559.698486328125,0.0121527323499321,0.1102394319194914,27.99779176712036,-0.4270286560058594,0.5432918835230127
LightGBM,global,ALL,ELEC_3-7-3,348,28471272,14615,66,level,r2,44,0.4843323662931906,60,3371.2,366.5,results/stage6_panel_global/predictions/lightgbm/global/ALL/ELEC_3-7-3_predictions.csv,lag_1,0.2814511688829236,2026-07-27T15:46:26,0.0117414127815703,29.780104980003724,0.0022138760495979,0.0470518442741398,25.588279388654776,0.0436070151277196,0.310753931376367,0.0141122136265039,33.916452527046204,0.0042878612875938,0.0654817630153147,29.946866631507874,-0.8523530960083008,0.3735006976113405
LightGBM,global,ALL,ELEC_3-7-4,348,28471272,14615,66,level,r2,44,0.4843323662931906,60,3371.3,366.5,results/stage6_panel_global/predictions/lightgbm/global/ALL/ELEC_3-7-4_predictions.csv,lag_1,0.2813865776608708,2026-07-27T15:46:26,0.0272552738972315,27.313778467058498,0.0230113143882214,0.1516948067279214,25.0958911876297,0.0471973696023848,0.7213513119646591,0.0322771109640598,31.873008608818058,0.0445605739951133,0.2110937564095948,25.954610109329224,-0.8450676202774048,0.8542616899813428
LightGBM,global,ALL,ELEC_3-7-5,348,28471272,14615,66,level,r2,44,0.4843323662931906,60,3371.3,366.5,results/stage6_panel_global/predictions/lightgbm/global/ALL/ELEC_3-7-5_predictions.csv,lag_1,0.2593250888796095,2026-07-27T15:46:26,0.021927605526689,122761.8364001228,0.0061957115674704,0.0787128424557928,30.33330180034717,0.2443637392399664,0.5803466541764335,0.0234793033450841,95828.8818359375,0.0112936915829777,0.1062717816872276,30.538639426231384,-0.3773918151855469,0.6214146420195402
LightGBM,global,ALL,ELEC_3-7-6,348,28471272,14615,66,level,r2,44,0.4843323662931906,60,3371.4,366.5,results/stage6_panel_global/predictions/lightgbm/global/ALL/ELEC_3-7-6_predictions.csv,lag_1,0.2686440964841246,2026-07-27T15:46:26,0.0329423492353293,27.97924148241467,0.0177803651679861,0.1333430356936053,24.334288748902093,0.2098919769239143,0.8718682090557353,0.0356147773563861,27.691835165023804,0.0332416929304599,0.1823230455276018,22.770291566848755,-0.4771647453308105,0.9425979892268814
LightGBM,global,ALL,ELEC_3-8-1,348,28471272,14615,66,level,r2,44,0.4843323662931906,60,3371.4,366.5,results/stage6_panel_global/predictions/lightgbm/global/ALL/ELEC_3-8-1_predictions.csv,lag_1,0.2731032305944394,2026-07-27T15:46:26,0.0160143941931179,47478.84857034615,0.0031844354007224,0.0564308018791369,35.32934502556968,0.0809714967725261,0.4238447320354479,0.0185097511857748,47944.873046875,0.0060268025845289,0.0776324840806277,39.24807608127594,-0.7393361330032349,0.4898880617506569
LightGBM,global,ALL,ELEC_3-8-2,348,28471272,14615,66,level,r2,44,0.4843323662931906,60,3371.5,366.5,results/stage6_panel_global/predictions/lightgbm/global/ALL/ELEC_3-8-2_predictions.csv,lag_1,0.2795901473618204,2026-07-27T15:46:26,0.0287742627599646,26.308132738169014,0.0175128085792766,0.1323359685772416,24.067755902590708,0.0701641868653578,0.7615536087063367,0.0328333899378776,30.195322632789612,0.0337439961731433,0.1836953896349698,26.291263103485107,-0.7916243076324463,0.8689844393873798
LightGBM,global,ALL,ELEC_3-8-3,348,28471272,14615,66,level,r2,44,0.4843323662931906,60,3371.5,366.5,results/stage6_panel_global/predictions/lightgbm/global/ALL/ELEC_3-8-3_predictions.csv,lag_1,0.2724476901465951,2026-07-27T15:46:26,0.0280902318443207,31.386011681632,0.0123604995084949,0.111177783340445,27.88242584781487,0.1036266945086989,0.7434497143817141,0.0336476191878318,36.890000104904175,0.0233511123806238,0.1528107076766017,31.69655203819275,-0.6934036016464233,0.8905342260418496
LightGBM,global,ALL,ELEC_3-8-4,348,28471272,14615,66,level,r2,44,0.4843323662931906,60,3371.6,366.5,results/stage6_panel_global/predictions/lightgbm/global/ALL/ELEC_3-8-4_predictions.csv,lag_1,0.1497624084515996,2026-07-27T15:46:27,0.0252202458195621,103429.06899887764,0.002726176597328,0.0522128010867835,39.78225495865662,0.4083842387714317,0.667491270812738,0.0268422849476337,95843.02978515624,0.0037711462937295,0.0614096596125523,39.42784070968628,0.1816122531890869,0.7104209459099053
LightGBM,global,ALL,ELEC_3-8-5,348,28471272,14615,66,level,r2,44,0.4843323662931906,60,3371.6,366.5,results/stage6_panel_global/predictions/lightgbm/global/ALL/ELEC_3-8-5_predictions.csv,lag_1,0.2283879290572583,2026-07-27T15:46:27,0.0119275230457025,15534584.105661295,0.0011203094206885,0.03347102359786,54.220032900428585,0.2820784209022896,0.3156796159872805,0.0119958948343992,10061625.78125,0.0018816548399627,0.0433780455986979,59.1926634311676,-0.2058104276657104,0.3174891769428483
LightGBM,global,ALL,ELEC_3-8-6,348,28471272,14615,66,level,r2,44,0.4843323662931906,60,3371.7,366.5,results/stage6_panel_global/predictions/lightgbm/global/ALL/ELEC_3-8-6_predictions.csv,lag_1,0.2634142366118218,2026-07-27T15:46:27,0.0170334466835586,44.11720901393774,0.0043465956276224,0.0659287162594753,33.58611553188858,0.1830501918588869,0.4508154700185625,0.0175744090229272,38.10213804244995,0.0080112926661968,0.0895058247612792,31.304484605789185,-0.5057358741760254,0.4651328419407231
LightGBM,global,ALL,ELEC_3-9-1,348,28471272,14615,66,level,r2,44,0.4843323662931906,60,3371.8,366.5,results/stage6_panel_global/predictions/lightgbm/global/ALL/ELEC_3-9-1_predictions.csv,lag_1,0.227843817308459,2026-07-27T15:46:27,0.018538302719391,335048.36712438817,0.0043614968212714,0.0660416294565139,33.4458028796486,0.2820108142273582,0.4906437205017049,0.0196777284145355,273731.4208984375,0.0073151839897036,0.0855288488739539,34.10065770149231,-0.2042248249053955,0.5208003141641969
LightGBM,global,ALL,ELEC_3-9-2,348,28471272,14615,66,level,r2,44,0.4843323662931906,60,3371.8,366.5,results/stage6_panel_global/predictions/lightgbm/global/ALL/ELEC_3-9-2_predictions.csv,lag_1,0.2612408982238775,2026-07-27T15:46:27,0.0116938173817674,31.93804296846379,0.0011971715414964,0.0346001667842284,26.48919298215758,0.1935699325015271,0.3094942484166308,0.0128094414249062,31.931617856025696,0.0021935659460723,0.0468355201323988,27.4154394865036,-0.4776140451431274,0.3390208960009434
LightGBM,global,ALL,ELEC_3-9-3,348,28471272,14615,66,level,r2,44,0.4843323662931906,60,3371.9,366.5,results/stage6_panel_global/predictions/lightgbm/global/ALL/ELEC_3-9-3_predictions.csv,lag_1,0.2757291073036684,2026-07-27T15:46:27,0.018846434835008,357697.7546653644,0.0057281318783534,0.0756844229571281,31.443644430879775,0.2026178086688846,0.4987988946781568,0.0207594949752092,273731.1279296875,0.0109197059646248,0.1044973969275066,32.52013921737671,-0.5200735330581665,0.5494308731790796
LightGBM,global,ALL,ELEC_3-9-4,348,28471272,14615,66,level,r2,44,0.4843323662931906,60,3371.9,366.5,results/stage6_panel_global/predictions/lightgbm/global/ALL/ELEC_3-9-4_predictions.csv,lag_1,0.2775290734562977,2026-07-27T15:46:27,0.0184431515621484,22048.696325149285,0.0043166414017803,0.0657011522104471,26.934856063428914,0.078875740203961,0.4881254037762634,0.0221580546349287,13720.17822265625,0.0082699945196509,0.0909395102232848,30.709365010261536,-0.7647265195846558,0.5864458321629245
LightGBM,global,ALL,ELEC_3-9-5,348,28471272,14615,66,level,r2,44,0.4843323662931906,60,3372.0,366.5,results/stage6_panel_global/predictions/lightgbm/global/ALL/ELEC_3-9-5_predictions.csv,lag_1,0.1862475101325951,2026-07-27T15:46:27,0.0092123602840654,32088620.465313356,0.0005880869667474,0.0242505044637734,127.5988465910467,0.5754072667490214,0.243818800069984,0.0084885386750102,14245664.0625,0.0008880898240022,0.0298008359614665,58.20242762565613,0.3588082194328308,0.2246617859343294
LightGBM,global,ALL,ELEC_3-9-6,348,28471272,14615,66,level,r2,44,0.4843323662931906,60,3372.0,366.5,results/stage6_panel_global/predictions/lightgbm/global/ALL/ELEC_3-9-6_predictions.csv,lag_1,0.2713008944461993,2026-07-27T15:46:27,0.0223709762724162,133005.23052932002,0.0117315246815451,0.1083121631283629,30.203670717163995,0.1294723449878116,0.5920811195985399,0.0251775551587343,75302.47192382812,0.02209316752851,0.1486377056083351,31.05382025241852,-0.6394041776657104,0.666361399056068
LightGBM,global,ALL,ELEC_3-10-1,348,28471272,14615,66,level,r2,44,0.4843323662931906,60,3372.1,366.5,results/stage6_panel_global/predictions/lightgbm/global/ALL/ELEC_3-10-1_predictions.csv,lag_1,0.264123339588901,2026-07-27T15:46:27,0.0240929373282614,38.13785941144834,0.0085894636156865,0.0926793591674355,31.029649699601375,0.1828029572173308,0.6376553769503295,0.0268778651952743,39.13551867008209,0.0158619284629821,0.1259441481887196,32.471758127212524,-0.5090955495834351,0.7113626300189096
LightGBM,global,ALL,ELEC_3-10-2,348,28471272,14615,66,level,r2,44,0.4843323662931906,60,3372.1,366.5,results/stage6_panel_global/predictions/lightgbm/global/ALL/ELEC_3-10-2_predictions.csv,lag_1,0.2686559074804757,2026-07-27T15:46:27,0.0255045984968326,1472016.8900553524,0.0087260192819983,0.0934131643934536,40.201606503490154,0.1100229285262954,0.6750170868284999,0.0284077990800142,964815.33203125,0.0163144581019878,0.1277280630949512,42.357075214385986,-0.6639307737350464,0.7518546030270544
LightGBM,global,ALL,ELEC_3-10-3,348,28471272,14615,66,level,r2,44,0.4843323662931906,60,3372.2,366.5,results/stage6_panel_global/predictions/lightgbm/global/ALL/ELEC_3-10-3_predictions.csv,lag_1,0.2660012612805698,2026-07-27T15:46:27,0.018861054451572,43.81624726652436,0.0073899674235133,0.0859649197260914,33.62275118363329,0.1802706510377355,0.4991858245482649,0.0204399581998586,41.66795313358307,0.0137167712673544,0.1171186204979997,33.95949900150299,-0.5215275287628174,0.5409738577409224
LightGBM,global,ALL,ELEC_3-10-4,348,28471272,14615,66,level,r2,44,0.4843323662931906,60,3372.2,366.5,results/stage6_panel_global/predictions/lightgbm/global/ALL/ELEC_3-10-4_predictions.csv,lag_1,0.2734734818468519,2026-07-27T15:46:27,0.0180831370559436,715340.6394869426,0.0062603356893706,0.0791222831405327,33.457941030879034,0.139394413232041,0.4785970850605406,0.019347246736288,540581.54296875,0.0118602728471159,0.108904879813147,34.087374806404114,-0.6304265260696411,0.5120536256119936
LightGBM,global,ALL,ELEC_3-10-5,348,28471272,14615,66,level,r2,44,0.4843323662931906,60,3372.3,366.5,results/stage6_panel_global/predictions/lightgbm/global/ALL/ELEC_3-10-5_predictions.csv,lag_1,0.2828146535229177,2026-07-27T15:46:27,0.018524089608481,26.278679578018544,0.0062061938485192,0.0787793998994612,23.63549124588342,0.0775666443216698,0.4902675494076022,0.0223558004945516,30.75359463691711,0.0120659777894616,0.1098452447284888,26.72969698905945,-0.793379545211792,0.59167947009342
LightGBM,global,ALL,ELEC_3-10-6,348,28471272,14615,66,level,r2,44,0.4843323662931906,60,3372.3,366.5,results/stage6_panel_global/predictions/lightgbm/global/ALL/ELEC_3-10-6_predictions.csv,lag_1,0.2790186103428262,2026-07-27T15:46:27,0.0164390957931513,31.760540811747973,0.0040515268328736,0.0636516051083843,27.13094876020979,0.0667580540116788,0.4350850907833633,0.0196989402174949,36.54977083206177,0.0077941832132637,0.0882846714512986,31.47939145565033,-0.7953377962112427,0.5213617160400916
LightGBM,global,ALL,ELEC_3-11-1,348,28471272,14615,66,level,r2,44,0.4843323662931906,60,3372.4,366.5,results/stage6_panel_global/predictions/lightgbm/global/ALL/ELEC_3-11-1_predictions.csv,lag_1,0.2833928581684117,2026-07-27T15:46:27,0.0154510768577853,669322.0677497212,0.0054071806097595,0.0735335339131714,33.210728694215724,0.059280126479428,0.4089357019362896,0.0173622984439134,465317.87109375,0.0105295209214091,0.102613453900593,34.638285636901855,-0.831884503364563,0.4595190203724597
LightGBM,global,ALL,ELEC_3-11-2,348,28471272,14615,66,level,r2,44,0.4843323662931906,60,3372.4,366.5,results/stage6_panel_global/predictions/lightgbm/global/ALL/ELEC_3-11-2_predictions.csv,lag_1,0.276040248847896,2026-07-27T15:46:27,0.0140691540221242,1567990.1307326765,0.0025040892875149,0.0500408761665392,31.401963063985725,0.1063033733750206,0.3723610612154965,0.0161751639097929,1341129.39453125,0.0047777229920029,0.069121074875923,35.411137342453,-0.7051446437835693,0.4280997414139972
LightGBM,global,ALL,ELEC_3-11-3,348,28471272,14615,66,level,r2,44,0.4843323662931906,60,3372.5,366.5,results/stage6_panel_global/predictions/lightgbm/global/ALL/ELEC_3-11-3_predictions.csv,lag_1,0.2347910292907228,2026-07-27T15:46:27,0.0202640427630196,1540776.045188156,0.0058417112135473,0.0764310880044721,41.370145093916136,0.2542554671879972,0.5363179943789494,0.0214430391788482,1224819.7265625,0.0099765406921505,0.0998826345875527,41.27397835254669,-0.2735910415649414,0.5675218859474721
LightGBM,global,ALL,ELEC_3-11-4,348,28471272,14615,66,level,r2,44,0.4843323662931906,60,3372.5,366.5,results/stage6_panel_global/predictions/lightgbm/global/ALL/ELEC_3-11-4_predictions.csv,lag_1,0.2720126250103348,2026-07-27T15:46:27,0.0234951450159183,9747853.016810205,0.0126884246136778,0.1126429075160875,40.25385837419237,0.1098639169158568,0.6218339153712957,0.0255525149405002,3621888.671875,0.0239419769495725,0.1547319519348624,37.04756200313568,-0.6796109676361084,0.6762852666910328
LightGBM,global,ALL,ELEC_3-11-5,348,28471272,14615,66,level,r2,44,0.4843323662931906,60,3372.6,366.5,results/stage6_panel_global/predictions/lightgbm/global/ALL/ELEC_3-11-5_predictions.csv,lag_1,0.279224879397805,2026-07-27T15:46:27,0.0099770017402013,30.82369986064529,0.0012623334059215,0.0355293316278474,25.850947037385012,0.0103454131851219,0.2640561720973555,0.012162847444415,36.19515597820282,0.0024298222269862,0.0492932269889717,31.43223822116852,-0.9049522876739502,0.3219078257784817
LightGBM,global,ALL,ELEC_3-11-6,348,28471272,14615,66,level,r2,44,0.4843323662931906,60,3372.6,366.5,results/stage6_panel_global/predictions/lightgbm/global/ALL/ELEC_3-11-6_predictions.csv,lag_1,0.224903714296739,2026-07-27T15:46:28,0.0208602871386385,70265.94647805502,0.0031773948623047,0.056368385308653,36.65929431086852,0.1907265378572772,0.5520984875130847,0.022262742742896,54784.112548828125,0.0052888332866132,0.072724365150981,35.06638705730438,-0.347050666809082,0.5892165584566359
LightGBM,global,ALL,ELEC_3-12-1,348,28471272,14615,66,level,r2,44,0.4843323662931906,60,3372.7,366.5,results/stage6_panel_global/predictions/lightgbm/global/ALL/ELEC_3-12-1_predictions.csv,lag_1,0.2426010020337119,2026-07-27T15:46:28,0.0219867724667684,3234457.0730837584,0.0054681908899249,0.073947216918049,37.80996306343603,0.2315560834195039,0.5819125951393522,0.0236489903181791,2182733.59375,0.0095322234556078,0.0976331063502943,39.52412903308869,-0.3395617008209228,0.6259056598360142
LightGBM,global,ALL,ELEC_3-12-2,348,28471272,14615,66,level,r2,44,0.4843323662931906,60,3372.7,366.5,results/stage6_panel_global/predictions/lightgbm/global/ALL/ELEC_3-12-2_predictions.csv,lag_1,0.2860651008556161,2026-07-27T15:46:28,0.0144430098937184,13170316.186952218,0.0051503317472934,0.0717658118277317,64.14492157677142,0.2014790915725858,0.3822557122278845,0.0165898073464632,3085894.3359375,0.0101045733317732,0.1005215068120911,29.168877005577087,-0.5666393041610718,0.4390738959268982
LightGBM,global,ALL,ELEC_3-12-3,348,28471272,14615,66,level,r2,44,0.4843323662931906,60,3372.8,366.5,results/stage6_panel_global/predictions/lightgbm/global/ALL/ELEC_3-12-3_predictions.csv,lag_1,0.2807793009121266,2026-07-27T15:46:28,0.0131261159596713,2727374.931765741,0.0038805830792121,0.0622943262200672,37.012523736658416,0.0901950443774516,0.3474021579900872,0.0146828601136803,2237474.21875,0.0075019234791398,0.0866136448785051,40.76397120952606,-0.7588298320770264,0.3886037046016516
LightGBM,global,ALL,ELEC_3-12-4,348,28471272,14615,66,level,r2,44,0.4843323662931906,60,3372.8,366.5,results/stage6_panel_global/predictions/lightgbm/global/ALL/ELEC_3-12-4_predictions.csv,lag_1,0.2843081154293082,2026-07-27T15:46:28,0.0251529012432261,25.93763620628491,0.028003494341053,0.1673424463220644,23.414967533794787,0.0718732570533016,0.6657088965582422,0.0286637004464864,28.104400634765625,0.0546713806688785,0.2338191195537237,23.758411407470703,-0.8119871616363525,0.7586274128375275
LightGBM,global,ALL,ELEC_3-12-5,348,28471272,14615,66,level,r2,44,0.4843323662931906,60,3372.9,366.5,results/stage6_panel_global/predictions/lightgbm/global/ALL/ELEC_3-12-5_predictions.csv,lag_1,0.2519171864492484,2026-07-27T15:46:28,0.0176538897884598,29.65602041175434,0.0030861437155091,0.0555530711618102,25.36780648432239,0.2159572780248966,0.4672364184708664,0.0199924744665622,31.920886039733887,0.0055146352387964,0.074260590078429,27.409163117408752,-0.4010072946548462,0.5291305359928704
LightGBM,global,ALL,ELEC_3-12-6,348,28471272,14615,66,level,r2,44,0.4843323662931906,60,3372.9,366.5,results/stage6_panel_global/predictions/lightgbm/global/ALL/ELEC_3-12-6_predictions.csv,lag_1,0.2535764079229688,2026-07-27T15:46:28,0.0158961676096374,48567.63901973711,0.0026330745823096,0.0513134931797637,31.683523944734063,0.2170631542092107,0.4207156898755962,0.0169565510004758,41092.01354980469,0.0047259861603379,0.0687458083110375,30.874747037887573,-0.4052580595016479,0.4487803115356451
LightGBM,global,ALL,ELEC_3-13-1,348,28471272,14615,66,level,r2,44,0.4843323662931906,60,3373.0,366.5,results/stage6_panel_global/predictions/lightgbm/global/ALL/ELEC_3-13-1_predictions.csv,lag_1,0.2357700721718616,2026-07-27T15:46:28,0.0146978104794096,107679.793955992,0.0027239396793589,0.0521913755266033,36.84741015126322,0.2657124314560277,0.3889993882397565,0.0158610995858907,102687.20703125,0.0046639018692076,0.06829276586292,40.04756212234497,-0.2572396993637085,0.419787562532863
LightGBM,global,ALL,ELEC_3-13-2,348,28471272,14615,66,level,r2,44,0.4843323662931906,60,3373.0,366.5,results/stage6_panel_global/predictions/lightgbm/global/ALL/ELEC_3-13-2_predictions.csv,lag_1,0.2030760470329248,2026-07-27T15:46:28,0.0243262052306971,37.151432688036394,0.0041035193051119,0.0640587176355567,30.26167835070227,0.3730565709095068,0.6438291585125968,0.0260533690452575,36.876219511032104,0.0064613418653607,0.0803824723765121,30.281847715377808,0.0128241181373596,0.6895411146025913
LightGBM,global,ALL,ELEC_3-13-3,348,28471272,14615,66,level,r2,44,0.4843323662931906,60,3373.1,366.5,results/stage6_panel_global/predictions/lightgbm/global/ALL/ELEC_3-13-3_predictions.csv,lag_1,0.2756528415044113,2026-07-27T15:46:28,0.0185572069810784,16531457.532127775,0.010173622725604,0.1008643778824023,69.44698131393264,0.1645564529790013,0.491144049869936,0.0196619909256696,3024325.0,0.0193901918828487,0.1392486692318771,32.84274935722351,-0.5922954082489014,0.5203837981429962
LightGBM,global,ALL,ELEC_3-13-4,348,28471272,14615,66,level,r2,44,0.4843323662931906,60,3373.1,366.5,results/stage6_panel_global/predictions/lightgbm/global/ALL/ELEC_3-13-4_predictions.csv,lag_1,0.2601515703309234,2026-07-27T15:46:28,0.0088690202160426,12500028.149853423,0.0006721598548834,0.0259260458782939,48.56822904517378,0.1081912095321642,0.2347317951309707,0.0094245634973049,8352192.96875,0.0012279680231586,0.0350423746792167,55.88798522949219,-0.6292444467544556,0.2494350733406379
LightGBM,global,ALL,ELEC_3-13-5,348,28471272,14615,66,level,r2,44,0.4843323662931906,60,3373.2,366.5,results/stage6_panel_global/predictions/lightgbm/global/ALL/ELEC_3-13-5_predictions.csv,lag_1,0.2479113091748782,2026-07-27T15:46:28,0.0135500863639471,1499928.1371444508,0.0010084839802916,0.031756636791255,33.416000543741234,0.2924177744654186,0.3586231645560724,0.0150236049667,1135860.546875,0.0017829160206019,0.0422245902360459,35.62327027320862,-0.2509467601776123,0.3976220233203618
LightGBM,global,ALL,ELEC_3-13-6,348,28471272,14615,66,level,r2,44,0.4843323662931906,60,3373.2,366.5,results/stage6_panel_global/predictions/lightgbm/global/ALL/ELEC_3-13-6_predictions.csv,lag_1,0.2676743986295595,2026-07-27T15:46:28,0.019491355940934,31.46793787521854,0.0054735147675901,0.0739832059834535,26.963227594577127,0.1607011028695381,0.5158676897901594,0.0217817313969135,32.56751298904419,0.0102060539647936,0.1010250165295392,27.810782194137573,-0.5649780035018921,0.5764858786328809
LightGBM,global,ALL,ELEC_3-14-1,348,28471272,14615,66,level,r2,44,0.4843323662931906,60,3373.3,366.5,results/stage6_panel_global/predictions/lightgbm/global/ALL/ELEC_3-14-1_predictions.csv,lag_1,0.2900933725030324,2026-07-27T15:46:28,0.0191551067593021,22.53091707706409,0.0233114316345089,0.1526808161967603,20.458217404807577,0.0418379851870691,0.5069683556931422,0.0224632211029529,25.60385465621948,0.0462558306753635,0.2150716872937103,20.828844606876373,-0.9012380838394164,0.5945225160703013
LightGBM,global,ALL,ELEC_3-14-2,348,28471272,14615,66,level,r2,44,0.4843323662931906,60,3373.4,366.5,results/stage6_panel_global/predictions/lightgbm/global/ALL/ELEC_3-14-2_predictions.csv,lag_1,0.237625526458597,2026-07-27T15:46:28,0.0295439270480673,37.11592789934059,0.0080737534631416,0.0898540675937472,31.161844108741164,0.2442326013294931,0.7819239174432316,0.0324563793838024,38.07884752750397,0.0138911688700318,0.117860802941571,31.564602255821228,-0.3003236055374145,0.8590062950167844
LightGBM,global,ALL,ELEC_3-14-3,348,28471272,14615,66,level,r2,44,0.4843323662931906,60,3373.4,366.5,results/stage6_panel_global/predictions/lightgbm/global/ALL/ELEC_3-14-3_predictions.csv,lag_1,0.2737770062134776,2026-07-27T15:46:28,0.0146811626473834,24168.51511103692,0.0040853566897072,0.0639167950519054,32.2745379243385,0.0510549611102099,0.3885587786344822,0.0168936029076576,20571.30126953125,0.0077462228946387,0.0880126291769469,34.92738902568817,-0.7992897033691406,0.4471142967485129
LightGBM,global,ALL,ELEC_3-14-4,348,28471272,14615,66,level,r2,44,0.4843323662931906,60,3373.5,366.5,results/stage6_panel_global/predictions/lightgbm/global/ALL/ELEC_3-14-4_predictions.csv,lag_1,0.2601368977643443,2026-07-27T15:46:28,0.0236550504942722,239276.48534075735,0.0064496686687779,0.0803098292164658,31.45138969045008,0.2409319257824925,0.6260660513988345,0.0249367095530033,171095.37353515625,0.0117824245244264,0.1085468770827906,31.022778153419495,-0.3866852521896362,0.6599870623192563
LightGBM,global,ALL,ELEC_3-14-5,348,28471272,14615,66,level,r2,44,0.4843323662931906,60,3373.5,366.5,results/stage6_panel_global/predictions/lightgbm/global/ALL/ELEC_3-14-5_predictions.csv,lag_1,0.2518746609720066,2026-07-27T15:46:28,0.030712823937933,49.777238906832736,0.0071924163556384,0.0848081149161947,38.73288598222832,0.1660240265653274,0.8128605100540885,0.0343824848532676,51.53403282165527,0.0128506794571876,0.1133608374051094,39.2467200756073,-0.4900637865066528,0.9099835375357888
LightGBM,global,ALL,ELEC_3-14-6,348,28471272,14615,66,level,r2,44,0.4843323662931906,60,3373.6,366.5,results/stage6_panel_global/predictions/lightgbm/global/ALL/ELEC_3-14-6_predictions.csv,lag_1,-0.0319466195354016,2026-07-27T15:46:28,0.0045382287319707,39826801.29683727,2.5650710477025956e-05,0.005064653046066,189.16649342877068,-0.8947747296601867,0.1201109650244726,0.0018118370790034,8815153.125,2.408712316537276e-05,0.0049078634012544,34.501656889915466,-0.7792750597000122,0.0479529598173698
LightGBM,global,ALL,ELEC_3-15-1,348,28471272,14615,66,level,r2,44,0.4843323662931906,60,3373.6,366.5,results/stage6_panel_global/predictions/lightgbm/global/ALL/ELEC_3-15-1_predictions.csv,lag_1,0.2747874551691441,2026-07-27T15:46:29,0.0212302586976776,743301.6461574609,0.0100627352917605,0.1003131860313516,35.115767256581115,0.1306775478918777,0.5618903344234768,0.0241046845912933,615852.978515625,0.0191331040114164,0.1383224638712614,37.33992874622345,-0.65291428565979,0.6379662857172718
LightGBM,global,ALL,ELEC_3-15-2,348,28471272,14615,66,level,r2,44,0.4843323662931906,60,3373.7,366.5,results/stage6_panel_global/predictions/lightgbm/global/ALL/ELEC_3-15-2_predictions.csv,lag_1,0.26605465371037,2026-07-27T15:46:29,0.0247567290170368,29.35584744832444,0.0083389520639883,0.0913178627870162,25.75850189493934,0.2200154571250243,0.6552236100700867,0.0268819686025381,29.101434350013733,0.0154804661870002,0.1244205215669837,25.417032837867737,-0.4479666948318481,0.7114712327878414
LightGBM,global,ALL,ELEC_3-15-3,348,28471272,14615,66,level,r2,44,0.4843323662931906,60,3373.7,366.5,results/stage6_panel_global/predictions/lightgbm/global/ALL/ELEC_3-15-3_predictions.csv,lag_1,0.2667001000830611,2026-07-27T15:46:29,0.013654949231106,31.504623777805392,0.0019105833020862,0.0437102196526877,25.95820064536999,0.2583693916519671,0.3613985161113957,0.0149907628074288,31.24886155128479,0.0035530615132302,0.0596075625506546,27.045607566833496,-0.3791912794113159,0.3967528067875399
LightGBM,global,ALL,ELEC_3-15-4,348,28471272,14615,66,level,r2,44,0.4843323662931906,60,3373.8,366.5,results/stage6_panel_global/predictions/lightgbm/global/ALL/ELEC_3-15-4_predictions.csv,lag_1,0.2755094036750625,2026-07-27T15:46:29,0.0255002855370045,35.00499618591687,0.0144731264688897,0.1203043077736194,29.22224314738992,0.1361077734389196,0.6749029379396582,0.0283434819430112,36.052900552749634,0.0275738146156072,0.1660536498111597,29.308772087097168,-0.6458644866943359,0.7501523544518311
LightGBM,global,ALL,ELEC_3-15-5,348,28471272,14615,66,level,r2,44,0.4843323662931906,60,3373.8,366.5,results/stage6_panel_global/predictions/lightgbm/global/ALL/ELEC_3-15-5_predictions.csv,lag_1,0.2725554792361436,2026-07-27T15:46:29,0.0196457128564302,27.665870192678316,0.0068842261440349,0.0829712368476867,24.88160006276864,0.1022907443380299,0.5199529748591653,0.0226144362241029,30.680176615715027,0.0130093432962894,0.1140585082152552,26.124307513237,-0.6964297294616699,0.5985246488847339
LightGBM,global,ALL,ELEC_3-15-6,348,28471272,14615,66,level,r2,44,0.4843323662931906,60,3373.9,366.5,results/stage6_panel_global/predictions/lightgbm/global/ALL/ELEC_3-15-6_predictions.csv,lag_1,0.2588948125584931,2026-07-27T15:46:29,0.0300774773294138,34.88496564943293,0.01476559824196,0.1215137779922922,29.85790735155409,0.1352588726692933,0.7960451182390711,0.0335730388760566,37.531110644340515,0.0268838424235582,0.1639629300285837,30.20837903022766,-0.5744409561157227,0.8885603473001193
LightGBM,global,ALL,ELEC_3-16-1,348,28471272,14615,66,level,r2,44,0.4843323662931906,60,3373.9,366.5,results/stage6_panel_global/predictions/lightgbm/global/ALL/ELEC_3-16-1_predictions.csv,lag_1,0.2770263265208863,2026-07-27T15:46:29,0.0174131611841304,26.729888395962405,0.0051532568100361,0.0717861881564704,23.834058344668996,0.1181474016374651,0.4608651783499564,0.0205679107457399,30.42011857032776,0.0098590897396206,0.0992929490931792,26.76895558834076,-0.687139630317688,0.5443603119438298
LightGBM,global,ALL,ELEC_3-16-2,348,28471272,14615,66,level,r2,44,0.4843323662931906,60,3374.0,366.5,results/stage6_panel_global/predictions/lightgbm/global/ALL/ELEC_3-16-2_predictions.csv,lag_1,0.256492722084932,2026-07-27T15:46:29,0.0228063152475187,40.07496354136349,0.0072902314252193,0.0853828520560148,32.730334270425665,0.1986162786059795,0.6036030122797006,0.0253342445939779,44.611987471580505,0.0131877548992633,0.1148379506054657,34.29538607597351,-0.449673056602478,0.6705084177251944
LightGBM,global,ALL,ELEC_3-16-3,348,28471272,14615,66,level,r2,44,0.4843323662931906,60,3374.0,366.5,results/stage6_panel_global/predictions/lightgbm/global/ALL/ELEC_3-16-3_predictions.csv,lag_1,0.2662179872739131,2026-07-27T15:46:29,0.0215157416812411,43.61401215599,0.0112809786390688,0.1062119514888452,32.48968374910573,0.2012159714679343,0.5694460656743748,0.0232021901756525,41.104698181152344,0.0209513809531927,0.1447459186063383,33.442625403404236,-0.4835264682769775,0.6140804303331724
LightGBM,global,ALL,ELEC_3-16-4,348,28471272,14615,66,level,r2,44,0.4843323662931906,60,3374.1,366.5,results/stage6_panel_global/predictions/lightgbm/global/ALL/ELEC_3-16-4_predictions.csv,lag_1,0.2317435774766039,2026-07-27T15:46:29,0.0207677849863475,544041.3616342335,0.0030882921842291,0.0555724048807424,37.28419290322137,0.2578216331948223,0.5496502806388384,0.022855969145894,499535.546875,0.005232460796833,0.0723357504753565,38.57322335243225,-0.2574648857116699,0.6049171764620974
LightGBM,global,ALL,ELEC_3-16-5,348,28471272,14615,66,level,r2,44,0.4843323662931906,60,3374.1,366.5,results/stage6_panel_global/predictions/lightgbm/global/ALL/ELEC_3-16-5_predictions.csv,lag_1,0.2139530524293721,2026-07-27T15:46:29,0.0344877035963926,50.49018999189858,0.0068954265753041,0.0830387052843679,37.50211317001237,0.3639976138411387,0.9127683078772156,0.0367122814059257,46.27521634101868,0.0111599992960691,0.1056408978382385,36.07019484043121,-0.0293469429016113,0.9716450642629648
LightGBM,global,ALL,ELEC_3-16-6,348,28471272,14615,66,level,r2,44,0.4843323662931906,60,3374.2,366.5,results/stage6_panel_global/predictions/lightgbm/global/ALL/ELEC_3-16-6_predictions.csv,lag_1,0.2741749713359086,2026-07-27T15:46:29,0.0180613529285401,578146.9608660043,0.0039486423170625,0.0628382233760829,37.86847258279219,0.1010881737098989,0.4780205357680344,0.0213581938296556,479013.0859375,0.0074952119030058,0.0865748918740638,43.483299016952515,-0.7062913179397583,0.5652763277415642
LightGBM,global,ALL,ELEC_3-17-1,348,28471272,14615,66,level,r2,44,0.4843323662931906,60,3374.2,366.5,results/stage6_panel_global/predictions/lightgbm/global/ALL/ELEC_3-17-1_predictions.csv,lag_1,0.2575379593676907,2026-07-27T15:46:29,0.0225847643148823,23884.74399268695,0.0072770980412904,0.0853059085954215,28.493097380586217,0.1896982908469201,0.5977393377289729,0.0244851186871528,20561.49444580078,0.0132010877132415,0.1148959864975342,29.485607147216797,-0.4699355363845825,0.6480350392069306
LightGBM,global,ALL,ELEC_3-17-2,348,28471272,14615,66,level,r2,44,0.4843323662931906,60,3374.3,366.5,results/stage6_panel_global/predictions/lightgbm/global/ALL/ELEC_3-17-2_predictions.csv,lag_1,0.2797153433587109,2026-07-27T15:46:29,0.0124347441471672,113759.0194076711,0.0032953288013972,0.0574049545021793,22.880804144626737,0.033357078810869,0.3291039759250074,0.0144762238487601,75293.23120117188,0.006351706571877,0.0796975945175072,25.113457441329956,-0.8631927967071533,0.3831347688880822
LightGBM,global,ALL,ELEC_3-17-3,348,28471272,14615,66,level,r2,44,0.4843323662931906,60,3374.3,366.5,results/stage6_panel_global/predictions/lightgbm/global/ALL/ELEC_3-17-3_predictions.csv,lag_1,0.281083294383645,2026-07-27T15:46:29,0.0089973966814913,28.648250049749848,0.0013207513093608,0.036342142333122,24.20629094256934,0.0384334152455296,0.2381294689949714,0.0103838518261909,30.66920042037964,0.002555429469794,0.0505512558676244,27.053308486938477,-0.8604679107666016,0.2748240640073071
LightGBM,global,ALL,ELEC_3-17-4,348,28471272,14615,66,level,r2,44,0.4843323662931906,60,3374.4,366.5,results/stage6_panel_global/predictions/lightgbm/global/ALL/ELEC_3-17-4_predictions.csv,lag_1,0.2792509364254529,2026-07-27T15:46:29,0.0131296843791677,90398.6289980223,0.003967161240365,0.0629854049789714,29.84290880443397,0.0925622646423609,0.3474966015130203,0.0143571672961115,75302.92358398438,0.0076368045993149,0.0873888127812417,31.256288290023804,-0.7468216419219971,0.3799837603612612
LightGBM,global,ALL,ELEC_3-17-5,348,28471272,14615,66,level,r2,44,0.4843323662931906,60,3374.4,366.5,results/stage6_panel_global/predictions/lightgbm/global/ALL/ELEC_3-17-5_predictions.csv,lag_1,0.26316425617777,2026-07-27T15:46:29,0.0120756770850875,18381577.7616219,0.0025663813372134,0.050659464438676,55.66239037851588,0.1218756488415387,0.3196007327255023,0.0138823119923472,14414467.1875,0.0047269370406866,0.0687527238783061,71.32754921913147,-0.6173893213272095,0.3674160093397395
LightGBM,global,ALL,ELEC_3-17-6,348,28471272,14615,66,level,r2,44,0.4843323662931906,60,3374.5,366.5,results/stage6_panel_global/predictions/lightgbm/global/ALL/ELEC_3-17-6_predictions.csv,lag_1,0.1811403639957125,2026-07-27T15:46:29,0.018773186736205,9019936.531983124,0.0017211176665582,0.0414863551852685,46.06573781206681,0.3149300566132487,0.4968602749317655,0.0218077320605516,8140098.4375,0.002566797658801,0.0506635732928608,55.97103834152222,-0.0216825008392334,0.5771740248205885
LightGBM,global,ALL,ELEC_3-18-1,348,28471272,14615,66,level,r2,44,0.4843323662931906,60,3374.5,366.5,results/stage6_panel_global/predictions/lightgbm/global/ALL/ELEC_3-18-1_predictions.csv,lag_1,0.2460419178021363,2026-07-27T15:46:29,0.0122279768632461,402495.8566617704,0.0013544260474938,0.0368025277323964,35.57534911293921,0.0754860984197554,0.3236315725989465,0.0138953132554888,369529.931640625,0.0023826535325497,0.0488124321515506,39.34248685836792,-0.6263689994812012,0.3677601070824288
LightGBM,global,ALL,ELEC_3-18-2,348,28471272,14615,66,level,r2,44,0.4843323662931906,60,3374.6,366.5,results/stage6_panel_global/predictions/lightgbm/global/ALL/ELEC_3-18-2_predictions.csv,lag_1,0.0181462446990144,2026-07-27T15:46:30,0.0221478929820406,34.2474039378902,0.0064811477535903,0.0805055759161462,29.055637999188427,0.1843490393564751,0.5861768889238953,0.0245193280279636,36.19062304496765,0.0067229256965219,0.0819934491073646,30.318334698677063,0.1539213061332702,0.6489404402301728
LightGBM,global,ALL,ELEC_3-18-3,348,28471272,14615,66,level,r2,44,0.4843323662931906,60,3374.6,366.5,results/stage6_panel_global/predictions/lightgbm/global/ALL/ELEC_3-18-3_predictions.csv,lag_1,0.2746152230831775,2026-07-27T15:46:30,0.022688681058825,12329303.46898936,0.0120134192723413,0.109605744705017,64.26063877767535,0.2036143613807642,0.6004896487278951,0.0245439633727073,2317283.7890625,0.0228312537074089,0.1511001446306684,30.06531298160553,-0.513514518737793,0.6495924512251309
LightGBM,global,ALL,ELEC_3-18-4,348,28471272,14615,66,level,r2,44,0.4843323662931906,60,3374.7,366.5,results/stage6_panel_global/predictions/lightgbm/global/ALL/ELEC_3-18-4_predictions.csv,lag_1,0.2581586265426083,2026-07-27T15:46:30,0.0149210475002103,43.75432493908279,0.0026269469934798,0.0512537510186315,33.14893362822586,0.2353329011982935,0.3949076876184674,0.0160054732114076,42.10231006145477,0.004773415159434,0.0690899063498719,34.37437117099762,-0.3894736766815185,0.4236086250021814
LightGBM,global,ALL,ELEC_3-18-5,348,28471272,14615,66,level,r2,44,0.4843323662931906,60,3374.7,366.5,results/stage6_panel_global/predictions/lightgbm/global/ALL/ELEC_3-18-5_predictions.csv,lag_1,0.2633314314662021,2026-07-27T15:46:30,0.0309080766170452,27.941660450741328,0.0124646493244251,0.1116451939154802,25.38528990169956,0.2055018524446262,0.8180281622586973,0.0354779325425624,31.563162803649902,0.0229686666280031,0.1515541706057709,26.677510142326355,-0.464025616645813,0.9389761879432292
LightGBM,global,ALL,ELEC_3-18-6,348,28471272,14615,66,level,r2,44,0.4843323662931906,60,3374.8,366.5,results/stage6_panel_global/predictions/lightgbm/global/ALL/ELEC_3-18-6_predictions.csv,lag_1,0.2776908041281017,2026-07-27T15:46:30,0.0189836979414179,38.881860848725736,0.0086276541676781,0.0928851665643018,31.372411528704436,0.064191000618227,0.5024317666964835,0.0219254195690155,43.0964320898056,0.016536608338356,0.12859474459851,32.949841022491455,-0.7936632633209229,0.5802887995593182
LightGBM,global,ALL,ELEC_3-19-1,348,28471272,14615,66,level,r2,44,0.4843323662931906,60,3374.8,366.5,results/stage6_panel_global/predictions/lightgbm/global/ALL/ELEC_3-19-1_predictions.csv,lag_1,0.2742470105859017,2026-07-27T15:46:30,0.0298809935753114,43.36566113835711,0.0240533308990264,0.1550913630703735,33.09304776998039,0.1496417909583042,0.790844883806061,0.0335484072566032,42.76455640792847,0.0456664822995662,0.2136971742900833,34.19070541858673,-0.6144486665725708,0.887908434900503
LightGBM,global,ALL,ELEC_3-19-2,348,28471272,14615,66,level,r2,44,0.4843323662931906,60,3374.9,366.5,results/stage6_panel_global/predictions/lightgbm/global/ALL/ELEC_3-19-2_predictions.csv,lag_1,0.2693933584032886,2026-07-27T15:46:30,0.0268250421614617,15868.935574189576,0.0161728123606589,0.1271723726312399,31.14867788332915,0.1784111717480402,0.7099645899593466,0.0278193652629852,13724.76806640625,0.0302983038127422,0.1740640796165085,30.26997745037079,-0.5391724109649658,0.7362808279287475
LightGBM,global,ALL,ELEC_3-19-3,348,28471272,14615,66,level,r2,44,0.4843323662931906,60,3374.9,366.5,results/stage6_panel_global/predictions/lightgbm/global/ALL/ELEC_3-19-3_predictions.csv,lag_1,0.2689270036057889,2026-07-27T15:46:30,0.0326756338831702,580229.960045435,0.0150025683042351,0.1224849717485174,34.825624947842684,0.1251055852196203,0.864809191049658,0.0377926751971244,417427.83203125,0.0280701108276844,0.1675413704960192,38.86385262012482,-0.6369452476501465,1.0002392908944144
LightGBM,global,ALL,ELEC_3-19-4,348,28471272,14615,66,level,r2,44,0.4843323662931906,60,3375.0,366.5,results/stage6_panel_global/predictions/lightgbm/global/ALL/ELEC_3-19-4_predictions.csv,lag_1,0.2752853336682379,2026-07-27T15:46:30,0.005032078086143,16391122.040982164,0.0005806367550082,0.0240964054374967,51.99679174508738,0.0564177058751192,0.1331814218060959,0.0060567907057702,16687223.4375,0.0011055297218263,0.033249507091479,73.94205331802368,-0.7965759038925171,0.1603019635163713
LightGBM,global,ALL,ELEC_3-19-5,348,28471272,14615,66,level,r2,44,0.4843323662931906,60,3375.1,366.5,results/stage6_panel_global/predictions/lightgbm/global/ALL/ELEC_3-19-5_predictions.csv,lag_1,0.2770856989169616,2026-07-27T15:46:30,0.0191448456018282,29.016866215141164,0.0096211620897197,0.0980875225995629,24.80923517718928,0.1453427330965722,0.5066967789174333,0.0206903871148824,28.56589257717133,0.0184100046753883,0.1356834723737137,24.89522397518158,-0.6353789567947388,0.5476018309943724
LightGBM,global,ALL,ELEC_3-19-6,348,28471272,14615,66,level,r2,44,0.4843323662931906,60,3375.1,366.5,results/stage6_panel_global/predictions/lightgbm/global/ALL/ELEC_3-19-6_predictions.csv,lag_1,0.2358788221077837,2026-07-27T15:46:30,0.0333118340147925,42795.44517775655,0.0100547469294156,0.1002733610158534,34.301380209173104,0.3553044728047874,0.8816471726215265,0.035963051021099,41098.15979003906,0.0172205362468957,0.131227040837229,35.52420437335968,-0.104155421257019,0.9518155691312578
LightGBM,global,ALL,ELEC_3-20-1,348,28471272,14615,66,level,r2,44,0.4843323662931906,60,3375.2,366.5,results/stage6_panel_global/predictions/lightgbm/global/ALL/ELEC_3-20-1_predictions.csv,lag_1,0.2000562476365286,2026-07-27T15:46:30,0.018539255002189,788903.2919894819,0.002463811145507,0.0496367922564204,36.96065100096608,0.3547837036580213,0.4906689240805906,0.0196674652397632,684277.197265625,0.0038502463139593,0.0620503530526568,39.99927639961243,-0.0082923173904418,0.5205286839976901
LightGBM,global,ALL,ELEC_3-20-2,348,28471272,14615,66,level,r2,44,0.4843323662931906,60,3375.2,366.5,results/stage6_panel_global/predictions/lightgbm/global/ALL/ELEC_3-20-2_predictions.csv,lag_1,0.2611117640403624,2026-07-27T15:46:30,0.0252803639544272,459873.08036244975,0.0081155462866688,0.0900863268574583,36.42156488718983,0.1830072368033476,0.6690823865586799,0.0274950396269559,355844.1650390625,0.0148648405447602,0.1219214523566719,36.71363890171051,-0.4964447021484375,0.7276970681787774
LightGBM,global,ALL,ELEC_3-20-3,348,28471272,14615,66,level,r2,44,0.4843323662931906,60,3375.3,366.5,results/stage6_panel_global/predictions/lightgbm/global/ALL/ELEC_3-20-3_predictions.csv,lag_1,0.2661402532488524,2026-07-27T15:46:30,0.0312413085591179,54.588947035133394,0.0149854059577585,0.1224148927122781,39.707623889947726,0.1870625108304695,0.826847640628609,0.0331399254500865,55.590999126434326,0.0278254617005586,0.1668096570962204,36.742809414863586,-0.5094927549362183,0.8770973570828478
LightGBM,global,ALL,ELEC_3-20-4,348,28471272,14615,66,level,r2,44,0.4843323662931906,60,3375.3,366.5,results/stage6_panel_global/predictions/lightgbm/global/ALL/ELEC_3-20-4_predictions.csv,lag_1,0.2664104291455414,2026-07-27T15:46:30,0.0250448494990433,79948.27059510737,0.0084409569183354,0.0918746805073925,27.02628791307271,0.1408418915826933,0.6628491466353377,0.0280143674463033,82140.27099609375,0.0156850311905145,0.12523989456445,28.126665949821472,-0.5964921712875366,0.7414418503900481
LightGBM,global,ALL,ELEC_3-20-5,348,28471272,14615,66,level,r2,44,0.4843323662931906,60,3375.4,366.5,results/stage6_panel_global/predictions/lightgbm/global/ALL/ELEC_3-20-5_predictions.csv,lag_1,0.2822140088015901,2026-07-27T15:46:30,0.0189625448060374,229420.62966570063,0.0065488640278563,0.080925051917539,36.757775028437415,0.062498078921705,0.501871917545217,0.0232596658170223,191638.5498046875,0.0127108916640281,0.1127425902843648,43.90804171562195,-0.8196266889572144,0.6156016085632815
LightGBM,global,ALL,ELEC_3-20-6,348,28471272,14615,66,level,r2,44,0.4843323662931906,60,3375.4,366.5,results/stage6_panel_global/predictions/lightgbm/global/ALL/ELEC_3-20-6_predictions.csv,lag_1,0.2855648650977186,2026-07-27T15:46:30,0.0183495027242963,29.49925147167204,0.0104371082380265,0.1021621663730101,25.171775279711273,0.1568470089754146,0.4856468481652184,0.0201847422868013,30.233347415924072,0.020448176190257,0.1429971195173422,25.838828086853027,-0.6518887281417847,0.5342191894733304
LightGBM,global,ALL,ELEC_3-21-1,348,28471272,14615,66,level,r2,44,0.4843323662931906,60,3375.5,366.5,results/stage6_panel_global/predictions/lightgbm/global/ALL/ELEC_3-21-1_predictions.csv,lag_1,0.2653217003508811,2026-07-27T15:46:30,0.0167880479284474,35.74134728612053,0.00460385116536,0.0678516850591052,27.91476598115826,0.2662686815849442,0.4443206274196067,0.0174656175076961,32.3158860206604,0.0085295643657445,0.0923556406817937,26.530596613883972,-0.35938560962677,0.4622535128780798
LightGBM,global,ALL,ELEC_3-21-2,348,28471272,14615,66,level,r2,44,0.4843323662931906,60,3375.5,366.5,results/stage6_panel_global/predictions/lightgbm/global/ALL/ELEC_3-21-2_predictions.csv,lag_1,0.2563164808012604,2026-07-27T15:46:30,0.0192142584769763,174078.2277523027,0.0039502765350058,0.0628512254057617,38.94156242108324,0.1172339254170677,0.5085338937724925,0.0218289420008659,212164.74609375,0.007142515387386,0.0845134035960337,42.363545298576355,-0.596133828163147,0.5777353773988123
LightGBM,global,ALL,ELEC_3-21-3,348,28471272,14615,66,level,r2,44,0.4843323662931906,60,3375.6,366.5,results/stage6_panel_global/predictions/lightgbm/global/ALL/ELEC_3-21-3_predictions.csv,lag_1,0.2820736527184544,2026-07-27T15:46:30,0.0172728509528102,33.53939145391708,0.0047846724759244,0.0691713269781952,28.70813764690449,0.0639956854544471,0.4571516596443114,0.0202846378087997,37.67991065979004,0.0092830872163176,0.0963487790079233,32.03636109828949,-0.8160092830657959,0.5368630728598871
LightGBM,global,ALL,ELEC_3-21-4,348,28471272,14615,66,level,r2,44,0.4843323662931906,60,3375.6,366.5,results/stage6_panel_global/predictions/lightgbm/global/ALL/ELEC_3-21-4_predictions.csv,lag_1,0.2765807673038114,2026-07-27T15:46:31,0.0136634643309905,421643.98445002246,0.002767785602466,0.0526097481695745,29.178850358751184,0.1125907821467702,0.3616238808791962,0.0159883685410022,376365.2587890625,0.0052887415513396,0.072723734443025,33.36571156978607,-0.6956800222396851,0.4231559244905603
LightGBM,global,ALL,ELEC_3-21-5,348,28471272,14615,66,level,r2,44,0.4843323662931906,60,3375.7,366.5,results/stage6_panel_global/predictions/lightgbm/global/ALL/ELEC_3-21-5_predictions.csv,lag_1,0.2565885098319302,2026-07-27T15:46:31,0.0214863222841994,34.24504611713342,0.0049987065087908,0.0707015311629875,28.40004028038201,0.1776007098519738,0.5686674376285427,0.0236270949244499,33.512043952941895,0.0090448027476668,0.0951041678774744,28.563192486763,-0.4880728721618652,0.6253261657149094
LightGBM,global,ALL,ELEC_3-21-6,348,28471272,14615,66,level,r2,44,0.4843323662931906,60,3375.7,366.5,results/stage6_panel_global/predictions/lightgbm/global/ALL/ELEC_3-21-6_predictions.csv,lag_1,0.2868871183094519,2026-07-27T15:46:31,0.0208358441931088,26.572753009005908,0.0235200708265671,0.1533625470138232,24.0370029328098,0.0458955037144955,0.5514515686491388,0.0244563799351453,29.73567545413971,0.0462510995566844,0.2150606880782364,25.665229558944706,-0.8762010335922241,0.6472744254430406
LightGBM,global,ALL,ELEC_3-22-1,348,28471272,14615,66,level,r2,44,0.4843323662931906,60,3375.8,366.5,results/stage6_panel_global/predictions/lightgbm/global/ALL/ELEC_3-22-1_predictions.csv,lag_1,0.2877099309116609,2026-07-27T15:46:31,0.0189630293620137,26.08712371079705,0.0179486543178094,0.1339725879342841,23.43244574123433,0.0329207336479689,0.5018847420389477,0.0222319532185792,28.73467803001404,0.0353767648339271,0.1880871203297215,24.220696091651917,-0.9061115980148317,0.5884016679571153
LightGBM,global,ALL,ELEC_3-22-2,348,28471272,14615,66,level,r2,44,0.4843323662931906,60,3375.8,366.5,results/stage6_panel_global/predictions/lightgbm/global/ALL/ELEC_3-22-2_predictions.csv,lag_1,0.2608389438295394,2026-07-27T15:46:31,0.0212225791961712,1873282.8282175283,0.0051320357156479,0.0716382280325802,36.745403963975846,0.1629949970897855,0.5616870850080513,0.0240335278213024,1525877.34375,0.0093931555747985,0.0969182932928484,40.60896933078766,-0.5319688320159912,0.6360830160946049
LightGBM,global,ALL,ELEC_3-22-3,348,28471272,14615,66,level,r2,44,0.4843323662931906,60,3375.9,366.5,results/stage6_panel_global/predictions/lightgbm/global/ALL/ELEC_3-22-3_predictions.csv,lag_1,0.2387998775681981,2026-07-27T15:46:31,0.0081631363917259,29362174.73047329,0.0006634169047766,0.0257568807268406,86.27847494761552,0.1988102268830033,0.2160495311153746,0.007269243709743,11668406.25,0.0011449560988694,0.0338371999265518,50.17058253288269,-0.3827310800552368,0.1923913333905843
LightGBM,global,ALL,ELEC_3-22-4,348,28471272,14615,66,level,r2,44,0.4843323662931906,60,3375.9,366.5,results/stage6_panel_global/predictions/lightgbm/global/ALL/ELEC_3-22-4_predictions.csv,lag_1,0.2708101860889814,2026-07-27T15:46:31,0.0117973610794798,121729.6108250062,0.0016219327117769,0.0402732257433764,24.47678498584864,0.1110880046116782,0.3122346861928994,0.0132576124742627,54768.084716796875,0.0030503638554364,0.0552300991800344,26.2676864862442,-0.67177414894104,0.3508824085895473
LightGBM,global,ALL,ELEC_3-22-5,348,28471272,14615,66,level,r2,44,0.4843323662931906,60,3376.0,366.5,results/stage6_panel_global/predictions/lightgbm/global/ALL/ELEC_3-22-5_predictions.csv,lag_1,0.2743116338929199,2026-07-27T15:46:31,0.0181904946818654,40.517001421512425,0.0054080337558079,0.0735393347522802,31.528893204353775,0.2191958513263433,0.4814384641125403,0.0195189882069826,39.92184102535248,0.0102692581713199,0.1013373483535066,31.607356667518616,-0.4826604127883911,0.5165990187594399
LightGBM,global,ALL,ELEC_3-22-6,348,28471272,14615,66,level,r2,44,0.4843323662931906,60,3376.0,366.5,results/stage6_panel_global/predictions/lightgbm/global/ALL/ELEC_3-22-6_predictions.csv,lag_1,0.2756384900569104,2026-07-27T15:46:31,0.0180197549161854,35.13226136275334,0.0041644752908621,0.0645327458803833,28.92150849539432,0.1588872560138473,0.4769195825763572,0.0209449212998151,36.99193298816681,0.0079368753358721,0.089089142637429,31.995734572410583,-0.603036642074585,0.5543384563144252
LightGBM,global,ALL,ELEC_3-23-1,348,28471272,14615,66,level,r2,44,0.4843323662931906,60,3376.1,366.5,results/stage6_panel_global/predictions/lightgbm/global/ALL/ELEC_3-23-1_predictions.csv,lag_1,0.2568265808637133,2026-07-27T15:46:31,0.0229238160199182,48.13718984228833,0.005626816769714,0.0750121108202808,36.82931724444227,0.1545851828785482,0.6067128447710864,0.0252637695521116,47.64947593212128,0.0101878475397825,0.1009348678098035,36.98022961616516,-0.5306979417800903,0.668643191050067
LightGBM,global,ALL,ELEC_3-23-2,348,28471272,14615,66,level,r2,44,0.4843323662931906,60,3376.1,366.5,results/stage6_panel_global/predictions/lightgbm/global/ALL/ELEC_3-23-2_predictions.csv,lag_1,0.2517463880906245,2026-07-27T15:46:31,0.0176106658738935,38.91991076197815,0.0029800692565473,0.0545900105930319,31.342389775628256,0.2139087570868334,0.4660924333618494,0.0200184751302003,41.27662181854248,0.0053226598538458,0.0729565614173655,34.217098355293274,-0.4040265083312988,0.5298186821805779
LightGBM,global,ALL,ELEC_3-23-3,348,28471272,14615,66,level,r2,44,0.4843323662931906,60,3376.2,366.5,results/stage6_panel_global/predictions/lightgbm/global/ALL/ELEC_3-23-3_predictions.csv,lag_1,0.2723437493589934,2026-07-27T15:46:31,0.0264363878896946,29.984066581810183,0.013005837097264,0.1140431370020311,26.06160458813304,0.1157252827790515,0.6996782773030531,0.0297892577946186,31.90791606903076,0.0245632473379373,0.15672666441272,27.350085973739624,-0.6700699329376221,0.7884169600946199
LightGBM,global,ALL,ELEC_3-23-4,348,28471272,14615,66,level,r2,44,0.4843323662931906,60,3376.2,366.5,results/stage6_panel_global/predictions/lightgbm/global/ALL/ELEC_3-23-4_predictions.csv,lag_1,0.2674318113451344,2026-07-27T15:46:31,0.015502842901824,273488.54009175446,0.0024376564899391,0.0493726289551113,33.60985378374078,0.1072542575874069,0.410305767191307,0.0173417720943689,266892.1875,0.0045423060655593,0.0673966324496957,35.12581288814545,-0.6635338068008423,0.458975760039446
LightGBM,global,ALL,ELEC_3-24-1,348,28471272,14615,66,level,r2,44,0.4843323662931906,60,3376.3,366.5,results/stage6_panel_global/predictions/lightgbm/global/ALL/ELEC_3-24-1_predictions.csv,lag_1,0.263449298589415,2026-07-27T15:46:31,0.0160356289687104,34.622716388736386,0.0029095693324105,0.0539404239176012,28.649651513467195,0.2017699197353417,0.4244067419162018,0.0179651044309139,34.832096099853516,0.0053631928749382,0.0732338232986524,29.778414964675903,-0.4713730812072754,0.4754731762992179
LightGBM,global,ALL,ELEC_3-24-2,348,28471272,14615,66,level,r2,44,0.4843323662931906,60,3376.3,366.5,results/stage6_panel_global/predictions/lightgbm/global/ALL/ELEC_3-24-2_predictions.csv,lag_1,0.22944256508695615,2026-07-27T15:46:31,0.025511214938871662,35.02201022567615,0.005301473039547815,0.07281121506710223,29.661814230942817,0.2882902208571432,0.6751922007959233,0.02816421538591385,35.614603757858276,0.008928664959967136,0.09449161317263631,29.9052894115448,-0.19865155220031738,0.7454077987140604
