house,trial,mask_type,method,rmse,roughness,acf_div,wass_dist,peak,daily_corr,method_label
ELEC_3-2-6,0,random,baseline,0.1375420741909948,0.03600181462223441,0.02460344025099118,0.0008950747899712018,0.5918147693919977,0.005559649916696552,기존안 (대치+선형)
ELEC_3-2-6,0,random,pchip,0.13739179179763944,0.036348121919679864,0.024411579573380762,0.0008171123322525414,0.5908516886233688,0.0054949442711853536,1안 (PCHIP)
ELEC_3-2-6,0,random,stl,0.14907009182515105,0.04724103159266129,0.01975192151052491,0.00307966082299786,0.6307124218437019,0.005847760609942965,2안 (STL)
ELEC_3-2-6,0,random,mstl,0.149396709300255,0.048951989479296916,0.02062961320783258,0.00279056243052472,0.6116180291148321,0.005760325212443629,3안 (MSTL)
ELEC_3-2-6,0,random,seasonal_naive,0.16934222126857587,0.05830237283969802,0.02043423703862522,0.0002682622913434774,0.6352118774026577,0.007496473433116435,4안 (Seasonal Naive)
ELEC_3-2-6,0,block_6h,baseline,0.0323016004773092,0.042095957856317534,0.018842262980102602,0.0002842084735165023,,0.0016473623116819436,기존안 (대치+선형)
ELEC_3-2-6,0,block_6h,pchip,0.030377404818935378,0.04227234347600333,0.018837776914627426,0.00027432811882909474,,0.0016700609774308317,1안 (PCHIP)
ELEC_3-2-6,0,block_6h,stl,0.03317469168686147,0.04576901877153491,0.01821181520902592,0.0011778554274828313,,0.0010949233411833292,2안 (STL)
ELEC_3-2-6,0,block_6h,mstl,0.02699722500056837,0.04619397439946176,0.01828698734843089,0.0009773227470755309,,0.0010487101627004725,3안 (MSTL)
ELEC_3-2-6,0,block_6h,seasonal_naive,0.03448026810931893,0.049313190196748014,0.018369536596618007,0.0001481966187162389,,0.001594509406477207,4안 (Seasonal Naive)
ELEC_3-2-6,0,block_24h,baseline,0.09120684042035847,0.04204037774020183,0.01889392563626997,0.00027564452595875454,0.12450131201885511,0.0017070879600947775,기존안 (대치+선형)
ELEC_3-2-6,0,block_24h,pchip,0.09460707203783922,0.0422167501881378,0.018909122722967277,0.00024100909691870712,0.12341659466099962,0.0017347278777869457,1안 (PCHIP)
ELEC_3-2-6,0,block_24h,stl,0.07197284837304381,0.045749202390385185,0.01824445205847336,0.0011963941388705266,0.20416278165442953,0.0010924610565483661,2안 (STL)
ELEC_3-2-6,0,block_24h,mstl,0.0759490134855939,0.046165140975654814,0.01831636649634612,0.0010291892260776,0.18334706028212708,0.0010785916132437512,3안 (MSTL)
ELEC_3-2-6,0,block_24h,seasonal_naive,0.08408411793489813,0.04930929020085329,0.01837019903445866,0.00014035371649504983,0.21604397700468778,0.0016495214358765997,4안 (Seasonal Naive)
ELEC_3-2-6,1,random,baseline,0.06588610293778059,0.0367340899228486,0.019555955036215007,0.000697438769116568,0.22828494115946257,0.002960510816496953,기존안 (대치+선형)
ELEC_3-2-6,1,random,pchip,0.06610553901278754,0.03707770215487801,0.019554430743103167,0.0006172932512643922,0.22791606503430245,0.0029654269867147587,1안 (PCHIP)
ELEC_3-2-6,1,random,stl,0.07244653282824166,0.04788626730977942,0.01807952285987908,0.002894134797399656,0.2336793918003518,0.0024044033188076464,2안 (STL)
ELEC_3-2-6,1,random,mstl,0.06746130500125558,0.049831232459469035,0.01863519011392183,0.0025211869985891813,0.19803249013410193,0.0020549684741855145,3안 (MSTL)
ELEC_3-2-6,1,random,seasonal_naive,0.10664089721571465,0.05913551801533891,0.019986260095096922,0.00026153413004071843,0.3083046865907183,0.0033368047197571693,4안 (Seasonal Naive)
ELEC_3-2-6,1,block_6h,baseline,0.019521298140307262,0.042095586163963306,0.01883565602986413,0.0002905557327920697,,0.00166179951690959,기존안 (대치+선형)
ELEC_3-2-6,1,block_6h,pchip,0.019439663141249734,0.04227195495448945,0.01883190295345363,0.00028268232840025266,,0.0016824404307091978,1안 (PCHIP)
ELEC_3-2-6,1,block_6h,stl,0.025117496754804115,0.045768460141738194,0.018211931536076805,0.0011839792550627508,,0.0010971723502061215,2안 (STL)
ELEC_3-2-6,1,block_6h,mstl,0.023363347584616837,0.046197267024052704,0.018289609781645774,0.0009741517339962309,,0.0010566538658137725,3안 (MSTL)
ELEC_3-2-6,1,block_6h,seasonal_naive,0.03064129385143866,0.049319963873828254,0.01836985948363691,0.00015971618854205465,,0.0015978871489226165,4안 (Seasonal Naive)
ELEC_3-2-6,1,block_24h,baseline,0.0707629467731383,0.0420571908985473,0.018930748767051385,0.00027826436985756067,0.24257440110488898,0.0016337441300532385,기존안 (대치+선형)
ELEC_3-2-6,1,block_24h,pchip,0.08325783634408236,0.0422335541454787,0.018995253916339397,0.00024346808955809702,0.21126117692006005,0.0016515019608233095,1안 (PCHIP)
ELEC_3-2-6,1,block_24h,stl,0.0470537583369175,0.04575762649024005,0.0181925571643385,0.0012003372096825815,0.2460102384625217,0.0011007613967880525,2안 (STL)
ELEC_3-2-6,1,block_24h,mstl,0.0450203347716838,0.04618143702365379,0.01830282786061704,0.0010093834591903901,0.23316308639706654,0.001067443084353914,3안 (MSTL)
ELEC_3-2-6,1,block_24h,seasonal_naive,0.0626941429127077,0.04932304281795577,0.01839200080625403,0.00016163050723394523,0.2554407954889975,0.001565511000097053,4안 (Seasonal Naive)
ELEC_3-2-6,2,random,baseline,0.23160855688385104,0.03580619244093142,0.05373012492540421,0.0009211695524929286,0.9283164306436225,0.011252399273626756,기존안 (대치+선형)
ELEC_3-2-6,2,random,pchip,0.23168790108795007,0.036141081560295385,0.0532432177868354,0.0008457383402022019,0.928393938024548,0.011311446557540572,1안 (PCHIP)
ELEC_3-2-6,2,random,stl,0.23389778769178043,0.047284969500911024,0.04738846416718769,0.003140978512937043,0.9477353286486692,0.011649944224362607,2안 (STL)
ELEC_3-2-6,2,random,mstl,0.23245572421901683,0.04885117473283986,0.05051071267478267,0.0028318683954516623,0.9390744576873837,0.01098555908974952,3안 (MSTL)
ELEC_3-2-6,2,random,seasonal_naive,0.24777930518312405,0.05864423826931458,0.04156218752879002,0.00030058727009471715,0.9503581060525693,0.012186649921654413,4안 (Seasonal Naive)
ELEC_3-2-6,2,block_6h,baseline,0.05658711957766213,0.042092296409247006,0.018840512728085727,0.0002925172390639797,0.2437837837839922,0.0016531048346382082,기존안 (대치+선형)
ELEC_3-2-6,2,block_6h,pchip,0.056380283750516826,0.04226866242797577,0.018837036095384414,0.0002843296497325252,0.24321165577571496,0.001674023640622302,1안 (PCHIP)
ELEC_3-2-6,2,block_6h,stl,0.05464082383488598,0.04576587054798476,0.018210590343743477,0.0011822761762392952,0.23588553182167948,0.0010975151025721663,2안 (STL)
ELEC_3-2-6,2,block_6h,mstl,0.050619693454894144,0.04618854990604052,0.018287931191834386,0.0009763090137143967,0.21608778866041375,0.0010579128205387978,3안 (MSTL)
ELEC_3-2-6,2,block_6h,seasonal_naive,0.08106924338020442,0.049317911244409984,0.01836700982538853,0.00014695238415998393,0.2200000000011641,0.0016294413609005964,4안 (Seasonal Naive)
ELEC_3-2-6,2,block_24h,baseline,0.009860132971816524,0.04208818560276339,0.018834405176220377,0.00028798732185300304,,0.0016516307607626901,기존안 (대치+선형)
ELEC_3-2-6,2,block_24h,pchip,0.009860132971816524,0.04226454884969479,0.01883126008914883,0.0002780429476105619,,0.0016725818820465532,1안 (PCHIP)
ELEC_3-2-6,2,block_24h,stl,0.05387683323140521,0.04578597669685258,0.01822776057956564,0.0011590652106951028,,0.0010992594448826498,2안 (STL)
ELEC_3-2-6,2,block_24h,mstl,0.06463158379074818,0.04622349424630156,0.018375523392320126,0.0010478250153691197,,0.001038794131728915,3안 (MSTL)
ELEC_3-2-6,2,block_24h,seasonal_naive,0.12269605123089489,0.04936498487906937,0.01852829461388663,0.0002533358646130677,,0.0015501700738016488,4안 (Seasonal Naive)
ELEC_3-2-6,3,random,baseline,0.066963784521864,0.036787862460224585,0.01927858593769096,0.0006835939488778395,0.13511812546168256,0.00274358816153053,기존안 (대치+선형)
ELEC_3-2-6,3,random,pchip,0.06723789661333851,0.03713220201892277,0.01928161048112312,0.0005928081348289334,0.13469004843600388,0.0027482264019027536,1안 (PCHIP)
ELEC_3-2-6,3,random,stl,0.07328911758890583,0.04779890742502341,0.017856104459404998,0.0028379901331504415,0.23988265398508635,0.002228054212870534,2안 (STL)
ELEC_3-2-6,3,random,mstl,0.07260543520069306,0.04979084158906826,0.018707456709444747,0.00255276666925514,0.19459103019844243,0.0024703497961553467,3안 (MSTL)
ELEC_3-2-6,3,random,seasonal_naive,0.13252562537038948,0.0595169478769835,0.022541240928014038,0.0002717820296701778,0.24899187231582817,0.005057139313095704,4안 (Seasonal Naive)
ELEC_3-2-6,3,block_6h,baseline,0.03421908745049417,0.04209887591867972,0.018832122415620194,0.0002875280868193753,,0.0016657731448963542,기존안 (대치+선형)
ELEC_3-2-6,3,block_6h,pchip,0.03585497281275941,0.04227524748100323,0.01882907457232436,0.00027921012175133753,,0.0016871907672397768,1안 (PCHIP)
ELEC_3-2-6,3,block_6h,stl,0.026438963386074894,0.04577216025846139,0.018211231579433735,0.001183804672799624,,0.001092863695856372,2안 (STL)
ELEC_3-2-6,3,block_6h,mstl,0.015631540710673564,0.04619560413538149,0.01828573088554698,0.0009733273289619281,,0.0010546922915741774,3안 (MSTL)
ELEC_3-2-6,3,block_6h,seasonal_naive,0.038662036759852574,0.04931558493106933,0.018372519723386577,0.00015155836017058155,,0.0015984906920548658,4안 (Seasonal Naive)
ELEC_3-2-6,3,block_24h,baseline,0.08737015543825567,0.04204179617791017,0.018932188012136374,0.0002871967830326085,0.1568429275546159,0.0017179712081752951,기존안 (대치+선형)
ELEC_3-2-6,3,block_24h,pchip,0.08687940590572388,0.04221815942484157,0.018915955255437097,0.00031632279311428113,0.1997884173673743,0.0017138817816917395,1안 (PCHIP)
ELEC_3-2-6,3,block_24h,stl,0.07436012309235922,0.045744572208035746,0.01826204414459421,0.0012159346393650215,0.20227267796208678,0.0010980128554849422,2안 (STL)
ELEC_3-2-6,3,block_24h,mstl,0.0750344430495293,0.04616667217835292,0.018308266087082928,0.001018835311531095,0.19332053576450597,0.00108199016791799,3안 (MSTL)
ELEC_3-2-6,3,block_24h,seasonal_naive,0.08833333333333668,0.04931544808910812,0.018381811283367282,0.00013925659109267061,0.21604397700468778,0.001649933694620076,4안 (Seasonal Naive)
ELEC_3-2-6,4,random,baseline,0.10841956608756644,0.0363179843082184,0.021421555669344183,0.0008191971255247567,0.44370487922627005,0.00332354864305906,기존안 (대치+선형)
ELEC_3-2-6,4,random,pchip,0.10849645486045338,0.03666209080655935,0.021282535355840324,0.0007379803580304879,0.4436644397180422,0.00335527159354998,1안 (PCHIP)
ELEC_3-2-6,4,random,stl,0.12198158732759372,0.04746970261584379,0.018112415017276284,0.0030550984396007586,0.488333103636946,0.0037885488159004055,2안 (STL)
ELEC_3-2-6,4,random,mstl,0.1200063377880325,0.0492707314938672,0.01902700054213511,0.0028021350117160967,0.4688553520291126,0.003418191180367347,3안 (MSTL)
ELEC_3-2-6,4,random,seasonal_naive,0.13895160327186623,0.05845276215507988,0.019319899055274238,0.00030656651956241943,0.494166541846026,0.00488025363400868,4안 (Seasonal Naive)
ELEC_3-2-6,4,block_6h,baseline,0.0097491048331212,0.04209926980162213,0.018836183847723464,0.00028636036253119337,,0.0016563578356932895,기존안 (대치+선형)
ELEC_3-2-6,4,block_6h,pchip,0.011287160537335783,0.042275630044339235,0.018833771858933077,0.00027528959539455106,,0.0016764770476721536,1안 (PCHIP)
ELEC_3-2-6,4,block_6h,stl,0.007168359267426539,0.04576965843172053,0.018212833721218312,0.0011803561727253865,,0.0010934190111550057,2안 (STL)
ELEC_3-2-6,4,block_6h,mstl,0.01347427345409057,0.046194510949835454,0.018284282715285843,0.0009713680280956775,,0.0010549349281154807,3안 (MSTL)
ELEC_3-2-6,4,block_6h,seasonal_naive,0.01724013405476023,0.04931093230438807,0.018365162479592176,0.00014728070721569439,,0.0015985034540157983,4안 (Seasonal Naive)
ELEC_3-2-6,4,block_24h,baseline,0.11464473276586103,0.04203336624123022,0.01874845647997815,0.0003255871702032993,0.2812180813112322,0.0016841490409750248,기존안 (대치+선형)
ELEC_3-2-6,4,block_24h,pchip,0.111107016197289,0.042209742654600896,0.018735448749093667,0.00031283300687203337,0.28149747220952315,0.0017232308771469862,1안 (PCHIP)
ELEC_3-2-6,4,block_24h,stl,0.10395568400590352,0.04572680230721526,0.01812914078136458,0.0012411914899432862,0.27078957742028176,0.001106811306062605,2안 (STL)
ELEC_3-2-6,4,block_24h,mstl,0.1023130970995899,0.04615636580985739,0.018175023526968363,0.0010544080101926151,0.25614756072213823,0.0010984247011983639,3안 (MSTL)
ELEC_3-2-6,4,block_24h,seasonal_naive,0.12496944070896691,0.04929095337804987,0.01836282428499286,0.00018460510257679137,0.17000000000000076,0.0016261564349431268,4안 (Seasonal Naive)
ELEC_3-2-6,5,random,baseline,0.23265816449566482,0.03610264841333474,0.053113212749875335,0.0007954690971363029,0.9813192293482746,0.012376091632060215,기존안 (대치+선형)
ELEC_3-2-6,5,random,pchip,0.23274280050394633,0.0364457998412053,0.05263862279364883,0.0007110169945884905,0.9814519308213103,0.012413888989110444,1안 (PCHIP)
ELEC_3-2-6,5,random,stl,0.2334188994701974,0.047325731483557544,0.046860434344547564,0.002970187420366063,0.9986342509821761,0.012034197680141023,2안 (STL)
ELEC_3-2-6,5,random,mstl,0.23256915858728117,0.04923443021943667,0.04943336804591982,0.0027153864384664435,0.9894789244327772,0.011882014329162582,3안 (MSTL)
ELEC_3-2-6,5,random,seasonal_naive,0.24569157784064535,0.05854088837810636,0.04071776515606651,0.00031965588493227195,1.0002852672445155,0.011828923619226717,4안 (Seasonal Naive)
ELEC_3-2-6,5,block_6h,baseline,0.10488875846173576,0.04206931250740939,0.01880993690719759,0.00029994071610112746,0.1978228222528904,0.001688433405683809,기존안 (대치+선형)
ELEC_3-2-6,5,block_6h,pchip,0.10545673944433316,0.042245681297935524,0.018805550084202177,0.0002884300362832093,0.19856547741432945,0.0017105184934470552,1안 (PCHIP)
ELEC_3-2-6,5,block_6h,stl,0.1040131131050441,0.045739184895655365,0.01823144923941919,0.001197643581109752,0.20106559471045046,0.0011063837891159833,2안 (STL)
ELEC_3-2-6,5,block_6h,mstl,0.09757130130932988,0.046178972700951615,0.018287949098705028,0.000984136626587404,0.171456085325521,0.0010896285573929188,3안 (MSTL)
ELEC_3-2-6,5,block_6h,seasonal_naive,0.16592241233050742,0.049320853346576335,0.0183490667998591,0.00015809596629626834,0.12069244660149962,0.0016545174480212532,4안 (Seasonal Naive)
ELEC_3-2-6,5,block_24h,baseline,0.06438003783806229,0.042039555272828,0.018850089637067986,0.0003087684494581095,0.17278111492338727,0.0016712538866051618,기존안 (대치+선형)
ELEC_3-2-6,5,block_24h,pchip,0.06368976934547145,0.0422159270129944,0.018850273264877513,0.0002898834158256584,0.1688958799681383,0.0016814689509974112,1안 (PCHIP)
ELEC_3-2-6,5,block_24h,stl,0.0815922035312739,0.045738438730359196,0.01825512265443068,0.0012330974183182438,0.23619625810954475,0.0010992219739845988,2안 (STL)
ELEC_3-2-6,5,block_24h,mstl,0.07707481543759405,0.04616213041768172,0.018321393297921467,0.001002230204225106,0.23130099276097538,0.0010880089335842946,3안 (MSTL)
ELEC_3-2-6,5,block_24h,seasonal_naive,0.0923045984168151,0.04930415862730755,0.01841128069547286,0.00013131664158231362,0.25884358211091324,0.0016081299375865221,4안 (Seasonal Naive)
ELEC_3-2-6,6,random,baseline,0.22667056674687172,0.03608965176661654,0.05464809809603748,0.000918392044104648,0.97572772357346,0.011056452478647505,기존안 (대치+선형)
ELEC_3-2-6,6,random,pchip,0.2267313873417252,0.036429101054624026,0.05411035973046335,0.0008419977163338017,0.9757478704545663,0.010927774948183533,1안 (PCHIP)
ELEC_3-2-6,6,random,stl,0.23334193549174714,0.047265514172135634,0.046846106078637255,0.003084509234483452,0.9958363476415519,0.011569576283636862,2안 (STL)
ELEC_3-2-6,6,random,mstl,0.2315825324693711,0.04883921365526705,0.049689717833489015,0.0028546142105301967,0.9857045741386476,0.010542497336838097,3안 (MSTL)
ELEC_3-2-6,6,random,seasonal_naive,0.24164508603151538,0.057838427275434715,0.043154530873383945,0.00032084035020435155,0.9963017640454738,0.011255281433422804,4안 (Seasonal Naive)
ELEC_3-2-6,6,block_6h,baseline,0.10709969815711201,0.04208245488333339,0.018845632263194,0.00031321218621102,0.2221760650987117,0.001629970037909878,기존안 (대치+선형)
ELEC_3-2-6,6,block_6h,pchip,0.10634858444764005,0.04225882644565691,0.01884225936719886,0.00030454845184339763,0.22022373392667474,0.0016497964657294917,1안 (PCHIP)
ELEC_3-2-6,6,block_6h,stl,0.09372790906867991,0.045773704673479285,0.018250702506228404,0.0012007525362767906,0.18527615114499527,0.0010780198134701102,2안 (STL)
ELEC_3-2-6,6,block_6h,mstl,0.0930617725085496,0.04618465934505654,0.018313783444238493,0.0009920416542841043,0.1964903290411399,0.0010374641682374675,3안 (MSTL)
ELEC_3-2-6,6,block_6h,seasonal_naive,0.1187434208704329,0.04932899544326873,0.01841006479723954,0.00014338222081365981,0.19138592275451807,0.0015640011718253133,4안 (Seasonal Naive)
ELEC_3-2-6,6,block_24h,baseline,0.08197966643509803,0.04203871723378276,0.018877478499747188,0.00033475733058536305,0.22972259805481685,0.0016838329770187954,기존안 (대치+선형)
ELEC_3-2-6,6,block_24h,pchip,0.08741245014243693,0.04221508048071416,0.01889595999642532,0.0003479884761516243,0.23833064336821155,0.001702879053237405,1안 (PCHIP)
ELEC_3-2-6,6,block_24h,stl,0.07314209656897466,0.0457264121136957,0.018251962829076346,0.001227957627642296,0.210796807352778,0.00110192723095337,2안 (STL)
ELEC_3-2-6,6,block_24h,mstl,0.08557395190485868,0.04615996513774074,0.018321773500722227,0.0009844039362781089,0.2261859041987675,0.0010778045665087443,3안 (MSTL)
ELEC_3-2-6,6,block_24h,seasonal_naive,0.08478322030004218,0.049302311260831115,0.018387741321416625,0.00014798008705932777,0.21604397700468778,0.0016197002938418414,4안 (Seasonal Naive)
ELEC_3-2-6,7,random,baseline,0.0874810408231739,0.03666360800455556,0.020379646911658587,0.0007282599103599096,0.355475910495224,0.0032366097500460267,기존안 (대치+선형)
ELEC_3-2-6,7,random,pchip,0.08771081101577675,0.03700217722746435,0.02026824176438297,0.0006447122182859359,0.35569796291168754,0.003226960973070514,1안 (PCHIP)
ELEC_3-2-6,7,random,stl,0.10178825161916202,0.0477633900782402,0.017922065025231408,0.0028425281366257884,0.40143538961974246,0.003237725243500522,2안 (STL)
ELEC_3-2-6,7,random,mstl,0.10541240032615214,0.04962038582880538,0.020432876371360324,0.0026316848706454932,0.3824453820879752,0.0035517727793960008,3안 (MSTL)
ELEC_3-2-6,7,random,seasonal_naive,0.12216293532870638,0.0592272876555793,0.019612400951770772,0.00044035950149604703,0.4009535316815576,0.004195008690255575,4안 (Seasonal Naive)
ELEC_3-2-6,7,block_6h,baseline,0.037418330968036685,0.042091554020270164,0.018833023750601804,0.00028796924769697345,,0.0016580398972901866,기존안 (대치+선형)
ELEC_3-2-6,7,block_6h,pchip,0.036830457302554236,0.04226786433809018,0.018830134889597786,0.00027798067203978075,,0.0016785717455310989,1안 (PCHIP)
ELEC_3-2-6,7,block_6h,stl,0.028310672531477038,0.04576563879924121,0.018209648608421402,0.0011788867602826334,,0.0010989652507957803,2안 (STL)
ELEC_3-2-6,7,block_6h,mstl,0.02860900026627869,0.04619028398682011,0.018289663007014637,0.000982631609093748,,0.0010558736544998837,3안 (MSTL)
ELEC_3-2-6,7,block_6h,seasonal_naive,0.037305048809239134,0.04930853757006641,0.018370294358809578,0.00014574510837599632,,0.001600889607213496,4안 (Seasonal Naive)
ELEC_3-2-6,7,block_24h,baseline,0.13210896176173897,0.04203625407848076,0.018906813180047007,0.0003892541087058774,0.3699754291595029,0.001748689375366319,기존안 (대치+선형)
ELEC_3-2-6,7,block_24h,pchip,0.13210896176173897,0.04221261732541216,0.018908325425290463,0.0003888617592635632,0.3699754291595029,0.0017721862197274119,1안 (PCHIP)
ELEC_3-2-6,7,block_24h,stl,0.1163966879824516,0.0457426802968694,0.018267410338447223,0.0012714275908025053,0.31878049605353226,0.0011258790239129235,2안 (STL)
ELEC_3-2-6,7,block_24h,mstl,0.10274127098928748,0.04616106048377268,0.01822589313446984,0.0010339065541648785,0.2910110749966335,0.0011023493641442172,3안 (MSTL)
ELEC_3-2-6,7,block_24h,seasonal_naive,0.12705805759573466,0.04928110075684212,0.01832954294692998,0.00018685483845301817,0.18468646650226242,0.0015908025944463278,4안 (Seasonal Naive)
ELEC_3-2-6,8,random,baseline,0.06967561125835868,0.03690086239766846,0.019192263376115425,0.0006438552841497618,0.1325823273784641,0.002507136702711299,기존안 (대치+선형)
ELEC_3-2-6,8,random,pchip,0.07139502869653704,0.03726010867095614,0.019161407005828666,0.0005576548036670756,0.13219656925015208,0.0025721299708020284,1안 (PCHIP)
ELEC_3-2-6,8,random,stl,0.0666702278327415,0.0480927301869599,0.01780638888686112,0.002762050986004488,0.23235362314245772,0.002085993235912631,2안 (STL)
ELEC_3-2-6,8,random,mstl,0.07157176616378601,0.050072835486627026,0.01825205403244689,0.0024841353700953152,0.1932572867078525,0.001642281733787554,3안 (MSTL)
ELEC_3-2-6,8,random,seasonal_naive,0.09595612751008563,0.05927087182022754,0.01949628535252681,0.0002117459140320729,0.24176853077252583,0.0030173127142403278,4안 (Seasonal Naive)
ELEC_3-2-6,8,block_6h,baseline,0.009169737405423858,0.04209988559044755,0.018835711296114836,0.0002877181308804578,,0.001656361379514748,기존안 (대치+선형)
ELEC_3-2-6,8,block_6h,pchip,0.010038332338912612,0.042276248837378946,0.01883560984506804,0.00027916091561575263,,0.0016750952493880256,1안 (PCHIP)
ELEC_3-2-6,8,block_6h,stl,0.008777698652711368,0.045772571014508795,0.018214916989937855,0.0011784677435805076,,0.0010926275289350196,2안 (STL)
ELEC_3-2-6,8,block_6h,mstl,0.02114308840120048,0.04619784942198551,0.018296489282350396,0.000971566371027579,,0.0010508025563514822,3안 (MSTL)
ELEC_3-2-6,8,block_6h,seasonal_naive,0.016329931618570607,0.049316474403817256,0.018361199797536365,0.00014901415366630694,,0.0015970524653978746,4안 (Seasonal Naive)
ELEC_3-2-6,8,block_24h,baseline,0.12889223720716964,0.042051878127370185,0.019014011321469702,0.0002786586589639976,0.11377890193509123,0.001713988309236747,기존안 (대치+선형)
ELEC_3-2-6,8,block_24h,pchip,0.1315241087833552,0.04222825340638449,0.019012135685148823,0.00022455189898950767,0.11307962799941758,0.0017362044790405484,1안 (PCHIP)
ELEC_3-2-6,8,block_24h,stl,0.05809300607086711,0.04576237858820058,0.018195529826691103,0.0011786493931499808,0.15463394876371978,0.0010963257691019024,2안 (STL)
ELEC_3-2-6,8,block_24h,mstl,0.08653178589222178,0.04618535893332163,0.01832778367030339,0.0010356382468172532,0.11312702139976927,0.0010693781802094682,3안 (MSTL)
ELEC_3-2-6,8,block_24h,seasonal_naive,0.07156323285246959,0.049303953364365695,0.0183496950918213,0.00015263733046538906,0.19177171034563179,0.0015643486444495425,4안 (Seasonal Naive)
ELEC_3-2-6,9,random,baseline,0.06425711290741781,0.03672997097981308,0.01930687376817731,0.0007273083910719297,0.23897371111051818,0.002427776176283536,기존안 (대치+선형)
ELEC_3-2-6,9,random,pchip,0.06439146799782267,0.03706729157355279,0.019241849988155924,0.0006295558598432224,0.23885178081815292,0.002420803160645413,1안 (PCHIP)
ELEC_3-2-6,9,random,stl,0.08437881315567514,0.04806126136795717,0.017747384376718765,0.002932374173633178,0.3102294621530696,0.003194924781476982,2안 (STL)
ELEC_3-2-6,9,random,mstl,0.08459220210836463,0.04982912259470424,0.018148658732675953,0.0026097680686024624,0.27773319623750314,0.0024394823255625697,3안 (MSTL)
ELEC_3-2-6,9,random,seasonal_naive,0.12348093016338522,0.05949265842886999,0.020886175776290882,0.00017249269435903858,0.31777037978965944,0.004211728714320739,4안 (Seasonal Naive)
ELEC_3-2-6,9,block_6h,baseline,0.06387511275945504,0.042091880335716286,0.018838311985372308,0.00029300862079589845,0.21027652321700624,0.0016426225408967543,기존안 (대치+선형)
ELEC_3-2-6,9,block_6h,pchip,0.06258240921476052,0.042268243582647684,0.018808844098395897,0.0002772254873442278,0.183530043189927,0.0016703626601586308,1안 (PCHIP)
ELEC_3-2-6,9,block_6h,stl,0.06535285784350044,0.045776995891476886,0.018219540811110383,0.0011800907308347106,0.21322208466324047,0.001083532703509027,2안 (STL)
ELEC_3-2-6,9,block_6h,mstl,0.06864945325155113,0.04619670284510091,0.018249643856971393,0.000990206004099686,0.1769210786551277,0.0010554108167039056,3안 (MSTL)
ELEC_3-2-6,9,block_6h,seasonal_naive,0.10613146983292267,0.04933946385330203,0.01832994447364636,0.00015902642883448706,0.17464249196566217,0.0016102249057193818,4안 (Seasonal Naive)
ELEC_3-2-6,9,block_24h,baseline,0.13452171554815992,0.04203563970526178,0.018906364936304355,0.00040049756844135983,0.34696965232177207,0.0017091611610264845,기존안 (대치+선형)
ELEC_3-2-6,9,block_24h,pchip,0.13455588758677803,0.04221200365996276,0.01890772278184528,0.00039722451455615127,0.34690496868414356,0.0017328755610160895,1안 (PCHIP)
ELEC_3-2-6,9,block_24h,stl,0.12065234951194591,0.045732659294130916,0.018271940003879435,0.0012842448021432907,0.30306743408114456,0.0011076351793329886,2안 (STL)
ELEC_3-2-6,9,block_24h,mstl,0.10470374019296,0.04615839568866471,0.01821647276180415,0.001033584456147091,0.27551431568676327,0.001100811332757412,3안 (MSTL)
ELEC_3-2-6,9,block_24h,seasonal_naive,0.12334177899011005,0.04929567442571192,0.018366941295526566,0.0001871681333051832,0.17000000000000076,0.0016443686729504803,4안 (Seasonal Naive)
ELEC_2-17-6,0,random,baseline,0.07738034758861272,0.02941237834255679,0.018298811207867666,0.0006954818974998872,0.11328241874419635,0.0073515713721763465,기존안 (대치+선형)
ELEC_2-17-6,0,random,pchip,0.07756860364395594,0.029704296284870486,0.018451250311391987,0.0006229635810915939,0.11229629884334155,0.007404557261485367,1안 (PCHIP)
ELEC_2-17-6,0,random,stl,0.06338655456155401,0.038255864167202475,0.012302580708577185,0.002496190522427332,0.1984665590127177,0.005392114645599078,2안 (STL)
ELEC_2-17-6,0,random,mstl,0.05903351625573882,0.04009067198140772,0.01364926726285042,0.0023086398106618674,0.16621870885509454,0.004462635007607796,3안 (MSTL)
ELEC_2-17-6,0,random,seasonal_naive,0.07533168030237972,0.04765307483893385,0.017727480368594294,0.0001881442567964799,0.2032682432732927,0.007242253603264137,4안 (Seasonal Naive)
ELEC_2-17-6,0,block_6h,baseline,0.025812618838249857,0.033936215524614004,0.013972137066073862,0.000318624074867066,,0.003197832450100302,기존안 (대치+선형)
ELEC_2-17-6,0,block_6h,pchip,0.026713806818162985,0.03410388736909006,0.013889145965397167,0.00027926647982171976,,0.0032909641470838524,1안 (PCHIP)
ELEC_2-17-6,0,block_6h,stl,0.025936552059816806,0.03675198516794271,0.012532352350131552,0.0010177211851178651,,0.00221638890387732,2안 (STL)
ELEC_2-17-6,0,block_6h,mstl,0.028047731795515285,0.03734164767249518,0.012418704374647375,0.000960408407703657,,0.0021702027955098346,3안 (MSTL)
ELEC_2-17-6,0,block_6h,seasonal_naive,0.0399999999999573,0.040047860476017855,0.013078626521907843,0.00033568892958888753,,0.003961557415898542,4안 (Seasonal Naive)
ELEC_2-17-6,0,block_24h,baseline,0.027771215700013882,0.03392348922222062,0.013969344816304706,0.0003341991295926756,,0.003191273774838521,기존안 (대치+선형)
ELEC_2-17-6,0,block_24h,pchip,0.036544242782864764,0.03409116106669667,0.013917202113098702,0.00030283847178133187,,0.003284413416916987,1안 (PCHIP)
ELEC_2-17-6,0,block_24h,stl,0.021495006252783534,0.03674314394862051,0.012563774717744957,0.001037051805404221,,0.002192802055355658,2안 (STL)
ELEC_2-17-6,0,block_24h,mstl,0.03376788193287037,0.037346368272979935,0.012432958063477585,0.0009855739818528744,,0.002182153631735795,3안 (MSTL)
ELEC_2-17-6,0,block_24h,seasonal_naive,0.0862127536324438,0.04007721307669929,0.013339035584455271,0.0003903188253479256,,0.003971393378884525,4안 (Seasonal Naive)
ELEC_2-17-6,1,random,baseline,0.061381971914068516,0.029412416875759656,0.01748672301516815,0.0007007304878649233,0.2500787044133937,0.006052736357881283,기존안 (대치+선형)
ELEC_2-17-6,1,random,pchip,0.061543262721356365,0.02970077710737249,0.0171871925099047,0.0006303501144867576,0.25011480823241783,0.006216576802535068,1안 (PCHIP)
ELEC_2-17-6,1,random,stl,0.07341156683717193,0.038025921713214124,0.012809505844818214,0.002537896189634894,0.2951239385592817,0.005158483726978802,2안 (STL)
ELEC_2-17-6,1,random,mstl,0.07098953804625457,0.039759301848700516,0.013188673490372551,0.0023524791573125647,0.275464263934027,0.004808986659208037,3안 (MSTL)
ELEC_2-17-6,1,random,seasonal_naive,0.08944102617718291,0.047319351506017286,0.01608084057822458,0.00032309740462144616,0.29633309597378465,0.009102591721220965,4안 (Seasonal Naive)
ELEC_2-17-6,1,block_6h,baseline,0.03432095464751642,0.03393888394285771,0.013883470805912998,0.0003219438002575346,,0.003175863571126314,기존안 (대치+선형)
ELEC_2-17-6,1,block_6h,pchip,0.023340217158141812,0.034106555787333764,0.01386432439580409,0.00028042453896932407,,0.003279517496124096,1안 (PCHIP)
ELEC_2-17-6,1,block_6h,stl,0.10340551801058664,0.036779085605610495,0.012200143523665824,0.0009896567223410524,,0.0022072517917094414,2안 (STL)
ELEC_2-17-6,1,block_6h,mstl,0.08768859926148898,0.037350285338148916,0.012144633331510696,0.0009547829749537639,,0.002162241035649548,3안 (MSTL)
ELEC_2-17-6,1,block_6h,seasonal_naive,0.11192755593585382,0.040070781504521924,0.012813885654784588,0.00035046755805004745,,0.003857906691512425,4안 (Seasonal Naive)
ELEC_2-17-6,1,block_24h,baseline,0.06755755315658776,0.03390439976863056,0.01392979599870661,0.00034081830829267806,0.21700700299089465,0.003148196991196728,기존안 (대치+선형)
ELEC_2-17-6,1,block_24h,pchip,0.06963307439658173,0.034072071613106616,0.013838927217747717,0.000297714284202591,0.22229262171873182,0.00324388784994023,1안 (PCHIP)
ELEC_2-17-6,1,block_24h,stl,0.06906151327758087,0.036731153611554955,0.01245716805084376,0.0010511692756426068,0.22196242096128532,0.0021630300133935743,2안 (STL)
ELEC_2-17-6,1,block_24h,mstl,0.06742196157434283,0.037322224472899256,0.012413186745114475,0.000993755547577457,0.19348754913103594,0.0021321432148033725,3안 (MSTL)
ELEC_2-17-6,1,block_24h,seasonal_naive,0.08197058142937598,0.040035489311095226,0.01312463679198806,0.00032173133604223035,0.2191746761188854,0.004013868603778503,4안 (Seasonal Naive)
ELEC_2-17-6,2,random,baseline,0.07753885311035967,0.029370903625930003,0.01808324401116663,0.0006815859648171242,0.11332150062135744,0.008616449224791434,기존안 (대치+선형)
ELEC_2-17-6,2,random,pchip,0.07773627238509594,0.029661245715651482,0.01821420863981164,0.0006074346634800172,0.112777236082236,0.008689768619456362,1안 (PCHIP)
ELEC_2-17-6,2,random,stl,0.0634985432189071,0.038314868225392,0.012320550079714596,0.0025032769852389902,0.20030345073484984,0.005998956761085861,2안 (STL)
ELEC_2-17-6,2,random,mstl,0.05586373626999947,0.04003977645037009,0.012197486139955851,0.0023420792868574553,0.16575888037595066,0.00537052667771154,3안 (MSTL)
ELEC_2-17-6,2,random,seasonal_naive,0.07828042201478394,0.04776376288032116,0.017314396165684837,0.0003476047521429275,0.2098296743539152,0.009564606158212308,4안 (Seasonal Naive)
ELEC_2-17-6,2,block_6h,baseline,0.03516370979413081,0.03393273714989704,0.013961428431532731,0.00032195241843303906,,0.003226318724136479,기존안 (대치+선형)
ELEC_2-17-6,2,block_6h,pchip,0.03611582345683822,0.03410041453796783,0.013875020369307118,0.0002822012802991067,,0.0033228641668100467,1안 (PCHIP)
ELEC_2-17-6,2,block_6h,stl,0.036247812719368715,0.03675342470433791,0.012531485201318053,0.0010169224652311637,,0.0022199354527212556,2안 (STL)
ELEC_2-17-6,2,block_6h,mstl,0.033896200075456,0.03733801398831652,0.012428096942525078,0.0009618865377861889,,0.002193108978708058,3안 (MSTL)
ELEC_2-17-6,2,block_6h,seasonal_naive,0.04722875771768501,0.04004902363268819,0.013080478779927105,0.00031629197973357645,,0.003945883456497046,4안 (Seasonal Naive)
ELEC_2-17-6,2,block_24h,baseline,0.028712556826922978,0.03392143659280233,0.014003140753355889,0.00031847407599415846,,0.0031804587750574598,기존안 (대치+선형)
ELEC_2-17-6,2,block_24h,pchip,0.03037567318235302,0.03408910843727839,0.013924368902118992,0.0002848419783546757,,0.0032768560422712367,1안 (PCHIP)
ELEC_2-17-6,2,block_24h,stl,0.02686352275581319,0.03674535865856302,0.012526953668369483,0.0010133066246906786,,0.0021840082921552595,2안 (STL)
ELEC_2-17-6,2,block_24h,mstl,0.03122808431386015,0.03733854705047894,0.012413189526778211,0.0009683782633826875,,0.0021568221100135565,3안 (MSTL)
ELEC_2-17-6,2,block_24h,seasonal_naive,0.08593066517900722,0.04007100957445738,0.013314802905034125,0.0003811983057493588,,0.0039610049472708075,4안 (Seasonal Naive)
ELEC_2-17-6,3,random,baseline,0.037517767936672046,0.0296050242566815,0.01499848775717072,0.0006842569102025897,0.11386100989720027,0.00430526231941275,기존안 (대치+선형)
ELEC_2-17-6,3,random,pchip,0.0378348694227397,0.029893252653821437,0.014815380692531376,0.0006116542812085129,0.1132732646980036,0.004454674192296393,1안 (PCHIP)
ELEC_2-17-6,3,random,stl,0.05496004849907162,0.03817090798414668,0.012842107828875982,0.0025134318055699623,0.1978545609432051,0.005075090771067159,2안 (STL)
ELEC_2-17-6,3,random,mstl,0.05566901687138876,0.04015601769326429,0.012562752721354214,0.0023615547415147516,0.16460257252409022,0.005474672342316467,3안 (MSTL)
ELEC_2-17-6,3,random,seasonal_naive,0.07675256279055881,0.0477544165743705,0.018249385778722593,0.0003132779339948665,0.20629265527265367,0.005864842116773961,4안 (Seasonal Naive)
ELEC_2-17-6,3,block_6h,baseline,0.01969550489104402,0.033937663460500964,0.013953974049946527,0.0003187513125830956,,0.003185556239066689,기존안 (대치+선형)
ELEC_2-17-6,3,block_6h,pchip,0.020354995545344756,0.034105340848571766,0.013866690190567377,0.0002795148567213375,,0.003280494344897744,1안 (PCHIP)
ELEC_2-17-6,3,block_6h,stl,0.016577775435015495,0.03675387400454469,0.012525457045447289,0.0010169136117868674,,0.002184866987234635,2안 (STL)
ELEC_2-17-6,3,block_6h,mstl,0.01729409273792928,0.03733934686340344,0.012420119058857999,0.0009600075573934424,,0.0021708302755418796,3안 (MSTL)
ELEC_2-17-6,3,block_6h,seasonal_naive,0.022730302828311313,0.040043892059142515,0.013088141341161718,0.000327581209808092,,0.003928745020013502,4안 (Seasonal Naive)
ELEC_2-17-6,3,block_24h,baseline,0.007503192168688789,0.03392636431901271,0.01395170509540518,0.0003225189305096684,,0.003203896613838797,기존안 (대치+선형)
ELEC_2-17-6,3,block_24h,pchip,0.00788883080572249,0.03409403687125835,0.013864850284126422,0.0002820846069217206,,0.0032991028980994264,1안 (PCHIP)
ELEC_2-17-6,3,block_24h,stl,0.008294470471045841,0.03674728904762365,0.012525423031644837,0.0010173988180393638,,0.0022058594301231915,2안 (STL)
ELEC_2-17-6,3,block_24h,mstl,0.023021914929339218,0.037345252543395505,0.012424449539380947,0.0009736142677380174,,0.002208994532489128,3안 (MSTL)
ELEC_2-17-6,3,block_24h,seasonal_naive,0.04623310502226514,0.040058883095994015,0.013203487942781176,0.00035352619824145966,,0.003979789924311694,4안 (Seasonal Naive)
ELEC_2-17-6,4,random,baseline,0.10503045711713781,0.02934999715449629,0.023254605162451928,0.0007133463760848612,0.24061596647810074,0.010621032102085648,기존안 (대치+선형)
ELEC_2-17-6,4,random,pchip,0.10506027136545851,0.029627854084404923,0.023313261552789,0.0006470178316045587,0.2400188253940086,0.010721679046795773,1안 (PCHIP)
ELEC_2-17-6,4,random,stl,0.07771432945112201,0.03829202661584944,0.012939933556016145,0.0025174628738896393,0.28944695020277017,0.0066124690277068465,2안 (STL)
ELEC_2-17-6,4,random,mstl,0.0776981189925546,0.04003914223829559,0.01433662948808677,0.0022957185280914724,0.2691609459991756,0.007622585800452719,3안 (MSTL)
ELEC_2-17-6,4,random,seasonal_naive,0.09187404546700755,0.04784963121098415,0.0163056164790018,0.00032515828851513933,0.2941978255180604,0.010032255332781181,4안 (Seasonal Naive)
ELEC_2-17-6,4,block_6h,baseline,0.018079736637382073,0.033940121068155776,0.013958850694393624,0.00031801744071134744,,0.0032000629933905955,기존안 (대치+선형)
ELEC_2-17-6,4,block_6h,pchip,0.018078311704923567,0.0341077956844292,0.013872227812016002,0.00027893353882191296,,0.003294997178190484,1안 (PCHIP)
ELEC_2-17-6,4,block_6h,stl,0.0159339299457871,0.036754841008418124,0.012524811108466276,0.001013866164820513,,0.0021999030315049684,2안 (STL)
ELEC_2-17-6,4,block_6h,mstl,0.026164081035134127,0.037342470125632896,0.012423135704707242,0.000956988201956671,,0.0021820617231084194,3안 (MSTL)
ELEC_2-17-6,4,block_6h,seasonal_naive,0.01658312395177336,0.040044918373851796,0.0130909118319437,0.0003256312518861145,,0.003933482189466098,4안 (Seasonal Naive)
ELEC_2-17-6,4,block_24h,baseline,0.053836215715868115,0.03392061554103502,0.013986427019773267,0.00034774169381279063,,0.003195334800468741,기존안 (대치+선형)
ELEC_2-17-6,4,block_24h,pchip,0.07248285601100159,0.03408828738551107,0.014019994588474595,0.00031539600001767424,,0.003285760669100357,1안 (PCHIP)
ELEC_2-17-6,4,block_24h,stl,0.031173201987627797,0.03674479484399699,0.012575831987565084,0.0010395792660107459,,0.00222679215747168,2안 (STL)
ELEC_2-17-6,4,block_24h,mstl,0.045035923423373855,0.037345728982315245,0.01240190170616745,0.0009963396219332024,,0.0022122242847022466,3안 (MSTL)
ELEC_2-17-6,4,block_24h,seasonal_naive,0.08618052757632058,0.04007618676199016,0.013324655392665264,0.00038703468568988765,,0.004014146312511957,4안 (Seasonal Naive)
ELEC_2-17-6,5,random,baseline,0.03600081952210213,0.029635694412363845,0.014841392890537182,0.0007177614647603101,0.11417351651118245,0.004639321051095879,기존안 (대치+선형)
ELEC_2-17-6,5,random,pchip,0.03622509555269857,0.02992028736016425,0.014609725046825797,0.0006466164462257878,0.11409732037351515,0.004782336974352486,1안 (PCHIP)
ELEC_2-17-6,5,random,stl,0.05871621636242399,0.038174532266561076,0.01249665870312342,0.0024386089842553344,0.1911596188356084,0.006178081853852158,2안 (STL)
ELEC_2-17-6,5,random,mstl,0.05385692303893003,0.03991688181382584,0.012309690218615808,0.002306030236883628,0.1633927909459221,0.004297460217643545,3안 (MSTL)
ELEC_2-17-6,5,random,seasonal_naive,0.07669044587504084,0.04746153030372207,0.01724683381972474,0.0002837190719446905,0.20078467157940683,0.007086630270472072,4안 (Seasonal Naive)
ELEC_2-17-6,5,block_6h,baseline,0.032461573494700434,0.033937652365206704,0.013950167659493916,0.0003208285736513956,,0.0032016827119004665,기존안 (대치+선형)
ELEC_2-17-6,5,block_6h,pchip,0.03230165370468701,0.034105324209682764,0.013864419645952121,0.0002803818649652549,,0.003294147403079428,1안 (PCHIP)
ELEC_2-17-6,5,block_6h,stl,0.033406609700332796,0.03675869234994014,0.012527209495638198,0.001018083322556296,,0.0022077227661425614,2안 (STL)
ELEC_2-17-6,5,block_6h,mstl,0.027422833713092884,0.037341766857134404,0.012429703695118711,0.000965047676067532,,0.0021867116783645946,3안 (MSTL)
ELEC_2-17-6,5,block_6h,seasonal_naive,0.07357913351549675,0.040049228895629965,0.013118617034618254,0.00033306513388621365,,0.004048077137756789,4안 (Seasonal Naive)
ELEC_2-17-6,5,block_24h,baseline,0.07242012378821754,0.03390031432828492,0.014208485400056425,0.00035325923956171175,0.12604088746986178,0.003118221659932585,기존안 (대치+선형)
ELEC_2-17-6,5,block_24h,pchip,0.07550593340532778,0.03406799608153514,0.014176372400852802,0.0003013149975184073,0.117704134181511,0.0032091692210030054,1안 (PCHIP)
ELEC_2-17-6,5,block_24h,stl,0.07691055837947215,0.03672693288733247,0.012551645289235105,0.0010499916098373563,0.20725770530744136,0.00214377858575987,2안 (STL)
ELEC_2-17-6,5,block_24h,mstl,0.07073789410787888,0.03732989260244364,0.012497859528048941,0.0010220675772812297,0.1566543058959476,0.0021276729115579096,3안 (MSTL)
ELEC_2-17-6,5,block_24h,seasonal_naive,0.08143510434615948,0.04003138405225865,0.013085242378575574,0.0003053106377520388,0.2205086646073584,0.004070212451305566,4안 (Seasonal Naive)
ELEC_2-17-6,6,random,baseline,0.06880352798660962,0.02934571753715149,0.017123184769773064,0.0007204343796066668,0.24339082608187315,0.006478445659813481,기존안 (대치+선형)
ELEC_2-17-6,6,random,pchip,0.06894424306618335,0.02962315743048343,0.016784928693134832,0.0006609602819338685,0.2432565204904711,0.006560063765533086,1안 (PCHIP)
ELEC_2-17-6,6,random,stl,0.082931621079068,0.03783519728717863,0.01233021752218054,0.002570346574475315,0.29104161798144135,0.006956816366519014,2안 (STL)
ELEC_2-17-6,6,random,mstl,0.07337095714973695,0.03976215164007359,0.013384061145505315,0.0023702949230823547,0.27283786480922156,0.0058917595221748,3안 (MSTL)
ELEC_2-17-6,6,random,seasonal_naive,0.09235555658632391,0.04756990913700483,0.016600692203720464,0.00030161598063674756,0.2970253299134214,0.009816899987933891,4안 (Seasonal Naive)
ELEC_2-17-6,6,block_6h,baseline,0.010310494959285446,0.03394135819345387,0.01394560787699783,0.00031926854153361,,0.003194128047545375,기존안 (대치+선형)
ELEC_2-17-6,6,block_6h,pchip,0.011165912154042402,0.034109035581524665,0.013857410882562676,0.000279643266577812,,0.003289652786338526,1안 (PCHIP)
ELEC_2-17-6,6,block_6h,stl,0.010222063823502088,0.036757071920529565,0.012523444807063902,0.0010150675680142692,,0.0021922969913880097,2안 (STL)
ELEC_2-17-6,6,block_6h,mstl,0.03894271453468166,0.03734812148647257,0.012399567479774233,0.000967409091750851,,0.002174682296084862,3안 (MSTL)
ELEC_2-17-6,6,block_6h,seasonal_naive,0.03566822426505392,0.04005702888741955,0.013108133781301773,0.00033907569861122956,,0.003924213584496905,4안 (Seasonal Naive)
ELEC_2-17-6,6,block_24h,baseline,0.014918681235569454,0.03392328395927879,0.013977570352671925,0.0003184443503464209,,0.0031805572707843677,기존안 (대치+선형)
ELEC_2-17-6,6,block_24h,pchip,0.01680787579232883,0.03409095580375484,0.013894660780694018,0.0002839909544284373,,0.0032775937902413954,1안 (PCHIP)
ELEC_2-17-6,6,block_24h,stl,0.012347106504579437,0.03674874691146166,0.012523492777386071,0.0010109020113752535,,0.002200646538342732,2안 (STL)
ELEC_2-17-6,6,block_24h,mstl,0.025955563844430377,0.03734164673658268,0.012414921766402666,0.0009779083923294372,,0.0021765366123364105,3안 (MSTL)
ELEC_2-17-6,6,block_24h,seasonal_naive,0.0864540661597539,0.04007823939140844,0.01333340297402449,0.00039134511899106134,,0.003973231283740497,4안 (Seasonal Naive)
ELEC_2-17-6,7,random,baseline,0.07040061934988746,0.02961420635227527,0.017012751172466707,0.0006998724531573767,0.11930620771993176,0.006935096049913048,기존안 (대치+선형)
ELEC_2-17-6,7,random,pchip,0.07048052980584307,0.029896480645090494,0.017037399701464367,0.0006284355957655366,0.118571810592341,0.006998306527143505,1안 (PCHIP)
ELEC_2-17-6,7,random,stl,0.05364598085567569,0.03807943194407425,0.012335657763226832,0.002468275987409873,0.19752909919895303,0.006143534216219493,2안 (STL)
ELEC_2-17-6,7,random,mstl,0.05470396759406944,0.04005772059883097,0.012192176527823872,0.0022574840509424488,0.16312179531949508,0.005019700566120888,3안 (MSTL)
ELEC_2-17-6,7,random,seasonal_naive,0.07568508064771794,0.04757723018193019,0.01753308388462073,0.0003453945734755472,0.20274807424288827,0.007559323759384617,4안 (Seasonal Naive)
ELEC_2-17-6,7,block_6h,baseline,0.13190592926075465,0.03393724183932312,0.014180055364833964,0.0003017364613694825,0.05513513513507276,0.0032227652681011687,기존안 (대치+선형)
ELEC_2-17-6,7,block_6h,pchip,0.15503233579420664,0.03410491368379918,0.014159507164765859,0.00024948975292696636,0.05980585794417084,0.00333913449260248,1안 (PCHIP)
ELEC_2-17-6,7,block_6h,stl,0.053180123224405865,0.03675984850679457,0.012493680472900849,0.0010206114798692147,0.19614693525807725,0.0022148363165398477,2안 (STL)
ELEC_2-17-6,7,block_6h,mstl,0.04045053843521928,0.037346384535908904,0.012445680208656667,0.000964352752471353,0.0773241827508678,0.0021578947790125147,3안 (MSTL)
ELEC_2-17-6,7,block_6h,seasonal_naive,0.05899623340142071,0.040051589419461,0.01308139240420755,0.00031459859522240264,0.1999999999998181,0.003948951908200327,4안 (Seasonal Naive)
ELEC_2-17-6,7,block_24h,baseline,0.009128709291743597,0.033924926062813415,0.013955248001940907,0.00032123051911148127,,0.003206650840916425,기존안 (대치+선형)
ELEC_2-17-6,7,block_24h,pchip,0.009128709291743597,0.03409259790728947,0.013869377566259965,0.0002830386586659938,,0.003302445293274059,1안 (PCHIP)
ELEC_2-17-6,7,block_24h,stl,0.009840032052527523,0.036745287106094864,0.01253341418521423,0.001021033471447577,,0.002202635711559431,2안 (STL)
ELEC_2-17-6,7,block_24h,mstl,0.025363654199238146,0.0373440622382804,0.012429607851620653,0.0009746357084697593,,0.0022076988227166527,3안 (MSTL)
ELEC_2-17-6,7,block_24h,seasonal_naive,0.04628564692332779,0.04005713836098848,0.013200459538800884,0.00035142229627302824,,0.003974286239304403,4안 (Seasonal Naive)
ELEC_2-17-6,8,random,baseline,0.05601546333045538,0.029449823317292047,0.0154582257560375,0.0006990900514588577,0.16945508990717717,0.005681862426641371,기존안 (대치+선형)
ELEC_2-17-6,8,random,pchip,0.05627019039609993,0.0297427002898388,0.015394845098516413,0.0006283769118326741,0.1688876116843071,0.005729426921440295,1안 (PCHIP)
ELEC_2-17-6,8,random,stl,0.06379505975907589,0.03809331872346319,0.01238055360532461,0.002555391299960825,0.19873094439095204,0.005906770213811918,2안 (STL)
ELEC_2-17-6,8,random,mstl,0.05553620349732871,0.039948130741325534,0.012182966875315426,0.002316620398258048,0.16683709458883317,0.004538969178430441,3안 (MSTL)
ELEC_2-17-6,8,random,seasonal_naive,0.09097933856059204,0.04763338670176711,0.02126318371931867,0.00023365906788152223,0.2034744974238106,0.007897679976721417,4안 (Seasonal Naive)
ELEC_2-17-6,8,block_6h,baseline,0.031704576644128554,0.03393350827284071,0.013962180028030938,0.0003213111160427793,0.09945945946047512,0.00319864853314189,기존안 (대치+선형)
ELEC_2-17-6,8,block_6h,pchip,0.03260457403223525,0.03410121189233662,0.013871264874552473,0.0002824516964585577,0.11053799695562459,0.0032992746954310093,1안 (PCHIP)
ELEC_2-17-6,8,block_6h,stl,0.03841458123863372,0.03675079199418954,0.012543257073846958,0.001018574458798054,0.09733075425994497,0.002193544267015346,2안 (STL)
ELEC_2-17-6,8,block_6h,mstl,0.043619486008103135,0.03733811896302388,0.012435661219509772,0.0009592837054141095,0.0956543008695705,0.002190190166706185,3안 (MSTL)
ELEC_2-17-6,8,block_6h,seasonal_naive,0.04857856053056572,0.040043481533259,0.01311222620055601,0.0003220392241351304,0.10000000000127329,0.00390342734913518,4안 (Seasonal Naive)
ELEC_2-17-6,8,block_24h,baseline,0.010929064207163304,0.03392287343339513,0.013958390305243368,0.00032080045320390327,,0.0031873253157531645,기존안 (대치+선형)
ELEC_2-17-6,8,block_24h,pchip,0.010929064207163304,0.03409054527787119,0.013872374214074262,0.00028284927954934266,,0.0032832194541522197,1안 (PCHIP)
ELEC_2-17-6,8,block_24h,stl,0.010626582628763188,0.03674508744603384,0.012534092451279052,0.001021109159018441,,0.002192765120670237,2안 (STL)
ELEC_2-17-6,8,block_24h,mstl,0.028643247207803337,0.03734272037045366,0.012427762982569925,0.0009804335024094213,,0.0021768110868509716,3안 (MSTL)
ELEC_2-17-6,8,block_24h,seasonal_naive,0.08618455649231663,0.04007618676199016,0.013339728026928996,0.00038898464361184653,,0.003972193114972433,4안 (Seasonal Naive)
ELEC_2-17-6,9,random,baseline,0.05834100750346675,0.02948238530995794,0.015286432625349964,0.0006825987823718346,0.1111588081659867,0.005735572805205313,기존안 (대치+선형)
ELEC_2-17-6,9,random,pchip,0.06038639287913864,0.029784606360427505,0.015079791928649043,0.0006169896051927715,0.10999497397428669,0.006080101644116875,1안 (PCHIP)
ELEC_2-17-6,9,random,stl,0.06824171423513861,0.038172349493201696,0.012559985841678644,0.002529176547102246,0.19420043370610462,0.0064802311833013215,2안 (STL)
ELEC_2-17-6,9,random,mstl,0.0529651178024444,0.03997328431635968,0.01215841961673404,0.002317014315624773,0.16284322205738802,0.004628685194118964,3안 (MSTL)
ELEC_2-17-6,9,random,seasonal_naive,0.07812228412721352,0.047964082406299714,0.018710468903910083,0.00015933115230440376,0.20582822196995135,0.009835837373864842,4안 (Seasonal Naive)
ELEC_2-17-6,9,block_6h,baseline,0.06219218494208201,0.03392643502281826,0.013950146847529828,0.000325937619621501,0.17614137857003787,0.0031591475602072983,기존안 (대치+선형)
ELEC_2-17-6,9,block_6h,pchip,0.06057291728851946,0.03409414290066013,0.01386836653217365,0.0002841525544272286,0.16650694677628528,0.0032607615284772073,1안 (PCHIP)
ELEC_2-17-6,9,block_6h,stl,0.05677166668332023,0.03674415747068355,0.012510010912712437,0.0010165580619022733,0.16072732600381048,0.0022063158870946342,2안 (STL)
ELEC_2-17-6,9,block_6h,mstl,0.05571055763838362,0.03733422999048778,0.01240996385894334,0.0009672958126572188,0.12269733418335241,0.002167155429394718,3안 (MSTL)
ELEC_2-17-6,9,block_6h,seasonal_naive,0.06645800679120917,0.04004881836974649,0.013077278058421583,0.0003292232796371169,0.17058722109206245,0.003950705597026927,4안 (Seasonal Naive)
ELEC_2-17-6,9,block_24h,baseline,0.008416538635653089,0.03392431027398792,0.013956898095026243,0.0003221084130523889,,0.0032136788304454322,기존안 (대치+선형)
ELEC_2-17-6,9,block_24h,pchip,0.008689505152559342,0.03409198211846398,0.013871067343512246,0.0002804934188535131,,0.003309806567765028,1안 (PCHIP)
ELEC_2-17-6,9,block_24h,stl,0.009216733469567895,0.036745259557470496,0.01252826214833152,0.0010173679219354478,,0.0022040672842856823,2안 (STL)
ELEC_2-17-6,9,block_24h,mstl,0.026617132729447573,0.03734459777771811,0.012435887360092178,0.0009785164237800272,,0.0021892283610317476,3안 (MSTL)
ELEC_2-17-6,9,block_24h,seasonal_naive,0.08172616879963417,0.04007212255574196,0.01334089761643441,0.00038375054603184753,,0.003961174967836767,4안 (Seasonal Naive)
ELEC_2-12-2,0,random,baseline,0.07247250735823739,0.026188351474756098,0.0311235051377305,0.0005693830629880142,0.3139492565124031,0.004220508347732799,기존안 (대치+선형)
ELEC_2-12-2,0,random,pchip,0.07256238981531893,0.026423630802757662,0.030411221811784437,0.000522912417940833,0.3140701146679026,0.004314997734812476,1안 (PCHIP)
ELEC_2-12-2,0,random,stl,0.07752225498593882,0.032600381345294624,0.029284053425787413,0.0016896919351506406,0.3412908021841611,0.0050465831760660995,2안 (STL)
ELEC_2-12-2,0,random,mstl,0.07539335824186831,0.03380094737198681,0.031589900781954144,0.001419947216685945,0.3263520891783105,0.004140205941375319,3안 (MSTL)
ELEC_2-12-2,0,random,seasonal_naive,0.09078355511036079,0.039736202909364846,0.025744498247162045,0.00034823404744884477,0.3482585930297422,0.005840709837290237,4안 (Seasonal Naive)
ELEC_2-12-2,0,block_6h,baseline,0.07224728139975625,0.030357860488028576,0.016860008749860298,0.0002129977804877012,0.2011981550348008,0.0015651582848408285,기존안 (대치+선형)
ELEC_2-12-2,0,block_6h,pchip,0.07258407431144805,0.030495659815728524,0.0167552738952242,0.0001877378318712614,0.20198469784588816,0.001613395557661934,1안 (PCHIP)
ELEC_2-12-2,0,block_6h,stl,0.07028927014222279,0.03253022256546,0.016279120421361575,0.0006797315764764035,0.19850061026342528,0.0012158517571703165,2안 (STL)
ELEC_2-12-2,0,block_6h,mstl,0.0672876974046148,0.03293780241233108,0.01669648412388269,0.0005451832450169202,0.1862159602068995,0.001282737519239019,3안 (MSTL)
ELEC_2-12-2,0,block_6h,seasonal_naive,0.07842193570678962,0.034957715834096896,0.016980149723510887,0.00014163489694412335,0.20982135258355816,0.002073704392159703,4안 (Seasonal Naive)
ELEC_2-12-2,0,block_24h,baseline,0.0862477163893319,0.030330754684413062,0.01682027152145936,0.0002370819248978081,0.27706273986589774,0.0014898144979293981,기존안 (대치+선형)
ELEC_2-12-2,0,block_24h,pchip,0.08749355279742779,0.030468548468518267,0.016718219162570814,0.00021303255589146417,0.280629309469384,0.0015339513258990634,1안 (PCHIP)
ELEC_2-12-2,0,block_24h,stl,0.07924131025746323,0.03251740993252714,0.016271736300960016,0.0007093647969993809,0.2562470726151507,0.001161329483627127,2안 (STL)
ELEC_2-12-2,0,block_24h,mstl,0.09930745162599515,0.03291319600467649,0.016605012677950667,0.0005516537148128168,0.30475990287635074,0.0012371041163503627,3안 (MSTL)
ELEC_2-12-2,0,block_24h,seasonal_naive,0.07896025723249887,0.034935889541282496,0.016923410194325077,0.00013030295703552695,0.24743124746528,0.0018355896664729032,4안 (Seasonal Naive)
ELEC_2-12-2,1,random,baseline,0.03275031884276886,0.02642800341234163,0.018048434298366167,0.0005610947204301793,0.10858818666189841,0.0017675220034630845,기존안 (대치+선형)
ELEC_2-12-2,1,random,pchip,0.03293471169033117,0.026660665296263174,0.017811758931370845,0.0005142488807809699,0.10895013895885981,0.0018370840676110722,1안 (PCHIP)
ELEC_2-12-2,1,random,stl,0.04651202057651693,0.032806753180896875,0.017586956393016644,0.0016633367043446033,0.17649059288082675,0.002305989469526093,2안 (STL)
ELEC_2-12-2,1,random,mstl,0.04417075135883842,0.03397179309433025,0.018142132121592814,0.001415987373354247,0.14975884390682173,0.001793052219017488,3안 (MSTL)
ELEC_2-12-2,1,random,seasonal_naive,0.0636281624728106,0.03974188185075542,0.02063168501486367,0.00016195068529827663,0.1893136914746027,0.003418081489166669,4안 (Seasonal Naive)
ELEC_2-12-2,1,block_6h,baseline,0.035903189816936784,0.030360956075097142,0.01683169173815756,0.0002074563415190116,0.16351351351295307,0.0015320516663426265,기존안 (대치+선형)
ELEC_2-12-2,1,block_6h,pchip,0.03475358458385098,0.0304987637181892,0.01672630208535237,0.0001821592915628081,0.15898268611878763,0.0015779262329471688,1안 (PCHIP)
ELEC_2-12-2,1,block_6h,stl,0.033705196456300754,0.032540656917945346,0.016252736304267355,0.0006710765219195973,0.15737643332140505,0.0011751281872729447,2안 (STL)
ELEC_2-12-2,1,block_6h,mstl,0.035760501847434505,0.03294204086724186,0.016689938434009052,0.0005428173395142088,0.15569040769935913,0.0012359291221699653,3안 (MSTL)
ELEC_2-12-2,1,block_6h,seasonal_naive,0.08050189783824387,0.03498070528358176,0.017007877146782632,0.000167095793934221,0.1700000000000728,0.0020782911630339296,4안 (Seasonal Naive)
ELEC_2-12-2,1,block_24h,baseline,0.2430622308881268,0.030292605504969348,0.0241994129913844,0.000301768682390765,0.08763806168080472,0.0017252158413322283,기존안 (대치+선형)
ELEC_2-12-2,1,block_24h,pchip,0.25189230475885654,0.03043041415223579,0.02421238007369931,0.00030481675884956686,0.09108690008775298,0.0018047686020516984,1안 (PCHIP)
ELEC_2-12-2,1,block_24h,stl,0.12511576433281005,0.03253989609954666,0.01608762140346047,0.0006477148773058345,0.12453095035145789,0.0012709725945041495,2안 (STL)
ELEC_2-12-2,1,block_24h,mstl,0.135907561025981,0.0329226413120231,0.01687358262777359,0.0005834848589289355,0.11329008488736717,0.0013480750398913166,3안 (MSTL)
ELEC_2-12-2,1,block_24h,seasonal_naive,0.13180109171694415,0.03499486842656785,0.0166891517832708,0.000160686736087316,0.15935834451705178,0.0021033444325438966,4안 (Seasonal Naive)
ELEC_2-12-2,2,random,baseline,0.032145913047570196,0.026433995590753524,0.017960729284483556,0.0005395890536363874,0.09867637695223935,0.0022685976824271537,기존안 (대치+선형)
ELEC_2-12-2,2,random,pchip,0.03218558057404304,0.02667762246888504,0.01763812361254429,0.00048779120341859377,0.0980405199848358,0.0023855361986243606,1안 (PCHIP)
ELEC_2-12-2,2,random,stl,0.04789050821483633,0.03286711146782054,0.01742324957570266,0.0016932309029220613,0.17457886529280284,0.003068165008139667,2안 (STL)
ELEC_2-12-2,2,random,mstl,0.044584449697466055,0.03409158800906577,0.018106977861770675,0.001413408876530569,0.14366083554601974,0.002493076393799365,3안 (MSTL)
ELEC_2-12-2,2,random,seasonal_naive,0.06473779101116033,0.03979730284504247,0.020825184368482633,0.0001498529695857697,0.18846778309079518,0.004625457315352355,4안 (Seasonal Naive)
ELEC_2-12-2,2,block_6h,baseline,0.19580395601022857,0.03032933448676158,0.01660685457291989,0.0002545066432814017,0.23385931602847934,0.001590168902591782,기존안 (대치+선형)
ELEC_2-12-2,2,block_6h,pchip,0.1967929083006501,0.030467136586258898,0.016505752649396226,0.00023071948781953983,0.2349132536937241,0.001635509053999007,1안 (PCHIP)
ELEC_2-12-2,2,block_6h,stl,0.2141037614530111,0.03252148283922364,0.01599999547621488,0.0007303204061150699,0.25578749303700354,0.0014068817421807323,2안 (STL)
ELEC_2-12-2,2,block_6h,mstl,0.19159531439188918,0.03291001868254583,0.016438642384972068,0.0005893954479403342,0.22621773005205573,0.0013365183113379642,3안 (MSTL)
ELEC_2-12-2,2,block_6h,seasonal_naive,0.23567279577130887,0.03493164744048483,0.01669732435589273,9.604094102529584e-05,0.2817942511833734,0.0021127594538375982,4안 (Seasonal Naive)
ELEC_2-12-2,2,block_24h,baseline,0.0794774601171236,0.030321723114972617,0.01731397002437703,0.00023586333194850287,0.22269560690176224,0.00155282081907826,기존안 (대치+선형)
ELEC_2-12-2,2,block_24h,pchip,0.0794774601171236,0.03045951689907782,0.01720887022424922,0.00021504568357364945,0.22269560690176224,0.0016042871717585339,1안 (PCHIP)
ELEC_2-12-2,2,block_24h,stl,0.05869686784644399,0.032554326477468434,0.01634828109195433,0.0006730609817773456,0.13145111989547575,0.0011994950993975406,2안 (STL)
ELEC_2-12-2,2,block_24h,mstl,0.06075110301710058,0.03292042545463336,0.016793772431972182,0.0005588934268823626,0.14316461173994985,0.0012613141084998336,3안 (MSTL)
ELEC_2-12-2,2,block_24h,seasonal_naive,0.07607105596450729,0.03494800005485036,0.017027780766450448,0.00019282187218285044,0.10677078252031008,0.00207160259639827,4안 (Seasonal Naive)
ELEC_2-12-2,3,random,baseline,0.03179860861033131,0.026561516130081224,0.018311628613430313,0.0005164630054167885,0.09785303920317243,0.0022248652037288874,기존안 (대치+선형)
ELEC_2-12-2,3,random,pchip,0.031956798948461845,0.026796406884609242,0.018003790689170542,0.0004647799261101368,0.09772886591194102,0.0022844839458813215,1안 (PCHIP)
ELEC_2-12-2,3,random,stl,0.04621689098746836,0.033157815458900265,0.01792343783465446,0.0016743872652258496,0.17364296149577604,0.0033847144407957996,2안 (STL)
ELEC_2-12-2,3,random,mstl,0.042602495760780415,0.03429637795592648,0.018511601827334623,0.001456607764464001,0.14344799902614286,0.002629109104501093,3안 (MSTL)
ELEC_2-12-2,3,random,seasonal_naive,0.06515731984717682,0.040324247027206335,0.021337736984410726,0.00013309988103044147,0.19231355448780096,0.005169280401424725,4안 (Seasonal Naive)
ELEC_2-12-2,3,block_6h,baseline,0.0349527780967562,0.030365444121581976,0.016874251706549055,0.00020302545065565793,,0.0015378038543609751,기존안 (대치+선형)
ELEC_2-12-2,3,block_6h,pchip,0.04890826628876626,0.030503237905687177,0.016784619516562706,0.00017614566202559691,,0.0015874077314919077,1안 (PCHIP)
ELEC_2-12-2,3,block_6h,stl,0.02981117899425335,0.03254531040962439,0.016295516725654845,0.0006609856942866028,,0.0011963336218587806,2안 (STL)
ELEC_2-12-2,3,block_6h,mstl,0.04164598568918593,0.03294618152564409,0.01672631207559211,0.0005483074679634879,,0.0012322484405500322,3안 (MSTL)
ELEC_2-12-2,3,block_6h,seasonal_naive,0.0994987437107467,0.034983578964767253,0.0170036790440707,0.00016937387072584714,,0.0019567667543083367,4안 (Seasonal Naive)
ELEC_2-12-2,3,block_24h,baseline,0.0892017065108333,0.030317207330252376,0.01680919882587,0.00023650665962508162,0.2501176193901893,0.001487301052513268,기존안 (대치+선형)
ELEC_2-12-2,3,block_24h,pchip,0.08920170651083173,0.03045500111435758,0.01670169075565919,0.00021518497877566736,0.25011761939018556,0.001532067544137261,1안 (PCHIP)
ELEC_2-12-2,3,block_24h,stl,0.08356636228369861,0.032507844680722944,0.016245581143167362,0.0007179633843515804,0.23558486581454113,0.0011515377252164782,2안 (STL)
ELEC_2-12-2,3,block_24h,mstl,0.10157404510966096,0.03290607628406895,0.01661424448308199,0.0005598989199237046,0.27209428367436256,0.0012379484391652484,3안 (MSTL)
ELEC_2-12-2,3,block_24h,seasonal_naive,0.08391463916782894,0.0349202895577035,0.016917427682018735,0.00011907062766083155,0.23076457176460557,0.001850115437252331,4안 (Seasonal Naive)
ELEC_2-12-2,4,random,baseline,0.07623012658530604,0.026172010678558746,0.03485002140317776,0.000616890056878865,0.31437423664370145,0.004668332711310619,기존안 (대치+선형)
ELEC_2-12-2,4,random,pchip,0.07628938736884903,0.02640854875483334,0.03415920926994373,0.00057241406923405,0.314282827719381,0.004692325737084224,1안 (PCHIP)
ELEC_2-12-2,4,random,stl,0.08351277420487849,0.03264559946232881,0.032612377756258026,0.0017178200165992473,0.3440826767515676,0.006053712374420983,2안 (STL)
ELEC_2-12-2,4,random,mstl,0.08117625360446652,0.033769533680576336,0.0342946315926616,0.0014991150157482953,0.3303458338609854,0.00552355163045104,3안 (MSTL)
ELEC_2-12-2,4,random,seasonal_naive,0.09416582031419587,0.039811192304112224,0.027957775843631336,0.00021598379473147604,0.34773918922706554,0.008665464519082455,4안 (Seasonal Naive)
ELEC_2-12-2,4,block_6h,baseline,0.012583057392302179,0.03036605991040755,0.016841762756942345,0.00020526733864835133,,0.001530698661771912,기존안 (대치+선형)
ELEC_2-12-2,4,block_6h,pchip,0.012583057392302179,0.03050385369451275,0.016737752382844712,0.00017856329839362813,,0.0015777519493965775,1안 (PCHIP)
ELEC_2-12-2,4,block_6h,stl,0.048438279553926704,0.032551489236025494,0.016298369380774686,0.0006606324226838219,,0.0011699478277841235,2안 (STL)
ELEC_2-12-2,4,block_6h,mstl,0.06602956460882482,0.032946749143519645,0.01673489701089256,0.0005582204465303484,,0.001242077474783776,3안 (MSTL)
ELEC_2-12-2,4,block_6h,seasonal_naive,0.12834415538785873,0.034985631594185544,0.017073453625063562,0.0001871238061094173,,0.0020129179055472513,4안 (Seasonal Naive)
ELEC_2-12-2,4,block_24h,baseline,0.08976101731754187,0.030310200078100286,0.016142439419084876,0.0002278442309384558,0.08991459280223704,0.0015653264498534103,기존안 (대치+선형)
ELEC_2-12-2,4,block_24h,pchip,0.10080739636239931,0.0304480148896225,0.01576214320043251,0.0002303835247717614,0.10419175509155432,0.0016332566406171978,1안 (PCHIP)
ELEC_2-12-2,4,block_24h,stl,0.08859624323294384,0.032524008568142665,0.016363026881252626,0.0006765293747284062,0.12417067398549302,0.0012483403735423781,2안 (STL)
ELEC_2-12-2,4,block_24h,mstl,0.07824046366395411,0.032928985188952924,0.016351717289182485,0.0005897566100873843,0.09901225286490153,0.0012730114106435098,3안 (MSTL)
ELEC_2-12-2,4,block_24h,seasonal_naive,0.12658166007232566,0.034981115809465335,0.01715293819543569,0.0001281116899012461,0.17029386365925647,0.002079532003978146,4안 (Seasonal Naive)
ELEC_2-12-2,5,random,baseline,0.035700120480529465,0.026356349751436615,0.01791851847979403,0.000498985545303003,0.10138965983062355,0.0020931780569432012,기존안 (대치+선형)
ELEC_2-12-2,5,random,pchip,0.03597685853813128,0.026596810653668194,0.017596871068313934,0.000445797952029694,0.1014012563574162,0.0021436771040842517,1안 (PCHIP)
ELEC_2-12-2,5,random,stl,0.045623217346919036,0.03273785780191567,0.017799356171678486,0.00165724366643554,0.1682208553753904,0.0025497710328713508,2안 (STL)
ELEC_2-12-2,5,random,mstl,0.04501129805018541,0.034060055783816344,0.018597463473035633,0.0014331744710300504,0.14217876325743337,0.0025343942842022127,3안 (MSTL)
ELEC_2-12-2,5,random,seasonal_naive,0.06367260072769264,0.03972306608108777,0.020750320297700468,0.00011951085478259461,0.1832384869101181,0.0035776373465603584,4안 (Seasonal Naive)
ELEC_2-12-2,5,block_6h,baseline,0.042210860649344026,0.030352444135266266,0.01677983955339468,0.00020624331826467457,0.10834411176737437,0.0015024952545492631,기존안 (대치+선형)
ELEC_2-12-2,5,block_6h,pchip,0.04298027012399822,0.030490278804741772,0.016637959694368404,0.00018176965256023418,0.11702629815280882,0.00154982842509499,1안 (PCHIP)
ELEC_2-12-2,5,block_6h,stl,0.052944899397813557,0.03253549040034884,0.01618092529254686,0.0006722063273022036,0.13469956566001998,0.0011748497568762062,2안 (STL)
ELEC_2-12-2,5,block_6h,mstl,0.14278737733370933,0.03296853939749744,0.01700828138358903,0.0005362548726735993,0.13055727570597514,0.0013309214996938268,3안 (MSTL)
ELEC_2-12-2,5,block_6h,seasonal_naive,1.0003180049919707,0.03520279978664013,0.023783124359214765,0.00019607132209900993,0.16441816606858997,0.0043813101153654666,4안 (Seasonal Naive)
ELEC_2-12-2,5,block_24h,baseline,0.0939778138813559,0.03031436337680315,0.016275379649787924,0.0002304153176329138,0.10006725943854476,0.0015760449486384998,기존안 (대치+선형)
ELEC_2-12-2,5,block_24h,pchip,0.09209814412225228,0.0304521720240696,0.01645569742801445,0.00020359904190840714,0.09560504084124011,0.0016218869566227978,1안 (PCHIP)
ELEC_2-12-2,5,block_24h,stl,0.08076708337785633,0.03251576361216415,0.016150561548677046,0.0006272957736864683,0.10361606752536463,0.0012624562772823866,2안 (STL)
ELEC_2-12-2,5,block_24h,mstl,0.07966354002378946,0.032932956108904725,0.01625030751434186,0.0005823470984507989,0.10331179175396804,0.0012865157137256222,3안 (MSTL)
ELEC_2-12-2,5,block_24h,seasonal_naive,0.12759255899585298,0.034966952666479166,0.016591767029643947,0.0001996046418271371,0.15857921812472375,0.0021331374123304547,4안 (Seasonal Naive)
ELEC_2-12-2,6,random,baseline,0.046189473144855706,0.02628260884886495,0.017719772479617032,0.0005573146149529917,0.10463068577222914,0.003094138599592955,기존안 (대치+선형)
ELEC_2-12-2,6,random,pchip,0.04625561792953351,0.02652203687557371,0.017526757565502874,0.0005098360095860486,0.1045533318121081,0.003097213439547164,1안 (PCHIP)
ELEC_2-12-2,6,random,stl,0.05721852852215713,0.032794461469380656,0.01696019486963539,0.0017360069337916955,0.17731051154016605,0.0036366671365971603,2안 (STL)
ELEC_2-12-2,6,random,mstl,0.04607067841688257,0.034128162371502305,0.01840444786470543,0.00146470284831387,0.14933781060236515,0.002611263791469476,3안 (MSTL)
ELEC_2-12-2,6,random,seasonal_naive,0.06475045162329868,0.0398161357199596,0.02069492524341188,9.817411507597093e-05,0.1900664747673975,0.004772785540461899,4안 (Seasonal Naive)
ELEC_2-12-2,6,block_6h,baseline,0.016336826248679687,0.030367030748645836,0.016828976740788093,0.00020577665413400083,,0.0015321122155982358,기존안 (대치+선형)
ELEC_2-12-2,6,block_6h,pchip,0.02125847812541444,0.030504858557951695,0.01671206005227443,0.00018137052566384907,,0.0015804141362655288,1안 (PCHIP)
ELEC_2-12-2,6,block_6h,stl,0.011764788899946695,0.032543150556500935,0.01627432979097386,0.0006636321972294233,,0.0012048866029253924,2안 (STL)
ELEC_2-12-2,6,block_6h,mstl,0.012014869800419737,0.032945503856851015,0.016693167333906335,0.0005399652566166059,,0.0012435002976574072,3안 (MSTL)
ELEC_2-12-2,6,block_6h,seasonal_naive,0.058996233401442125,0.03498104738848471,0.017000250767902163,0.00016465201180588523,,0.001953377409630197,4안 (Seasonal Naive)
ELEC_2-12-2,6,block_24h,baseline,0.09422968596191388,0.03034163362032993,0.016681075997769263,0.0002428119843713247,0.027727654606286643,0.0015361027156022278,기존안 (대치+선형)
ELEC_2-12-2,6,block_24h,pchip,0.12239408186306502,0.030479427404435135,0.0170783705307924,0.0002547619807333813,0.028273660742861605,0.0015883554274422895,1안 (PCHIP)
ELEC_2-12-2,6,block_24h,stl,0.09807514288100153,0.03257337832198031,0.017210817784311386,0.0005572256641477658,0.03740322899551987,0.0013288322628675076,2안 (STL)
ELEC_2-12-2,6,block_24h,mstl,0.08978088285825925,0.032964051677952536,0.01730248081109342,0.0005550513579408896,0.025669320429271017,0.001290255851442046,3안 (MSTL)
ELEC_2-12-2,6,block_24h,seasonal_naive,0.1556215137940617,0.03499035264184757,0.018402618542872274,0.0002956295128571764,0.10529719844323922,0.002218621990659919,4안 (Seasonal Naive)
ELEC_2-12-2,7,random,baseline,0.0324399221577815,0.026428688566265953,0.018372086281548416,0.0005336900800698003,0.1012692684459957,0.0022783038860637594,기존안 (대치+선형)
ELEC_2-12-2,7,random,pchip,0.032529793136006145,0.026664458572061334,0.01813371464576977,0.00048098814226881577,0.10030780230589793,0.002371119354603546,1안 (PCHIP)
ELEC_2-12-2,7,random,stl,0.051615355864772526,0.03294033177671113,0.0185070130412141,0.001635345584271741,0.1870810952517978,0.0028867028386406757,2안 (STL)
ELEC_2-12-2,7,random,mstl,0.04347036173320792,0.03407213266992136,0.018956910516885514,0.001401559414766732,0.14558431961127705,0.002328606358691254,3안 (MSTL)
ELEC_2-12-2,7,random,seasonal_naive,0.06872458015494409,0.03975070815725177,0.02194460348296729,0.00017076042266583646,0.18504190233018666,0.004831136376826861,4안 (Seasonal Naive)
ELEC_2-12-2,7,block_6h,baseline,0.028646913370400595,0.030365272144522636,0.01684528035693289,0.00020483209730313154,,0.0015164139445784652,기존안 (대치+선형)
ELEC_2-12-2,7,block_6h,pchip,0.02906033414899225,0.030503082559412066,0.01674360112251331,0.00017806874840109257,,0.0015621382116715044,1안 (PCHIP)
ELEC_2-12-2,7,block_6h,stl,0.016721148600948737,0.032542963887028514,0.016272950783382166,0.0006653992321113359,,0.0011875960368640248,2안 (STL)
ELEC_2-12-2,7,block_6h,mstl,0.015636355625459224,0.03294048788475717,0.016690378005050847,0.0005422395805200149,,0.0012421878719293122,3안 (MSTL)
ELEC_2-12-2,7,block_6h,seasonal_naive,0.014043582955285646,0.034962231618817036,0.016946542262287454,0.00015401234062203698,,0.0019723551942266715,4안 (Seasonal Naive)
ELEC_2-12-2,7,block_24h,baseline,0.1419189943518929,0.030276770530712174,0.01684706516394999,0.00031014386975926296,0.19232529756095257,0.0016786355256495078,기존안 (대치+선형)
ELEC_2-12-2,7,block_24h,pchip,0.15035983391437782,0.03041456431481738,0.01698911085370078,0.0002995129028931658,0.20652389921533265,0.0017241313513074452,1안 (PCHIP)
ELEC_2-12-2,7,block_24h,stl,0.11300113926441056,0.032495191726304114,0.016518405548486,0.0007573278832776932,0.15514750634115956,0.0012924626782671034,2안 (STL)
ELEC_2-12-2,7,block_24h,mstl,0.1127344506096679,0.032875116778599583,0.016816908039737795,0.0006388788055406703,0.15383126735121094,0.001349527879717316,3안 (MSTL)
ELEC_2-12-2,7,block_24h,seasonal_naive,0.13869236095637988,0.034943381638659225,0.017404551743514154,7.445879713085976e-05,0.18937845054510818,0.0019924232538615083,4안 (Seasonal Naive)
ELEC_2-12-2,8,random,baseline,0.03469724069361237,0.02649953730320541,0.017741003966250102,0.0005117481079066454,0.09725033002608036,0.0020770200826433216,기존안 (대치+선형)
ELEC_2-12-2,8,random,pchip,0.03480259878635991,0.026728367838943657,0.017480814899305065,0.00046658305377497635,0.09657450126133547,0.0021057644327360237,1안 (PCHIP)
ELEC_2-12-2,8,random,stl,0.04540943713477335,0.0330205042138064,0.01721343693141215,0.001683976113630542,0.17221292047376202,0.0023674580312913474,2안 (STL)
ELEC_2-12-2,8,random,mstl,0.04181291230931943,0.03419810887252169,0.017694841400462118,0.0014592708020046985,0.14245986884262013,0.0021365059499721673,3안 (MSTL)
ELEC_2-12-2,8,random,seasonal_naive,0.06299480109101746,0.03992778165506709,0.02093457217903517,7.138763351133742e-05,0.186426581071121,0.004072845670881731,4안 (Seasonal Naive)
ELEC_2-12-2,8,block_6h,baseline,0.13208111303487177,0.03035939163862164,0.017252079060354062,0.00019310970108923326,,0.0015920440103247557,기존안 (대치+선형)
ELEC_2-12-2,8,block_6h,pchip,0.13778979910963926,0.03049723808687689,0.01713661666078044,0.00016962831886684619,,0.001646514795851317,1안 (PCHIP)
ELEC_2-12-2,8,block_6h,stl,0.04671970056942271,0.03255463378150844,0.016261381221544,0.0006635694664297118,,0.0012037298179098377,2안 (STL)
ELEC_2-12-2,8,block_6h,mstl,0.040206042760264224,0.03294649047837127,0.016756488223327533,0.0005476091005614638,,0.0012575194562041148,3안 (MSTL)
ELEC_2-12-2,8,block_6h,seasonal_naive,0.0386221007541024,0.03496428424823537,0.016928624789941844,0.0001563034275195009,,0.0019622407796057173,4안 (Seasonal Naive)
ELEC_2-12-2,8,block_24h,baseline,0.2493364950011436,0.03029237051429112,0.025269573474806142,0.00031918646153127636,0.08751897109069828,0.001711162217578166,기존안 (대치+선형)
ELEC_2-12-2,8,block_24h,pchip,0.272292847560435,0.030430154328461745,0.02785922485769188,0.0003627773015739744,0.09437184358182596,0.001777101780183199,1안 (PCHIP)
ELEC_2-12-2,8,block_24h,stl,0.12049122809047305,0.0325289550068053,0.016164796477433446,0.0006403015261154801,0.11663647707727011,0.0012246294561087945,2안 (STL)
ELEC_2-12-2,8,block_24h,mstl,0.13586525487090217,0.032926139811923154,0.01711894134315952,0.0005724088176212512,0.10793968521874217,0.0013157788472374365,3안 (MSTL)
ELEC_2-12-2,8,block_24h,seasonal_naive,0.1296335647550899,0.03499281579714958,0.01668052084638033,0.00016334572472392596,0.1551044069302468,0.0020729905044283292,4안 (Seasonal Naive)
ELEC_2-12-2,9,random,baseline,0.03268779213453349,0.026330496273011133,0.018450989115393224,0.0005062656562395555,0.09485652231936849,0.0020867648288228624,기존안 (대치+선형)
ELEC_2-12-2,9,random,pchip,0.0329544162799299,0.026579884999036775,0.01819970595122236,0.0004518878079368893,0.09508935277617728,0.0021667020817449645,1안 (PCHIP)
ELEC_2-12-2,9,random,stl,0.04677076604647375,0.032998349419606596,0.01766185574062969,0.0016823269411868592,0.16644125596882592,0.0029263470554361515,2안 (STL)
ELEC_2-12-2,9,random,mstl,0.04368263910467405,0.03422118331730031,0.01825607849779864,0.0014342284199820952,0.138983372558009,0.002593058214087729,3안 (MSTL)
ELEC_2-12-2,9,random,seasonal_naive,0.06608093376461215,0.04028877074876558,0.021179177532524608,0.00017651736549611976,0.18189738887364026,0.004517193638213679,4안 (Seasonal Naive)
ELEC_2-12-2,9,block_6h,baseline,0.02773480158964387,0.03036564938452389,0.016841229000469794,0.00020711860885675893,,0.0015365785383814057,기존안 (대치+선형)
ELEC_2-12-2,9,block_6h,pchip,0.023816020771867244,0.030503443168629095,0.016740265456044838,0.00018090748936675828,,0.0015825219701337545,1안 (PCHIP)
ELEC_2-12-2,9,block_6h,stl,0.019743196438392382,0.03254462840684358,0.016274739385715473,0.0006657221156267368,,0.0011901653905491694,2안 (STL)
ELEC_2-12-2,9,block_6h,mstl,0.023741372682735268,0.03294545909211535,0.016706316075245402,0.0005436648857279787,,0.001253684470072014,3안 (MSTL)
ELEC_2-12-2,9,block_6h,seasonal_naive,0.044884110031647585,0.03496688424549863,0.016979392615284944,0.00016386296895835441,,0.001991250510735232,4안 (Seasonal Naive)
ELEC_2-12-2,9,block_24h,baseline,0.08903443842724643,0.030325417847925522,0.01697709204479066,0.00022050121416170262,0.1702738648784253,0.0015780413534194349,기존안 (대치+선형)
ELEC_2-12-2,9,block_24h,pchip,0.0839634779915358,0.030463211632030727,0.016995956149730714,0.0001930200799779019,0.19957078153622299,0.0016314667627552737,1안 (PCHIP)
ELEC_2-12-2,9,block_24h,stl,0.05829942147346499,0.03252897992558958,0.01635269879080914,0.0006673564253744022,0.1459958259347098,0.0012311550800030435,2안 (STL)
ELEC_2-12-2,9,block_24h,mstl,0.06796061162631838,0.032941209939136455,0.01651660308495757,0.000579872922626968,0.12378666231560564,0.001248599714081755,3안 (MSTL)
ELEC_2-12-2,9,block_24h,seasonal_naive,0.07608018430868921,0.03495915267468968,0.016990418598438323,0.00019473411609610965,0.10677078252031008,0.002092277049529967,4안 (Seasonal Naive)
ELEC_3-12-3,0,random,baseline,0.02241980191510309,0.019326495767085127,0.020378320709519948,0.00047562915191145687,0.06661962400666982,0.004824485432151415,기존안 (대치+선형)
ELEC_3-12-3,0,random,pchip,0.022488074161137173,0.019502818420125894,0.020174069415605837,0.0004342352179638835,0.06623168313950703,0.005009533662388099,1안 (PCHIP)
ELEC_3-12-3,0,random,stl,0.035043389462603526,0.0240960601773366,0.019563417738010836,0.0014114403735003818,0.13215752904985534,0.005492991629516775,2안 (STL)
ELEC_3-12-3,0,random,mstl,0.03445155158435279,0.025171300159400483,0.020398353625021858,0.0011237776958112793,0.10788469357413855,0.004467581529961295,3안 (MSTL)
ELEC_3-12-3,0,random,seasonal_naive,0.09037768795876744,0.029776366024916484,0.04627971404506128,0.0002087972024664801,0.14493688617422917,0.016812161615169186,4안 (Seasonal Naive)
ELEC_3-12-3,0,block_6h,baseline,0.020586374105219893,0.022166297682133275,0.019260289984516652,0.000178896631845247,,0.0038325739814885074,기존안 (대치+선형)
ELEC_3-12-3,0,block_6h,pchip,0.026439929483381138,0.022270997010912508,0.019201462025008876,0.0001602484617037212,,0.003984308877224452,1안 (PCHIP)
ELEC_3-12-3,0,block_6h,stl,0.015994185245991225,0.0237636828557457,0.01850557208017,0.0005280716000179079,,0.0023616565226848296,2안 (STL)
ELEC_3-12-3,0,block_6h,mstl,0.02306512325092401,0.02407083047577914,0.018758102529192012,0.0004285281057092389,,0.0029054923689654233,3안 (MSTL)
ELEC_3-12-3,0,block_6h,seasonal_naive,0.010786937688299613,0.025378778548697245,0.018999811755130606,0.00010008085704911235,,0.002496336179647951,4안 (Seasonal Naive)
ELEC_3-12-3,0,block_24h,baseline,0.10388151775844133,0.02211067142489776,0.02091473832503842,0.00025207301745807097,0.1632841017786329,0.004126843845042472,기존안 (대치+선형)
ELEC_3-12-3,0,block_24h,pchip,0.11344422903724925,0.02221537075367699,0.021182274382203246,0.00023183935373492635,0.1772049322651128,0.004252236016987321,1안 (PCHIP)
ELEC_3-12-3,0,block_24h,stl,0.10488187015316298,0.023770356321877822,0.019749402107106767,0.0005889757270349344,0.15747258358566307,0.00287597563334685,2안 (STL)
ELEC_3-12-3,0,block_24h,mstl,0.09913387870395556,0.02403512560852923,0.02008299471359843,0.0004969340536848267,0.1514924352011246,0.0032304970207908124,3안 (MSTL)
ELEC_3-12-3,0,block_24h,seasonal_naive,0.12977009585331098,0.025370294347101717,0.02048455408349589,9.525082221407902e-05,0.16218375821447276,0.003050751563803966,4안 (Seasonal Naive)
ELEC_3-12-3,1,random,baseline,0.026953974185247725,0.019211407145919825,0.020743516359247993,0.00047078699281311904,0.09685505191370017,0.005747777738948412,기존안 (대치+선형)
ELEC_3-12-3,1,random,pchip,0.026870488476651147,0.019388528628375055,0.020442035895941534,0.00043242734508647647,0.09625543493218544,0.00591946973948998,1안 (PCHIP)
ELEC_3-12-3,1,random,stl,0.03872259935834502,0.02408468541325866,0.018588459838149527,0.0013693377147963467,0.15003271541048144,0.005971731104661093,2안 (STL)
ELEC_3-12-3,1,random,mstl,0.03737804513238231,0.025037767118982777,0.019072505875702313,0.0010726806406823638,0.1288138825153023,0.005851939332196965,3안 (MSTL)
ELEC_3-12-3,1,random,seasonal_naive,0.05302502810458159,0.029236661329868855,0.022709685086655756,0.00012246557838198536,0.16977222253782415,0.009198757613335107,4안 (Seasonal Naive)
ELEC_3-12-3,1,block_6h,baseline,0.07162583121727986,0.022157676638576505,0.01934208142976478,0.00018280787575566745,0.2371702007883599,0.0038459137040930402,기존안 (대치+선형)
ELEC_3-12-3,1,block_6h,pchip,0.06926840686828917,0.022262284739381587,0.019279225925927037,0.00016326918232141937,0.22831493226126623,0.004000162212170366,1안 (PCHIP)
ELEC_3-12-3,1,block_6h,stl,0.07146666478471121,0.023751882578529147,0.01857680375823917,0.0005340969900325606,0.23631880322690124,0.0023883524897343467,2안 (STL)
ELEC_3-12-3,1,block_6h,mstl,0.06626473915076592,0.024061687422881794,0.01882251050216745,0.0004272336056119882,0.2233126239104268,0.002908683238033394,3안 (MSTL)
ELEC_3-12-3,1,block_6h,seasonal_naive,0.07847504911328258,0.02537227855553946,0.01904305964057399,0.00010346762607146303,0.23951339558916487,0.002589808134052629,4안 (Seasonal Naive)
ELEC_3-12-3,1,block_24h,baseline,0.04872492969667314,0.022142078070603977,0.01939830473037157,0.00019299351120037153,0.163227037167774,0.003917277234974703,기존안 (대치+선형)
ELEC_3-12-3,1,block_24h,pchip,0.048915327869357345,0.022246778107152792,0.01934445582275981,0.0001689125136200206,0.16411048150917873,0.004074385036451855,1안 (PCHIP)
ELEC_3-12-3,1,block_24h,stl,0.04689869739391517,0.023749785369103753,0.018659791804088197,0.000542739935637184,0.1554217982063496,0.0024297406545567,2안 (STL)
ELEC_3-12-3,1,block_24h,mstl,0.041418763445890704,0.024062987472677533,0.01874418993538341,0.00042050905618898045,0.11843080493719757,0.0029831266338343765,3안 (MSTL)
ELEC_3-12-3,1,block_24h,seasonal_naive,0.04719116625852013,0.025371799608675073,0.019160873081263515,9.371138174935512e-05,0.1395628094363904,0.002690680172831361,4안 (Seasonal Naive)
ELEC_3-12-3,2,random,baseline,0.023110196256999567,0.01932041288643951,0.019951606325026617,0.00048104337496417235,0.08000538361415294,0.005442422999437424,기존안 (대치+선형)
ELEC_3-12-3,2,random,pchip,0.02296400521509917,0.019490007368998263,0.019704233355521444,0.00044079704342722366,0.07898301623810987,0.005572151294916394,1안 (PCHIP)
ELEC_3-12-3,2,random,stl,0.036342925147134254,0.024049905050411838,0.019002033805073405,0.001352302725707992,0.13913913337117667,0.005425893150123207,2안 (STL)
ELEC_3-12-3,2,random,mstl,0.03501296951864762,0.02508495713074753,0.01928125969716482,0.0010703256088958036,0.12046335901414908,0.004977194924606687,3안 (MSTL)
ELEC_3-12-3,2,random,seasonal_naive,0.051783761207469275,0.029293382322792993,0.023144186672370146,9.474993448322918e-05,0.1530007246662747,0.007766498999460469,4안 (Seasonal Naive)
ELEC_3-12-3,2,block_6h,baseline,0.010018751188419077,0.022164866389187566,0.01927308818846798,0.0001782083609224601,,0.003807138376648478,기존안 (대치+선형)
ELEC_3-12-3,2,block_6h,pchip,0.010393837245459779,0.022269568489764163,0.019216801716032444,0.00016015143803986304,,0.003958673264461865,1안 (PCHIP)
ELEC_3-12-3,2,block_6h,stl,0.00992857404701814,0.02376046169626093,0.01851425600897003,0.0005265255114491569,,0.002349891552503758,2안 (STL)
ELEC_3-12-3,2,block_6h,mstl,0.012836140999010173,0.024068698150122646,0.01876847242500723,0.00042072255846070477,,0.002883682279542721,3안 (MSTL)
ELEC_3-12-3,2,block_6h,seasonal_naive,0.009999999999997213,0.0253767943402596,0.018996444345456026,9.854141658440332e-05,,0.002493080785626489,4안 (Seasonal Naive)
ELEC_3-12-3,2,block_24h,baseline,0.06792145283185122,0.022122576675523777,0.01940561250991051,0.00021590702615850615,0.10471043988557825,0.004046104970673259,기존안 (대치+선형)
ELEC_3-12-3,2,block_24h,pchip,0.06703435724017853,0.02222727600430301,0.01948279038029911,0.00018929014501705766,0.08998128036233545,0.00419152888884744,1안 (PCHIP)
ELEC_3-12-3,2,block_24h,stl,0.08005112482992897,0.023733238639280365,0.018566486155032324,0.0005856202037788047,0.1256020813528363,0.0024610766692408914,2안 (STL)
ELEC_3-12-3,2,block_24h,mstl,0.062056813231460374,0.024045263463935044,0.01880824930493815,0.0004645847895921998,0.09593987898604422,0.003086323221527576,3안 (MSTL)
ELEC_3-12-3,2,block_24h,seasonal_naive,0.0846643700475904,0.025352162787240173,0.019129234020189144,0.00011199257389098551,0.1329562277238862,0.0027018580190553143,4안 (Seasonal Naive)
ELEC_3-12-3,3,random,baseline,0.023075037754746917,0.019311537829992544,0.02012810650712198,0.0004595965898480316,0.07868470721927193,0.005279838170432094,기존안 (대치+선형)
ELEC_3-12-3,3,random,pchip,0.023119985926929435,0.019483669921608528,0.019905371052692945,0.00042110679309934534,0.07838549948560718,0.0053981936563178845,1안 (PCHIP)
ELEC_3-12-3,3,random,stl,0.03543851567915297,0.02409711627126924,0.019147968889113475,0.0013146680066516317,0.13690262841083806,0.0053583160197770985,2안 (STL)
ELEC_3-12-3,3,random,mstl,0.03252395556105287,0.025038506308274987,0.01938297037630483,0.0010508042293651645,0.1130077916903556,0.004852188040861516,3안 (MSTL)
ELEC_3-12-3,3,random,seasonal_naive,0.04835174325581296,0.029084287806051382,0.022677246219795603,0.00017478253614388526,0.14815384044822338,0.0065575654970688735,4안 (Seasonal Naive)
ELEC_3-12-3,3,block_6h,baseline,0.021334952078193255,0.022163840074478403,0.01926999981968026,0.00017820746867207367,,0.0038203489340976615,기존안 (대치+선형)
ELEC_3-12-3,3,block_6h,pchip,0.021019118736342518,0.022268542175055,0.01921462048241726,0.00015998142714084137,,0.003972307195599378,1안 (PCHIP)
ELEC_3-12-3,3,block_6h,stl,0.022956732177645458,0.023761841333061504,0.018513145126234823,0.000527651553917639,,0.0023475928325948914,2안 (STL)
ELEC_3-12-3,3,block_6h,mstl,0.017439276870924576,0.02407094972250203,0.018772800132278153,0.00042339239950892586,,0.0028758348858146654,3안 (MSTL)
ELEC_3-12-3,3,block_6h,seasonal_naive,0.04006938426725799,0.02538151538792164,0.019029807965073146,0.00010172292687814192,,0.002480294788746118,4안 (Seasonal Naive)
ELEC_3-12-3,3,block_24h,baseline,0.08843219906469113,0.022104536186346828,0.02092138117539245,0.00020465473518445663,0.09284608482634539,0.003994292753734863,기존안 (대치+선형)
ELEC_3-12-3,3,block_24h,pchip,0.08904952565049405,0.022209246839439385,0.020856974754852837,0.00017709432794652666,0.09271022745557272,0.004131109114097309,1안 (PCHIP)
ELEC_3-12-3,3,block_24h,stl,0.08888658299388047,0.02376279348834044,0.019850503316819774,0.0005146591584630184,0.09613014339413123,0.0026392540435526968,2안 (STL)
ELEC_3-12-3,3,block_24h,mstl,0.09335445854934449,0.024031812752944862,0.020020164047481057,0.00047909788611167096,0.12224339108661877,0.003161688144650898,3안 (MSTL)
ELEC_3-12-3,3,block_24h,seasonal_naive,0.12763337250804527,0.02536434172178867,0.02049753368563275,9.74515948062469e-05,0.15518963731322727,0.0028569563254139396,4안 (Seasonal Naive)
ELEC_3-12-3,4,random,baseline,0.02169702937067868,0.019376953989203076,0.02005478958862401,0.0004318860364119236,0.06970330796822272,0.005010624864585034,기존안 (대치+선형)
ELEC_3-12-3,4,random,pchip,0.021830432428517295,0.019556462868026307,0.01990674310343927,0.00039131054915344973,0.07013044857595802,0.005291236364064256,1안 (PCHIP)
ELEC_3-12-3,4,random,stl,0.03516801614748428,0.024257660298106158,0.018928985119895703,0.0013346069979144257,0.1329717134993161,0.004590360378710967,2안 (STL)
ELEC_3-12-3,4,random,mstl,0.03340898726587797,0.025271147956288875,0.01899426058957208,0.0010721512920551135,0.1160798376814414,0.004563144836803867,3안 (MSTL)
ELEC_3-12-3,4,random,seasonal_naive,0.051130595819016564,0.029500287368155433,0.023244809695597612,0.0001205233337571355,0.15793875529371987,0.007576903613255914,4안 (Seasonal Naive)
ELEC_3-12-3,4,block_6h,baseline,0.040554527116844014,0.02215235089738307,0.01926951311394546,0.00017974513811333794,0.1499756493505031,0.0038600412074302204,기존안 (대치+선형)
ELEC_3-12-3,4,block_6h,pchip,0.04026845150388566,0.022257055769757044,0.01921161874950652,0.00016153151400473815,0.14906380758606833,0.004011302541782169,1안 (PCHIP)
ELEC_3-12-3,4,block_6h,stl,0.03881156220527548,0.023749706484181704,0.018511398198562998,0.0005316308632693271,0.14608691583945435,0.0023659437444730758,2안 (STL)
ELEC_3-12-3,4,block_6h,mstl,0.03491724074512927,0.02405770453604772,0.018767210260511084,0.0004259848592298854,0.12955989784632665,0.0028833709633021565,3안 (MSTL)
ELEC_3-12-3,4,block_6h,seasonal_naive,0.0578791845139716,0.02537638381437589,0.019024512477948223,0.0001049044371718468,0.13656500283750228,0.0024917398805222035,4안 (Seasonal Naive)
ELEC_3-12-3,4,block_24h,baseline,0.07405477159100209,0.022130379498526146,0.01909673800026804,0.00021002965227688008,0.1736241578195424,0.004047041048069855,기존안 (대치+선형)
ELEC_3-12-3,4,block_24h,pchip,0.07471431996757123,0.022235080242844544,0.019050347667201095,0.00018801269927636304,0.1746349817759055,0.0042074065762759405,1안 (PCHIP)
ELEC_3-12-3,4,block_24h,stl,0.07279345839811181,0.02374829545545536,0.01835514662269103,0.0005834425551257837,0.17095904107321475,0.0025307756807037007,2안 (STL)
ELEC_3-12-3,4,block_24h,mstl,0.0645987978799194,0.024064399875142417,0.018637162504517323,0.0004255520445456243,0.13942729350954797,0.0030849540294630717,3안 (MSTL)
ELEC_3-12-3,4,block_24h,seasonal_naive,0.1472196016538338,0.025434336384952162,0.019346355973904446,7.611133888037761e-05,0.1376094605627947,0.0032177641037667293,4안 (Seasonal Naive)
ELEC_3-12-3,5,random,baseline,0.023107486381521648,0.01924398823944331,0.020095810761321057,0.0004842617619048824,0.0772107597518798,0.005196412037556941,기존안 (대치+선형)
ELEC_3-12-3,5,random,pchip,0.023043832335374964,0.019418281240531937,0.01991901708250854,0.00044291243071025506,0.07602976267054942,0.0053526510873189714,1안 (PCHIP)
ELEC_3-12-3,5,random,stl,0.03602554739123953,0.024100245272092768,0.01888293792836168,0.0013720411109972759,0.13796744424251522,0.004859098218088276,2안 (STL)
ELEC_3-12-3,5,random,mstl,0.036085491841663216,0.02515927772822786,0.0191943793257375,0.0010775938728727942,0.1161636156287324,0.005895828529932534,3안 (MSTL)
ELEC_3-12-3,5,random,seasonal_naive,0.04809839490050878,0.029193231112426846,0.022626130983642273,0.00012948142550332336,0.14579866071727215,0.007199093551426783,4안 (Seasonal Naive)
ELEC_3-12-3,5,block_6h,baseline,0.009760246407805928,0.022165568748369138,0.019275239669606505,0.00017723162932876417,,0.0038353433003402992,기존안 (대치+선형)
ELEC_3-12-3,5,block_6h,pchip,0.01053521499241822,0.0222702139648561,0.01921879956798774,0.00015999819902143302,,0.003986624632618452,1안 (PCHIP)
ELEC_3-12-3,5,block_6h,stl,0.00797262686056061,0.023760986522130035,0.0185160787340171,0.0005256954090514134,,0.0023577441989982573,2안 (STL)
ELEC_3-12-3,5,block_6h,mstl,0.01152659838732588,0.024068764993025467,0.01876981479243364,0.0004227688188961656,,0.002896874808111183,3안 (MSTL)
ELEC_3-12-3,5,block_6h,seasonal_naive,0.009718253158066657,0.025376794340259575,0.01900188009102631,9.987559832048249e-05,,0.002497386188522799,4안 (Seasonal Naive)
ELEC_3-12-3,5,block_24h,baseline,0.0749572036263295,0.022128543456901795,0.018831057809750303,0.00021521511754675306,0.14332784582789593,0.00392204645922245,기존안 (대치+선형)
ELEC_3-12-3,5,block_24h,pchip,0.07594633402371362,0.022233249863376856,0.01878698307992105,0.00019010822979988095,0.1426452631833262,0.004075138949337198,1안 (PCHIP)
ELEC_3-12-3,5,block_24h,stl,0.07968211369572943,0.0237745885982039,0.018291641401574226,0.0005483650950950514,0.14992332707539116,0.002452659882073216,2안 (STL)
ELEC_3-12-3,5,block_24h,mstl,0.07097964028932409,0.0240512472150188,0.018434810721276226,0.0004447610782907302,0.11450009356102944,0.0029832714154051088,3안 (MSTL)
ELEC_3-12-3,5,block_24h,seasonal_naive,0.13589722423786046,0.025409841673893964,0.018391907840132154,0.00010941688706950465,0.19171551504684461,0.003043092513308032,4안 (Seasonal Naive)
ELEC_3-12-3,6,random,baseline,0.022652971281907335,0.01927055329606707,0.019784846238669506,0.0004779642286259486,0.07595571665242457,0.0055422604109033324,기존안 (대치+선형)
ELEC_3-12-3,6,random,pchip,0.022560839655804497,0.01944917919608027,0.019586731371039983,0.00043943646925560803,0.07466910260071978,0.005715349848059326,1안 (PCHIP)
ELEC_3-12-3,6,random,stl,0.03567840952165342,0.02412517252008856,0.018744490115863804,0.0013573562440354118,0.13574770390232052,0.005460818965522862,2안 (STL)
ELEC_3-12-3,6,random,mstl,0.033492737323382066,0.025113084724803312,0.018925234617851217,0.0010575663387174584,0.11325304151697331,0.005478572859793918,3안 (MSTL)
ELEC_3-12-3,6,random,seasonal_naive,0.04955080328502016,0.02931351519633886,0.02329516556588013,0.00015244254273088964,0.15059838273155057,0.0075744243093149866,4안 (Seasonal Naive)
ELEC_3-12-3,6,block_6h,baseline,0.042459130676138046,0.02215582927210002,0.019284917197925508,0.00018104070101497823,0.10945318633994246,0.0037811044476330213,기존안 (대치+선형)
ELEC_3-12-3,6,block_6h,pchip,0.042459130676133716,0.022260528600879254,0.019227948603983212,0.00016185921431074638,0.10945318633992972,0.003931848018330131,1안 (PCHIP)
ELEC_3-12-3,6,block_6h,stl,0.05188089375457596,0.02375133259206569,0.018528598375610657,0.0005343214987812364,0.1306791512199832,0.0022495482781230702,2안 (STL)
ELEC_3-12-3,6,block_6h,mstl,0.05304631016945846,0.024060618547496564,0.01878578549166041,0.00042389251185867923,0.13516576267508706,0.002881436010344518,3안 (MSTL)
ELEC_3-12-3,6,block_6h,seasonal_naive,0.05761462005814665,0.025371252240830224,0.019007302438366576,9.648237458583642e-05,0.13992855319768413,0.0024598404901235993,4안 (Seasonal Naive)
ELEC_3-12-3,6,block_24h,baseline,0.13160285082332515,0.022109850373130437,0.02084955715730497,0.0002774040536252992,0.19540424443334287,0.0040979582024956995,기존안 (대치+선형)
ELEC_3-12-3,6,block_24h,pchip,0.13375605401172005,0.02221454970190967,0.020893159317534556,0.000249851704892038,0.19840023072451662,0.0042396266022750595,1안 (PCHIP)
ELEC_3-12-3,6,block_24h,stl,0.12745459278402343,0.023761089142021456,0.01986922087570066,0.0006415796333817639,0.18785853464958793,0.0024314726810427123,2안 (STL)
ELEC_3-12-3,6,block_24h,mstl,0.10836947765145241,0.024029148541214032,0.01996666204171269,0.0005107891282357029,0.1597082625903445,0.0032506768859706936,3안 (MSTL)
ELEC_3-12-3,6,block_24h,seasonal_naive,0.1313022382816736,0.02536085225177759,0.02048969051290407,0.00011376966373213388,0.1687592590052445,0.002809173297603662,4안 (Seasonal Naive)
ELEC_3-12-3,7,random,baseline,0.05987655585796698,0.01916849399560406,0.02565770306119441,0.0005108103167712879,0.06610145924825214,0.010746431998081007,기존안 (대치+선형)
ELEC_3-12-3,7,random,pchip,0.0626678568906443,0.019361830701234213,0.026473924272184788,0.00047180153166834796,0.06594505152016612,0.011739369944909206,1안 (PCHIP)
ELEC_3-12-3,7,random,stl,0.0338391876514124,0.024124936500806243,0.01905654575939581,0.0013585377930953482,0.12056236086998655,0.005443945969277775,2안 (STL)
ELEC_3-12-3,7,random,mstl,0.03498035010593448,0.025079326974171614,0.018909244941842148,0.0010142205489385794,0.09958653284557276,0.0058588983664116245,3안 (MSTL)
ELEC_3-12-3,7,random,seasonal_naive,0.04619974566602555,0.02909810884413485,0.02229128553360926,8.641566570980891e-05,0.1304568499533866,0.006561693216997511,4안 (Seasonal Naive)
ELEC_3-12-3,7,block_6h,baseline,0.06649979114418131,0.022157402954654043,0.01941173875856007,0.00018396673272881773,0.1716974082506066,0.00392726329971238,기존안 (대치+선형)
ELEC_3-12-3,7,block_6h,pchip,0.06649979114418131,0.0222621631020827,0.019357288562390343,0.00016390991685336738,0.1716974082506066,0.004081005306999286,1안 (PCHIP)
ELEC_3-12-3,7,block_6h,stl,0.08680533333670387,0.023773704306601036,0.01875155861596746,0.000518660879965722,0.1250146364214437,0.0023669921215445644,2안 (STL)
ELEC_3-12-3,7,block_6h,mstl,0.06548916792032453,0.024067760706972897,0.018966107213174502,0.0004255297373494884,0.09726025586125056,0.0028801880990609874,3안 (MSTL)
ELEC_3-12-3,7,block_6h,seasonal_naive,0.14022798896401403,0.025381720650863495,0.019327043038126806,0.00010223898477308375,0.15459624833734187,0.002673946592513632,4안 (Seasonal Naive)
ELEC_3-12-3,7,block_24h,baseline,0.11444861986951341,0.022108208269595826,0.021116598996130838,0.00022078243369257793,0.09319366255059162,0.00395535202766617,기존안 (대치+선형)
ELEC_3-12-3,7,block_24h,pchip,0.09758135998504947,0.02221290759837506,0.020350366462271903,0.0001971471115754637,0.10154170536803395,0.004077202424871085,1안 (PCHIP)
ELEC_3-12-3,7,block_24h,stl,0.1092813398855232,0.023794909081637845,0.019458112304968904,0.000523116116037561,0.12317306609676704,0.002507800637661761,2안 (STL)
ELEC_3-12-3,7,block_24h,mstl,0.10038819291967294,0.024035701693709548,0.019863894813176946,0.00047203853807888975,0.12808796564744598,0.0029558854918393385,3안 (MSTL)
ELEC_3-12-3,7,block_24h,seasonal_naive,0.13357010227675234,0.025368446980625257,0.020322296767763832,0.00010432204032138827,0.152730699817248,0.0026705240797731955,4안 (Seasonal Naive)
ELEC_3-12-3,8,random,baseline,0.021217554788666763,0.019384462010749302,0.01981297506855205,0.00043727575228576557,0.06576092840826428,0.005080388366612287,기존안 (대치+선형)
ELEC_3-12-3,8,random,pchip,0.021395748662062817,0.019565079306984177,0.019636252858288437,0.0003995560956927446,0.06555273170447448,0.005121735908847902,1안 (PCHIP)
ELEC_3-12-3,8,random,stl,0.034559017875572515,0.02430553894275987,0.018380800823914935,0.0013848778040328428,0.13300957314628353,0.005987328634816769,2안 (STL)
ELEC_3-12-3,8,random,mstl,0.03219644474824557,0.02534663936626662,0.018718810438556333,0.0010275928678303951,0.10419649961091494,0.0057303910764260335,3안 (MSTL)
ELEC_3-12-3,8,random,seasonal_naive,0.050490887331693275,0.029530580757322743,0.02300854666090423,0.00013428463241413585,0.15183502472949809,0.00801611337180308,4안 (Seasonal Naive)
ELEC_3-12-3,8,block_6h,baseline,0.01337830254474179,0.02216364590683075,0.019265656718423226,0.00017791956698021277,,0.003814638875476284,기존안 (대치+선형)
ELEC_3-12-3,8,block_6h,pchip,0.013890600117229283,0.02226835355100209,0.019210186845142765,0.0001601506367482035,,0.0039646974705758176,1안 (PCHIP)
ELEC_3-12-3,8,block_6h,stl,0.015004746463170956,0.02375869328954035,0.018507235338655635,0.0005269643424057386,,0.002353227558939186,2안 (STL)
ELEC_3-12-3,8,block_6h,mstl,0.03410969639093093,0.024069928044212274,0.018739753125492066,0.00042602039828764136,,0.0028869362680554733,3안 (MSTL)
ELEC_3-12-3,8,block_6h,seasonal_naive,0.021858128414337458,0.025376794340259613,0.018993695660870127,0.00010274922052126739,,0.0024794205936683467,4안 (Seasonal Naive)
ELEC_3-12-3,8,block_24h,baseline,0.03835094547930692,0.022141668960326818,0.01930899026381781,0.0001903260932938644,0.14004443927879134,0.00391650538389432,기존안 (대치+선형)
ELEC_3-12-3,8,block_24h,pchip,0.03808134040147527,0.022246369704645216,0.019253820342247645,0.00016892130861820217,0.1386400720979759,0.004073563234108901,1안 (PCHIP)
ELEC_3-12-3,8,block_24h,stl,0.04073020793536061,0.02374904854854728,0.018600514958344274,0.0005449698677400304,0.14041242737901366,0.0024161070735377876,2안 (STL)
ELEC_3-12-3,8,block_24h,mstl,0.0407694976220633,0.02406493804201089,0.01870833914292209,0.0004290432864327829,0.10885867393312376,0.0030068731397708826,3안 (MSTL)
ELEC_3-12-3,8,block_24h,seasonal_naive,0.047780361687233076,0.025371197504045713,0.019152820732937788,9.822707377915945e-05,0.1395628094363904,0.002720800171246651,4안 (Seasonal Naive)
ELEC_3-12-3,9,random,baseline,0.022517808598632415,0.01926680696229085,0.019752596580316136,0.00044574442154610307,0.07094565992482295,0.005395903393266455,기존안 (대치+선형)
ELEC_3-12-3,9,random,pchip,0.022440195456227597,0.01944485952319669,0.01953455418411889,0.00040783175939001744,0.06985395001343597,0.005642048986010617,1안 (PCHIP)
ELEC_3-12-3,9,random,stl,0.03505587956791047,0.02420848341493434,0.018401576178190826,0.0013753355569410106,0.12964114258581724,0.005224955252516206,2안 (STL)
ELEC_3-12-3,9,random,mstl,0.03581639979614903,0.025256833863726975,0.01946081142766723,0.0010612144582877227,0.10918932908090265,0.006846543137062677,3안 (MSTL)
ELEC_3-12-3,9,random,seasonal_naive,0.09005079304676863,0.0297822331240024,0.040984383382187295,0.00015971910168532981,0.14518660336812225,0.019535404847885962,4안 (Seasonal Naive)
ELEC_3-12-3,9,block_6h,baseline,0.12214671432264394,0.02215059784090692,0.019478522150092936,0.00017211061344869953,0.1307480987836163,0.004033374108618704,기존안 (대치+선형)
ELEC_3-12-3,9,block_6h,pchip,0.1325318395618471,0.022255349833836188,0.01942272367491308,0.00015529464769120692,0.1444727110087042,0.004210539720841289,1안 (PCHIP)
ELEC_3-12-3,9,block_6h,stl,0.10035395877753196,0.02375555043698541,0.018451703287017396,0.0005440662411423816,0.19411416012767616,0.002524648033836341,2안 (STL)
ELEC_3-12-3,9,block_6h,mstl,0.09075070724754367,0.02405773889195311,0.018770861248312457,0.0004325126969392901,0.16901859589987003,0.0030189094892869583,3안 (MSTL)
ELEC_3-12-3,9,block_6h,seasonal_naive,0.10318537794776296,0.025368789085528316,0.018894778707874184,9.247982937758626e-05,0.19866219234335616,0.002619753081665732,4안 (Seasonal Naive)
ELEC_3-12-3,9,block_24h,baseline,0.0868436797507072,0.02211539247255979,0.019758362306027472,0.0002183833949186631,0.12625612380811646,0.004036281440067069,기존안 (대치+선형)
ELEC_3-12-3,9,block_24h,pchip,0.09865000035186998,0.022220091801339024,0.020161671685125504,0.0002172365357438603,0.10714553449077763,0.004192973030685554,1안 (PCHIP)
ELEC_3-12-3,9,block_24h,stl,0.09453351990639157,0.02375369670583082,0.01873989408865683,0.0005821438372331892,0.1616602083564745,0.002279548820729116,2안 (STL)
ELEC_3-12-3,9,block_24h,mstl,0.08651052800449772,0.02403862916260373,0.01905997604094053,0.0004705318362772588,0.13896423987015202,0.003068871627695424,3안 (MSTL)
ELEC_3-12-3,9,block_24h,seasonal_naive,0.10683255329928627,0.02534874173820968,0.019706985530816956,0.00011189380725394493,0.1830057679722484,0.002778475939618219,4안 (Seasonal Naive)
ELEC_1-8-1,0,random,baseline,0.05958518894955957,0.03731177632604445,0.008178712252360946,0.000740200923177127,0.14851850622832127,0.006636808925015281,기존안 (대치+선형)
ELEC_1-8-1,0,random,pchip,0.05977249358060502,0.03761299818259734,0.008163909287253319,0.0006760157012063607,0.1474893551297746,0.0068005943969499105,1안 (PCHIP)
ELEC_1-8-1,0,random,stl,0.061648324489950966,0.04645191003153992,0.007214172315173365,0.002484389689048024,0.23965553911735735,0.007024285312654199,2안 (STL)
ELEC_1-8-1,0,random,mstl,0.06726438864769271,0.04895769619866547,0.007316455174619564,0.0026145128829117427,0.21175032707893438,0.006471697443675706,3안 (MSTL)
ELEC_1-8-1,0,random,seasonal_naive,0.08295197578231284,0.05699554921531789,0.00979066332600331,0.00035889946676165687,0.24150792002832272,0.010853017433174905,4안 (Seasonal Naive)
ELEC_1-8-1,0,block_6h,baseline,0.022802850040368958,0.042710469316267013,0.007386683782836849,0.00035041511657919484,,0.002868522287175712,기존안 (대치+선형)
ELEC_1-8-1,0,block_6h,pchip,0.0221524728926493,0.04288672133004864,0.007371168332731064,0.00030979671231943416,,0.002916108112200111,1안 (PCHIP)
ELEC_1-8-1,0,block_6h,stl,0.022292482920159496,0.04564208278041853,0.0066568820192290335,0.001035157593393374,,0.0023240183701900285,2안 (STL)
ELEC_1-8-1,0,block_6h,mstl,0.03694756797763596,0.04644502355428072,0.006697035543177846,0.0011356106189349768,,0.0020527325008435904,3안 (MSTL)
ELEC_1-8-1,0,block_6h,seasonal_naive,0.033208098075302804,0.04931691914020994,0.007094596569806604,0.00025258979436992287,,0.0037464622902794176,4안 (Seasonal Naive)
ELEC_1-8-1,0,block_24h,baseline,0.10017197855366895,0.04266755554969663,0.007419005879021043,0.0004147860153667836,0.20303754206780697,0.0029901281650801526,기존안 (대치+선형)
ELEC_1-8-1,0,block_24h,pchip,0.10029376191596241,0.042843800663625316,0.00740710479555657,0.00037314254503294274,0.2029492263970105,0.003042364698504496,1안 (PCHIP)
ELEC_1-8-1,0,block_24h,stl,0.08225036626476348,0.04566200486916269,0.006690789088118283,0.0010637278932903358,0.15998556970509023,0.0024792694863188247,2안 (STL)
ELEC_1-8-1,0,block_24h,mstl,0.08024726346983937,0.04644482068561171,0.006605497376073743,0.0011508049516054332,0.11860683041936187,0.002242419521505612,3안 (MSTL)
ELEC_1-8-1,0,block_24h,seasonal_naive,0.12046783803156831,0.04934298753382217,0.007349049763070949,0.0002755906132937291,0.22829663781735737,0.003671790074592951,4안 (Seasonal Naive)
ELEC_1-8-1,1,random,baseline,0.043337871795707916,0.03726478088678956,0.007951400831704787,0.0006382002343573334,0.1295532955041723,0.0042826027142461864,기존안 (대치+선형)
ELEC_1-8-1,1,random,pchip,0.04374351880036878,0.03758198353292596,0.007897267656466663,0.0005702622335479354,0.12891328955950968,0.004396731803002929,1안 (PCHIP)
ELEC_1-8-1,1,random,stl,0.05994107532615681,0.04675687679483125,0.007125440618441396,0.0025563031670577047,0.21998960549721133,0.00527788295661058,2안 (STL)
ELEC_1-8-1,1,random,mstl,0.06330487979903449,0.04913692165195462,0.0072102021890715,0.0026709379514380707,0.19926641186718178,0.005065528517548379,3안 (MSTL)
ELEC_1-8-1,1,random,seasonal_naive,0.09517533912166752,0.05771819450726426,0.010055233986409156,0.0003413336138119442,0.2229674827393656,0.00903867706354533,4안 (Seasonal Naive)
ELEC_1-8-1,1,block_6h,baseline,0.05396584394160239,0.042702447418594594,0.007381669023540228,0.0003523992842890516,0.18485636933244473,0.0028656164465610257,기존안 (대치+선형)
ELEC_1-8-1,1,block_6h,pchip,0.05177990767868519,0.04287869111698412,0.007362676648802964,0.0003132169188587037,0.1729241050980635,0.0029166945396921218,1안 (PCHIP)
ELEC_1-8-1,1,block_6h,stl,0.05745021148925774,0.04563258954281048,0.006652853128370018,0.0010421789386591683,0.19731436005271788,0.002338078881346073,2안 (STL)
ELEC_1-8-1,1,block_6h,mstl,0.05758517478089916,0.04643532549737068,0.006681804165959417,0.0011345189208750244,0.1848883637718935,0.0020615097555880535,3안 (MSTL)
ELEC_1-8-1,1,block_6h,seasonal_naive,0.08093207028122419,0.049309529674304194,0.007100851467738412,0.00024849771656458174,0.2164486082193412,0.003785986367070837,4안 (Seasonal Naive)
ELEC_1-8-1,1,block_24h,baseline,0.06477717480316696,0.042668168507309104,0.007399451886411544,0.00036965497807503803,0.12874713854568395,0.002769158069291011,기존안 (대치+선형)
ELEC_1-8-1,1,block_24h,pchip,0.06245880185921061,0.04284441220569863,0.0073412462262140606,0.00033843395544296527,0.14528150101435783,0.002832847881838796,1안 (PCHIP)
ELEC_1-8-1,1,block_24h,stl,0.08366721205837413,0.04564681821104273,0.006717028659758728,0.0010233666254918794,0.15752137359005297,0.0021938251811411957,2안 (STL)
ELEC_1-8-1,1,block_24h,mstl,0.11512356088997289,0.04646817218413451,0.0067792023244938795,0.001123157996996073,0.13668113524506595,0.0019129419435784945,3안 (MSTL)
ELEC_1-8-1,1,block_24h,seasonal_naive,0.15618720960579585,0.04936310330212132,0.0073351646134326,0.0003479568404612032,0.16683824501594302,0.0035603679209220696,4안 (Seasonal Naive)
ELEC_1-8-1,2,random,baseline,0.04276838131084039,0.037200427289120146,0.007884453376861519,0.0006820147238226356,0.13296262789465926,0.004089681893261865,기존안 (대치+선형)
ELEC_1-8-1,2,random,pchip,0.042969122692619495,0.037498918765093606,0.007825518851183233,0.0006226251214651123,0.13240493919909782,0.004160688525911449,1안 (PCHIP)
ELEC_1-8-1,2,random,stl,0.060181596725274955,0.04663178693651129,0.007215223227489698,0.0026095218035180282,0.219790072853803,0.0055454622046965385,2안 (STL)
ELEC_1-8-1,2,random,mstl,0.06400781195723872,0.04895693611967731,0.0077197703588056605,0.002667225227604938,0.18724959732619728,0.0035149988069548277,3안 (MSTL)
ELEC_1-8-1,2,random,seasonal_naive,0.11312641481715484,0.057715218194615864,0.012302692009127697,0.00025441329257080167,0.39262759632781485,0.01388399074019786,4안 (Seasonal Naive)
ELEC_1-8-1,2,block_6h,baseline,0.04751560514967591,0.042705115836838274,0.0073802811629996015,0.0003537168234256556,0.12492266904334001,0.002846449397205575,기존안 (대치+선형)
ELEC_1-8-1,2,block_6h,pchip,0.06027701236597053,0.0428813595352278,0.007366379181538885,0.00031377368622754505,0.15733506724138827,0.0029005321724067112,1안 (PCHIP)
ELEC_1-8-1,2,block_6h,stl,0.051051418840247685,0.04563938448720243,0.0066536019431091,0.0010428658997446662,0.1318174364520824,0.0023132773635742288,2안 (STL)
ELEC_1-8-1,2,block_6h,mstl,0.05693750012384696,0.04643940456019152,0.006689711068555682,0.001137443840053699,0.11389182110388336,0.002028846479134261,3안 (MSTL)
ELEC_1-8-1,2,block_6h,seasonal_naive,0.05766281297324129,0.049309940200187787,0.007098039704884,0.00025217927691262055,0.0899999999995392,0.0037135592655656025,4안 (Seasonal Naive)
ELEC_1-8-1,2,block_24h,baseline,0.3641185099277705,0.042640458010162294,0.016557742950688507,0.00046364193029722737,0.21796033387143504,0.0031516528399706534,기존안 (대치+선형)
ELEC_1-8-1,2,block_24h,pchip,0.28242975233740003,0.042816701708551806,0.012621418680192205,0.00035549269084463655,0.17632042766221054,0.003104211179296046,1안 (PCHIP)
ELEC_1-8-1,2,block_24h,stl,0.13944789419972187,0.04564814699697558,0.006611543923051661,0.0010278224267949061,0.2113026675956572,0.0025505924793086665,2안 (STL)
ELEC_1-8-1,2,block_24h,mstl,0.16145284717637234,0.0464318718905992,0.007270995836807462,0.0010108325424918302,0.15731636540432334,0.002356850937292654,3안 (MSTL)
ELEC_1-8-1,2,block_24h,seasonal_naive,0.11821884132592983,0.049322461239639355,0.007135122252439239,0.00023292468427949935,0.21727591566810553,0.0037124538453341405,4안 (Seasonal Naive)
ELEC_1-8-1,3,random,baseline,0.15209535360296617,0.03679444089316362,0.01719348224659291,0.0009131630058511484,0.6477815318962908,0.02431557611267554,기존안 (대치+선형)
ELEC_1-8-1,3,random,pchip,0.15216837296578273,0.03710718918742597,0.0170136498132779,0.0008398518887900312,0.6477568612021017,0.024417317100345448,1안 (PCHIP)
ELEC_1-8-1,3,random,stl,0.1586780822430486,0.046075599876557766,0.012824780567388587,0.002761465386985278,0.6711698172427334,0.021793795349175804,2안 (STL)
ELEC_1-8-1,3,random,mstl,0.15945880276445898,0.04842997584241821,0.012042145466063244,0.0028709279484188522,0.6597551280141639,0.02311400034462585,3안 (MSTL)
ELEC_1-8-1,3,random,seasonal_naive,0.16955775189833705,0.05679866784361353,0.012324255647479406,0.0003806134047075204,0.6739619064523472,0.024489439800030044,4안 (Seasonal Naive)
ELEC_1-8-1,3,block_6h,baseline,0.07772043145447206,0.04270630858095974,0.007409402061113699,0.00034924608631449624,,0.0028564565059500113,기존안 (대치+선형)
ELEC_1-8-1,3,block_6h,pchip,0.07815046437860516,0.04288257778603405,0.007391769502075011,0.0003068061393439763,,0.00290310529646709,1안 (PCHIP)
ELEC_1-8-1,3,block_6h,stl,0.059655947107872316,0.04563603863669761,0.006672384080968225,0.0010116519430588263,,0.00235809020782618,2안 (STL)
ELEC_1-8-1,3,block_6h,mstl,0.048555587078634034,0.04644119791431987,0.006691387353523288,0.0011386590176269142,,0.002068392389925955,3안 (MSTL)
ELEC_1-8-1,3,block_6h,seasonal_naive,0.02466441431150503,0.049315892825501015,0.007094443933458458,0.00025106345067244114,,0.003723259944360513,4안 (Seasonal Naive)
ELEC_1-8-1,3,block_24h,baseline,0.19867958522760998,0.042604536995342314,0.00813774682039951,0.00030180810688094494,0.2503749571517933,0.0034154681199406456,기존안 (대치+선형)
ELEC_1-8-1,3,block_24h,pchip,0.22416863185971506,0.042780780693731826,0.009032123148739338,0.00026359835089173963,0.22296999497737807,0.003435929389325687,1안 (PCHIP)
ELEC_1-8-1,3,block_24h,stl,0.15860451592865923,0.045591921468382805,0.006667697070407515,0.001111386788029588,0.28052790986937187,0.0026409189532391464,2안 (STL)
ELEC_1-8-1,3,block_24h,mstl,0.16358164135901596,0.04637446789016855,0.0067155950875268915,0.0011869345467891606,0.2793496030013617,0.0025725936564718888,3안 (MSTL)
ELEC_1-8-1,3,block_24h,seasonal_naive,0.18178703963093318,0.04924760868685258,0.007261726474707355,0.00021967876165744957,0.3187074184964185,0.004206123533693984,4안 (Seasonal Naive)
ELEC_1-8-1,4,random,baseline,0.07050362487722898,0.03720434267973985,0.008538898189235571,0.0007228593550675051,0.13544031066777198,0.006025265545906433,기존안 (대치+선형)
ELEC_1-8-1,4,random,pchip,0.07306040649569949,0.03752760979461263,0.00846786277892634,0.0006575368992864589,0.13500602289361155,0.006198489612618929,1안 (PCHIP)
ELEC_1-8-1,4,random,stl,0.08178692440515652,0.04642431490442901,0.006964019163574703,0.0026117967734558536,0.2224141608267345,0.007331681402285906,2안 (STL)
ELEC_1-8-1,4,random,mstl,0.07185552313694311,0.04918399189127685,0.008711629054562443,0.0026607031141028022,0.18982259552586947,0.0060764398673789355,3안 (MSTL)
ELEC_1-8-1,4,random,seasonal_naive,0.08400344613973451,0.05725878183297014,0.010071394564200455,0.00020119041087269588,0.22955304491982526,0.009686363250304475,4안 (Seasonal Naive)
ELEC_1-8-1,4,block_6h,baseline,0.07053740515134924,0.042701892653886867,0.0073941348902240855,0.0003542780488681325,0.31027027026893106,0.0028561867315525236,기존안 (대치+선형)
ELEC_1-8-1,4,block_6h,pchip,0.0730014972892667,0.04287816684204746,0.007378581664953832,0.00031500213907268337,0.32023809053612795,0.002901166899094476,1안 (PCHIP)
ELEC_1-8-1,4,block_6h,stl,0.06590936859752067,0.04563744731527858,0.006665828749525979,0.0010453887534013875,0.270456032003331,0.0023462536924840904,2안 (STL)
ELEC_1-8-1,4,block_6h,mstl,0.05581066103963787,0.04643530571192267,0.006692287924563837,0.0011383543737848772,0.23513377991325313,0.002068228933425398,3안 (MSTL)
ELEC_1-8-1,4,block_6h,seasonal_naive,0.09343744193616343,0.04931014546312945,0.0071210818750537495,0.00022448244531521246,0.2800000000006548,0.0038487174729322504,4안 (Seasonal Naive)
ELEC_1-8-1,4,block_24h,baseline,0.21871672708087167,0.042643742217231516,0.007229519275220637,0.00048474320814341086,0.4422119472707325,0.0033887493789320766,기존안 (대치+선형)
ELEC_1-8-1,4,block_24h,pchip,0.21583306897451873,0.04281998420314395,0.00720191096603168,0.0004530696607864459,0.4372684932900209,0.0034323541895863174,1안 (PCHIP)
ELEC_1-8-1,4,block_24h,stl,0.1533025703168377,0.04561959901116267,0.006563119443543357,0.0011580343908324034,0.30589192563595397,0.0025617982865727695,2안 (STL)
ELEC_1-8-1,4,block_24h,mstl,0.1704102229035219,0.04641361240335041,0.006506166842903352,0.0012331239518899558,0.34212077991431905,0.002487019993745565,3안 (MSTL)
ELEC_1-8-1,4,block_24h,seasonal_naive,0.13116465479185785,0.049321845450813855,0.007077148313552658,0.00024900590217209664,0.2511854248300623,0.004072052638682155,4안 (Seasonal Naive)
ELEC_1-8-1,5,random,baseline,0.09497933080010515,0.03695526994692819,0.011612034289079351,0.0007671547677316135,0.14943521598084208,0.009762184273928498,기존안 (대치+선형)
ELEC_1-8-1,5,random,pchip,0.0951168920573944,0.037264225136506596,0.011670200193982228,0.0007032302218614632,0.14885586924481073,0.009863708616537736,1안 (PCHIP)
ELEC_1-8-1,5,random,stl,0.06159775563616542,0.046393488349721915,0.00709469046160208,0.0026052865510556356,0.2370001396387095,0.006171109641092021,2안 (STL)
ELEC_1-8-1,5,random,mstl,0.06664323377396364,0.04876036610937651,0.007430216551143431,0.002676948331680377,0.19999660335539227,0.005350424420205502,3안 (MSTL)
ELEC_1-8-1,5,random,seasonal_naive,0.08493455369791783,0.057034207069360104,0.009913338146031556,0.0002485313855777828,0.23962968589810654,0.00925725429517521,4안 (Seasonal Naive)
ELEC_1-8-1,5,block_6h,baseline,0.2310316008700878,0.042707845279199845,0.0075229609341529915,0.00030754210490538695,0.04702702702697198,0.0028371654034961002,기존안 (대치+선형)
ELEC_1-8-1,5,block_6h,pchip,0.2464221040827616,0.042884222023863154,0.00752004223054266,0.00025951131899573134,0.05896708980706444,0.0028902425573109625,1안 (PCHIP)
ELEC_1-8-1,5,block_6h,stl,0.06222294112322598,0.04564593528230336,0.006650613012248763,0.0010342173040049122,0.33113860580608045,0.002297080176607569,2안 (STL)
ELEC_1-8-1,5,block_6h,mstl,0.09590940756795223,0.04645132684340442,0.006689410399714962,0.0011397590723332988,0.2545507630953026,0.0020282903924712103,3안 (MSTL)
ELEC_1-8-1,5,block_6h,seasonal_naive,0.08424501304068224,0.04932749018171408,0.007089334436212216,0.00024259104763184227,0.42000000000007276,0.003742999852552109,4안 (Seasonal Naive)
ELEC_1-8-1,5,block_24h,baseline,0.06046589911388464,0.04266652919646757,0.007380152650623117,0.0003760069930819651,0.1582398855133522,0.0029582325051363823,기존안 (대치+선형)
ELEC_1-8-1,5,block_24h,pchip,0.06103109911877123,0.04284277429113901,0.007366850422739795,0.000337503296189285,0.15983046354261032,0.0030099927530964354,1안 (PCHIP)
ELEC_1-8-1,5,block_24h,stl,0.05687652194162433,0.04563452319385488,0.006667116462650191,0.001048418566610087,0.1210626852114756,0.0024794368099837483,2안 (STL)
ELEC_1-8-1,5,block_24h,mstl,0.10240625792641482,0.046468954900773074,0.006695632565897688,0.0011228600547653139,0.12000885387028198,0.002177659232660112,3안 (MSTL)
ELEC_1-8-1,5,block_24h,seasonal_naive,0.09247205116635968,0.049329987547506345,0.0071300681500872185,0.0002475885903705295,0.11606990230986046,0.003903750164500175,4안 (Seasonal Naive)
ELEC_1-8-1,6,random,baseline,0.13977899811084896,0.036820573797988344,0.016112306807985075,0.0006916952750577562,0.4052789969957091,0.017103762301261205,기존안 (대치+선형)
ELEC_1-8-1,6,random,pchip,0.1398445114233956,0.037128329248606026,0.01615028573837959,0.0006280580930313215,0.40473727777597596,0.017138738282323818,1안 (PCHIP)
ELEC_1-8-1,6,random,stl,0.10178792381987257,0.04623454912868781,0.007259444683225708,0.0025137295529022168,0.4418301725037731,0.00861034009422823,2안 (STL)
ELEC_1-8-1,6,random,mstl,0.11004837443497079,0.048867982204355426,0.009206683080334236,0.002633567043170568,0.4289073975661578,0.009704123311753632,3안 (MSTL)
ELEC_1-8-1,6,random,seasonal_naive,0.11897449549517378,0.05744009743158301,0.009503456762636983,0.0005483686466513765,0.44363325054926467,0.013137597147498403,4안 (Seasonal Naive)
ELEC_1-8-1,6,block_6h,baseline,0.036324157862847865,0.042702652681536335,0.007372000411237163,0.00034515882886557733,,0.0028741012877621097,기존안 (대치+선형)
ELEC_1-8-1,6,block_6h,pchip,0.0363241578629433,0.042878896379925854,0.007356719095802014,0.00030721140007823584,,0.002925612263848798,1안 (PCHIP)
ELEC_1-8-1,6,block_6h,stl,0.035031987760614246,0.04563884254922336,0.006644902999336115,0.0010344343956593385,,0.0023217979746230633,2안 (STL)
ELEC_1-8-1,6,block_6h,mstl,0.03812575232339345,0.04643988692167469,0.0066939668705021625,0.0011315095284839516,,0.0020300396297912027,3안 (MSTL)
ELEC_1-8-1,6,block_6h,seasonal_naive,0.04203173404300237,0.04931589282550068,0.0070869372998455535,0.00025208974431556973,,0.0036991926858478408,4안 (Seasonal Naive)
ELEC_1-8-1,6,block_24h,baseline,0.12318366190121194,0.042667142192599976,0.007886172511570283,0.00037616797112854136,0.054921362316761556,0.002958642341736817,기존안 (대치+선형)
ELEC_1-8-1,6,block_24h,pchip,0.12553777263134605,0.042843385890989495,0.007884844109914276,0.00033697474219282925,0.054519768318737484,0.003010976225610529,1안 (PCHIP)
ELEC_1-8-1,6,block_24h,stl,0.08578367707698989,0.04568184457258311,0.0067401797922561485,0.0009835933270154488,0.11008294371001105,0.0026126757840666537,2안 (STL)
ELEC_1-8-1,6,block_24h,mstl,0.11273379747007829,0.04647632365164783,0.006765674573106939,0.0011221382346252127,0.06937515816903878,0.002175333189320283,3안 (MSTL)
ELEC_1-8-1,6,block_24h,seasonal_naive,0.09313522708777608,0.04932807176004928,0.007130725932565815,0.00024815305187426116,0.11606391917099697,0.003867334607620121,4안 (Seasonal Naive)
ELEC_1-8-1,7,random,baseline,0.04413974018730912,0.03718319179974551,0.007769014657078561,0.0007145943322400832,0.14431878998613598,0.004556337164446922,기존안 (대치+선형)
ELEC_1-8-1,7,random,pchip,0.044501452996512834,0.03750264318385387,0.007712600660526776,0.0006478097256530711,0.1445275164729104,0.004649426085280073,1안 (PCHIP)
ELEC_1-8-1,7,random,stl,0.059567271387471595,0.04631413683535784,0.007045050071553182,0.0025827561348241482,0.21924468770239633,0.005019491734220227,2안 (STL)
ELEC_1-8-1,7,random,mstl,0.07146198512152867,0.049012460132331806,0.008280234734848336,0.0027118058129535242,0.20708130935468602,0.007292625102824357,3안 (MSTL)
ELEC_1-8-1,7,random,seasonal_naive,0.1667885992150067,0.057385258015626925,0.019765859438859643,0.00030758187934067343,0.6700427727836958,0.01944669451117642,4안 (Seasonal Naive)
ELEC_1-8-1,7,block_6h,baseline,0.12870281432172473,0.04269098597973441,0.007358930626033025,0.0003653120924151081,0.3033067693726347,0.0029834145289453495,기존안 (대치+선형)
ELEC_1-8-1,7,block_6h,pchip,0.1272007523894777,0.042867246308908154,0.007343912140550353,0.0003258068944353051,0.297991359095315,0.0030339391350923117,1안 (PCHIP)
ELEC_1-8-1,7,block_6h,stl,0.13703760903214934,0.045621639128670594,0.006630157528904444,0.0010581456837384974,0.32295541946989603,0.0024954022314510604,2안 (STL)
ELEC_1-8-1,7,block_6h,mstl,0.1405936099746255,0.04641988994091201,0.006666697597072018,0.0011393308106422552,0.332896130566786,0.0021721232300636606,3안 (MSTL)
ELEC_1-8-1,7,block_6h,seasonal_naive,0.131191124360993,0.049295161268376034,0.007074422231584976,0.00022600226269398567,0.3035072761344294,0.003832345213854449,4안 (Seasonal Naive)
ELEC_1-8-1,7,block_24h,baseline,0.20884072695168793,0.04264789135986947,0.00945901348590663,0.0002743067412893424,0.13179170777956453,0.0031554776351297997,기존안 (대치+선형)
ELEC_1-8-1,7,block_24h,pchip,0.21183181684884259,0.042824156999116056,0.009491392075775104,0.000265974030711005,0.13758626840959426,0.003237582205948053,1안 (PCHIP)
ELEC_1-8-1,7,block_24h,stl,0.1508786084830665,0.04568326885641035,0.006718672810577732,0.001037758654695373,0.3092142507127428,0.002480892667696466,2안 (STL)
ELEC_1-8-1,7,block_24h,mstl,0.14447788301238468,0.04642573252316307,0.00681576575223555,0.0011166030222384351,0.2519518419077313,0.0023638767314992926,3안 (MSTL)
ELEC_1-8-1,7,block_24h,seasonal_naive,0.15681508926829293,0.049286198119916344,0.007259285942614097,0.00024169052371758752,0.35149132826594043,0.004072168452649572,4안 (Seasonal Naive)
ELEC_1-8-1,8,random,baseline,0.09476415815820628,0.037177464230587466,0.01150403463029296,0.0007134381952128342,0.13615359462697477,0.010406003962026067,기존안 (대치+선형)
ELEC_1-8-1,8,random,pchip,0.09496133446499634,0.037467160453333856,0.011572915904879787,0.0006464321675204503,0.1355120417669842,0.0105548954544058,1안 (PCHIP)
ELEC_1-8-1,8,random,stl,0.06978049049050665,0.046616092682408045,0.007447754675213664,0.0024908009928174216,0.2197768685796068,0.004910628094180969,2안 (STL)
ELEC_1-8-1,8,random,mstl,0.07575978298927485,0.049151190982828746,0.009136368274296586,0.0026275510814841576,0.19344365156924923,0.0055689729795695975,3안 (MSTL)
ELEC_1-8-1,8,random,seasonal_naive,0.1892727382117449,0.05837062276787443,0.023466777679415952,0.00044578048068337717,0.22092291669956904,0.02167790200496733,4안 (Seasonal Naive)
ELEC_1-8-1,8,block_6h,baseline,0.10880665829296897,0.04270983688450033,0.007361033526091616,0.00034968974161319905,,0.0028352450815665176,기존안 (대치+선형)
ELEC_1-8-1,8,block_6h,pchip,0.10214419967421069,0.04288608058288984,0.00734416078710239,0.0003070382017874505,,0.002884797263548622,1안 (PCHIP)
ELEC_1-8-1,8,block_6h,stl,0.08422203797343118,0.04564206807809262,0.00663518922817574,0.0010141599242899063,,0.002276843963508801,2안 (STL)
ELEC_1-8-1,8,block_6h,mstl,0.07723101203551794,0.04644542671748472,0.006678479956940875,0.0011442478897141634,,0.0020767293161899625,3안 (MSTL)
ELEC_1-8-1,8,block_6h,seasonal_naive,0.1573124986204924,0.049348734896193354,0.007103130503841594,0.00029938695162277376,,0.0038108823164576533,4안 (Seasonal Naive)
ELEC_1-8-1,8,block_24h,baseline,0.16104494446554757,0.042651542209021,0.00825204244020531,0.0003403520255548453,0.10510498686540075,0.0029258845434528835,기존안 (대치+선형)
ELEC_1-8-1,8,block_24h,pchip,0.18581966295805538,0.04282778590741052,0.008632157316969435,0.00033470840200360756,0.10447586319385742,0.002960780524035811,1안 (PCHIP)
ELEC_1-8-1,8,block_24h,stl,0.12330453668486419,0.04566237495961254,0.0069188901075035,0.0009068383875707705,0.12573951465653393,0.002423144092038587,2안 (STL)
ELEC_1-8-1,8,block_24h,mstl,0.13192373408518587,0.04646444669516834,0.0068444466612243415,0.0010876960672134405,0.12731518052679403,0.0022537671768678713,3안 (MSTL)
ELEC_1-8-1,8,block_24h,seasonal_naive,0.10335283940742852,0.049271419188104605,0.00709598521876574,0.00027482279605687854,0.16041593228033194,0.003978721955250064,4안 (Seasonal Naive)
ELEC_1-8-1,9,random,baseline,0.17725506800921287,0.03636218124792682,0.020985753717063883,0.0009290048611606267,0.7427286801095186,0.026381049195162154,기존안 (대치+선형)
ELEC_1-8-1,9,random,pchip,0.17730423619557134,0.036663506006087095,0.020827142367930648,0.0008608893421845192,0.7427134927229746,0.026720915266853384,1안 (PCHIP)
ELEC_1-8-1,9,random,stl,0.1813946487715295,0.0456436652353763,0.015411155136519061,0.002817800371852506,0.7678562754396857,0.02706728867683883,2안 (STL)
ELEC_1-8-1,9,random,mstl,0.1788890919755223,0.04791480839088257,0.0156651997531587,0.002883025570241743,0.7565336465217493,0.02540053309802226,3안 (MSTL)
ELEC_1-8-1,9,random,seasonal_naive,0.19423601475834035,0.05661192988228588,0.014077349611564347,0.0003859324444715383,0.7707236971581708,0.03329932162360305,4안 (Seasonal Naive)
ELEC_1-8-1,9,block_6h,baseline,0.12026590908849213,0.04270142110388535,0.007370594889133363,0.00036439239764628553,0.2161018278497073,0.0029358918644568632,기존안 (대치+선형)
ELEC_1-8-1,9,block_6h,pchip,0.12026590908849213,0.04287766480227487,0.007356761071790278,0.0003262175181255284,0.2161018278497073,0.0029858153881274774,1안 (PCHIP)
ELEC_1-8-1,9,block_6h,stl,0.07295150518790376,0.04564484241882506,0.006629953240065745,0.0010436288732607244,0.1346786096487475,0.002322294322007923,2안 (STL)
ELEC_1-8-1,9,block_6h,mstl,0.09907224105760648,0.04643714493336835,0.006662193694207977,0.0011441214657418963,0.18905676180646017,0.002080149252740693,3안 (MSTL)
ELEC_1-8-1,9,block_6h,seasonal_naive,0.11497584287338102,0.04930480862664204,0.007059912476769137,0.0002271606579153336,0.21625602111078376,0.0037864581264763775,4안 (Seasonal Naive)
ELEC_1-8-1,9,block_24h,baseline,0.12569092573558155,0.04262239628688777,0.0074138125855466985,0.00041979932624580527,0.2874672724444727,0.0030487400336037807,기존안 (대치+선형)
ELEC_1-8-1,9,block_24h,pchip,0.12582592504388335,0.04279864069304686,0.007404065911703319,0.0003783903150314795,0.2877689266693199,0.003103624277582262,1안 (PCHIP)
ELEC_1-8-1,9,block_24h,stl,0.12391694514101312,0.04557975209214517,0.006639787309747799,0.0010702845403513638,0.27682719014780643,0.002198689377588936,2안 (STL)
ELEC_1-8-1,9,block_24h,mstl,0.13732560996180662,0.04642425105811846,0.006686398688771435,0.0011616104199686779,0.22750298183724033,0.002099003302962976,3안 (MSTL)
ELEC_1-8-1,9,block_24h,seasonal_naive,0.11496678264226211,0.0492513034198054,0.007057963158547426,0.00030165468191966244,0.20453512017406117,0.003834625288205995,4안 (Seasonal Naive)
ELEC_1-8-3,0,random,baseline,0.04323997972185991,0.028144479453212044,0.012154586503463502,0.0005400598706041591,0.1665949964443146,0.007709302930560047,기존안 (대치+선형)
ELEC_1-8-3,0,random,pchip,0.04362699808991594,0.028360458946661338,0.012081775981471357,0.00048458696530836906,0.1664572700071204,0.007823343504375746,1안 (PCHIP)
ELEC_1-8-3,0,random,stl,0.04961144490510336,0.0337154740017069,0.010847395080997706,0.0017077975588764868,0.20571178700450843,0.007121881530631424,2안 (STL)
ELEC_1-8-3,0,random,mstl,0.04887168348261927,0.034737814652185374,0.011240014299728254,0.001305814827746724,0.187285154477058,0.007991956295166247,3안 (MSTL)
ELEC_1-8-3,0,random,seasonal_naive,0.062247043708943635,0.03942007745258857,0.013837258313672576,0.00016565032596246447,0.21107833092219075,0.011638339957683153,4안 (Seasonal Naive)
ELEC_1-8-3,0,block_6h,baseline,0.08219218670618901,0.03282231022467716,0.010614375398741136,0.00024063720358178796,0.14129273287608168,0.004140856335153376,기존안 (대치+선형)
ELEC_1-8-3,0,block_6h,pchip,0.08219218670618901,0.03294835118983754,0.01061163087929199,0.000215449630623027,0.14129273287608168,0.004179502490177289,1안 (PCHIP)
ELEC_1-8-3,0,block_6h,stl,0.07837105170624462,0.03461164307722536,0.01008138068858154,0.0006890316312324891,0.13524570970183084,0.001680656514705059,2안 (STL)
ELEC_1-8-3,0,block_6h,mstl,0.07757669673577831,0.03493301697197562,0.010420347087712228,0.0005419194580931326,0.1333054518022003,0.003253837883296362,3안 (MSTL)
ELEC_1-8-3,0,block_6h,seasonal_naive,0.10752260744190849,0.03655230099762121,0.011266041083196529,0.0001123466342007542,0.13925124448602416,0.004686792975079235,4안 (Seasonal Naive)
ELEC_1-8-3,0,block_24h,baseline,0.11426589780989017,0.03280056509330181,0.011414998755458315,0.0002647005192245564,0.027111184953510226,0.004100360150158799,기존안 (대치+선형)
ELEC_1-8-3,0,block_24h,pchip,0.1161932673570445,0.03292661242838844,0.011414335376283178,0.00023234425479114033,0.029272572495697098,0.004138903436573749,1안 (PCHIP)
ELEC_1-8-3,0,block_24h,stl,0.06411874119695772,0.03464440348259723,0.010129923973328363,0.0006393989765123818,0.09799999432848956,0.0016689604845874229,2안 (STL)
ELEC_1-8-3,0,block_24h,mstl,0.06171639119477786,0.0349321882452936,0.010443344961370475,0.000572615006554955,0.0684149800661695,0.0032193135302927,3안 (MSTL)
ELEC_1-8-3,0,block_24h,seasonal_naive,0.06429100507328328,0.03657877991711707,0.011178578658476395,0.00014913030103238208,0.06174544517612935,0.0047746251629967595,4안 (Seasonal Naive)
ELEC_1-8-3,1,random,baseline,0.06816190946188862,0.028065856660032983,0.015376280975707233,0.0005841509607557034,0.28953033375385423,0.012103107264597623,기존안 (대치+선형)
ELEC_1-8-3,1,random,pchip,0.06824373879367787,0.028284126192087478,0.015157092274445732,0.0005351827827924396,0.2891618488397419,0.012153345965622564,1안 (PCHIP)
ELEC_1-8-3,1,random,stl,0.07288864172835041,0.033729976410855234,0.012009010850082767,0.0017132469706100713,0.3128797175877513,0.010591712320899949,2안 (STL)
ELEC_1-8-3,1,random,mstl,0.07432467035523536,0.03470751012550892,0.015825931413478735,0.0013416619018314134,0.30256397853337397,0.012289544256602003,3안 (MSTL)
ELEC_1-8-3,1,random,seasonal_naive,0.15054504754833503,0.04029072074664817,0.03552234295151068,0.00023412524775547698,0.3168275955069623,0.0300062273797016,4안 (Seasonal Naive)
ELEC_1-8-3,1,block_6h,baseline,0.039235371980086996,0.03283524179001229,0.010732866723571714,0.000229139236738272,0.18972972973046667,0.004025837747829497,기존안 (대치+선형)
ELEC_1-8-3,1,block_6h,pchip,0.03846258348339129,0.03296128275517267,0.010720153411681886,0.00020466027523252883,0.20158598169063724,0.004061875090801137,1안 (PCHIP)
ELEC_1-8-3,1,block_6h,stl,0.04473661071663475,0.03461929028921591,0.010146596827855084,0.0006827728906049978,0.2272574497038492,0.001652782782154083,2안 (STL)
ELEC_1-8-3,1,block_6h,mstl,0.03302140674925339,0.034942620116493954,0.010479281704199012,0.0005317272892646928,0.13390016152543116,0.0032110603417032646,3안 (MSTL)
ELEC_1-8-3,1,block_6h,seasonal_naive,0.05527707983930008,0.036561127304119694,0.011231146771685822,0.0001114229699219374,0.2300000000004729,0.004714043668154644,4안 (Seasonal Naive)
ELEC_1-8-3,1,block_24h,baseline,0.061214715382091736,0.03279809344436091,0.01094745626689989,0.0002538426597363095,0.1474321806261221,0.0041064658935311416,기존안 (대치+선형)
ELEC_1-8-3,1,block_24h,pchip,0.06233011937554246,0.032924136532830044,0.010958516629898026,0.0002283956172968262,0.14950372449996904,0.004139156254448828,1안 (PCHIP)
ELEC_1-8-3,1,block_24h,stl,0.0518860150478509,0.034621348013551746,0.010291068007340445,0.0006941825822456462,0.1184712965482123,0.0017209872527766956,2안 (STL)
ELEC_1-8-3,1,block_24h,mstl,0.04163649376277715,0.034925701318579465,0.010503184812827826,0.0005605919036266643,0.0952245185645684,0.003203886618932117,3안 (MSTL)
ELEC_1-8-3,1,block_24h,seasonal_naive,0.07410578025138473,0.03658001149476805,0.011193837477344886,0.0001589974764165954,0.06999999999999654,0.004683003763630733,4안 (Seasonal Naive)
ELEC_1-8-3,2,random,baseline,0.03162644773007186,0.02827176618012939,0.011176726939682417,0.000573761305974813,0.09653473921404031,0.005310337494638606,기존안 (대치+선형)
ELEC_1-8-3,2,random,pchip,0.0318547617201809,0.028470169327760055,0.011133571857828577,0.0005231223464661606,0.09594863948240738,0.005332875499102552,1안 (PCHIP)
ELEC_1-8-3,2,random,stl,0.04175098310990926,0.03376623941325796,0.010982202176546222,0.001703833798383776,0.1578931431748193,0.0050426902831959275,2안 (STL)
ELEC_1-8-3,2,random,mstl,0.04055220132569475,0.03480804069968745,0.011156407409068172,0.0013295455841900537,0.132783443747829,0.004810790661981534,3안 (MSTL)
ELEC_1-8-3,2,random,seasonal_naive,0.056198137365953034,0.03972676081397505,0.01408386226127907,0.0001262174330697309,0.16529539125964784,0.010170228192170838,4안 (Seasonal Naive)
ELEC_1-8-3,2,block_6h,baseline,0.0481746385123602,0.03283381049706671,0.010708292310082572,0.000234764435409393,0.12437785275382937,0.003972531236739241,기존안 (대치+선형)
ELEC_1-8-3,2,block_6h,pchip,0.048428761986947615,0.03295985423402446,0.010703305783942825,0.0002092533196553396,0.12514689572480706,0.0040031119658040515,1안 (PCHIP)
ELEC_1-8-3,2,block_6h,stl,0.055062679496233266,0.03461669088818703,0.010141519555040474,0.0006880738837292291,0.13739993007786971,0.0016464421992523626,2안 (STL)
ELEC_1-8-3,2,block_6h,mstl,0.05619841480485086,0.03493909188559014,0.01045862704361734,0.0005299529920267626,0.13537241734089564,0.003175761034494018,3안 (MSTL)
ELEC_1-8-3,2,block_6h,seasonal_naive,0.07427426651717749,0.03655455888998137,0.011191530938691747,0.00010209725858086262,0.1567641540658025,0.0046886390676837975,4안 (Seasonal Naive)
ELEC_1-8-3,2,block_24h,baseline,0.03613247231447636,0.032800757615785214,0.010747851136224408,0.0002256218542162402,0.17262676501638755,0.004058046679997429,기존안 (대치+선형)
ELEC_1-8-3,2,block_24h,pchip,0.03613247231447636,0.03292679858094559,0.0107405357575822,0.000205188415886436,0.17262676501638755,0.004088508946380687,1안 (PCHIP)
ELEC_1-8-3,2,block_24h,stl,0.0328549108295417,0.03459616851341973,0.010162522256290796,0.0006788370548580116,0.14945235577805302,0.001694243717662136,2안 (STL)
ELEC_1-8-3,2,block_24h,mstl,0.025959447615777176,0.034921506841613464,0.01048057605397098,0.000529570208814624,0.11858372162086732,0.003250217305594827,3안 (MSTL)
ELEC_1-8-3,2,block_24h,seasonal_naive,0.0386939558874918,0.03655825362293428,0.011234232700269329,0.00011495580229855971,0.1334166406413635,0.004647054248761218,4안 (Seasonal Naive)
ELEC_1-8-3,3,random,baseline,0.038945419645866314,0.028225009236866657,0.012065562015012599,0.0005433032824776118,0.14132818715813603,0.007050041410878505,기존안 (대치+선형)
ELEC_1-8-3,3,random,pchip,0.039245195667091184,0.02843602737245693,0.012026200222489718,0.0004916987803327113,0.14119790682569483,0.007066182115658348,1안 (PCHIP)
ELEC_1-8-3,3,random,stl,0.04697600066746362,0.03381031789015698,0.01223717269066891,0.0017233478648490366,0.18436475855009737,0.005996009882894726,2안 (STL)
ELEC_1-8-3,3,random,mstl,0.04558498450413468,0.034794983351850425,0.012170321919082527,0.0013442293890405673,0.1656442253722841,0.007517742370583558,3안 (MSTL)
ELEC_1-8-3,3,random,seasonal_naive,0.05961538139826857,0.03939864800146512,0.015065740353216244,0.0001385441747109033,0.1880101816121565,0.012316765338003854,4안 (Seasonal Naive)
ELEC_1-8-3,3,block_6h,baseline,0.019909706085108902,0.03283852599708165,0.010735006461571717,0.0002298040161341241,,0.004006449109417165,기존안 (대치+선형)
ELEC_1-8-3,3,block_6h,pchip,0.021913155723456312,0.03296456696224202,0.010732526850712227,0.0002031262842862085,,0.0040374961858858915,1안 (PCHIP)
ELEC_1-8-3,3,block_6h,stl,0.013539347906932892,0.03462171395883421,0.010160617106989674,0.0006791276271767817,,0.0016468578565603798,2안 (STL)
ELEC_1-8-3,3,block_6h,mstl,0.017993141430073977,0.03494169282133472,0.010487859404554368,0.0005346670436836322,,0.003199233224935538,3안 (MSTL)
ELEC_1-8-3,3,block_6h,seasonal_naive,0.009860132971855742,0.03655825362293425,0.011223578563249504,0.00011901754288115434,,0.0046793428122960945,4안 (Seasonal Naive)
ELEC_1-8-3,3,block_24h,baseline,0.07475823100801768,0.03277611190670082,0.010695149321475618,0.0002497051911604551,0.13605156281628486,0.004210173403613182,기존안 (대치+선형)
ELEC_1-8-3,3,block_24h,pchip,0.07333885838293175,0.03290216597907991,0.010671200764488976,0.00022803730880075455,0.1398353158772857,0.004246897052436083,1안 (PCHIP)
ELEC_1-8-3,3,block_24h,stl,0.06505341339556554,0.03460130226420888,0.01011796522546055,0.0006745914440349039,0.12671186204868748,0.001822358046880579,2안 (STL)
ELEC_1-8-3,3,block_24h,mstl,0.06918147799914807,0.034898785922131685,0.010390532444025312,0.000580384889511203,0.13880604529576193,0.00338332927266638,3안 (MSTL)
ELEC_1-8-3,3,block_24h,seasonal_naive,0.06602293372592441,0.03654716942407549,0.011255052015000037,0.00011513206748101032,0.13476611132589975,0.00483861974149713,4안 (Seasonal Naive)
ELEC_1-8-3,4,random,baseline,0.029396437449916664,0.0283233976295406,0.011010799766594675,0.0005135221889236314,0.08831354697681974,0.005878101417686743,기존안 (대치+선형)
ELEC_1-8-3,4,random,pchip,0.02981507197693835,0.028529267283173683,0.010942115243753294,0.00046161519248074474,0.08835717426710234,0.006003728193283986,1안 (PCHIP)
ELEC_1-8-3,4,random,stl,0.03929022932562312,0.03388580997911043,0.010734963689663589,0.0016486296787699244,0.14544676898837047,0.004503933028954021,2안 (STL)
ELEC_1-8-3,4,random,mstl,0.041630660565228586,0.034948515850224675,0.012705750690127426,0.0012846157256601561,0.12027223242111401,0.006268434162679193,3안 (MSTL)
ELEC_1-8-3,4,random,seasonal_naive,0.08122472950043416,0.04007276571291804,0.01924521398876876,0.0001861182788804979,0.15557720578037132,0.01120200592309617,4안 (Seasonal Naive)
ELEC_1-8-3,4,block_6h,baseline,0.11380829199710253,0.03283946354943748,0.010798273559896276,0.00021338879847256084,,0.003969912152719912,기존안 (대치+선형)
ELEC_1-8-3,4,block_6h,pchip,0.12069851119848025,0.032965562722342634,0.010796090880838806,0.00018390435973242926,,0.004014442234901328,1안 (PCHIP)
ELEC_1-8-3,4,block_6h,stl,0.020483746210632443,0.034629709828538,0.010155546670802547,0.0006771392934162115,,0.0016546039603758667,2안 (STL)
ELEC_1-8-3,4,block_6h,mstl,0.038177196922623814,0.03495323053317473,0.010481035498867844,0.0005433801729109935,,0.0032167895208412567,3안 (MSTL)
ELEC_1-8-3,4,block_6h,seasonal_naive,0.031220047373875737,0.036562632565693136,0.011223027803745263,0.00012291745872509318,,0.004710748206849802,4안 (Seasonal Naive)
ELEC_1-8-3,4,block_24h,baseline,0.03213469914109852,0.032803836559912626,0.010734804382415686,0.00023881280381875188,0.10677078252032933,0.004111764754397784,기존안 (대치+선형)
ELEC_1-8-3,4,block_24h,pchip,0.03213469914109179,0.032929877525073,0.010730091185319394,0.00020999796206054474,0.10677078252031402,0.004136185897674838,1안 (PCHIP)
ELEC_1-8-3,4,block_24h,stl,0.0318369493212513,0.03460729562687734,0.010178170394622706,0.0006942042000825527,0.10621983164438692,0.001717115243984102,2안 (STL)
ELEC_1-8-3,4,block_24h,mstl,0.030509757256757763,0.03493334160446975,0.010483185108077412,0.000532650008872908,0.0829365187297918,0.003335292648776078,3안 (MSTL)
ELEC_1-8-3,4,block_24h,seasonal_naive,0.04373213921134303,0.03657857465417528,0.011248283539276547,0.00011214137547214679,0.10408329997333034,0.004841182779790287,4안 (Seasonal Naive)
ELEC_1-8-3,5,random,baseline,0.06880290971501235,0.028134681324426775,0.01832170624109424,0.0005995129670782156,0.25085236350380613,0.010534033051125213,기존안 (대치+선형)
ELEC_1-8-3,5,random,pchip,0.06896827266854505,0.02833960782369204,0.018443248680696956,0.0005451205329191347,0.25077859431483024,0.01070326684493561,1안 (PCHIP)
ELEC_1-8-3,5,random,stl,0.04232954196225336,0.03380775997215224,0.010762808384769307,0.0016888990058513435,0.14821745148838394,0.005233172445168077,2안 (STL)
ELEC_1-8-3,5,random,mstl,0.042207170165420235,0.03478188523421488,0.011732169602860717,0.001279563547674722,0.13639248070213827,0.005351266757605999,3안 (MSTL)
ELEC_1-8-3,5,random,seasonal_naive,0.07877880556333187,0.03974988710541866,0.01858598080019457,0.00015064111632984473,0.15943912108804628,0.010833369312646113,4안 (Seasonal Naive)
ELEC_1-8-3,5,block_6h,baseline,0.014337208778408949,0.032839141785907126,0.010729595340347496,0.0002258819101574599,,0.003994477065499047,기존안 (대치+선형)
ELEC_1-8-3,5,block_6h,pchip,0.014337208778408949,0.03296518275106751,0.010724934177666108,0.0002013254093189922,,0.0040247229141471275,1안 (PCHIP)
ELEC_1-8-3,5,block_6h,stl,0.012213228509796828,0.034623536593769905,0.010156163200602631,0.0006754120521956362,,0.0016548265731326506,2안 (STL)
ELEC_1-8-3,5,block_6h,mstl,0.013553728036399116,0.034943810767172824,0.010481342342881615,0.0005302470130428481,,0.0032035268032880593,3안 (MSTL)
ELEC_1-8-3,5,block_6h,seasonal_naive,0.013437096247147328,0.03656338519647994,0.011223895878367694,0.00011901754288115404,,0.004691930020793045,4안 (Seasonal Naive)
ELEC_1-8-3,5,block_24h,baseline,0.04585605497398955,0.03278946107595214,0.010792737514606694,0.00024196886515647994,0.1813783925504807,0.004048266576630155,기존안 (대치+선형)
ELEC_1-8-3,5,block_24h,pchip,0.04346959073118585,0.032915508813275866,0.010775639584717816,0.00021581776875094114,0.17684210237943804,0.004074676831564594,1안 (PCHIP)
ELEC_1-8-3,5,block_24h,stl,0.04079650302155136,0.03459555186203983,0.010179664386319343,0.0006743195000566888,0.1648488306934238,0.0016940407279015801,2안 (STL)
ELEC_1-8-3,5,block_24h,mstl,0.0449165471448233,0.03491910735683523,0.010496303343765695,0.0005537917546389288,0.16795542369267277,0.003202974684388793,3안 (MSTL)
ELEC_1-8-3,5,block_24h,seasonal_naive,0.03765810292685444,0.03654812731780404,0.011230141654214622,0.00011593866195175169,0.13696714934612966,0.004674929396186522,4안 (Seasonal Naive)
ELEC_1-8-3,6,random,baseline,0.06657657272851891,0.028146325109165503,0.01637192488326954,0.0005833445148623851,0.1426596677152358,0.010801191679445599,기존안 (대치+선형)
ELEC_1-8-3,6,random,pchip,0.06665759721546553,0.028358447615824678,0.01644231232242835,0.0005287467624180804,0.14197298680134066,0.011027933615765928,1안 (PCHIP)
ELEC_1-8-3,6,random,stl,0.04756508545478107,0.033764831798567894,0.01086883198325147,0.001751611473110025,0.18699357037374634,0.006655218651482553,2안 (STL)
ELEC_1-8-3,6,random,mstl,0.0498751387806848,0.03489635847209925,0.012065644845677402,0.001332454696214613,0.16647764826893185,0.008585852334005994,3안 (MSTL)
ELEC_1-8-3,6,random,seasonal_naive,0.08335595748867815,0.0397247492371458,0.01635062543637624,0.0001679490801014755,0.19387069687663994,0.013938712730134584,4안 (Seasonal Naive)
ELEC_1-8-3,6,block_6h,baseline,0.04316321423471555,0.03284119996297248,0.01073905843106003,0.00023061471854013204,0.10767752087877808,0.003964997464342868,기존안 (대치+선형)
ELEC_1-8-3,6,block_6h,pchip,0.04286014491080433,0.032967243699930225,0.010734529771647343,0.00020569498164340645,0.10675187522798481,0.003996394815672488,1안 (PCHIP)
ELEC_1-8-3,6,block_6h,stl,0.03734120406240096,0.034624515984332756,0.010164433712710563,0.0006832725528992182,0.0952356100598409,0.0016509560875288543,2안 (STL)
ELEC_1-8-3,6,block_6h,mstl,0.03190619276894829,0.034946329540737446,0.010483669959511614,0.0005329062173569777,0.0766146983883381,0.0031760082129215217,3안 (MSTL)
ELEC_1-8-3,6,block_6h,seasonal_naive,0.06023103666526874,0.03658452727948831,0.01123054698803858,0.0001231883060165588,0.1394632568099394,0.004601108681000499,4안 (Seasonal Naive)
ELEC_1-8-3,6,block_24h,baseline,0.04315352837827234,0.03279500883780752,0.010690088883000284,0.00025084349492469394,0.13810817590597982,0.004120037974942314,기존안 (대치+선형)
ELEC_1-8-3,6,block_24h,pchip,0.04291547692339731,0.03292105118271224,0.010683700411599521,0.0002220279338046692,0.1377533578754705,0.004136739633769926,1안 (PCHIP)
ELEC_1-8-3,6,block_24h,stl,0.043323110838333276,0.03459792531266206,0.01015288745008041,0.000687142592500612,0.126725131782844,0.0017078869047492118,2안 (STL)
ELEC_1-8-3,6,block_24h,mstl,0.04155163299202616,0.03492016865340679,0.01048958599528458,0.0005483647990943855,0.12015560648847289,0.0032282455826156964,3안 (MSTL)
ELEC_1-8-3,6,block_24h,seasonal_naive,0.05483561292120967,0.03655394310115583,0.011273535957108982,0.00012317069061492216,0.13349157276772272,0.0047341821191534406,4안 (Seasonal Naive)
ELEC_1-8-3,7,random,baseline,0.06223478454037714,0.028063065572747733,0.016054571907321517,0.0006012030363678555,0.24922486719549106,0.009068099298272014,기존안 (대치+선형)
ELEC_1-8-3,7,random,pchip,0.06245474761976024,0.028268956396258923,0.016163518051920643,0.000549443205133372,0.24907210811256678,0.009091117696304662,1안 (PCHIP)
ELEC_1-8-3,7,random,stl,0.04243369099776366,0.0337065889488062,0.010849763969178573,0.0017694080267369955,0.1563972289423392,0.005392351249469907,2안 (STL)
ELEC_1-8-3,7,random,mstl,0.041307034229703235,0.034605921207889474,0.010861251991675322,0.0013421423753855184,0.14170964471608033,0.006210543089230414,3안 (MSTL)
ELEC_1-8-3,7,random,seasonal_naive,0.06131618351494594,0.039551637314107754,0.014724481770356262,0.00013174733610940247,0.16435098856946945,0.00978035175056191,4안 (Seasonal Naive)
ELEC_1-8-3,7,block_6h,baseline,0.019763997966401048,0.03283688389354701,0.010735788172474095,0.00022600672965445744,,0.003991177685003233,기존안 (대치+선형)
ELEC_1-8-3,7,block_6h,pchip,0.021751992431559408,0.03296292485870739,0.010733923375605785,0.0002018461708327425,,0.004022935971531472,1안 (PCHIP)
ELEC_1-8-3,7,block_6h,stl,0.014556645963623783,0.03462297994741216,0.010157623420945809,0.0006755013070500008,,0.0016524198830094594,2안 (STL)
ELEC_1-8-3,7,block_6h,mstl,0.016025672628207147,0.03494221515523559,0.010487764191743604,0.0005318111796273302,,0.0032160855332244997,3안 (MSTL)
ELEC_1-8-3,7,block_6h,seasonal_naive,0.07945998294040386,0.03657262202886224,0.011289118682327114,0.00012737331822531184,,0.004837681574562991,4안 (Seasonal Naive)
ELEC_1-8-3,7,block_24h,baseline,0.06012765793744959,0.03279316713375705,0.010735908480194798,0.0002608375263993738,0.14951150614165457,0.00401601550146824,기존안 (대치+선형)
ELEC_1-8-3,7,block_24h,pchip,0.06085367563050969,0.03291921022222618,0.010738133734030873,0.0002337563584032723,0.1508737217402399,0.004043268594771665,1안 (PCHIP)
ELEC_1-8-3,7,block_24h,stl,0.05829963016849722,0.03459298077108192,0.010153439277345402,0.0007142294821519147,0.14790977334576422,0.0016795652604298938,2안 (STL)
ELEC_1-8-3,7,block_24h,mstl,0.056204827762249804,0.0349181494300837,0.010512841185321007,0.0005677946988926386,0.12172579482948727,0.0031463589952784865,3안 (MSTL)
ELEC_1-8-3,7,block_24h,seasonal_naive,0.07212065507806262,0.036564822037072765,0.01128640262613577,0.00012891275869000035,0.13070658180182285,0.0046860285960602654,4안 (Seasonal Naive)
ELEC_1-8-3,8,random,baseline,0.03848290312790575,0.028320599700153173,0.011751299408786343,0.0005651226457416741,0.1444673743768529,0.007523852845631285,기존안 (대치+선형)
ELEC_1-8-3,8,random,pchip,0.03863270287653168,0.028532451548200565,0.011729773432418199,0.0005158213835637047,0.14347758555870008,0.007662335523044073,1안 (PCHIP)
ELEC_1-8-3,8,random,stl,0.047561012022613446,0.03396434635704872,0.012339294168905722,0.001682908771269421,0.19293102225533845,0.006062639643138357,2안 (STL)
ELEC_1-8-3,8,random,mstl,0.046851770200471585,0.03497861412498608,0.012196687474449415,0.0013238525401720466,0.17252955609055853,0.007476971240723884,3안 (MSTL)
ELEC_1-8-3,8,random,seasonal_naive,0.061836533018140204,0.039889397484883876,0.015384788993336436,0.00018763777261912102,0.20175648511834254,0.012666119519663122,4안 (Seasonal Naive)
ELEC_1-8-3,8,block_6h,baseline,0.01804232594555608,0.03283752187296081,0.010755052564693413,0.00022679355478099044,,0.003984972238566753,기존안 (대치+선형)
ELEC_1-8-3,8,block_6h,pchip,0.019625281546765884,0.03296357392531068,0.010751735035382555,0.0002021509507335716,,0.0040133818410499345,1안 (PCHIP)
ELEC_1-8-3,8,block_6h,stl,0.016676249162889054,0.03462345309159576,0.010170333335597815,0.0006762345119657114,,0.0016446870182635909,2안 (STL)
ELEC_1-8-3,8,block_6h,mstl,0.024236156022564008,0.03494456848541735,0.010449349069925853,0.000535582264275649,,0.0032012630913618167,3안 (MSTL)
ELEC_1-8-3,8,block_6h,seasonal_naive,0.015811388300846472,0.0365594852005852,0.011217285800226474,0.00011953068970272277,,0.004671563293211278,4안 (Seasonal Naive)
ELEC_1-8-3,8,block_24h,baseline,0.09404029767183608,0.03277512381336705,0.010878105810236167,0.00023217941104258137,0.1219440534759235,0.0042220474800438446,기존안 (대치+선형)
ELEC_1-8-3,8,block_24h,pchip,0.09838030356853228,0.03290117681061034,0.010929692315407764,0.00019499020404805187,0.12132518454305798,0.0042432458192912526,1안 (PCHIP)
ELEC_1-8-3,8,block_24h,stl,0.06398110932311471,0.0346073599636021,0.010156827456425401,0.0006727849804739178,0.11662961321540027,0.0017776468306499593,2안 (STL)
ELEC_1-8-3,8,block_24h,mstl,0.07289706898954007,0.034900322656480735,0.010400171139174854,0.000575489244959562,0.13035738662175586,0.0034108779335642048,3안 (MSTL)
ELEC_1-8-3,8,block_24h,seasonal_naive,0.06540472290116263,0.03654983784231926,0.011251219815559262,0.0001150294381166934,0.13173665190274672,0.004849369639755352,4안 (Seasonal Naive)
ELEC_1-8-3,9,random,baseline,0.03941594222046737,0.028134428166800302,0.011587161305906596,0.0005811063567889343,0.14252883907764324,0.006438335390412053,기존안 (대치+선형)
ELEC_1-8-3,9,random,pchip,0.03960099429660141,0.028341873557830802,0.011533443596170263,0.0005324044614545991,0.14191844394383543,0.006519525361968537,1안 (PCHIP)
ELEC_1-8-3,9,random,stl,0.04885786190960407,0.03386332014429642,0.010560268141238859,0.001756831402075815,0.1905222014540362,0.006631601745992088,2안 (STL)
ELEC_1-8-3,9,random,mstl,0.051049887041573,0.0348513272145482,0.013881276970054595,0.0013921340976062926,0.1685592115401562,0.008557561603628416,3안 (MSTL)
ELEC_1-8-3,9,random,seasonal_naive,0.14001157107156278,0.04029769968667161,0.03616444773538918,0.00027106406187985205,0.19850885447788016,0.028604850636734458,4안 (Seasonal Naive)
ELEC_1-8-3,9,block_6h,baseline,0.015092308563554502,0.032837089156488856,0.01073646568057818,0.0002293250791006415,,0.0040059043687372675,기존안 (대치+선형)
ELEC_1-8-3,9,block_6h,pchip,0.01687174329304777,0.03296313012164923,0.01073428651804527,0.0002026521850005444,,0.004037261943333759,1안 (PCHIP)
ELEC_1-8-3,9,block_6h,stl,0.013432432541447319,0.034619453052963926,0.010164697633510042,0.0006774810807700427,,0.0016551650713509947,2안 (STL)
ELEC_1-8-3,9,block_6h,mstl,0.019210073469698195,0.034942302192604566,0.01048724946431226,0.0005338440931744597,,0.0032037788138816747,3안 (MSTL)
ELEC_1-8-3,9,block_6h,seasonal_naive,0.05369667897862423,0.036561332567061657,0.011276825861176626,0.00012410826412615703,,0.004683020168961383,4안 (Seasonal Naive)
ELEC_1-8-3,9,block_24h,baseline,0.07164394186624558,0.03278946815398461,0.010965390270087185,0.00024350289018232292,0.18536752066367523,0.004065269242861658,기존안 (대치+선형)
ELEC_1-8-3,9,block_24h,pchip,0.08940476192089383,0.032915509119144995,0.011144515585001563,0.00023664447173308824,0.1701783525924995,0.0041009387049590895,1안 (PCHIP)
ELEC_1-8-3,9,block_24h,stl,0.03829586830473443,0.03460658643706877,0.010169183721188838,0.0006872433880626637,0.1802526501905741,0.0016765448354023604,2안 (STL)
ELEC_1-8-3,9,block_24h,mstl,0.051740905531012536,0.03491893980300072,0.010514396952227154,0.0005684002216542231,0.1779653501890413,0.00319989856207592,3안 (MSTL)
ELEC_1-8-3,9,block_24h,seasonal_naive,0.03772259040893986,0.03655141152487329,0.011232251650045122,0.00011861624962575718,0.14089002803606276,0.004666093827683571,4안 (Seasonal Naive)
ELEC_1-16-3,0,random,baseline,0.02497806268738785,0.026330609200923484,0.010426658305834082,0.0005547628708646792,0.07288425727321056,0.006361692898709026,기존안 (대치+선형)
ELEC_1-16-3,0,random,pchip,0.0254354404930027,0.026573599090742177,0.010481295969915209,0.000494013739673629,0.07304901945160923,0.006942551714021694,1안 (PCHIP)
ELEC_1-16-3,0,random,stl,0.026023089195221345,0.030227237967560553,0.006994815176347692,0.0011127335472039303,0.09179176784592834,0.002879039466345046,2안 (STL)
ELEC_1-16-3,0,random,mstl,0.030060868549904998,0.031136055298388175,0.007333133702880335,0.0009026517802324691,0.08111238857571029,0.0035906725165703035,3안 (MSTL)
ELEC_1-16-3,0,random,seasonal_naive,0.03467669650764005,0.034839313327111876,0.007864845584289166,0.00016194102833740865,0.09231026728381203,0.0057575244220532396,4안 (Seasonal Naive)
ELEC_1-16-3,0,block_6h,baseline,0.013944333775571456,0.030147614844693384,0.009894015989002719,0.0002643203501586521,,0.005155848397149887,기존안 (대치+선형)
ELEC_1-16-3,0,block_6h,pchip,0.01394433377557292,0.030300589993038925,0.009942367052270612,0.0002305662219771701,,0.005632489689568865,1안 (PCHIP)
ELEC_1-16-3,0,block_6h,stl,0.015375138992462132,0.03155012472979766,0.007016881086094146,0.0004603123085637639,,0.0015857680977383604,2안 (STL)
ELEC_1-16-3,0,block_6h,mstl,0.01621660994347694,0.03187422373274223,0.007396558107466563,0.0003843557753736007,,0.0020592179114798936,3안 (MSTL)
ELEC_1-16-3,0,block_6h,seasonal_naive,0.024944382578494306,0.03341567798357905,0.007475347479841005,0.00014736504676277496,,0.0030100794499253736,4안 (Seasonal Naive)
ELEC_1-16-3,0,block_24h,baseline,0.06333159404750142,0.030112926823130867,0.00988507416392045,0.0002941655845206278,0.19857938617847096,0.005308413269531909,기존안 (대치+선형)
ELEC_1-16-3,0,block_24h,pchip,0.06362388422336349,0.03026590267924599,0.00993979951697256,0.0002581086387148671,0.19933862310448475,0.005781386778905384,1안 (PCHIP)
ELEC_1-16-3,0,block_24h,stl,0.06214017851490898,0.0315264939994362,0.0070838560714751985,0.0004803349037778116,0.1976615587660161,0.0016415187755383087,2안 (STL)
ELEC_1-16-3,0,block_24h,mstl,0.0628058349243257,0.031854617231364526,0.007443730117833411,0.000411362729805902,0.20055242408697915,0.0021904557722253193,3안 (MSTL)
ELEC_1-16-3,0,block_24h,seasonal_naive,0.08838049055708463,0.03341937271653199,0.0076121852495673525,0.00014115320823537714,0.21009155513361594,0.003180657860193392,4안 (Seasonal Naive)
ELEC_1-16-3,1,random,baseline,0.025024268192798096,0.026296297056591814,0.010413359096385954,0.0005669809103730876,0.07013930784016219,0.006575454815723192,기존안 (대치+선형)
ELEC_1-16-3,1,random,pchip,0.025448224402748403,0.026532174958401274,0.010483989711601239,0.0005076362678915638,0.07041163866534203,0.007154091312680633,1안 (PCHIP)
ELEC_1-16-3,1,random,stl,0.02610158413245595,0.030144568811853716,0.007007091907864728,0.0011530156072678665,0.09044286595807387,0.0031316349942749344,2안 (STL)
ELEC_1-16-3,1,random,mstl,0.03743049820378648,0.03126786027804152,0.007808534812972217,0.0009511012110360085,0.08105095230648089,0.004143810344410026,3안 (MSTL)
ELEC_1-16-3,1,random,seasonal_naive,0.06985803667567975,0.03513737222389243,0.012211327347575353,0.00018037388209265521,0.09384390072986848,0.009214439607937996,4안 (Seasonal Naive)
ELEC_1-16-3,1,block_6h,baseline,0.038980051878440856,0.030148230633518867,0.009897071707791838,0.00026312300757511944,0.08514693182966802,0.005128359939606919,기존안 (대치+선형)
ELEC_1-16-3,1,block_6h,pchip,0.038980051878440856,0.030301205781864404,0.009944919824888945,0.00023141804612280008,0.08514693182966802,0.005605530835312678,1안 (PCHIP)
ELEC_1-16-3,1,block_6h,stl,0.031086194680423843,0.03155095330575328,0.007016379846109552,0.0004655323983605348,0.0735445304157623,0.001559383225872235,2안 (STL)
ELEC_1-16-3,1,block_6h,mstl,0.028940420861678185,0.031877196706703005,0.007394337755063825,0.0003840127404757324,0.062232648259395666,0.0020438064524376243,3안 (MSTL)
ELEC_1-16-3,1,block_6h,seasonal_naive,0.027284509239571996,0.03341622535142394,0.007473366255190848,0.00014490194201925453,0.0452769256906773,0.0029797478034843117,4안 (Seasonal Naive)
ELEC_1-16-3,1,block_24h,baseline,0.19097873795920003,0.030103854201102027,0.013152891532906623,0.00032726061073334867,0.11619460152484576,0.005732408807063827,기존안 (대치+선형)
ELEC_1-16-3,1,block_24h,pchip,0.1813114117747561,0.030256852250308573,0.01280979437180977,0.00032124779984409263,0.09648183947865374,0.0061073381155413164,1안 (PCHIP)
ELEC_1-16-3,1,block_24h,stl,0.07614408784646574,0.031532324048759705,0.007083485070662245,0.0004951522830154189,0.21452705743789194,0.00172520348422045,2안 (STL)
ELEC_1-16-3,1,block_24h,mstl,0.09145353915170276,0.03186247269573083,0.007648947397786059,0.0003681931111413389,0.1688914851773637,0.002328447998406702,3안 (MSTL)
ELEC_1-16-3,1,block_24h,seasonal_naive,0.09210501253098573,0.03340890430649871,0.007540511790160911,0.00012096273128153431,0.22957761727341905,0.0032925558344991668,4안 (Seasonal Naive)
ELEC_1-16-3,2,random,baseline,0.050301746036096336,0.02614151413681512,0.011255712489392783,0.0005531219188721539,0.20927018033262715,0.009901883063506922,기존안 (대치+선형)
ELEC_1-16-3,2,random,pchip,0.050564809717770894,0.026385841020213522,0.011285113221690483,0.000490759102801668,0.20926028268593533,0.010329808773836824,1안 (PCHIP)
ELEC_1-16-3,2,random,stl,0.05086445204189798,0.030024892335887572,0.007230740874027882,0.001192937656519213,0.21685773588121185,0.006524092373184187,2안 (STL)
ELEC_1-16-3,2,random,mstl,0.052733483325904364,0.03090954344856596,0.00793569302248018,0.0009632798311816474,0.21723041261571413,0.007378339790588884,3안 (MSTL)
ELEC_1-16-3,2,random,seasonal_naive,0.05607768797260228,0.03470927925346467,0.008066810962526393,0.00017256203398941978,0.21694998248496136,0.009248428976845413,4안 (Seasonal Naive)
ELEC_1-16-3,2,block_6h,baseline,0.01945195050314974,0.03014823063351896,0.009891989874440399,0.0002662582884252746,,0.005140826484759664,기존안 (대치+선형)
ELEC_1-16-3,2,block_6h,pchip,0.021920045762107473,0.03030120044949387,0.00994038488757299,0.0002317029016979463,,0.0056167657471447585,1안 (PCHIP)
ELEC_1-16-3,2,block_6h,stl,0.01778351732232276,0.03155137125418719,0.0070150668895685095,0.00046062511091419394,,0.001575179750429867,2안 (STL)
ELEC_1-16-3,2,block_6h,mstl,0.019115794193814428,0.03187320818346973,0.007396315790279903,0.00038405528291342224,,0.002065825177902325,3안 (MSTL)
ELEC_1-16-3,2,block_6h,seasonal_naive,0.020883273476929157,0.03341547272063728,0.007472952174456282,0.00014647072863623875,,0.003044270508789193,4안 (Seasonal Naive)
ELEC_1-16-3,2,block_24h,baseline,0.08960104743332492,0.030097529271280715,0.009810349824799893,0.00031267257519942374,0.24240420527671722,0.0054033785059879325,기존안 (대치+선형)
ELEC_1-16-3,2,block_24h,pchip,0.0896931761908216,0.030250505792317944,0.009867425470217336,0.00027839876439083146,0.24267542127629843,0.005865322976140841,1안 (PCHIP)
ELEC_1-16-3,2,block_24h,stl,0.08840186331814973,0.03150948199719859,0.007083477043077831,0.0005073157467927198,0.23877380615645308,0.0017173522785696171,2안 (STL)
ELEC_1-16-3,2,block_24h,mstl,0.08898663464808962,0.031836833253866846,0.007408122592822375,0.0004291389877513231,0.2384994928480536,0.002283796278297001,3안 (MSTL)
ELEC_1-16-3,2,block_24h,seasonal_naive,0.09684968307181492,0.03339104643055964,0.007523562704964759,0.00013746235851554075,0.24876537244221883,0.003228506799119457,4안 (Seasonal Naive)
ELEC_1-16-3,3,random,baseline,0.09564572467218939,0.02599845564078696,0.02458178289019548,0.0005772450868031124,0.29666075672183156,0.0236610043384623,기존안 (대치+선형)
ELEC_1-16-3,3,random,pchip,0.09578797084065314,0.026241258461186388,0.024722853377632612,0.0005130571634438762,0.2967467631991095,0.02414364529282087,1안 (PCHIP)
ELEC_1-16-3,3,random,stl,0.06921494764191251,0.029941669574324842,0.00816045243293202,0.0011923942948358348,0.30181809436158896,0.0104760421468989,2안 (STL)
ELEC_1-16-3,3,random,mstl,0.07317294882106516,0.030811312223407012,0.011586510979602982,0.0009871449512440006,0.30146109659650683,0.012214391420688808,3안 (MSTL)
ELEC_1-16-3,3,random,seasonal_naive,0.08560493090367183,0.03488854222266465,0.008413952521389646,0.0001967672798560723,0.3024137734199226,0.01540952630625736,4안 (Seasonal Naive)
ELEC_1-16-3,3,block_6h,baseline,0.01819975909807396,0.030149872737053513,0.009895210271341867,0.0002642057011390984,,0.005168046308351326,기존안 (대치+선형)
ELEC_1-16-3,3,block_6h,pchip,0.017588941656185433,0.03030284788539905,0.009942355840315338,0.00023111818513154412,,0.005642210047774876,1안 (PCHIP)
ELEC_1-16-3,3,block_6h,stl,0.014685883351795805,0.03155241508651064,0.007017763265283278,0.0004608333788988148,,0.001599397144255943,2안 (STL)
ELEC_1-16-3,3,block_6h,mstl,0.015768664218797638,0.03187557974091075,0.0073984606202702734,0.00038177953149709786,,0.002070069985185552,3안 (MSTL)
ELEC_1-16-3,3,block_6h,seasonal_naive,0.019735910742552834,0.03341547272063721,0.0074757837213664,0.00014623612375528884,,0.0030484735570600607,4안 (Seasonal Naive)
ELEC_1-16-3,3,block_24h,baseline,0.02712801354272481,0.03011395455344645,0.009901736127618991,0.00027900761409087327,0.058616551578106406,0.005196323905726441,기존안 (대치+선형)
ELEC_1-16-3,3,block_24h,pchip,0.026920343065304653,0.03026693111733116,0.00995044092842506,0.00024158965557247617,0.057609947870400066,0.005670160139808256,1안 (PCHIP)
ELEC_1-16-3,3,block_24h,stl,0.02532825176594313,0.031526413992317,0.007023939683624222,0.0004646341862161807,0.06426591227693879,0.0015503999616686137,2안 (STL)
ELEC_1-16-3,3,block_24h,mstl,0.024372550530522917,0.031857728358178926,0.007394888733550792,0.0003948026297386051,0.073179871444511,0.002015279549827498,3안 (MSTL)
ELEC_1-16-3,3,block_24h,seasonal_naive,0.02761340254297214,0.03340065957833523,0.007479439803560883,0.00014850497401709212,0.07358183005529798,0.0029084389773712527,4안 (Seasonal Naive)
ELEC_1-16-3,4,random,baseline,0.0641947370649373,0.02618851837304975,0.008289131231469642,0.0006664144784387104,0.269066324332532,0.009506894876270877,기존안 (대치+선형)
ELEC_1-16-3,4,random,pchip,0.06430335873840766,0.02641296643555605,0.00826263630434442,0.0006045746153425862,0.26891565464592776,0.00952585399529049,1안 (PCHIP)
ELEC_1-16-3,4,random,stl,0.0652161793664548,0.029878810031259445,0.00776608526192186,0.0012098045115029896,0.2763750766582126,0.009713585718956974,2안 (STL)
ELEC_1-16-3,4,random,mstl,0.06678444355636544,0.0308066004218283,0.008930511471729439,0.001016261753439638,0.27115817198703335,0.01051223014461633,3안 (MSTL)
ELEC_1-16-3,4,random,seasonal_naive,0.06941734522389002,0.03462337671230787,0.008680050399773157,0.000240777693433434,0.27625796340214137,0.011808029966277167,4안 (Seasonal Naive)
ELEC_1-16-3,4,block_6h,baseline,0.009531543305107528,0.03014953589530273,0.00988571552503746,0.0002659282101996644,,0.005161917364420843,기존안 (대치+선형)
ELEC_1-16-3,4,block_6h,pchip,0.009727059752834898,0.030302452854844848,0.009934115856983563,0.00023236928503231292,,0.0056398358583540364,1안 (PCHIP)
ELEC_1-16-3,4,block_6h,stl,0.02935979383154265,0.03155658614204765,0.006991817738423543,0.0004654349218733871,,0.0016296508896007644,2안 (STL)
ELEC_1-16-3,4,block_6h,mstl,0.041490153028121805,0.03187531072833608,0.00736367649937586,0.00039366722788016146,,0.002093765074520304,3안 (MSTL)
ELEC_1-16-3,4,block_6h,seasonal_naive,0.06020797289393294,0.03341732008711367,0.0074542936853126554,0.00016903336086639023,,0.0030537678437153604,4안 (Seasonal Naive)
ELEC_1-16-3,4,block_24h,baseline,0.08814703299196854,0.030097735949829042,0.009811493224180793,0.00031268956212874915,0.23746120160296266,0.005400458641795947,기존안 (대치+선형)
ELEC_1-16-3,4,block_24h,pchip,0.08881998137850919,0.03025071109817459,0.009866324876069553,0.0002754594576480205,0.2403433567975727,0.005856445849572789,1안 (PCHIP)
ELEC_1-16-3,4,block_24h,stl,0.08711073980437066,0.0315100668934522,0.007082038969400407,0.0005023236468646224,0.2345645223460155,0.0017207565480691356,2안 (STL)
ELEC_1-16-3,4,block_24h,mstl,0.08856691078358986,0.03183703007352188,0.007408561349472078,0.00042943594946359703,0.23672397187476787,0.0022864762619630996,3안 (MSTL)
ELEC_1-16-3,4,block_24h,seasonal_naive,0.09781998773256827,0.03339084116761781,0.0075309096594210366,0.00013992546325906728,0.24876537244221883,0.0032345627495544704,4안 (Seasonal Naive)
ELEC_1-16-3,5,random,baseline,0.02955567961097445,0.026304850819516768,0.010915277506277481,0.0005940352993519786,0.07117932747388848,0.007865131311318496,기존안 (대치+선형)
ELEC_1-16-3,5,random,pchip,0.029982082946686257,0.026539807203291275,0.011014155181232471,0.0005314705683746998,0.07132899673034522,0.008510645002437589,1안 (PCHIP)
ELEC_1-16-3,5,random,stl,0.030874899431637737,0.030180664131497927,0.006981211436014311,0.0011609333465234894,0.09116688359645866,0.003697915473337976,2안 (STL)
ELEC_1-16-3,5,random,mstl,0.027728756119575093,0.031002977759255475,0.007716399114349816,0.0009385925195380808,0.08223901197836331,0.00412166726737917,3안 (MSTL)
ELEC_1-16-3,5,random,seasonal_naive,0.03580964925616811,0.03484136595652968,0.007797940840465317,0.00014299408580841465,0.09367806663663103,0.004746242992470173,4안 (Seasonal Naive)
ELEC_1-16-3,5,block_6h,baseline,0.044158804331851986,0.030135299068183644,0.009904073612204502,0.00026096779092427765,0.1148912529307695,0.0051344618058477565,기존안 (대치+선형)
ELEC_1-16-3,5,block_6h,pchip,0.044158804331983804,0.03028827421652918,0.009951013986776483,0.00022991778924238737,0.114891252930912,0.005610055601467212,1안 (PCHIP)
ELEC_1-16-3,5,block_6h,stl,0.0407804669918157,0.03153847644929354,0.007024930615152083,0.00045969097124239804,0.106881315058831,0.0015661055805480384,2안 (STL)
ELEC_1-16-3,5,block_6h,mstl,0.04019825262335135,0.0318633858844118,0.0074023581807836115,0.00038421022566205546,0.1000111379370765,0.002038087654066989,3안 (MSTL)
ELEC_1-16-3,5,block_6h,seasonal_naive,0.04294699575569373,0.03340418325883661,0.007478356559360027,0.00014649521115269435,0.09469248474178428,0.0029792943314524978,4안 (Seasonal Naive)
ELEC_1-16-3,5,block_24h,baseline,0.03036156637335195,0.030115183299884433,0.00990865529161889,0.00027856288684549135,0.06938853027109458,0.005216677220594823,기존안 (대치+선형)
ELEC_1-16-3,5,block_24h,pchip,0.027659117998761952,0.03026815844822998,0.00994932550471382,0.00024049105381522464,0.07359269521006473,0.005692603157038012,1안 (PCHIP)
ELEC_1-16-3,5,block_24h,stl,0.026554491684472617,0.03152724872212799,0.00702631888581441,0.00046357889880542015,0.07094102800183597,0.0015553345194796453,2안 (STL)
ELEC_1-16-3,5,block_24h,mstl,0.025608350516961045,0.031858522385031667,0.007396372757497923,0.00039479901165381765,0.08012442819149695,0.0020199303751448072,3안 (MSTL)
ELEC_1-16-3,5,block_24h,seasonal_naive,0.027131367660169523,0.03340189115598621,0.007481697478433461,0.00015014704384611283,0.07560864148143275,0.002920692894553212,4안 (Seasonal Naive)
ELEC_1-16-3,6,random,baseline,0.07133882553264445,0.026089604604990362,0.022270312392157005,0.0006122651715563764,0.06704806356224025,0.014877644429687531,기존안 (대치+선형)
ELEC_1-16-3,6,random,pchip,0.07154983788195413,0.026330696153854645,0.022444784529476392,0.0005504320784453226,0.0676431983210274,0.015540308387395951,1안 (PCHIP)
ELEC_1-16-3,6,random,stl,0.02611119800618037,0.030110540795161674,0.007077499055984338,0.0011500191582915567,0.08781768412178242,0.002827857063692041,2안 (STL)
ELEC_1-16-3,6,random,mstl,0.042626931696143705,0.03113100824161238,0.011920584757852718,0.000982026629194433,0.07760816400614623,0.004797602961957859,3안 (MSTL)
ELEC_1-16-3,6,random,seasonal_naive,0.04758981961725582,0.03487603144635798,0.008939962595067534,0.00015460738484688062,0.09053232500661222,0.005517638473618192,4안 (Seasonal Naive)
ELEC_1-16-3,6,block_6h,baseline,0.027127216700120728,0.030144791092331417,0.009897771449372242,0.00026208284509860526,0.0002702702704728277,0.005190758143596708,기존안 (대치+선형)
ELEC_1-16-3,6,block_6h,pchip,0.03106844947271544,0.030297791186853298,0.00994646473235706,0.00022746329933131797,0.007071841747000512,0.005669664541509634,1안 (PCHIP)
ELEC_1-16-3,6,block_6h,stl,0.02411840943070214,0.031551929643329125,0.007017407618801864,0.00046135837657422925,0.06355429096490593,0.001612331507956255,2안 (STL)
ELEC_1-16-3,6,block_6h,mstl,0.017741966598013137,0.03187181374589201,0.007398525658955057,0.00038353656364186134,0.039531098969371986,0.002087425753097616,3안 (MSTL)
ELEC_1-16-3,6,block_6h,seasonal_naive,0.032744804507349956,0.033417114824171874,0.007477393692111666,0.00014623612375532101,0.0599999999999454,0.0030403185500350594,4안 (Seasonal Naive)
ELEC_1-16-3,6,block_24h,baseline,0.06816646291739051,0.030109849294609917,0.00993119945654307,0.0002923861708534082,0.21552767635217607,0.005290919951993045,기존안 (대치+선형)
ELEC_1-16-3,6,block_24h,pchip,0.06880092875517939,0.030262825858494623,0.009991034192741232,0.0002575026561748655,0.21708383358961028,0.005761385825861276,1안 (PCHIP)
ELEC_1-16-3,6,block_24h,stl,0.06603761747995818,0.03152196817145707,0.0071251057047037195,0.0004964933107007395,0.21047425737293537,0.0016477366941495264,2안 (STL)
ELEC_1-16-3,6,block_24h,mstl,0.06514321137848789,0.03185196104660841,0.007459580186237082,0.000408994171389085,0.207804537977114,0.002204179273313067,3안 (MSTL)
ELEC_1-16-3,6,block_24h,seasonal_naive,0.08860806334013159,0.03341013588414969,0.00762217643112947,0.0001271956146887124,0.21162375902675779,0.0032134863999654373,4안 (Seasonal Naive)
ELEC_1-16-3,7,random,baseline,0.024451713741770145,0.026363366722833903,0.010335320631195624,0.0005883153713737794,0.07037686487180878,0.007143502413407665,기존안 (대치+선형)
ELEC_1-16-3,7,random,pchip,0.024930078807873905,0.026608658374483354,0.010403699754084237,0.0005306949462666829,0.0706056765602327,0.0076752353385904915,1안 (PCHIP)
ELEC_1-16-3,7,random,stl,0.02654684550918233,0.030253646740801853,0.007057875398704298,0.0011121823629162914,0.09279288039752374,0.003994920857591788,2안 (STL)
ELEC_1-16-3,7,random,mstl,0.03566451160462946,0.031308792216929726,0.010256763725527264,0.0009564417103952579,0.0802246807014378,0.00706449194732095,3안 (MSTL)
ELEC_1-16-3,7,random,seasonal_naive,0.09949452540629847,0.0354892955376571,0.01886886115967083,0.0002729311671581601,0.09413379502919923,0.018202747685209464,4안 (Seasonal Naive)
ELEC_1-16-3,7,block_6h,baseline,0.033324323106595555,0.03014374258703397,0.009890921717379281,0.00026611035420648935,0.1605405405405788,0.005227012215830329,기존안 (대치+선형)
ELEC_1-16-3,7,block_6h,pchip,0.03550000025995305,0.030296731594366362,0.009939069588989572,0.00023233859350837253,0.16530827394236902,0.005713709405255174,1안 (PCHIP)
ELEC_1-16-3,7,block_6h,stl,0.029214126626027584,0.03154784330325629,0.007014003802863366,0.0004614896341554153,0.15108979071828554,0.00159440407217315,2안 (STL)
ELEC_1-16-3,7,block_6h,mstl,0.028578867596000545,0.03186961810529948,0.0073957749589076026,0.00038457978262263306,0.1507385197278679,0.0020747337866828808,3안 (MSTL)
ELEC_1-16-3,7,block_6h,seasonal_naive,0.034600899153359115,0.03341588324652085,0.007472859798622961,0.0001478000467364936,0.1399999999998726,0.003023959458088532,4안 (Seasonal Naive)
ELEC_1-16-3,7,block_24h,baseline,0.06357410374253462,0.030110256989280597,0.009889791418663547,0.00029373191313864096,0.20227551659897836,0.005315498665667384,기존안 (대치+선형)
ELEC_1-16-3,7,block_24h,pchip,0.06357410374253462,0.030263232137626137,0.009943383379115446,0.0002560077310502433,0.20227551659897836,0.005787139452700041,1안 (PCHIP)
ELEC_1-16-3,7,block_24h,stl,0.06283846124522524,0.03152370414434447,0.007093247320461849,0.00048609792849053425,0.2010719180011901,0.0016409992803598783,2안 (STL)
ELEC_1-16-3,7,block_24h,mstl,0.06358085936081942,0.031852112628078806,0.007447026194632225,0.00041055560213608904,0.20313004209997176,0.0021991735461796003,3안 (MSTL)
ELEC_1-16-3,7,block_24h,seasonal_naive,0.08874119674649315,0.03341157272474251,0.0076143761942320766,0.00013643225747694588,0.21162375902675779,0.003200421002725995,4안 (Seasonal Naive)
ELEC_1-16-3,8,random,baseline,0.0251025875197449,0.02629075006994879,0.010459222822984315,0.0005893542309168154,0.07202904926501864,0.006523579334187679,기존안 (대치+선형)
ELEC_1-16-3,8,random,pchip,0.025671554115223393,0.026534219304771855,0.01054218656813417,0.0005253495056262525,0.07257137520847552,0.007151994380508064,1안 (PCHIP)
ELEC_1-16-3,8,random,stl,0.02549758141489349,0.030032782522383436,0.0071087103420997295,0.001136833436334314,0.08825028459098021,0.0030555805314433915,2안 (STL)
ELEC_1-16-3,8,random,mstl,0.02992682322026556,0.03103444755925357,0.007889570561765246,0.0009457985757593325,0.08458504816631969,0.003460224671413936,3안 (MSTL)
ELEC_1-16-3,8,random,seasonal_naive,0.035664249992704886,0.03479170942985312,0.008009238128790123,0.0001335286030153532,0.09253951441627735,0.005032485165697653,4안 (Seasonal Naive)
ELEC_1-16-3,8,block_6h,baseline,1.0607212898093556,0.029876257235596046,0.011704399805197305,0.0002781070502593867,2.5979673133411856,0.01334745138684379,기존안 (대치+선형)
ELEC_1-16-3,8,block_6h,pchip,1.060123939453332,0.030029232383941583,0.011656456529700798,0.0002416266614501627,2.596482381367398,0.013851136089884863,1안 (PCHIP)
ELEC_1-16-3,8,block_6h,stl,1.0621330004522773,0.03127766353888856,0.008292971197491037,0.0005326558590752913,2.60133385823928,0.00946657483360569,2안 (STL)
ELEC_1-16-3,8,block_6h,mstl,1.0625795920256644,0.031598572024694196,0.00903753297822737,0.0004410362025542167,2.602468142925138,0.010001114731066463,3안 (MSTL)
ELEC_1-16-3,8,block_6h,seasonal_naive,1.0615583699635673,0.03315280457607725,0.008905936101304442,0.0001997219543130059,2.5990350773574735,0.010809105910175698,4안 (Seasonal Naive)
ELEC_1-16-3,8,block_24h,baseline,0.032407250501354,0.03011456892666544,0.009914633977785267,0.0002793592312207145,0.060064107080723635,0.005218231324218725,기존안 (대치+선형)
ELEC_1-16-3,8,block_24h,pchip,0.03269038897457177,0.03026754478278056,0.009963974373800033,0.00024310768409058092,0.06060926217165165,0.005696334938518177,1안 (PCHIP)
ELEC_1-16-3,8,block_24h,stl,0.028225277010808063,0.03152641932691087,0.00702920826670336,0.00046163205083884725,0.06459346975070202,0.0015479694930812249,2안 (STL)
ELEC_1-16-3,8,block_24h,mstl,0.025897187413582858,0.03185896373063599,0.007398486353171061,0.0003974328935066843,0.07395603948063297,0.002016855955758623,3안 (MSTL)
ELEC_1-16-3,8,block_24h,seasonal_naive,0.02760082526946934,0.03340148063010255,0.007479910672981687,0.00014901812083866124,0.07358183005529798,0.0029103077618679585,4안 (Seasonal Naive)
ELEC_1-16-3,9,random,baseline,0.04977906183319241,0.026154618220764276,0.016624448891517398,0.0006541818820219071,0.0744605610505221,0.010953225810881095,기존안 (대치+선형)
ELEC_1-16-3,9,random,pchip,0.048692576559945355,0.02639046236590771,0.016891579872675522,0.0005898647629665922,0.0750943181398607,0.011926918018474675,1안 (PCHIP)
ELEC_1-16-3,9,random,stl,0.03413184124646166,0.030081188741505702,0.007289371898492435,0.0011573008972434395,0.09301471004515395,0.003976253379543437,2안 (STL)
ELEC_1-16-3,9,random,mstl,0.03919785867076952,0.031144582312370033,0.008805704674887097,0.0010091404467423492,0.09006088706077105,0.004121866676522035,3안 (MSTL)
ELEC_1-16-3,9,random,seasonal_naive,0.06918059860362868,0.03488611327784783,0.012183688101831774,0.00017464684818630855,0.09588050245631706,0.00821086167406515,4안 (Seasonal Naive)
ELEC_1-16-3,9,block_6h,baseline,0.023560668604779202,0.030145789668805222,0.00986746164540148,0.00026588105616732246,0.05297297297315218,0.0051540126584631585,기존안 (대치+선형)
ELEC_1-16-3,9,block_6h,pchip,0.024385706556108753,0.030298775904340245,0.009913001126136628,0.00023149230074041846,0.04989319487511537,0.0056289897238169795,1안 (PCHIP)
ELEC_1-16-3,9,block_6h,stl,0.023316731233659658,0.031549037100315654,0.006996173837750605,0.00045783995178659337,0.0567463758572191,0.0015973779852604952,2안 (STL)
ELEC_1-16-3,9,block_6h,mstl,0.023099365736468105,0.03187525850812131,0.0073715882494934755,0.00038464381335330376,0.0495320730182708,0.0020871782584979126,3안 (MSTL)
ELEC_1-16-3,9,block_6h,seasonal_naive,0.02977928064201306,0.033418551664764665,0.007464957503295366,0.00014936631936686353,0.060000000000172804,0.0030264507477894,4안 (Seasonal Naive)
ELEC_1-16-3,9,block_24h,baseline,0.06750195115669536,0.03010882014868778,0.009918509794176737,0.0002901217057822693,0.21514851768281273,0.005330106110367883,기존안 (대치+선형)
ELEC_1-16-3,9,block_24h,pchip,0.06634292491786993,0.030261795297033316,0.009965209627359615,0.0002567884982464515,0.21215127844419232,0.005799360722245406,1안 (PCHIP)
ELEC_1-16-3,9,block_24h,stl,0.06638408054639335,0.03152082470784555,0.0071239282752766555,0.0004976341221834045,0.21177806927221446,0.0016420413510869203,2안 (STL)
ELEC_1-16-3,9,block_24h,mstl,0.06488726793644561,0.03185043621560232,0.007454150963666555,0.00040710830789917083,0.20762049160385163,0.002207492812036582,3안 (MSTL)
ELEC_1-16-3,9,block_24h,seasonal_naive,0.08852573386058682,0.033407262202964076,0.007618900520521516,0.00012976134879653508,0.21162375902675779,0.003181503090638138,4안 (Seasonal Naive)
ELEC_3-13-3,0,random,baseline,0.03868388782552711,0.022445845038279986,0.01248644372071583,0.0004450059049607015,0.07269974824813243,0.001394007877549286,기존안 (대치+선형)
ELEC_3-13-3,0,random,pchip,0.03941663104100914,0.022612212004437946,0.01254734755925763,0.00041378190362006875,0.07250980184515288,0.0014342868631755934,1안 (PCHIP)
ELEC_3-13-3,0,random,stl,0.032622981896815034,0.026898676873458087,0.011642268005883178,0.001195245790311743,0.11254289128195241,0.0013409403968458466,2안 (STL)
ELEC_3-13-3,0,random,mstl,0.03840050211818282,0.027963783060726406,0.012954415749550552,0.0008797348099456922,0.09449304424429962,0.0011089500225711646,3안 (MSTL)
ELEC_3-13-3,0,random,seasonal_naive,0.08541745845953135,0.03222279239714197,0.017521293384116857,0.00018478906302012057,0.11642713945974985,0.004755119467266589,4안 (Seasonal Naive)
ELEC_3-13-3,0,block_6h,baseline,0.011190407732760567,0.025945861736272936,0.011711587816828555,0.00019743823246152245,,0.0009155483827981703,기존안 (대치+선형)
ELEC_3-13-3,0,block_6h,pchip,0.011204164170029738,0.0260412565592366,0.011706979650760948,0.00018235452886435525,,0.0009225669913506263,1안 (PCHIP)
ELEC_3-13-3,0,block_6h,stl,0.011991349254858057,0.02731786684553697,0.011464916349537646,0.0004747539558564993,,0.0006823045082134938,2안 (STL)
ELEC_3-13-3,0,block_6h,mstl,0.014701260773415055,0.02759296395255064,0.011486405935374977,0.00033632181644471424,,0.0007462507620055181,3안 (MSTL)
ELEC_3-13-3,0,block_6h,seasonal_naive,0.016414763002988192,0.028961882671792956,0.011434824677000724,0.00012727243295385947,,0.00125236204266721,4안 (Seasonal Naive)
ELEC_3-13-3,0,block_24h,baseline,0.1329190762943845,0.025842819739474734,0.01198765998894653,0.0002674831107617649,0.28305657515823057,0.0010524712533268588,기존안 (대치+선형)
ELEC_3-13-3,0,block_24h,pchip,0.13063137593234997,0.025938214562438392,0.011926922510242402,0.00025287343888358846,0.2780517303309668,0.00105421658326732,1안 (PCHIP)
ELEC_3-13-3,0,block_24h,stl,0.13088237606159384,0.02726191173480626,0.011538081368389082,0.000529764897267498,0.26456242239655553,0.0008302108467842517,2안 (STL)
ELEC_3-13-3,0,block_24h,mstl,0.11756693075993023,0.027528897818974572,0.01147210290569634,0.00039320428622208924,0.23640704354508596,0.0008358113472481943,3안 (MSTL)
ELEC_3-13-3,0,block_24h,seasonal_naive,0.14478432235571642,0.028918366928125196,0.011478417448727142,0.00011154307816918751,0.26461170578552934,0.0014473048614408457,4안 (Seasonal Naive)
ELEC_3-13-3,1,random,baseline,0.0781746605149176,0.02223042177335475,0.015414330870350086,0.00053316685364758,0.31928260742974934,0.004301307258850029,기존안 (대치+선형)
ELEC_3-13-3,1,random,pchip,0.07825743595185601,0.022397619573526133,0.01527898025344328,0.0005011283142697316,0.3193553897405208,0.004287072011295412,1안 (PCHIP)
ELEC_3-13-3,1,random,stl,0.0811628632736472,0.026636455718859715,0.01324937160487056,0.0012884372704728994,0.33197576981511945,0.004621519617348802,2안 (STL)
ELEC_3-13-3,1,random,mstl,0.08370747662173779,0.027751010324281938,0.01339679240756133,0.0009577514602563905,0.32727611138924345,0.005120394588207122,3안 (MSTL)
ELEC_3-13-3,1,random,seasonal_naive,0.08617500357301786,0.0315720404505632,0.013637697720734747,0.00021410088860285127,0.3312541575407839,0.005290742586498087,4안 (Seasonal Naive)
ELEC_3-13-3,1,block_6h,baseline,0.019073904000280504,0.025943809106854534,0.011716169858629511,0.00019731198719377473,0.06081081081121641,0.0009195222261175751,기존안 (대치+선형)
ELEC_3-13-3,1,block_6h,pchip,0.016144179265360842,0.026039196740223036,0.011710579148013414,0.00018260689712940603,0.06155669132796686,0.0009258296893555062,1안 (PCHIP)
ELEC_3-13-3,1,block_6h,stl,0.017236956167333457,0.027314505124330115,0.011467230344821297,0.00047367971063168963,0.06549641214778612,0.0006863858115865318,2안 (STL)
ELEC_3-13-3,1,block_6h,mstl,0.019159636297900167,0.027593276401917954,0.011488635682580592,0.00033707649997335976,0.08428514411917348,0.0007514307164049328,3안 (MSTL)
ELEC_3-13-3,1,block_6h,seasonal_naive,0.019075871903791695,0.0289555195205963,0.011436839579001046,0.00012690678956504516,0.06000000000040019,0.0012503584452767669,4안 (Seasonal Naive)
ELEC_3-13-3,1,block_24h,baseline,0.035685138626242806,0.025916315197501608,0.011729022921982225,0.0001959703914941071,0.06636484530119102,0.0009411780061149289,기존안 (대치+선형)
ELEC_3-13-3,1,block_24h,pchip,0.03848207534064413,0.02601171568262194,0.011744057838065532,0.00017804924599516958,0.06579128753166898,0.0009431686235064074,1안 (PCHIP)
ELEC_3-13-3,1,block_24h,stl,0.02539400634153426,0.027305426161499242,0.011466550933351735,0.00048046485840803573,0.06783336102450356,0.0006981750919895502,2안 (STL)
ELEC_3-13-3,1,block_24h,mstl,0.029452502943098844,0.027582988748899563,0.01148230416422426,0.00034528105233869297,0.06497300678620098,0.000778808240109119,3안 (MSTL)
ELEC_3-13-3,1,block_24h,seasonal_naive,0.028382310609873368,0.028952851102352538,0.01143562572763723,0.00012389632821187453,0.06731098893025074,0.001276543170497968,4안 (Seasonal Naive)
ELEC_3-13-3,2,random,baseline,0.02887167070283049,0.022533718103677755,0.01191602411763313,0.0004528165196932554,0.07661651456302544,0.0011947319141711876,기존안 (대치+선형)
ELEC_3-13-3,2,random,pchip,0.02909486144821118,0.02270273927997781,0.011910946756960814,0.0004161112640673467,0.07684354305855902,0.0011907440768382793,1안 (PCHIP)
ELEC_3-13-3,2,random,stl,0.03598619366513483,0.026902034761177893,0.01148872504511606,0.0012174443348433926,0.1174238118359807,0.001449452110782623,2안 (STL)
ELEC_3-13-3,2,random,mstl,0.038733414111440836,0.02804165507243037,0.012559415091371819,0.0009042895898780294,0.10012545707888913,0.0014774255902946232,3안 (MSTL)
ELEC_3-13-3,2,random,seasonal_naive,0.1275067327654098,0.03265914720098094,0.02899419120255542,0.00023877239532327484,0.12335907970969608,0.008717913972439595,4안 (Seasonal Naive)
ELEC_3-13-3,2,block_6h,baseline,0.031077979999487467,0.02593949858507629,0.011715281545506712,0.00019364931072893995,,0.0009265096458067612,기존안 (대치+선형)
ELEC_3-13-3,2,block_6h,pchip,0.042723121592586684,0.026034893408039956,0.011715541272235884,0.00017617027791940498,,0.000939256814343814,1안 (PCHIP)
ELEC_3-13-3,2,block_6h,stl,0.023235557878671573,0.027313719607018064,0.011461129162957545,0.00046807826852802276,,0.0006817893960270327,2안 (STL)
ELEC_3-13-3,2,block_6h,mstl,0.017745049347541224,0.02758962895477583,0.011486002736752805,0.0003361538720812018,,0.0007552450213698103,3안 (MSTL)
ELEC_3-13-3,2,block_6h,seasonal_naive,0.03122498999196089,0.028960856357083856,0.011433643968670689,0.0001317806332312291,,0.0012500473001150203,4안 (Seasonal Naive)
ELEC_3-13-3,2,block_24h,baseline,0.03155682704795016,0.025915277557940517,0.01173351898032314,0.00020020021671761953,0.0679932123309108,0.000948789004485806,기존안 (대치+선형)
ELEC_3-13-3,2,block_24h,pchip,0.03155682704795498,0.026010672380904182,0.011729263288653154,0.00018572871612969002,0.06799321233089657,0.0009561797548122142,1안 (PCHIP)
ELEC_3-13-3,2,block_24h,stl,0.025884774737487647,0.027298707972058023,0.011469601632784739,0.00047093401766744346,0.06401751006423138,0.0007046464534223862,2안 (STL)
ELEC_3-13-3,2,block_24h,mstl,0.02950573026245899,0.02757960614767982,0.01148888013434996,0.00034802970563368806,0.06553411499396758,0.0007851448319369236,3안 (MSTL)
ELEC_3-13-3,2,block_24h,seasonal_naive,0.02933285984466055,0.02894915636939966,0.01143299554944262,0.00012297266393307608,0.06731098893025074,0.001278782818814772,4안 (Seasonal Naive)
ELEC_3-13-3,3,random,baseline,0.07320197058698494,0.02233327810789947,0.016450142299292862,0.00044684788590615713,0.23218998226935464,0.003505662631883677,기존안 (대치+선형)
ELEC_3-13-3,3,random,pchip,0.0732489893708132,0.022497263389760505,0.01643444273265275,0.00041906764331403753,0.23196565559576318,0.003523305560876322,1안 (PCHIP)
ELEC_3-13-3,3,random,stl,0.06010016142881813,0.026798521554118302,0.013100872610350667,0.0012431271200864429,0.24887026602532097,0.0027768239009888784,2안 (STL)
ELEC_3-13-3,3,random,mstl,0.06464830084332575,0.027816349021772456,0.01524088404908757,0.0009264947227517085,0.24043247419550343,0.0027394909552886926,3안 (MSTL)
ELEC_3-13-3,3,random,seasonal_naive,0.11570934810477836,0.03206388466967672,0.022540485799267193,0.00015102862717126308,0.24796841878353,0.008511579382534662,4안 (Seasonal Naive)
ELEC_3-13-3,3,block_6h,baseline,0.012583057392103005,0.025943398580971024,0.011713461440031431,0.00019690289550713095,,0.0009202231940881322,기존안 (대치+선형)
ELEC_3-13-3,3,block_6h,pchip,0.012583057392102082,0.02603879340393469,0.011708716879932626,0.0001819053511899393,,0.0009270595356520861,1안 (PCHIP)
ELEC_3-13-3,3,block_6h,stl,0.012235344007783975,0.027314574902717756,0.011466097086881193,0.00047515919680162687,,0.0006881342306216398,2안 (STL)
ELEC_3-13-3,3,block_6h,mstl,0.012827992422035724,0.02759343254318386,0.011487722363034775,0.000333935416502619,,0.0007532069327038649,3안 (MSTL)
ELEC_3-13-3,3,block_6h,seasonal_naive,0.0332498955720897,0.028965782667687744,0.0114410248644952,0.00013033843265584686,,0.0012552840508809338,4안 (Seasonal Naive)
ELEC_3-13-3,3,block_24h,baseline,0.07429296362674374,0.025905835462616406,0.011811711678769956,0.00021746625989341932,0.07715033320111317,0.0010203336509451155,기존안 (대치+선형)
ELEC_3-13-3,3,block_24h,pchip,0.07429296362674374,0.026001230285580074,0.011809450588492997,0.00020370311465517862,0.07715033320111317,0.0010290699011006321,1안 (PCHIP)
ELEC_3-13-3,3,block_24h,stl,0.06205546747879793,0.027304309884292735,0.011579091054291477,0.0004986328407527096,0.09564797822068298,0.0007393358899774327,2안 (STL)
ELEC_3-13-3,3,block_24h,mstl,0.06228939369605582,0.02757555190775735,0.011589342054135464,0.0003814260529771462,0.09449722869801823,0.0007794786201887893,3안 (MSTL)
ELEC_3-13-3,3,block_24h,seasonal_naive,0.06635343079131364,0.028945051110563082,0.011573486057929959,9.971199562972371e-05,0.10677078252031184,0.0013244796225179156,4안 (Seasonal Naive)
ELEC_3-13-3,4,random,baseline,0.026362522091219448,0.02253897633749168,0.011805677587597993,0.00046326627032640866,0.08280808783658844,0.0011784745904831473,기존안 (대치+선형)
ELEC_3-13-3,4,random,pchip,0.026640524216868463,0.022710017402143956,0.011786238925100808,0.0004270767528694063,0.08283771535920881,0.0011972135518982796,1안 (PCHIP)
ELEC_3-13-3,4,random,stl,0.03468173579258809,0.02702949427908051,0.011754974119850629,0.0012194459876980546,0.12559875825554703,0.0016061207390902776,2안 (STL)
ELEC_3-13-3,4,random,mstl,0.03786527479774473,0.027944542438403105,0.012851536127201031,0.0009603474152459959,0.10653725641874684,0.0012928059623036336,3안 (MSTL)
ELEC_3-13-3,4,random,seasonal_naive,0.12452575836749157,0.032354160679912994,0.028484426518250075,0.0002162876585272229,0.13183415128746756,0.008564804060587461,4안 (Seasonal Naive)
ELEC_3-13-3,4,block_6h,baseline,0.11512070959576715,0.025935615232122455,0.011649943487073645,0.00021090597233261397,0.30780950442733773,0.0009133301332731047,기존안 (대치+선형)
ELEC_3-13-3,4,block_6h,pchip,0.11459376461370178,0.026031018370478227,0.011646219765560057,0.00019591777897246107,0.3062928138650081,0.0009201798127872474,1안 (PCHIP)
ELEC_3-13-3,4,block_6h,stl,0.11549621657899391,0.027307045351714177,0.011404112508755122,0.0004893799774886682,0.30929686071086043,0.0007226013230051676,2안 (STL)
ELEC_3-13-3,4,block_6h,mstl,0.08725143300572784,0.02758661570080776,0.011439524366108868,0.0003473846310853288,0.23181817302854188,0.0007533874230483129,3안 (MSTL)
ELEC_3-13-3,4,block_6h,seasonal_naive,0.12187197289686784,0.028950182684108802,0.011382954529996917,0.00011653185907875105,0.32536133759249225,0.0012785038858289521,4안 (Seasonal Naive)
ELEC_3-13-3,4,block_24h,baseline,0.08074725835470448,0.025910567835130432,0.011920513128286535,0.00018718723204434282,0.048963604076054296,0.0009744545755456802,기존안 (대치+선형)
ELEC_3-13-3,4,block_24h,pchip,0.07943527009514123,0.026005968320250754,0.011905439203540995,0.00017197683576503079,0.04716997264568653,0.0009736801085352687,1안 (PCHIP)
ELEC_3-13-3,4,block_24h,stl,0.06884213388691351,0.027319394613507474,0.011654686610431914,0.0005109173315112879,0.11395546701007186,0.0007372042108815258,2안 (STL)
ELEC_3-13-3,4,block_24h,mstl,0.06290815638487902,0.027578947384814926,0.011578517750780561,0.0003710615934818937,0.09120315732918122,0.0007654800803569284,3안 (MSTL)
ELEC_3-13-3,4,block_24h,seasonal_naive,0.07394160608961027,0.028963216880914883,0.011628589989159447,0.00010405979213534927,0.1186701676734817,0.0013093923612913505,4안 (Seasonal Naive)
ELEC_3-13-3,5,random,baseline,0.025751505465475083,0.02263325588737135,0.011799796162711214,0.00044985613941298126,0.07962517399303326,0.001246675954477583,기존안 (대치+선형)
ELEC_3-13-3,5,random,pchip,0.02601886891831994,0.022798321534973014,0.011773545742259084,0.0004145252359607034,0.07924548561123759,0.00130489216955465,1안 (PCHIP)
ELEC_3-13-3,5,random,stl,0.03479927710684132,0.026985294878509567,0.011623032556771006,0.0012217528484319323,0.1279368172202977,0.001344060558946203,2안 (STL)
ELEC_3-13-3,5,random,mstl,0.03890814476843488,0.028022605253578338,0.012427863720114866,0.0009264734792627473,0.10775509848183529,0.0013797951185251511,3안 (MSTL)
ELEC_3-13-3,5,random,seasonal_naive,0.0998237640892982,0.03227882918026061,0.021925990037141876,0.00017699458258357468,0.13381238346379012,0.006527573714967372,4안 (Seasonal Naive)
ELEC_3-13-3,5,block_6h,baseline,0.040232059587243796,0.025941961740378196,0.011733623243803575,0.00020099790698136177,0.09198908479549674,0.000914852632682317,기존안 (대치+선형)
ELEC_3-13-3,5,block_6h,pchip,0.042018295026517695,0.026037356563341857,0.011732675469643381,0.0001867064116455964,0.09335553116451432,0.0009220855792377858,1안 (PCHIP)
ELEC_3-13-3,5,block_6h,stl,0.025223118963203044,0.02731900025396775,0.011457216897653924,0.0004695356992195774,0.04650696031669866,0.0006821100045931727,2안 (STL)
ELEC_3-13-3,5,block_6h,mstl,0.022137328227722828,0.027594904735133527,0.0114760081959898,0.0003357706805044492,0.04559248680304225,0.0007506499824063706,3안 (MSTL)
ELEC_3-13-3,5,block_6h,seasonal_naive,0.0965660395791717,0.028983845806568716,0.011426121390851397,0.00014825369734228883,0.03696845502131056,0.0012837447297353588,4안 (Seasonal Naive)
ELEC_3-13-3,5,block_24h,baseline,0.13508227945309,0.02584487236889311,0.012064167101243079,0.000261312046153176,0.28755364155976953,0.0010495961120225994,기존안 (대치+선형)
ELEC_3-13-3,5,block_24h,pchip,0.13508227945295317,0.02594026719185677,0.012059896014970225,0.0002515399324921259,0.28755364155950774,0.0010553620674087494,1안 (PCHIP)
ELEC_3-13-3,5,block_24h,stl,0.13084597625246464,0.02726553203809687,0.01156459054811454,0.000526716772031792,0.26588723263943925,0.0008312702217825318,2안 (STL)
ELEC_3-13-3,5,block_24h,mstl,0.11742990038613609,0.027531195672992358,0.0114868867732545,0.00039323212880138403,0.23743743230187486,0.0008352627806592627,3안 (MSTL)
ELEC_3-13-3,5,block_24h,seasonal_naive,0.1448442650266662,0.02892144587225271,0.01147721987027987,0.00011191938583833612,0.26461170578552934,0.001446708004038677,4안 (Seasonal Naive)
ELEC_3-13-3,6,random,baseline,0.08722382161046136,0.022169449527216386,0.02528539487019373,0.0005613600091982487,0.07519112067225586,0.006726835565638911,기존안 (대치+선형)
ELEC_3-13-3,6,random,pchip,0.08731149387164187,0.022330522845856536,0.025340305311408996,0.0005319723340033811,0.0748794480599786,0.0067734978209106345,1안 (PCHIP)
ELEC_3-13-3,6,random,stl,0.033049398105140605,0.026815633601753687,0.011550777940406336,0.001222052839411265,0.11423453260269846,0.00126068812351543,2안 (STL)
ELEC_3-13-3,6,random,mstl,0.04488451475461436,0.027798825398000212,0.014131397052765839,0.0009474726618896297,0.09934840898281143,0.0015331644372109654,3안 (MSTL)
ELEC_3-13-3,6,random,seasonal_naive,0.07316280996772574,0.03183669280356129,0.0155459081354148,0.00012257737843158058,0.12310749257773462,0.0038967994211155377,4안 (Seasonal Naive)
ELEC_3-13-3,6,block_6h,baseline,0.005812381937317791,0.025948946228047443,0.01173330782264944,0.00019413190267059227,,0.0009111663872907183,기존안 (대치+선형)
ELEC_3-13-3,6,block_6h,pchip,0.006161038942945805,0.026044343822808475,0.011728969831648898,0.00017984635619479124,,0.0009178471955938461,1안 (PCHIP)
ELEC_3-13-3,6,block_6h,stl,0.00480946554044492,0.027319812905165355,0.01148224758399101,0.0004732559072857398,,0.0006818395886865058,2안 (STL)
ELEC_3-13-3,6,block_6h,mstl,0.050578206208218186,0.027602878484765087,0.011674206878207619,0.0003391647361662191,,0.0007391063444120993,3안 (MSTL)
ELEC_3-13-3,6,block_6h,seasonal_naive,0.005527707983909179,0.02895244057646886,0.011416332796878424,0.00012933568452048127,,0.001270920248581664,4안 (Seasonal Naive)
ELEC_3-13-3,6,block_24h,baseline,0.06328049065927593,0.025908915822350328,0.011815717914943312,0.00023358653461246105,0.15948773875230599,0.0008930077518237711,기존안 (대치+선형)
ELEC_3-13-3,6,block_24h,pchip,0.06321891903963306,0.02600431135308357,0.011811999983845908,0.00022012969697787408,0.15905986048110995,0.0008983150295259756,1안 (PCHIP)
ELEC_3-13-3,6,block_24h,stl,0.053408836873124615,0.027299819721381617,0.011514356983020788,0.0005038835614810431,0.14457875510171989,0.0006639072564934567,2안 (STL)
ELEC_3-13-3,6,block_24h,mstl,0.049504599098530826,0.027571229835343276,0.01151190625035529,0.00035664334979928277,0.1287146161509681,0.0007235382693903114,3안 (MSTL)
ELEC_3-13-3,6,block_24h,seasonal_naive,0.05174650343049449,0.028953022154804123,0.011519901226074988,0.00010985615338335528,0.13244310654233038,0.001248051927557725,4안 (Seasonal Naive)
ELEC_3-13-3,7,random,baseline,0.102360329089768,0.022057285466085687,0.02091799548509916,0.0005155117690565289,0.38279865618529385,0.006399109592772123,기존안 (대치+선형)
ELEC_3-13-3,7,random,pchip,0.1024318988839185,0.022223382747223724,0.020811784688335506,0.0004846539551254993,0.3828211364877637,0.0064217130307959724,1안 (PCHIP)
ELEC_3-13-3,7,random,stl,0.09376864670635193,0.026531652675315227,0.01753069106302235,0.0013161736590310163,0.3937436654153253,0.0052323924427924995,2안 (STL)
ELEC_3-13-3,7,random,mstl,0.09364232952593031,0.027301516059915647,0.01883737376392153,0.0010061109911807392,0.38805129248521997,0.005494270230368414,3안 (MSTL)
ELEC_3-13-3,7,random,seasonal_naive,0.0980018973342005,0.03135456436369802,0.01737128937445381,0.00020288380486814943,0.3928869316909048,0.005955992778965302,4안 (Seasonal Naive)
ELEC_3-13-3,7,block_6h,baseline,0.023514419574555596,0.025940730162727244,0.011707681385191557,0.00019882604035197622,0.05248998420346413,0.0009148050322063117,기존안 (대치+선형)
ELEC_3-13-3,7,block_6h,pchip,0.024972559670713875,0.026036124985690905,0.01170787481138616,0.0001822747924415703,0.048045337180054534,0.0009212721270959179,1안 (PCHIP)
ELEC_3-13-3,7,block_6h,stl,0.024570804817923942,0.027314773411334765,0.011464397743021855,0.00047367338631567983,0.04543963466367198,0.0006831115356550344,2안 (STL)
ELEC_3-13-3,7,block_6h,mstl,0.024181496260777705,0.027589199324787043,0.011489795311692433,0.00033792041271883775,0.03544406590325625,0.0007490072942448744,3안 (MSTL)
ELEC_3-13-3,7,block_6h,seasonal_naive,0.033706247360269836,0.028960856357083817,0.01144119603308544,0.00013159353053535734,0.05228129047114623,0.0012527628512082334,4안 (Seasonal Naive)
ELEC_3-13-3,7,block_24h,baseline,0.13226280004559648,0.025845079047441454,0.01202357385816942,0.00026448150664016125,0.28204531423263723,0.0010513481290023163,기존안 (대치+선형)
ELEC_3-13-3,7,block_24h,pchip,0.13203302189757146,0.0259404745781747,0.012021495460801874,0.00025182266055554696,0.2815363468533418,0.0010568087828145556,1안 (PCHIP)
ELEC_3-13-3,7,block_24h,stl,0.12972247409677548,0.027265916644457332,0.01155480381449853,0.0005269534636331402,0.26270949037221475,0.0008374606317170796,2안 (STL)
ELEC_3-13-3,7,block_24h,mstl,0.1168849350345686,0.027531802506772996,0.011477409111699427,0.0003939468985609673,0.23606717179783107,0.0008375929126210879,3안 (MSTL)
ELEC_3-13-3,7,block_24h,seasonal_naive,0.14488740839394834,0.028922677449903688,0.011478560923816584,0.00011175689890069538,0.26461170578552934,0.0014531295089329488,4안 (Seasonal Naive)
ELEC_3-13-3,8,random,baseline,0.05662727685542873,0.022359545003808774,0.014260085363669763,0.0004794685783880414,0.23156923940680024,0.0025833794670212518,기존안 (대치+선형)
ELEC_3-13-3,8,random,pchip,0.05674157515723065,0.022526036801874975,0.014179393935118117,0.00044395345661259357,0.23160864284184957,0.0026016231136741785,1안 (PCHIP)
ELEC_3-13-3,8,random,stl,0.06008908773270275,0.026745445007756323,0.01301385791756912,0.0012355889779306775,0.24779421320518194,0.002664804964329859,2안 (STL)
ELEC_3-13-3,8,random,mstl,0.0631370413853855,0.027767836318763586,0.014210577997604171,0.0009510243799931578,0.2389154835252089,0.002936202867850346,3안 (MSTL)
ELEC_3-13-3,8,random,seasonal_naive,0.1213522417985035,0.032141097746295054,0.024441525421253354,0.00017090550786361407,0.2523761575497805,0.008588125110283285,4안 (Seasonal Naive)
ELEC_3-13-3,8,block_6h,baseline,0.014514153804502657,0.025944424895680163,0.011713810617219274,0.0001974345341061095,,0.0009133777717595937,기존안 (대치+선형)
ELEC_3-13-3,8,block_6h,pchip,0.01678576001599958,0.026039819718643834,0.011699550627678284,0.00018063182859217453,,0.0009253281338528208,1안 (PCHIP)
ELEC_3-13-3,8,block_6h,stl,0.013550625322916557,0.027315864841878767,0.011470829251741465,0.0004754112535889659,,0.0006809665972450363,2안 (STL)
ELEC_3-13-3,8,block_6h,mstl,0.019126023964433386,0.027593602340858437,0.011496807670129557,0.00033450877710296023,,0.0007401710083956292,3안 (MSTL)
ELEC_3-13-3,8,block_6h,seasonal_naive,0.03829708431025292,0.028959830042374714,0.011423483279835228,0.00013316718078819394,,0.0012560840170797727,4안 (Seasonal Naive)
ELEC_3-13-3,8,block_24h,baseline,0.05129734519954692,0.02590234599260532,0.011750308458364419,0.00022938051614460563,0.08800118229668542,0.0009530686489392926,기존안 (대치+선형)
ELEC_3-13-3,8,block_24h,pchip,0.05196057362394095,0.025997740815568982,0.011754849105777725,0.00021835394601877795,0.09205069825892545,0.0009583538043044237,1안 (PCHIP)
ELEC_3-13-3,8,block_24h,stl,0.050698782470387185,0.02728598473363334,0.011519944880173806,0.0005005436248257508,0.09115550067798285,0.000678476760150204,2안 (STL)
ELEC_3-13-3,8,block_24h,mstl,0.05130988112685001,0.027569561547496704,0.011543146124872873,0.00036848981087865865,0.09467223841056586,0.0007388793837169727,3안 (MSTL)
ELEC_3-13-3,8,block_24h,seasonal_naive,0.05796311087426646,0.02894566689938855,0.011489435188364563,0.00012290424435686906,0.08353309390761002,0.0013022687363670737,4안 (Seasonal Naive)
ELEC_3-13-3,9,random,baseline,0.1336211708875856,0.02199752579670683,0.03528811745342401,0.0005466896840173814,0.5289026468866314,0.011032007959535073,기존안 (대치+선형)
ELEC_3-13-3,9,random,pchip,0.13367495080960742,0.02216105365272623,0.03504627237576854,0.0005157635221987862,0.5289298188067092,0.011045221878029143,1안 (PCHIP)
ELEC_3-13-3,9,random,stl,0.1270553468089131,0.02647275673432334,0.0338369053725856,0.0013278330102158955,0.5363349204322253,0.009928843363416817,2안 (STL)
ELEC_3-13-3,9,random,mstl,0.12687519698106053,0.027212210268538553,0.035515421051569795,0.0010637418621799346,0.5319430674469106,0.010330001793349641,3안 (MSTL)
ELEC_3-13-3,9,random,seasonal_naive,0.13090134637974646,0.031426748498239045,0.03224186685799205,0.0002893220587043416,0.537224678351254,0.010933667062014263,4안 (Seasonal Naive)
ELEC_3-13-3,9,block_6h,baseline,0.1054605230497201,0.025921230183253523,0.011687641330726969,0.0001909158325284812,0.09760688827341807,0.0009407722594049206,기존안 (대치+선형)
ELEC_3-13-3,9,block_6h,pchip,0.10916584286934448,0.026016625006217185,0.01163860883743072,0.0001707518077481706,0.08378343814431272,0.0009520152794840753,1안 (PCHIP)
ELEC_3-13-3,9,block_6h,stl,0.12615426759469045,0.027304106456141154,0.011785673898425804,0.0004974352536292786,0.1858048798659449,0.0007468249582759379,2안 (STL)
ELEC_3-13-3,9,block_6h,mstl,0.10732852205732557,0.02757686274449481,0.011668299286877919,0.00035130694175612714,0.15179659280751276,0.0007752606182179766,3안 (MSTL)
ELEC_3-13-3,9,block_6h,seasonal_naive,0.14035668847618665,0.028945051110563044,0.011671144007684126,0.00011185448279901246,0.16568041525782976,0.001299770323281657,4안 (Seasonal Naive)
ELEC_3-13-3,9,block_24h,baseline,0.13495156645018802,0.02590153201887048,0.013079632903489936,0.0002497075371240696,0.07145568289349911,0.0009463030987100218,기존안 (대치+선형)
ELEC_3-13-3,9,block_24h,pchip,0.13530314820484188,0.025996930380682064,0.01308204487978705,0.00024539721322531605,0.07340408858397011,0.0009555967532484111,1안 (PCHIP)
ELEC_3-13-3,9,block_24h,stl,0.058781059389659225,0.027316739594144584,0.011599201221016308,0.0005063796425548063,0.10929819973138623,0.0006467206845102158,2안 (STL)
ELEC_3-13-3,9,block_24h,mstl,0.05796291653087703,0.02757943975761692,0.01155185313264169,0.0003420241520159076,0.06656221910495452,0.0007228086081778606,3안 (MSTL)
ELEC_3-13-3,9,block_24h,seasonal_naive,0.06648412508929515,0.028955108994712667,0.011505531174367903,0.000121435746201376,0.10834532605248243,0.0012619435283234282,4안 (Seasonal Naive)
ELEC_3-9-5,0,random,baseline,0.10148241870352273,0.018354341995486103,0.11074851455851228,0.0005202458817142724,0.4320772473003387,0.103210172008815,기존안 (대치+선형)
ELEC_3-9-5,0,random,pchip,0.10161743483434678,0.018506815262992332,0.10944144753195,0.0004798365010485659,0.4321160966072213,0.10682426112668686,1안 (PCHIP)
ELEC_3-9-5,0,random,stl,0.10333012635601771,0.022202601172872143,0.10983220585426803,0.001109058311542294,0.44056219632558874,0.10174360686675665,2안 (STL)
ELEC_3-9-5,0,random,mstl,0.10256211496514461,0.022970602411503668,0.11550858863718276,0.0009267151064685617,0.43688077763433847,0.10467108822229432,3안 (MSTL)
ELEC_3-9-5,0,random,seasonal_naive,0.10646503044055385,0.026342864375999864,0.09869587247423202,0.00018112611645141976,0.4423369315189754,0.11817824458901882,4안 (Seasonal Naive)
ELEC_3-9-5,0,block_6h,baseline,0.009471785191630161,0.021834707300660013,0.010508002334053006,0.0001571039531144202,,0.0197914307005167,기존안 (대치+선형)
ELEC_3-9-5,0,block_6h,pchip,0.009673983692539205,0.021933185734460584,0.010296977295844218,0.00014062448148762077,,0.020226928286270263,1안 (PCHIP)
ELEC_3-9-5,0,block_6h,stl,0.01998234019920463,0.02314686015235276,0.00916937508732174,0.00038742753559812995,,0.013895622647629668,2안 (STL)
ELEC_3-9-5,0,block_6h,mstl,0.028932373212473852,0.023372892023470995,0.009956194250762884,0.0003252652536946187,,0.014873464711137374,3안 (MSTL)
ELEC_3-9-5,0,block_6h,seasonal_naive,0.040173235977334805,0.02452690312964883,0.009114273053313632,7.375472031596223e-05,,0.017165872189954356,4안 (Seasonal Naive)
ELEC_3-9-5,0,block_24h,baseline,0.05583333333332501,0.02181460155638519,0.011149201555724067,0.0001718038264464113,0.05437882928963784,0.020219858587546935,기존안 (대치+선형)
ELEC_3-9-5,0,block_24h,pchip,0.06063665095568737,0.021913085003853798,0.010964003857456491,0.00015862122191669057,0.058866558793999865,0.02073660590274362,1안 (PCHIP)
ELEC_3-9-5,0,block_24h,stl,0.021120390001670503,0.02313795352940177,0.009211764283538289,0.0003902958053620643,0.09308518831376186,0.014034561669816759,2안 (STL)
ELEC_3-9-5,0,block_24h,mstl,0.030410268694845508,0.023372777500629667,0.010251752292192995,0.0003367869491030705,0.05400204697290417,0.01506966716742053,3안 (MSTL)
ELEC_3-9-5,0,block_24h,seasonal_naive,0.023391132117286773,0.024521976819044954,0.00915256359998476,7.517188807263487e-05,0.10173494974687869,0.01752998866844191,4안 (Seasonal Naive)
ELEC_3-9-5,1,random,baseline,0.02419056759692242,0.018843227495905533,0.012013461033752887,0.0004271368997063856,0.08008447320021413,0.025854794065487963,기존안 (대치+선형)
ELEC_3-9-5,1,random,pchip,0.024435165271337093,0.018998032787886764,0.011735204055883974,0.00039425950198397456,0.08064334357714723,0.02626291111330048,1안 (PCHIP)
ELEC_3-9-5,1,random,stl,0.030319294490202875,0.02261309703896046,0.00945774834360438,0.0010794754439192053,0.11385325982278625,0.022752915152307263,2안 (STL)
ELEC_3-9-5,1,random,mstl,0.030550580552933974,0.023373512072110435,0.010491283371317994,0.0008334067294110817,0.09610193810245934,0.026120999784207677,3안 (MSTL)
ELEC_3-9-5,1,random,seasonal_naive,0.040200390361088564,0.026438585327871328,0.010521540397219354,9.571364242125864e-05,0.11735210767419173,0.03342083486824088,4안 (Seasonal Naive)
ELEC_3-9-5,1,block_6h,baseline,0.03670657124241629,0.02183121228300184,0.01057933252372948,0.000157695531184491,0.10564560296499792,0.020037250363346804,기존안 (대치+선형)
ELEC_3-9-5,1,block_6h,pchip,0.038323700904523604,0.021929687945005036,0.010371705016943572,0.00014126644433098184,0.1049473616773847,0.02047696021723666,1안 (PCHIP)
ELEC_3-9-5,1,block_6h,stl,0.032359238375689506,0.023137215046388056,0.009247270554673968,0.0003878861335367737,0.11035552776155887,0.014101241803724518,2안 (STL)
ELEC_3-9-5,1,block_6h,mstl,0.031206002811264625,0.023369455910498646,0.0100344911173276,0.0003231425727995502,0.11101295715629025,0.01497046666199675,3안 (MSTL)
ELEC_3-9-5,1,block_6h,seasonal_naive,0.028480012484386925,0.02451944524276239,0.009142237825568496,7.12369111792135e-05,0.11067971810586447,0.017367353482202974,4안 (Seasonal Naive)
ELEC_3-9-5,1,block_24h,baseline,0.04172272091573567,0.02180740461296275,0.010894880452102722,0.00016901232713943833,0.13210324575360552,0.020090990085146254,기존안 (대치+선형)
ELEC_3-9-5,1,block_24h,pchip,0.04236717218647739,0.021905881690505113,0.01067472766011044,0.00015256386399426666,0.13344615365873383,0.020524096796477154,1안 (PCHIP)
ELEC_3-9-5,1,block_24h,stl,0.03339392374620857,0.023127209767283604,0.009340488764258572,0.0003826415907955457,0.13640765104492364,0.013882361356923778,2안 (STL)
ELEC_3-9-5,1,block_24h,mstl,0.03209957155973637,0.023361473695250306,0.01015652057023361,0.0003298312994235649,0.12464633684363773,0.015302869082958415,3안 (MSTL)
ELEC_3-9-5,1,block_24h,seasonal_naive,0.04459696053419573,0.024528066286319195,0.009139052403781248,7.202690198085462e-05,0.1457737973711332,0.01761745351744448,4안 (Seasonal Naive)
ELEC_3-9-5,2,random,baseline,0.05360932285117667,0.01883926543240999,0.017610239089082002,0.00044799062993395634,0.06610773200783349,0.047409793562597335,기존안 (대치+선형)
ELEC_3-9-5,2,random,pchip,0.053729162788052565,0.018995644413744815,0.017916452352739254,0.0004211701631615033,0.0660702908112122,0.047689359210223214,1안 (PCHIP)
ELEC_3-9-5,2,random,stl,0.027225342437938352,0.022655008969460027,0.009050748450761195,0.0010073195938012445,0.10008007317139238,0.019325509189038748,2안 (STL)
ELEC_3-9-5,2,random,mstl,0.032323841285816494,0.02348046954737201,0.010011119754296914,0.0007599681760562508,0.0826406832771448,0.02482070104266132,3안 (MSTL)
ELEC_3-9-5,2,random,seasonal_naive,0.03804470118284637,0.026591779903457985,0.010177919979962868,6.767480698745508e-05,0.10428539792090732,0.02686665406239852,4안 (Seasonal Naive)
ELEC_3-9-5,2,block_6h,baseline,0.0091492463465406,0.021833481270655992,0.010509547488376488,0.00015660837348138745,0.021081081081516698,0.019722512589109398,기존안 (대치+선형)
ELEC_3-9-5,2,block_6h,pchip,0.009367135888109168,0.02193196247625394,0.010298435240567845,0.0001410322796223495,0.020168992952482714,0.0201690390143755,1안 (PCHIP)
ELEC_3-9-5,2,block_6h,stl,0.011189929605270784,0.023140777280169153,0.009174891920490992,0.000389030051440521,0.021729330598706992,0.013892555028060305,2안 (STL)
ELEC_3-9-5,2,block_6h,mstl,0.014758670513139413,0.023373353470107414,0.00998125159071661,0.00031726321623989716,0.026066103843698632,0.014912342219111308,3안 (MSTL)
ELEC_3-9-5,2,block_6h,seasonal_naive,0.021015867021514707,0.024527861023377198,0.009141375661633757,7.559488720671083e-05,0.010000000000673095,0.017293167121154918,4안 (Seasonal Naive)
ELEC_3-9-5,2,block_24h,baseline,0.026264569027628828,0.021813355822669266,0.01045976843539971,0.00016639907883025384,0.10645927916947757,0.02014687850970287,기존안 (대치+선형)
ELEC_3-9-5,2,block_24h,pchip,0.026196473786969713,0.021911832192442044,0.010250227776098502,0.00014921344985623165,0.10629847271351835,0.020593733428315053,1안 (PCHIP)
ELEC_3-9-5,2,block_24h,stl,0.021727285218804446,0.02313429666672174,0.009173264177423977,0.00039906118520025767,0.09611742394363255,0.014105349972988845,2안 (STL)
ELEC_3-9-5,2,block_24h,mstl,0.02170165966750671,0.023371912244615385,0.010003193348973998,0.00032367289044624815,0.07314313811440752,0.01516480926388919,3안 (MSTL)
ELEC_3-9-5,2,block_24h,seasonal_naive,0.024706611800620743,0.024518008402169604,0.009147108022352645,7.311930078636867e-05,0.10139033484508561,0.017732523559981117,4안 (Seasonal Naive)
ELEC_3-9-5,3,random,baseline,0.10059987080300431,0.018515600227996015,0.11271846327573107,0.0005250681583887704,0.43801880968346874,0.11035124561887066,기존안 (대치+선형)
ELEC_3-9-5,3,random,pchip,0.1006353097024153,0.018666093212490766,0.11157219481956615,0.0004930207138973608,0.43803684519838704,0.11141857395670074,1안 (PCHIP)
ELEC_3-9-5,3,random,stl,0.10199853716964657,0.02219413804753965,0.1119498183288112,0.0010920029616353286,0.44490154567763995,0.10135579809480844,2안 (STL)
ELEC_3-9-5,3,random,mstl,0.10213232436775097,0.022939504707198233,0.1139249028556189,0.0008905174979144483,0.4422952109471254,0.10914070289730138,3안 (MSTL)
ELEC_3-9-5,3,random,seasonal_naive,0.12301419478497305,0.02659316542831302,0.0526681472243919,0.00016536732553455643,0.5217519074867916,0.13961600590648027,4안 (Seasonal Naive)
ELEC_3-9-5,3,block_6h,baseline,0.008759379357338113,0.02183409151183448,0.010524473530587188,0.00015700132375006436,,0.019729568876128645,기존안 (대치+선형)
ELEC_3-9-5,3,block_6h,pchip,0.008940433172403634,0.021932569945635055,0.01031281851375574,0.00014120158816289247,,0.02016903101142764,1안 (PCHIP)
ELEC_3-9-5,3,block_6h,stl,0.009337434217393987,0.023142684899277354,0.009186345919240843,0.0003883465339207076,,0.013834946153055694,2안 (STL)
ELEC_3-9-5,3,block_6h,mstl,0.01570054796505986,0.023371625745515334,0.009960453014744214,0.00032062394959359036,,0.014877752186341353,3안 (MSTL)
ELEC_3-9-5,3,block_6h,seasonal_naive,0.020949675149984047,0.02452355050159891,0.009117982700381734,7.11492192836266e-05,,0.01736163991720341,4안 (Seasonal Naive)
ELEC_3-9-5,3,block_24h,baseline,0.036733090305206044,0.02180760987590458,0.010435004677669541,0.00016744417103123783,0.125057452248114,0.0199569482430888,기존안 (대치+선형)
ELEC_3-9-5,3,block_24h,pchip,0.03694803921962137,0.021906086953446948,0.010226804921941992,0.00014891028875964275,0.12489268456228603,0.02037842488297892,1안 (PCHIP)
ELEC_3-9-5,3,block_24h,stl,0.03356624214313964,0.023126299009018646,0.009144725049706388,0.00040635365842942354,0.12348724054153366,0.013746167326388892,2안 (STL)
ELEC_3-9-5,3,block_24h,mstl,0.030711161503898122,0.023360656652922043,0.009943456748139276,0.0003241210796971034,0.10983459291431585,0.01515697911524172,3안 (MSTL)
ELEC_3-9-5,3,block_24h,seasonal_naive,0.04448782605012807,0.024528682075144678,0.009086205354282758,7.021909574086639e-05,0.12297244497131009,0.017280769272768892,4안 (Seasonal Naive)
ELEC_3-9-5,4,random,baseline,0.021320204570487937,0.0189645887215427,0.011512562142393126,0.0004034561609574213,0.07002657517523268,0.022104030222610427,기존안 (대치+선형)
ELEC_3-9-5,4,random,pchip,0.02157211364122182,0.019120281188841143,0.011077021475461461,0.00036880410834704534,0.07045349284585009,0.0225269871176077,1안 (PCHIP)
ELEC_3-9-5,4,random,stl,0.02830367459823141,0.02275112132190971,0.008571779808095639,0.0009893781536076738,0.10995109240688346,0.021526034741905065,2안 (STL)
ELEC_3-9-5,4,random,mstl,0.027921484117504614,0.023469782609413122,0.009995012706396854,0.0007851692304732101,0.09100639814537012,0.019624494015372473,3안 (MSTL)
ELEC_3-9-5,4,random,seasonal_naive,0.03890700485110384,0.026764046827386874,0.009665101637063356,7.478632910621515e-05,0.11514601120362906,0.030271504132980187,4안 (Seasonal Naive)
ELEC_3-9-5,4,block_6h,baseline,0.004714045207905992,0.02183627543556696,0.010526002762043338,0.00015632914764331855,,0.019711667748074646,기존안 (대치+선형)
ELEC_3-9-5,4,block_6h,pchip,0.004714045207905992,0.021934720688245445,0.01031441360549726,0.00014063750685128709,,0.02015344189650148,1안 (PCHIP)
ELEC_3-9-5,4,block_6h,stl,0.005034460292368881,0.02314181727656226,0.00919035995552856,0.00038767048907273056,,0.013835051258755504,2안 (STL)
ELEC_3-9-5,4,block_6h,mstl,0.006822431755628392,0.023372266319734082,0.009983366332359678,0.00031800498702416036,,0.014873758994577102,3안 (MSTL)
ELEC_3-9-5,4,block_6h,seasonal_naive,0.006454972243663321,0.02452108734629697,0.009133394922864373,7.22081181843685e-05,,0.017251767605648838,4안 (Seasonal Naive)
ELEC_3-9-5,4,block_24h,baseline,0.03476112541339381,0.02180863335940072,0.010525876585745187,0.00016353419868207235,0.11968404766541332,0.019997241377470498,기존안 (대치+선형)
ELEC_3-9-5,4,block_24h,pchip,0.03334879138180282,0.021907109021403914,0.010367090572066867,0.00014651260910356696,0.11471052512475216,0.020410805662455345,1안 (PCHIP)
ELEC_3-9-5,4,block_24h,stl,0.03327590886165844,0.023126246734026867,0.00911458521715634,0.00040890145677493865,0.121235944359332,0.013712064619777253,2안 (STL)
ELEC_3-9-5,4,block_24h,mstl,0.030037401022330445,0.023360464339812113,0.009972522237154379,0.00032530332579445206,0.10774644981661725,0.015133096952978375,3안 (MSTL)
ELEC_3-9-5,4,block_24h,seasonal_naive,0.044705828603336085,0.024528066286319174,0.009085880165171114,6.975017486777716e-05,0.12297244497131009,0.017199795555487785,4안 (Seasonal Naive)
ELEC_3-9-5,5,random,baseline,0.0537942815793254,0.018878722345760598,0.017644742974821454,0.0004229959718440048,0.0687225462836793,0.05160736290435741,기존안 (대치+선형)
ELEC_3-9-5,5,random,pchip,0.0539651048196753,0.019031505538374623,0.01797697497313517,0.00038752807317062044,0.06886242943138807,0.052358832842542724,1안 (PCHIP)
ELEC_3-9-5,5,random,stl,0.02752873094947403,0.022690686539424864,0.009150872951044546,0.000991132050241095,0.10283840437499925,0.024819486746806008,2안 (STL)
ELEC_3-9-5,5,random,mstl,0.03111355877896751,0.023425788798458348,0.010535426557946396,0.0007854265879599943,0.09319023314413825,0.025818148428840226,3안 (MSTL)
ELEC_3-9-5,5,random,seasonal_naive,0.07242797118708977,0.026886948013804843,0.030384212202935988,0.00011364054570053785,0.28523146044563324,0.05250998679038088,4안 (Seasonal Naive)
ELEC_3-9-5,5,block_6h,baseline,0.035920959276103094,0.021825886541808448,0.010514037065738644,0.0001587719107374975,0.0881347165922645,0.01969093976958991,기존안 (대치+선형)
ELEC_3-9-5,5,block_6h,pchip,0.035461345275467605,0.02192436774740639,0.010303097230252868,0.0001424761355849054,0.08734530313626393,0.020135625414270497,1안 (PCHIP)
ELEC_3-9-5,5,block_6h,stl,0.03512047573602651,0.023134525388198858,0.009182267563038884,0.00039390858902225057,0.08776519391305446,0.013738002745750988,2안 (STL)
ELEC_3-9-5,5,block_6h,mstl,0.0358957930511601,0.023363627299252742,0.009980482173101744,0.00031778831191676797,0.08639518902821905,0.01493713793960727,3안 (MSTL)
ELEC_3-9-5,5,block_6h,seasonal_naive,0.035394600969302234,0.024510208410380093,0.009146966608304961,7.047020963355464e-05,0.07071067811857759,0.01706537607796177,4안 (Seasonal Naive)
ELEC_3-9-5,5,block_24h,baseline,0.0361395629146561,0.021806376882647072,0.010734676848755712,0.00016821094413152715,0.0961929376434594,0.019529613105110588,기존안 (대치+선형)
ELEC_3-9-5,5,block_24h,pchip,0.036529959863574143,0.021904853252419854,0.01051869975558313,0.00014817135786575372,0.09694369246118333,0.019973996234742386,1안 (PCHIP)
ELEC_3-9-5,5,block_24h,stl,0.028504847599014935,0.023125722029828075,0.00926040072191648,0.00039017998946939096,0.0955706160732764,0.013488116735981825,2안 (STL)
ELEC_3-9-5,5,block_24h,mstl,0.028627472981081818,0.023357671805712604,0.010115959045666516,0.00033606300920167,0.08754210094304375,0.014581238812207076,3안 (MSTL)
ELEC_3-9-5,5,block_24h,seasonal_naive,0.032442969905607834,0.024515818930790086,0.00917178965384288,7.385452286396812e-05,0.09213516640723214,0.017144371861418484,4안 (Seasonal Naive)
ELEC_3-9-5,6,random,baseline,0.041212304691890515,0.01882047556497064,0.01173669245284944,0.0004266422354201256,0.100178765158666,0.03872430890449852,기존안 (대치+선형)
ELEC_3-9-5,6,random,pchip,0.04143460815170196,0.018971496691195525,0.011644449431776008,0.0003948554404204215,0.10077004537893099,0.0388745345310193,1안 (PCHIP)
ELEC_3-9-5,6,random,stl,0.03112250413205539,0.02257404333830883,0.010447096543512363,0.0009595446632438475,0.1252881910563871,0.02747233970731977,2안 (STL)
ELEC_3-9-5,6,random,mstl,0.03786662246774497,0.023478657611777067,0.013195771753366671,0.0007419607813424261,0.11232522320661006,0.031772498028896035,3안 (MSTL)
ELEC_3-9-5,6,random,seasonal_naive,0.11107372797881268,0.02684267963935358,0.05641419032363193,0.0002304203475614852,0.12866600583852275,0.07722856240769493,4안 (Seasonal Naive)
ELEC_3-9-5,6,block_6h,baseline,0.061860542567374215,0.021832033334769095,0.0106242565859372,0.0001540617318718048,0.04756756756774552,0.019441100931518185,기존안 (대치+선형)
ELEC_3-9-5,6,block_6h,pchip,0.0760475182268209,0.021930508996772298,0.010448470411237983,0.0001397162566167875,0.04993371497440399,0.01988147543732499,1안 (PCHIP)
ELEC_3-9-5,6,block_6h,stl,0.026010460808855957,0.023149927602991626,0.009186114234874011,0.0003873737083221264,0.04273456853966562,0.013619955430139163,2안 (STL)
ELEC_3-9-5,6,block_6h,mstl,0.02432475597620818,0.02337279325441647,0.010019505299206654,0.0003187753199076245,0.008837274393019762,0.014762140442723948,3안 (MSTL)
ELEC_3-9-5,6,block_6h,seasonal_naive,0.028431203515367442,0.024525808393958962,0.009134797436468018,7.285593673301931e-05,0.0599999999999454,0.01734660170533231,4안 (Seasonal Naive)
ELEC_3-9-5,6,block_24h,baseline,0.02581654998008418,0.0218158218091842,0.010695942311785382,0.0001639047332836448,0.025220077689551815,0.02009351779130386,기존안 (대치+선형)
ELEC_3-9-5,6,block_24h,pchip,0.025746004258855752,0.02191429959449615,0.010478568938365452,0.00014450664219089947,0.023973011325158243,0.020532896633040254,1안 (PCHIP)
ELEC_3-9-5,6,block_24h,stl,0.021596245922602567,0.023133202562245624,0.009297310556720565,0.00037921932873510747,0.04071096914530821,0.014077190108252813,2안 (STL)
ELEC_3-9-5,6,block_24h,mstl,0.024893175229072594,0.02337300850920092,0.010140955435952385,0.0003301000453479572,0.030397552962413144,0.015007374286801323,3안 (MSTL)
ELEC_3-9-5,6,block_24h,seasonal_naive,0.02601934228299058,0.024524439974346904,0.009151261341421572,7.725189450445747e-05,0.05477225575051353,0.017442010061859192,4안 (Seasonal Naive)
ELEC_3-9-5,7,random,baseline,0.03802603902706437,0.01892101628620725,0.011205583561948925,0.0004170284690725761,0.06764640593844304,0.032954948496466296,기존안 (대치+선형)
ELEC_3-9-5,7,random,pchip,0.03814972057793592,0.0190675712328901,0.011234432425142191,0.00038274182383454667,0.06759590534197689,0.03315461199058134,1안 (PCHIP)
ELEC_3-9-5,7,random,stl,0.02807915364849791,0.022697492553518765,0.009114474721981151,0.0009752563257894147,0.10750218587044798,0.025233578163104786,2안 (STL)
ELEC_3-9-5,7,random,mstl,0.02998094414541255,0.023540607408914754,0.010123819107463643,0.00078826983004307,0.09196774875015305,0.023456253462991628,3안 (MSTL)
ELEC_3-9-5,7,random,seasonal_naive,0.04033222473309527,0.026727663970949618,0.010213797726194645,0.0001066508635531107,0.11665490981253222,0.031187412659282376,4안 (Seasonal Naive)
ELEC_3-9-5,7,block_6h,baseline,0.0216649340955863,0.021831206735354745,0.010523772243488284,0.0001583332925421331,,0.019734299034747216,기존안 (대치+선형)
ELEC_3-9-5,7,block_6h,pchip,0.02237281048499384,0.021929687424973754,0.01031160327619635,0.00014271957512453185,,0.020166644417363377,1안 (PCHIP)
ELEC_3-9-5,7,block_6h,stl,0.021376484698326526,0.023137909714110796,0.009194974568247102,0.00039031745067408605,,0.013922497791797106,2안 (STL)
ELEC_3-9-5,7,block_6h,mstl,0.02503551941920126,0.023368151487568115,0.010006677642073919,0.0003136334165382195,,0.014970377721143735,3안 (MSTL)
ELEC_3-9-5,7,block_6h,seasonal_naive,0.01900292375168154,0.024521703135122638,0.009135640562444142,7.256810153180933e-05,,0.017244356004083028,4안 (Seasonal Naive)
ELEC_3-9-5,7,block_24h,baseline,0.04429459892869081,0.02180801898618174,0.010390108122855079,0.00017497032441468778,0.1369839785685388,0.019956978896624844,기존안 (대치+선형)
ELEC_3-9-5,7,block_24h,pchip,0.044286234153790474,0.021906495355954517,0.010191243706143268,0.00015847968905285243,0.1369814527577797,0.02038261411664466,1안 (PCHIP)
ELEC_3-9-5,7,block_24h,stl,0.03894011598065854,0.023127525569775164,0.009089517655380623,0.0004186872212881091,0.13067628456992933,0.013776391337467553,2안 (STL)
ELEC_3-9-5,7,block_24h,mstl,0.032591572553810046,0.023361932873442973,0.0098916706612818,0.00032073706242012633,0.11405034434578143,0.015187514496190158,3안 (MSTL)
ELEC_3-9-5,7,block_24h,seasonal_naive,0.04456580652373393,0.024528271549261016,0.009081101678760006,7.140854732558087e-05,0.12297244497131009,0.01731579612218237,4안 (Seasonal Naive)
ELEC_3-9-5,8,random,baseline,0.05349527185616902,0.018829091232591803,0.01748790302000374,0.0004674600036181788,0.07008303233015949,0.04422992014979277,기존안 (대치+선형)
ELEC_3-9-5,8,random,pchip,0.053552402709744915,0.01897477358688302,0.01778090014353828,0.00043432105273475514,0.070170520452066,0.04392086104625015,1안 (PCHIP)
ELEC_3-9-5,8,random,stl,0.029800747171965816,0.02260374652008412,0.0090696240643172,0.0010277960228792552,0.11104294591163583,0.025415041446746445,2안 (STL)
ELEC_3-9-5,8,random,mstl,0.032296531718922154,0.023392527376453885,0.009900049753205456,0.0008105926382328633,0.09515881546898819,0.025830748761508926,3안 (MSTL)
ELEC_3-9-5,8,random,seasonal_naive,0.04064144716230754,0.026640187747237386,0.010272378299589865,8.252026059345036e-05,0.11854003885769351,0.03146693977888415,4안 (Seasonal Naive)
ELEC_3-9-5,8,block_6h,baseline,0.015632318106073042,0.02183408596418743,0.010488332956510549,0.00015746348063200747,0.0316216216217004,0.019800619535606967,기존안 (대치+선형)
ELEC_3-9-5,8,block_6h,pchip,0.02115489345896128,0.021932561626190627,0.010263606475312027,0.00014208486051889624,0.03392286948288545,0.02024354421697916,1안 (PCHIP)
ELEC_3-9-5,8,block_6h,stl,0.013785634610720776,0.023144083355565122,0.009165356614208049,0.00039048124988047165,0.029389788167886968,0.013955199688101771,2안 (STL)
ELEC_3-9-5,8,block_6h,mstl,0.01157176507466349,0.02337202800075913,0.009978146960970918,0.00031720177440381383,0.025539854777345605,0.014942152388833674,3안 (MSTL)
ELEC_3-9-5,8,block_6h,seasonal_naive,0.024944382578495572,0.024528476812202816,0.009128537805796328,7.280917457907403e-05,0.0499999999999545,0.01711250610947168,4안 (Seasonal Naive)
ELEC_3-9-5,8,block_24h,baseline,0.03062034232312056,0.021809317569206794,0.010465501716914278,0.00016772419863923888,0.10787401506170224,0.020021136111798454,기존안 (대치+선형)
ELEC_3-9-5,8,block_24h,pchip,0.028052345283442623,0.021907821928057618,0.010270554557706679,0.00014773103075397216,0.10387218462846853,0.020458729932320452,1안 (PCHIP)
ELEC_3-9-5,8,block_24h,stl,0.030187199862107612,0.023134759502489784,0.009146604013017935,0.0004065549934792734,0.10801877392547862,0.014230236667774232,2안 (STL)
ELEC_3-9-5,8,block_24h,mstl,0.030803122303244855,0.023365569067301892,0.009935763620560872,0.00031780718349151243,0.09344419996076328,0.01534641117813862,3안 (MSTL)
ELEC_3-9-5,8,block_24h,seasonal_naive,0.024820827854249095,0.02449652421425819,0.009135399079359693,6.533429754148512e-05,0.09635221201362212,0.01773033838282545,4안 (Seasonal Naive)
ELEC_3-9-5,9,random,baseline,0.021755567692145625,0.018906965549115466,0.01182672475791337,0.00040684694997303685,0.07150109716390984,0.024726702149777235,기존안 (대치+선형)
ELEC_3-9-5,9,random,pchip,0.022002926988532193,0.019051218761547042,0.011490115480318825,0.0003762425753217823,0.07173560739398326,0.025377635880454608,1안 (PCHIP)
ELEC_3-9-5,9,random,stl,0.028525508626747006,0.022645659455125238,0.008596997022844057,0.0009775113154127791,0.11175457013660468,0.022108272485053315,2안 (STL)
ELEC_3-9-5,9,random,mstl,0.028815787669364164,0.023393316019670676,0.009689031490645365,0.0008004357962883336,0.0924005579325975,0.022093929918705624,3안 (MSTL)
ELEC_3-9-5,9,random,seasonal_naive,0.038198131532751006,0.026469614242579067,0.009975475422451033,0.00012026857975463497,0.12059291162448749,0.0300588211666194,4안 (Seasonal Naive)
ELEC_3-9-5,9,block_6h,baseline,0.04778266613733803,0.021825071037688173,0.010537275163551643,0.00015914865370399373,0.1545387507029516,0.01968770481590576,기존안 (대치+선형)
ELEC_3-9-5,9,block_6h,pchip,0.04875315244322499,0.021923555015083487,0.010324219684498611,0.00014361365178928068,0.1567999473846442,0.020119253455410213,1안 (PCHIP)
ELEC_3-9-5,9,block_6h,stl,0.04996280027535986,0.02313685861576365,0.009203661399737582,0.0003916638892956609,0.15590724493950098,0.013983580579932098,2안 (STL)
ELEC_3-9-5,9,block_6h,mstl,0.05081668249197902,0.023367182461971066,0.010017259343875432,0.00032182456809615845,0.15426331066245652,0.01498957719764571,3안 (MSTL)
ELEC_3-9-5,9,block_6h,seasonal_naive,0.056075346137577094,0.024517597876285893,0.00914794554679434,7.186762483383738e-05,0.11958260743117773,0.01770548982338538,4안 (Seasonal Naive)
ELEC_3-9-5,9,block_24h,baseline,0.035537269303898694,0.021809661089716343,0.010458543650204145,0.00017056361105217762,0.11609825211742926,0.02002389419534678,기존안 (대치+선형)
ELEC_3-9-5,9,block_24h,pchip,0.03583691424330118,0.02190813745948912,0.010252256209506651,0.00015357735108013413,0.11626742000113256,0.02046822353851785,1안 (PCHIP)
ELEC_3-9-5,9,block_24h,stl,0.03325712892656586,0.02313985257080252,0.009127369890812186,0.00040987696547266226,0.11382918928096775,0.01425171123707658,2안 (STL)
ELEC_3-9-5,9,block_24h,mstl,0.03288031941126939,0.023364975764860196,0.00992241753933499,0.0003153432972989094,0.09854927440612755,0.015300086800185242,3안 (MSTL)
ELEC_3-9-5,9,block_24h,seasonal_naive,0.025323088641436668,0.02449200842953797,0.00913619566534551,6.27936158580074e-05,0.09709930919092925,0.017721636744270297,4안 (Seasonal Naive)
ELEC_3-3-6,0,random,baseline,0.03654688048909412,0.03449901934984798,0.022441885576175123,0.000618839283422699,0.10648536408387692,0.0027653438413320908,기존안 (대치+선형)
ELEC_3-3-6,0,random,pchip,0.03671471399006335,0.034814646855891085,0.02224836215913072,0.0005616250269243869,0.10555016584748997,0.0029584913128746226,1안 (PCHIP)
ELEC_3-3-6,0,random,stl,0.04675617542767501,0.04116714303144131,0.022095436373138225,0.0019687196496559734,0.16947489097864096,0.0029519138296076886,2안 (STL)
ELEC_3-3-6,0,random,mstl,0.04553292449740649,0.04278370814590874,0.021981845856403424,0.0016402007641692657,0.1430173987097505,0.0029412156226577,3안 (MSTL)
ELEC_3-3-6,0,random,seasonal_naive,0.06566272476292849,0.04977780286556548,0.025235976701689127,0.0002052481255803852,0.1741770964972774,0.004576469968893937,4안 (Seasonal Naive)
ELEC_3-3-6,0,block_6h,baseline,0.03562926387740558,0.03954556164386401,0.02205581333688364,0.00029498968121902607,0.14000000000032742,0.0019293360409969873,기존안 (대치+선형)
ELEC_3-3-6,0,block_6h,pchip,0.03562926387740558,0.03973172406712708,0.022096930297626535,0.000261141799082733,0.14000000000032742,0.002073276679569913,1안 (PCHIP)
ELEC_3-3-6,0,block_6h,stl,0.03203829237427752,0.04187505130393016,0.021986054758658682,0.0008131513821764903,0.1370757636957644,0.0016388700079413843,2안 (STL)
ELEC_3-3-6,0,block_6h,mstl,0.032706920617186636,0.04249744233781123,0.02194252418958297,0.000705814899333578,0.11928250826059422,0.0019505590321531319,3안 (MSTL)
ELEC_3-3-6,0,block_6h,seasonal_naive,0.05932490576852808,0.04533977858980861,0.023062760916076813,0.00025786455266163045,0.009999999999763587,0.0030587847888785547,4안 (Seasonal Naive)
ELEC_3-3-6,0,block_24h,baseline,0.04558390856768492,0.039518261672600835,0.02203953119545404,0.0002701009841970159,0.12377004876091979,0.001985676961084981,기존안 (대치+선형)
ELEC_3-3-6,0,block_24h,pchip,0.06964118586993263,0.03970442409586391,0.022063905780024585,0.00023183001384100902,0.0962835904957149,0.002142100350041809,1안 (PCHIP)
ELEC_3-3-6,0,block_24h,stl,0.060416452025901374,0.04187783548296529,0.021848628434970034,0.0007495739100587714,0.126300954673164,0.001674171199359864,2안 (STL)
ELEC_3-3-6,0,block_24h,mstl,0.05511585618281377,0.0425080805095318,0.021764971262638225,0.0007082985658643909,0.11797865787939715,0.0020146278497714665,3안 (MSTL)
ELEC_3-3-6,0,block_24h,seasonal_naive,0.09546264863259554,0.04537275750246249,0.02304336441649654,0.0003031629704311978,0.1523154621173188,0.0031366986787133566,4안 (Seasonal Naive)
ELEC_3-3-6,1,random,baseline,0.11013319427506697,0.03417881785695796,0.053076924623243704,0.0007104707169281301,0.4851525522143924,0.006085446251301474,기존안 (대치+선형)
ELEC_3-3-6,1,random,pchip,0.11025739931601322,0.03449264743415013,0.05039324379518193,0.0006317591071904837,0.48528853929881927,0.006380287263322626,1안 (PCHIP)
ELEC_3-3-6,1,random,stl,0.11360660987881578,0.040952370840105085,0.05393984877188563,0.0019823730538316062,0.5016956915991737,0.007525340025844485,2안 (STL)
ELEC_3-3-6,1,random,mstl,0.1129339989537954,0.042449238800375357,0.05300195601482334,0.0017921337382494887,0.4943890252877405,0.0067851750203197225,3안 (MSTL)
ELEC_3-3-6,1,random,seasonal_naive,0.12335150525540499,0.049936779014007254,0.040261763225501575,0.0004570605897864801,0.5022407370162297,0.008905122321861692,4안 (Seasonal Naive)
ELEC_3-3-6,1,block_6h,baseline,0.06126972318343793,0.03954474059209678,0.02205740292050373,0.0003094885448928423,,0.0019230250505301028,기존안 (대치+선형)
ELEC_3-3-6,1,block_6h,pchip,0.07067373161892257,0.03973090301535984,0.022103077713255783,0.0002777491346009196,,0.0020715903517445344,1안 (PCHIP)
ELEC_3-3-6,1,block_6h,stl,0.04503009436510523,0.041870292666932485,0.021986527905077553,0.0008219142545556863,,0.0016309031200468782,2안 (STL)
ELEC_3-3-6,1,block_6h,mstl,0.03731341170057216,0.042499125922331224,0.021947160817355843,0.0007008746027749218,,0.0019327187378691546,3안 (MSTL)
ELEC_3-3-6,1,block_6h,seasonal_naive,0.0630696264280954,0.045333825964495714,0.023065512157560027,0.00022752047061291397,,0.0030172454082962874,4안 (Seasonal Naive)
ELEC_3-3-6,1,block_24h,baseline,0.09555957901626068,0.03948870380897754,0.02239501029418676,0.0003473452940800985,0.22113630638109144,0.001949560335928524,기존안 (대치+선형)
ELEC_3-3-6,1,block_24h,pchip,0.1092509254543545,0.03967486623224061,0.022755744086760146,0.00032522361090743567,0.24254769620172267,0.0020981744868538987,1안 (PCHIP)
ELEC_3-3-6,1,block_24h,stl,0.0919637205701269,0.04185788525880933,0.02217284481363499,0.0008616510203521168,0.21380448367529492,0.0016878011517849068,2안 (STL)
ELEC_3-3-6,1,block_24h,mstl,0.07770338377777551,0.04248077006072926,0.021958163556318258,0.0007463076522422749,0.15851612619310793,0.0020299247486121885,3안 (MSTL)
ELEC_3-3-6,1,block_24h,seasonal_naive,0.09402644427086848,0.04532151018798597,0.02281658743966986,0.00030632619777681125,0.13022604781462258,0.0031185028099660617,4안 (Seasonal Naive)
ELEC_3-3-6,2,random,baseline,0.03888607074602817,0.034355919832191634,0.02248951044392241,0.0005735008872629654,0.12014985106009847,0.0027575970644704295,기존안 (대치+선형)
ELEC_3-3-6,2,random,pchip,0.039182606988930606,0.03468126764916811,0.022347425446704147,0.0005119899859757454,0.11995947845377214,0.002923197701218183,1안 (PCHIP)
ELEC_3-3-6,2,random,stl,0.04897625014443049,0.04133391675842932,0.022001256665011387,0.002008364696281297,0.1814229562595876,0.0032455762174716796,2안 (STL)
ELEC_3-3-6,2,random,mstl,0.047549195128078925,0.042763291566912345,0.021698589782476865,0.001709996412905439,0.15519700839283895,0.003122878267376117,3안 (MSTL)
ELEC_3-3-6,2,random,seasonal_naive,0.06726652989600539,0.04997673686668774,0.024829766410914986,0.0002296653946828902,0.18380024790589147,0.005123568855511018,4안 (Seasonal Naive)
ELEC_3-3-6,2,block_6h,baseline,0.03364940240608962,0.03954640488621979,0.02204503775240008,0.00028857551710003256,,0.001967083440968076,기존안 (대치+선형)
ELEC_3-3-6,2,block_6h,pchip,0.03408665924528679,0.039732578396672345,0.02208431721304793,0.0002564251773784301,,0.0021104057459075953,1안 (PCHIP)
ELEC_3-3-6,2,block_6h,stl,0.029453084593018798,0.04186958183371362,0.02198561280245823,0.0008065124876088206,,0.00164770219474486,2안 (STL)
ELEC_3-3-6,2,block_6h,mstl,0.03749242122927471,0.042505168176342964,0.021945169483001542,0.0007085037873058201,,0.0019966448434048933,3안 (MSTL)
ELEC_3-3-6,2,block_6h,seasonal_naive,0.11937336386308497,0.04535619962515501,0.02303797279556828,0.00028119562814897693,,0.003111911462303274,4안 (Seasonal Naive)
ELEC_3-3-6,2,block_24h,baseline,0.12814028621080675,0.039489319597803066,0.023130835379459085,0.00041875225940975517,0.21619196517735426,0.0021392589721127564,기존안 (대치+선형)
ELEC_3-3-6,2,block_24h,pchip,0.12596895528726507,0.03967548202106614,0.023224452857126286,0.0003814729276493557,0.2130206482524881,0.0022771859559650443,1안 (PCHIP)
ELEC_3-3-6,2,block_24h,stl,0.09526481064158773,0.04185717127387478,0.022502720513637036,0.0008821909839531293,0.16857696009603848,0.001780289017542902,2안 (STL)
ELEC_3-3-6,2,block_24h,mstl,0.10222130157673194,0.04248532601256304,0.022415252284307758,0.0007830671739166393,0.1783080586649983,0.0020979754021065444,3안 (MSTL)
ELEC_3-3-6,2,block_24h,seasonal_naive,0.09901599197436917,0.045326025972706296,0.023391099679885625,0.00021845487676519764,0.15351173785264394,0.003071318231503306,4안 (Seasonal Naive)
ELEC_3-3-6,3,random,baseline,0.03889796260745844,0.03442077350452525,0.022694272011267357,0.0006282980610087061,0.11795102360657077,0.0025995405741533473,기존안 (대치+선형)
ELEC_3-3-6,3,random,pchip,0.03922649484810683,0.03473678512569321,0.02261973198110217,0.0005670934013122625,0.1180072096658301,0.002801251789530279,1안 (PCHIP)
ELEC_3-3-6,3,random,stl,0.04911195540323436,0.041195614835095505,0.022063576200895565,0.0020147951555750075,0.1840674162167562,0.0030913002582612092,2안 (STL)
ELEC_3-3-6,3,random,mstl,0.04607643968910844,0.04275545587416513,0.022101876658296497,0.0017322547792937083,0.15318486840077325,0.002910195809853522,3안 (MSTL)
ELEC_3-3-6,3,random,seasonal_naive,0.06757782701169604,0.049919879031799244,0.02533455011559711,0.00024021410585483687,0.18879751897535646,0.006048174962247632,4안 (Seasonal Naive)
ELEC_3-3-6,3,block_6h,baseline,0.024501026515240307,0.039546138599159966,0.02205956815960387,0.0002945615965733424,,0.001953815871759579,기존안 (대치+선형)
ELEC_3-3-6,3,block_6h,pchip,0.02735259566227959,0.039732323205252607,0.02209539331941144,0.00026309326016657383,,0.002096763658259615,1안 (PCHIP)
ELEC_3-3-6,3,block_6h,stl,0.023853579034747323,0.04187268247234004,0.021989702055825816,0.0008117387969566956,,0.0016564871661419733,2안 (STL)
ELEC_3-3-6,3,block_6h,mstl,0.023976808411189834,0.04250023450964745,0.021954433342971206,0.0007012259106172385,,0.0019753187869281374,3안 (MSTL)
ELEC_3-3-6,3,block_6h,seasonal_naive,0.029297326385419417,0.045324178606229754,0.023043124668268643,0.00024160129215726635,,0.003054532260006071,4안 (Seasonal Naive)
ELEC_3-3-6,3,block_24h,baseline,0.1838609440400138,0.03948626613459251,0.02382869479325834,0.0002590465966689089,0.09488982809176186,0.0021416175133210924,기존안 (대치+선형)
ELEC_3-3-6,3,block_24h,pchip,0.18908892958286408,0.03967244129770808,0.023605377570959298,0.00026292751685705085,0.1018376052835217,0.0022961665442603474,1안 (PCHIP)
ELEC_3-3-6,3,block_24h,stl,0.08275874056363956,0.04186892028643624,0.021944796398440866,0.0007852430185005496,0.11265924436513097,0.001735865757072741,2안 (STL)
ELEC_3-3-6,3,block_24h,mstl,0.10301475521236246,0.04248461319698931,0.021879907513122538,0.0007037993073218728,0.1230068864189434,0.002098133852125983,3안 (MSTL)
ELEC_3-3-6,3,block_24h,seasonal_naive,0.10600379972226213,0.045358252254573315,0.02305690076549929,0.0002561427677870538,0.14252334274009187,0.003117309655880418,4안 (Seasonal Naive)
ELEC_3-3-6,4,random,baseline,0.0371810747324294,0.03445805463069769,0.022850376209318124,0.000593642316961428,0.1083506946951955,0.0025637458950561465,기존안 (대치+선형)
ELEC_3-3-6,4,random,pchip,0.03752505408449446,0.03478235610574049,0.02300864102410373,0.0005716713030308608,0.10803797285260776,0.0029931806107770242,1안 (PCHIP)
ELEC_3-3-6,4,random,stl,0.04785088733574077,0.0413614346709186,0.022136401687231404,0.00195612946093713,0.17377564206026133,0.003194169833594551,2안 (STL)
ELEC_3-3-6,4,random,mstl,0.04499070846465867,0.04279541518364834,0.02233308509441882,0.001692765349345911,0.1459127356149277,0.0027714284426947344,3안 (MSTL)
ELEC_3-3-6,4,random,seasonal_naive,0.06908157174370581,0.05046132846185234,0.026899456965010497,0.00035874795457835833,0.17686883500295425,0.005149296601073661,4안 (Seasonal Naive)
ELEC_3-3-6,4,block_6h,baseline,0.03309713613718277,0.03954867942152077,0.02209127322149715,0.00029127468314873366,,0.0019499403233748103,기존안 (대치+선형)
ELEC_3-3-6,4,block_6h,pchip,0.035693273660955115,0.03973486124736542,0.02213034956040956,0.0002612534826364244,,0.0020948413510022412,1안 (PCHIP)
ELEC_3-3-6,4,block_6h,stl,0.024345417447577018,0.041878809802385855,0.0220075940612596,0.0008109648221143424,,0.0016633773507297445,2안 (STL)
ELEC_3-3-6,4,block_6h,mstl,0.032894058747340214,0.042506028919200044,0.021957736562211873,0.0007034244263362603,,0.0019771386451024053,3안 (MSTL)
ELEC_3-3-6,4,block_6h,seasonal_naive,0.033356473449523,0.04532985754762019,0.02306198314992994,0.0002513168585047693,,0.00304781890704664,4안 (Seasonal Naive)
ELEC_3-3-6,4,block_24h,baseline,0.061237399986352414,0.03950081856936494,0.02199025133593977,0.00032062510609021425,0.15586705910265386,0.001974022298093292,기존안 (대치+선형)
ELEC_3-3-6,4,block_24h,pchip,0.06038529657360018,0.039686983115936755,0.02202349098120706,0.000285727260418998,0.15360926040201314,0.00210517514921571,1안 (PCHIP)
ELEC_3-3-6,4,block_24h,stl,0.06502087367895572,0.04185445257068314,0.02187882290258593,0.0008182339853999334,0.150639937049203,0.0016672480050906602,2안 (STL)
ELEC_3-3-6,4,block_24h,mstl,0.07587889221278758,0.042489282903583406,0.0217477365841651,0.0007227670054790731,0.1373191659137984,0.002021676023900687,3안 (MSTL)
ELEC_3-3-6,4,block_24h,seasonal_naive,0.0978550830767115,0.04533806806529353,0.02290186978548503,0.0002761667892976361,0.14652845537741255,0.0031564192528015234,4안 (Seasonal Naive)
ELEC_3-3-6,5,random,baseline,0.038056042113502254,0.034429390935374234,0.022648039668476852,0.0006282658025694226,0.11647403417809571,0.002442490442119416,기존안 (대치+선형)
ELEC_3-3-6,5,random,pchip,0.03818863312324888,0.03474005810214801,0.02255294960999933,0.000560803176440582,0.11534023201871522,0.002559529462439869,1안 (PCHIP)
ELEC_3-3-6,5,random,stl,0.04775650859114803,0.04123328519769649,0.022306743544081846,0.0019666759524375704,0.17682263725560943,0.0027711732328846717,2안 (STL)
ELEC_3-3-6,5,random,mstl,0.04545435119496614,0.04277173803561492,0.022289036839739165,0.001764230065847032,0.1523871423077433,0.002678671496678664,3안 (MSTL)
ELEC_3-3-6,5,random,seasonal_naive,0.06753275627749292,0.05005302626006054,0.025580312576325256,0.00028659615583687625,0.18645954884479693,0.004638168498763973,4안 (Seasonal Naive)
ELEC_3-3-6,5,block_6h,baseline,0.02243944135957468,0.03954720929504579,0.02206417330507085,0.0002945286970136731,,0.0019576362900692867,기존안 (대치+선형)
ELEC_3-3-6,5,block_6h,pchip,0.022617607269218375,0.039733374490106235,0.022104471572235475,0.0002624212089645629,,0.002103823538385896,1안 (PCHIP)
ELEC_3-3-6,5,block_6h,stl,0.032697704105817134,0.041883459415686324,0.021997012730924213,0.0008087882687413812,,0.001639906816367498,2안 (STL)
ELEC_3-3-6,5,block_6h,mstl,0.030911363489759737,0.04250284225675652,0.021960431948507005,0.0006966388772958588,,0.0019611353127171327,3안 (MSTL)
ELEC_3-3-6,5,block_6h,seasonal_naive,0.08164776803255872,0.04534833121238497,0.023081968109879787,0.00025581196537541865,,0.003024112765800502,4안 (Seasonal Naive)
ELEC_3-3-6,5,block_24h,baseline,0.09143282608465482,0.03949281614584657,0.022148177384265527,0.0003029100082826014,0.14942026958860244,0.002053302184175765,기존안 (대치+선형)
ELEC_3-3-6,5,block_24h,pchip,0.09413260887209152,0.03967898210795756,0.02220285051349727,0.00026797397111710537,0.15247848406308614,0.0021872642716724844,1안 (PCHIP)
ELEC_3-3-6,5,block_24h,stl,0.06396508347477009,0.041850440853087395,0.022112238301368454,0.0008288722194730448,0.13833434517455045,0.0016955391506910944,2안 (STL)
ELEC_3-3-6,5,block_24h,mstl,0.06281510328700092,0.04247643346974082,0.021900832963436197,0.000737309108403256,0.12238879752277941,0.0020137085918514597,3안 (MSTL)
ELEC_3-3-6,5,block_24h,seasonal_naive,0.07547534549624409,0.04533936806392505,0.02300529007610806,0.00026045087192867354,0.11844478319733703,0.0030403516551437137,4안 (Seasonal Naive)
ELEC_3-3-6,6,random,baseline,0.06347216459951083,0.03437940655558388,0.024803514587202844,0.000553556741432695,0.11160608999612914,0.003979020795850108,기존안 (대치+선형)
ELEC_3-3-6,6,random,pchip,0.06369809679987502,0.03469502226406566,0.02515273654300597,0.0005073903547784874,0.11195328986188743,0.004046315170314507,1안 (PCHIP)
ELEC_3-3-6,6,random,stl,0.04649005299015105,0.04145755798655981,0.02199973983287616,0.0019083905188260687,0.17347612132152826,0.0029990554293438665,2안 (STL)
ELEC_3-3-6,6,random,mstl,0.05114022430316226,0.043113438794656095,0.023685645641371964,0.0016148985357771746,0.14545096348469602,0.003414879811746707,3안 (MSTL)
ELEC_3-3-6,6,random,seasonal_naive,0.0673423725255355,0.05033427070085787,0.025445031860568776,0.0003447463723662577,0.18050486019997367,0.0054674312470540665,4안 (Seasonal Naive)
ELEC_3-3-6,6,block_6h,baseline,0.013336148351606479,0.03954945054446457,0.02206211414782972,0.0002918645708463348,,0.00195222848015153,기존안 (대치+선형)
ELEC_3-3-6,6,block_6h,pchip,0.014051846130512346,0.03973562210265306,0.022098682721758803,0.0002603536038492363,,0.002095724552975242,1안 (PCHIP)
ELEC_3-3-6,6,block_6h,stl,0.016041691713067626,0.04187624078444933,0.0219945645970343,0.0008081276118641686,,0.0016558921889944234,2안 (STL)
ELEC_3-3-6,6,block_6h,mstl,0.02542885126192358,0.042503848172388434,0.021959105962172733,0.0007057175752727033,,0.001973371889508857,3안 (MSTL)
ELEC_3-3-6,6,block_6h,seasonal_naive,0.1026049598107935,0.045349836473958564,0.023124375670976423,0.00026939325125295116,,0.003134770005219667,4안 (Seasonal Naive)
ELEC_3-3-6,6,block_24h,baseline,0.08881534613349637,0.03948564185212806,0.022204012221025644,0.00028267577545184995,0.1175784782770548,0.002131430989888883,기존안 (대치+선형)
ELEC_3-3-6,6,block_24h,pchip,0.09045673339443719,0.03967181276862613,0.022249376385927683,0.00024742098149096965,0.116910377125097,0.0022822934262544115,1안 (PCHIP)
ELEC_3-3-6,6,block_24h,stl,0.07114788900968089,0.04185326421417054,0.022122918625137558,0.0008161626576725195,0.12646654041247596,0.0017424758205142332,2안 (STL)
ELEC_3-3-6,6,block_24h,mstl,0.07842566281356958,0.04247588196548233,0.021985028812980124,0.0007405752614661826,0.13653770436542537,0.0020904898624489743,3안 (MSTL)
ELEC_3-3-6,6,block_24h,seasonal_naive,0.11141763275572966,0.045348399633365545,0.023260267612761513,0.0002446323386696303,0.15971749252776973,0.0030652673343076753,4안 (Seasonal Naive)
ELEC_3-3-6,7,random,baseline,0.03774144376897974,0.03440141465443024,0.022716633025391404,0.0005936858098866565,0.11148454651569041,0.0028512930851072316,기존안 (대치+선형)
ELEC_3-3-6,7,random,pchip,0.03821243249800749,0.03473321146801532,0.02278963809639294,0.0005689195391053041,0.11142464251986417,0.0034491556229463427,1안 (PCHIP)
ELEC_3-3-6,7,random,stl,0.0469997721220493,0.04131394579913591,0.021908341438096172,0.0019791362377956424,0.16973388247529092,0.0026660064145462847,2안 (STL)
ELEC_3-3-6,7,random,mstl,0.046201780789293455,0.04278982250664843,0.02203593544880599,0.001653390630335851,0.14551864557397676,0.002953647589051367,3안 (MSTL)
ELEC_3-3-6,7,random,seasonal_naive,0.0665024532067707,0.049794908110715824,0.025769667666060463,0.00023099519937395312,0.17705578950928788,0.005273744544729064,4안 (Seasonal Naive)
ELEC_3-3-6,7,block_6h,baseline,0.022489570488997884,0.03954451313856659,0.022066382578070382,0.00029335800377648067,0.11297297297241547,0.0019382901567741584,기존안 (대치+선형)
ELEC_3-3-6,7,block_6h,pchip,0.023861905526589233,0.03973069130525707,0.022105249602692643,0.0002617685612967491,0.11734615185486708,0.002081197370508936,1안 (PCHIP)
ELEC_3-3-6,7,block_6h,stl,0.02183664898199276,0.04187109158326238,0.0219961854682518,0.0008098725579284067,0.10108286090034585,0.0016431255361444297,2안 (STL)
ELEC_3-3-6,7,block_6h,mstl,0.03434462652285919,0.04249899750682479,0.021967505277493193,0.0007064312400705173,0.09505072282999542,0.0019423865240950633,3안 (MSTL)
ELEC_3-3-6,7,block_6h,seasonal_naive,0.07133644853022472,0.04533977858980879,0.023093728303328558,0.00025718035689958457,0.05999999999949071,0.003022177431604711,4안 (Seasonal Naive)
ELEC_3-3-6,7,block_24h,baseline,0.06959000071297912,0.03950676694785846,0.021820855738467985,0.00029454357966932597,0.09211809882845413,0.0020094422716699922,기존안 (대치+선형)
ELEC_3-3-6,7,block_24h,pchip,0.07770842959628554,0.03969292937112153,0.021794375097772194,0.000247506327273906,0.08569047367146727,0.0021400753040640152,1안 (PCHIP)
ELEC_3-3-6,7,block_24h,stl,0.050114732848444817,0.04186069248996345,0.02200691105394362,0.0008212529745177577,0.08978667298252743,0.0016461794107811567,2안 (STL)
ELEC_3-3-6,7,block_24h,mstl,0.05373163205543471,0.04248481841162385,0.021851293485489368,0.0007273676912990017,0.08441743747219418,0.0019600704256277357,3안 (MSTL)
ELEC_3-3-6,7,block_24h,seasonal_naive,0.06456047982748865,0.0453352628050885,0.022908419361114495,0.00026607490180674624,0.10293831306318585,0.003039426281870372,4안 (Seasonal Naive)
ELEC_3-3-6,8,random,baseline,0.03991883311058894,0.03434485020041432,0.02261986649171708,0.0006163662496580606,0.12746020061403412,0.0026470890843220962,기존안 (대치+선형)
ELEC_3-3-6,8,random,pchip,0.04011081226515829,0.03466823770713278,0.02245944801264253,0.0005532585195889428,0.1266004197981673,0.002737656918142206,1안 (PCHIP)
ELEC_3-3-6,8,random,stl,0.05080395623509816,0.04133357374599028,0.021886663201102885,0.0020199024941026764,0.19536383951184313,0.003142476698752783,2안 (STL)
ELEC_3-3-6,8,random,mstl,0.04908440362570715,0.0427895948365144,0.021855466430918635,0.0017080710137294924,0.1668906244820582,0.0033782948286765757,3안 (MSTL)
ELEC_3-3-6,8,random,seasonal_naive,0.06934239450482826,0.04991450798482078,0.024997674281208814,0.00022355082819835157,0.19680455088742355,0.005641587353685917,4안 (Seasonal Naive)
ELEC_3-3-6,8,block_6h,baseline,0.03574938946684479,0.039542072173852943,0.022104618075356654,0.0002968696137821827,0.13435897435926025,0.001937600466825451,기존안 (대치+선형)
ELEC_3-3-6,8,block_6h,pchip,0.04853862437877635,0.03972823459711601,0.022183537718690822,0.00026616571595079416,0.15143634897859126,0.0020794547559437326,1안 (PCHIP)
ELEC_3-3-6,8,block_6h,stl,0.03662173806443355,0.04187070367595966,0.02201357601107998,0.0008156251957150614,0.13971130881722532,0.0016364586686646865,2안 (STL)
ELEC_3-3-6,8,block_6h,mstl,0.039681645052030194,0.042496303082013666,0.021930641386332637,0.0007060385962084341,0.10453675237841323,0.0019660469020527094,3안 (MSTL)
ELEC_3-3-6,8,block_6h,seasonal_naive,0.09854496999394281,0.04532931017977537,0.022962968628289875,0.0002716374726388621,0.0,0.00307545015991173,4안 (Seasonal Naive)
ELEC_3-3-6,8,block_24h,baseline,0.057586849286337186,0.03950246491971904,0.021932668086004324,0.0003101826901099167,0.13857322711830172,0.001961256608933426,기존안 (대치+선형)
ELEC_3-3-6,8,block_24h,pchip,0.05694273280922016,0.03968863158959961,0.021951497776047244,0.0002747225758974139,0.13530873920538314,0.0020935360510793144,1안 (PCHIP)
ELEC_3-3-6,8,block_24h,stl,0.06433324285610979,0.04186300066319002,0.021869853886938278,0.0008074035981307961,0.1408667421908312,0.0016667225797482033,2안 (STL)
ELEC_3-3-6,8,block_24h,mstl,0.07671665109346341,0.042494490932216716,0.02173639142961369,0.0007206248390375668,0.13013159345402395,0.0020158741607606556,3안 (MSTL)
ELEC_3-3-6,8,block_24h,seasonal_naive,0.09831528396809834,0.0453409417464791,0.022905999901691988,0.0002788351527697914,0.14652845537741255,0.0031535863284566368,4안 (Seasonal Naive)
ELEC_3-3-6,9,random,baseline,0.038881923569398145,0.03444883974285788,0.022634823859623742,0.0006199239525831477,0.11187319184290453,0.0028487470161138173,기존안 (대치+선형)
ELEC_3-3-6,9,random,pchip,0.03932691891665977,0.03477570748082692,0.022600965010405292,0.0005522858574070083,0.11079949941819833,0.003018223909044382,1안 (PCHIP)
ELEC_3-3-6,9,random,stl,0.04811220025227125,0.04133419831707513,0.02200820030561385,0.001991722748617553,0.17647079732424742,0.003050597373350783,2안 (STL)
ELEC_3-3-6,9,random,mstl,0.04861810030515342,0.042891984502514725,0.021982688868392324,0.0017161356190369932,0.15040851355391055,0.003274109452925278,3안 (MSTL)
ELEC_3-3-6,9,random,seasonal_naive,0.06791619177542398,0.05013297617590679,0.02568458499836694,0.00019152973612075223,0.18245370047871926,0.0048981512876217215,4안 (Seasonal Naive)
ELEC_3-3-6,9,block_6h,baseline,0.030275263691492367,0.03954044671325949,0.022072756301270185,0.00029332102022194253,,0.0019613213247411387,기존안 (대치+선형)
ELEC_3-3-6,9,block_6h,pchip,0.03124876979640464,0.03972661745191467,0.02211213590194448,0.00026082112305495284,,0.002106639829928869,1안 (PCHIP)
ELEC_3-3-6,9,block_6h,stl,0.029022533112214366,0.04186814416216699,0.022002732802224496,0.0008117083346385396,,0.0016624949324379745,2안 (STL)
ELEC_3-3-6,9,block_6h,mstl,0.03602322988004029,0.042496044707885705,0.021969291128857888,0.000705660853991138,,0.001982763272554311,3안 (MSTL)
ELEC_3-3-6,9,block_6h,seasonal_naive,0.03589250067838488,0.04532178387190842,0.023063904713967843,0.00024753319665409663,,0.0030632054680502785,4안 (Seasonal Naive)
ELEC_3-3-6,9,block_24h,baseline,0.10148346504810161,0.03949404064546509,0.022435524987575454,0.00037551605072628624,0.22531647477790243,0.002001932217002844,기존안 (대치+선형)
ELEC_3-3-6,9,block_24h,pchip,0.09791246498898151,0.039680203068728166,0.0224418569322479,0.0003407446832094821,0.21979672853485874,0.002139877339795593,1안 (PCHIP)
ELEC_3-3-6,9,block_24h,stl,0.09870226822457215,0.04185031912696393,0.02210642680281162,0.0008848269061125599,0.21479584239656954,0.0017326322797235338,2안 (STL)
ELEC_3-3-6,9,block_24h,mstl,0.08091281318467532,0.0424787836415766,0.021917362561589274,0.0007423990039909594,0.1752583388290929,0.0020763923624691483,3안 (MSTL)
ELEC_3-3-6,9,block_24h,seasonal_naive,0.10221505107696717,0.04532910491683366,0.023050923658079103,0.00026034824256443125,0.18508256415868976,0.0033132553135147846,4안 (Seasonal Naive)
ELEC_1-11-3,0,random,baseline,0.05983672826120353,0.031924955868529684,0.005667802482015577,0.0006742243507816567,0.2453450386442156,0.01085656492409548,기존안 (대치+선형)
ELEC_1-11-3,0,random,pchip,0.06005735182991497,0.03218152699912599,0.005642155713702799,0.0006125355154138418,0.245400478934209,0.011025867509512732,1안 (PCHIP)
ELEC_1-11-3,0,random,stl,0.06495472469078699,0.037584692077750996,0.004592902958840202,0.0018159810450531291,0.27202428669645706,0.01085153423488594,2안 (STL)
ELEC_1-11-3,0,random,mstl,0.06651217975421264,0.03881684804044825,0.004651431333828066,0.0014415602093360246,0.25611937361232584,0.011875065893548586,3안 (MSTL)
ELEC_1-11-3,0,random,seasonal_naive,0.0762313880690158,0.04425982183183896,0.006279390919393042,0.0003063327710010462,0.2715927275335778,0.01533083713513006,4안 (Seasonal Naive)
ELEC_1-11-3,0,block_6h,baseline,0.10628839175655058,0.03690169615618472,0.004585288734421385,0.00027036081476834603,0.22048242560300543,0.003424858623116478,기존안 (대치+선형)
ELEC_1-11-3,0,block_6h,pchip,0.10628839175655058,0.037055588802024565,0.0045819474256522524,0.00023490647064150825,0.22048242560300543,0.003651226407752617,1안 (PCHIP)
ELEC_1-11-3,0,block_6h,stl,0.10662958816506765,0.038818220951785276,0.004202640621467008,0.0007171062489882071,0.22366745853072145,0.002356552909434151,2안 (STL)
ELEC_1-11-3,0,block_6h,mstl,0.09469469195589894,0.03938958062867224,0.004326379149710143,0.0005798318743772065,0.19518633086268664,0.0026553024797465463,3안 (MSTL)
ELEC_1-11-3,0,block_6h,seasonal_naive,0.06837397165589013,0.04150940104281705,0.0047552823292046536,0.00022720592771831633,0.11947803145350502,0.007658215071567498,4안 (Seasonal Naive)
ELEC_1-11-3,0,block_24h,baseline,0.11058554099607387,0.03684730147660025,0.0051817078290985145,0.00024138247015992954,0.08700521250443123,0.0039034252603205033,기존안 (대치+선형)
ELEC_1-11-3,0,block_24h,pchip,0.13171711607850353,0.03700119412244009,0.00579661789419202,0.00026694360954589657,0.08204192491421328,0.004152467001255378,1안 (PCHIP)
ELEC_1-11-3,0,block_24h,stl,0.08309596757385579,0.038808800087746356,0.004270532657011871,0.0006508337683974819,0.09464953098039501,0.0024577387950648344,2안 (STL)
ELEC_1-11-3,0,block_24h,mstl,0.08430285843575824,0.039359980084083014,0.004352611908108326,0.0005696492588767642,0.10734274095019121,0.0028457905737308,3안 (MSTL)
ELEC_1-11-3,0,block_24h,seasonal_naive,0.09743587634952304,0.04149544316277291,0.0048327209714130615,0.00018507544827922454,0.15674316907804706,0.00776018720503846,4안 (Seasonal Naive)
ELEC_1-11-3,1,random,baseline,0.03297763593292166,0.032132086703126755,0.004981357514648115,0.0006178749335745305,0.09686045228277382,0.004975730643821952,기존안 (대치+선형)
ELEC_1-11-3,1,random,pchip,0.03328898117330555,0.032404888079900954,0.004972508436950365,0.0005490149361177459,0.09635200770838727,0.005321240043893005,1안 (PCHIP)
ELEC_1-11-3,1,random,stl,0.04199115338877117,0.03785143333882483,0.004715542959927094,0.0017840591537775785,0.15185506292737838,0.0063203893038769055,2안 (STL)
ELEC_1-11-3,1,random,mstl,0.03903263288785403,0.039045597476462385,0.004542314985471236,0.0014132794546190025,0.12671208310277082,0.005421495480569805,3안 (MSTL)
ELEC_1-11-3,1,random,seasonal_naive,0.05822234711050918,0.04478604759370813,0.0064696504507463426,0.00027969079525345854,0.15654876246735605,0.01314726543588729,4안 (Seasonal Naive)
ELEC_1-11-3,1,block_6h,baseline,0.056564560897712154,0.03690889700209002,0.004624486176970543,0.00025120870901992664,0.020810810810797997,0.00337821438624597,기존안 (대치+선형)
ELEC_1-11-3,1,block_6h,pchip,0.0570962221559835,0.03706279796332198,0.004621855257555869,0.00021952431901077084,0.02006455688703726,0.00360321972058375,1안 (PCHIP)
ELEC_1-11-3,1,block_6h,stl,0.03174574126585931,0.03883811665680037,0.004197042407686769,0.0006978745283845696,0.08935096932734285,0.002270204389182129,2안 (STL)
ELEC_1-11-3,1,block_6h,mstl,0.026621827121955044,0.039397749575905826,0.00433452496314971,0.0005649734485930608,0.07860529284774123,0.0025179631348205556,3안 (MSTL)
ELEC_1-11-3,1,block_6h,seasonal_naive,0.04003470716489986,0.041514532616362974,0.004744816932587071,0.00022331139812813505,0.1000000000003638,0.007557817792121169,4안 (Seasonal Naive)
ELEC_1-11-3,1,block_24h,baseline,0.10260556660754275,0.036845248847181905,0.005067439625057538,0.00026383523020704735,0.10709971562475581,0.003624722576436201,기존안 (대치+선형)
ELEC_1-11-3,1,block_24h,pchip,0.10779023988840722,0.036999141493021755,0.005211330531390899,0.00024498331720743837,0.1038803062345799,0.0038511807229606454,1안 (PCHIP)
ELEC_1-11-3,1,block_24h,stl,0.10384742270084935,0.03882625330457402,0.004538484461940462,0.0006891109265307623,0.11697042575687708,0.0025392712976921583,2안 (STL)
ELEC_1-11-3,1,block_24h,mstl,0.09157017103760595,0.03936446084102317,0.004573365751822674,0.0005976842989314797,0.11073764438955407,0.0027839807521704563,3안 (MSTL)
ELEC_1-11-3,1,block_24h,seasonal_naive,0.11877265865696914,0.0415463483723463,0.00486497357969509,0.00024148757708191196,0.14659315208701218,0.008369034819169396,4안 (Seasonal Naive)
ELEC_1-11-3,2,random,baseline,0.04093483840743266,0.03222681897183154,0.005443459666977722,0.0006010437148391933,0.09785476997144249,0.006349966499758275,기존안 (대치+선형)
ELEC_1-11-3,2,random,pchip,0.04142621321370222,0.032489943382890005,0.005471711186203346,0.0005341153196461273,0.09807755624416943,0.006631376107953391,1안 (PCHIP)
ELEC_1-11-3,2,random,stl,0.04804540967880674,0.0379207618174804,0.004591977970927501,0.001775666576404347,0.15110925192136174,0.007390352096535713,2안 (STL)
ELEC_1-11-3,2,random,mstl,0.0456094771972745,0.03934741609797088,0.004525141694281657,0.001393673757858198,0.12524527234990798,0.0072437905800664115,3안 (MSTL)
ELEC_1-11-3,2,random,seasonal_naive,0.05733904386188073,0.044720808188697905,0.00650352850910868,0.0002331440271104047,0.1566410917477759,0.012485082364167344,4안 (Seasonal Naive)
ELEC_1-11-3,2,block_6h,baseline,0.023815797114423814,0.03690971805385731,0.004596754278582223,0.00025714950367381986,,0.003340637721591877,기존안 (대치+선형)
ELEC_1-11-3,2,block_6h,pchip,0.02448199770267099,0.03706361901508926,0.004593854378931809,0.0002235107871344837,,0.0035684853458888277,1안 (PCHIP)
ELEC_1-11-3,2,block_6h,stl,0.020000708009596708,0.038835220334514704,0.004197578006831284,0.0006985345843859359,,0.0022199788192972525,2안 (STL)
ELEC_1-11-3,2,block_6h,mstl,0.022151580281374827,0.039395735424383446,0.004332839705752911,0.0005681697893332672,,0.002534079854213167,3안 (MSTL)
ELEC_1-11-3,2,block_6h,seasonal_naive,0.026509956200989733,0.04151350630165377,0.0047526734863686205,0.00023304393701208194,,0.007572119948220268,4안 (Seasonal Naive)
ELEC_1-11-3,2,block_24h,baseline,0.11155185811902397,0.03684647900922639,0.005140915400190148,0.0003394672019568028,0.1666038361157314,0.0036896175468880132,기존안 (대치+선형)
ELEC_1-11-3,2,block_24h,pchip,0.11126819700213111,0.03700037303837289,0.005147612524956296,0.00030765529826366723,0.16656435488251015,0.003903661414030868,1안 (PCHIP)
ELEC_1-11-3,2,block_24h,stl,0.10931107452996038,0.0388441047151596,0.004593432579552069,0.0007394536254584486,0.1477563494463813,0.0025893274429871216,2안 (STL)
ELEC_1-11-3,2,block_24h,mstl,0.09598826893605723,0.039364377081536596,0.004687968048925929,0.0006179487479450199,0.13249634924610684,0.0028666042196622277,3안 (MSTL)
ELEC_1-11-3,2,block_24h,seasonal_naive,0.11662499255686803,0.0415499404738283,0.00484111477458153,0.0002569332964111271,0.1515640678613095,0.008273308190096751,4안 (Seasonal Naive)
ELEC_1-11-3,3,random,baseline,0.13826490211980122,0.031626800530746194,0.014204066776717992,0.0007363593943452417,0.5968315262082577,0.04929167696012826,기존안 (대치+선형)
ELEC_1-11-3,3,random,pchip,0.13837744906760355,0.03189733609649449,0.014092894516998022,0.000675737784865249,0.5968913375638389,0.049550581623702294,1안 (PCHIP)
ELEC_1-11-3,3,random,stl,0.14052597295783886,0.03728550323934883,0.010770324449001748,0.0018847663296509079,0.6083797917907767,0.048556188531501565,2안 (STL)
ELEC_1-11-3,3,random,mstl,0.14148145656648647,0.038613178889307355,0.011199064254986606,0.001490369480657154,0.6029617997934769,0.05005936203816719,3안 (MSTL)
ELEC_1-11-3,3,random,seasonal_naive,0.14547390099579907,0.044029824705520186,0.010438665945593504,0.00031182347317544384,0.6100904665362914,0.053592908050843824,4안 (Seasonal Naive)
ELEC_1-11-3,3,block_6h,baseline,0.08332837823108416,0.03690978462562224,0.004644847985480078,0.00024154652970867632,0.049082338655158896,0.0033822165598151877,기존안 (대치+선형)
ELEC_1-11-3,3,block_6h,pchip,0.08711093409688468,0.03706371884842265,0.004641762638093587,0.0002097957327181706,0.04092382905330396,0.003619196898286936,1안 (PCHIP)
ELEC_1-11-3,3,block_6h,stl,0.07476625686939102,0.03884087846330532,0.004206803742187328,0.0007043098757976597,0.21241780195677043,0.002334944570534292,2안 (STL)
ELEC_1-11-3,3,block_6h,mstl,0.06954203354169487,0.03940083096130526,0.004349412551294277,0.0005667620225879115,0.12947146218009434,0.002639789636545653,3안 (MSTL)
ELEC_1-11-3,3,block_6h,seasonal_naive,0.08276472678624673,0.04152253787109422,0.004757070279389974,0.0002275019513391414,0.2175430991781004,0.007636338066733472,4안 (Seasonal Naive)
ELEC_1-11-3,3,block_24h,baseline,0.044896379207010645,0.03687419800001223,0.004617057144707028,0.00027118133527614306,0.13979397104342048,0.0034368747918870346,기존안 (대치+선형)
ELEC_1-11-3,3,block_24h,pchip,0.045268814112076824,0.03702809418469998,0.0046164680205784524,0.00023686206101304258,0.13723831676363973,0.0036727513110580423,1안 (PCHIP)
ELEC_1-11-3,3,block_24h,stl,0.05053815893592766,0.03882344583754763,0.004223572919933703,0.0007001946598892668,0.16502836926158124,0.002230092157405328,2안 (STL)
ELEC_1-11-3,3,block_24h,mstl,0.05823629843921627,0.03939923798479744,0.004361172863827984,0.0005803619905812578,0.14342603136575982,0.0025885808741217264,3안 (MSTL)
ELEC_1-11-3,3,block_24h,seasonal_naive,0.053633415049545774,0.04151939050598616,0.004787103641801574,0.0002279124687963997,0.15604486534328416,0.007464434773275075,4안 (Seasonal Naive)
ELEC_1-11-3,4,random,baseline,0.07463654914507091,0.03211499123240063,0.011503373096751406,0.0006169261101224526,0.09525092007621087,0.013472011676265105,기존안 (대치+선형)
ELEC_1-11-3,4,random,pchip,0.07480698473941945,0.0323799655289805,0.011600498163226652,0.0005470986818426823,0.09530450242008402,0.01391204207983765,1안 (PCHIP)
ELEC_1-11-3,4,random,stl,0.04075643766136795,0.03803898262474767,0.00460081614896576,0.001757520283012234,0.15162897400531136,0.006504545574434251,2안 (STL)
ELEC_1-11-3,4,random,mstl,0.05213988065217697,0.03950848823098479,0.00661796454287303,0.001367585415476888,0.12419431302454315,0.009402875941401323,3안 (MSTL)
ELEC_1-11-3,4,random,seasonal_naive,0.14655142940641364,0.0455953309523565,0.02022331325581366,0.00041642035815348053,0.15879585008543018,0.03461978337784066,4안 (Seasonal Naive)
ELEC_1-11-3,4,block_6h,baseline,0.03161055965839627,0.03691079614660585,0.004601271516118089,0.00025738100002977327,,0.0033272626273954664,기존안 (대치+선형)
ELEC_1-11-3,4,block_6h,pchip,0.027273216833315506,0.03706466002686826,0.004597333596418857,0.0002233009178743796,,0.0035582988611881916,1안 (PCHIP)
ELEC_1-11-3,4,block_6h,stl,0.022124059116890017,0.03883434732021207,0.004204263483242013,0.0007005211341684299,,0.002176018932783186,2안 (STL)
ELEC_1-11-3,4,block_6h,mstl,0.0177793205572271,0.0393948681386198,0.004335181544579786,0.0005680284481835691,,0.002521684668023938,3안 (MSTL)
ELEC_1-11-3,4,block_6h,seasonal_naive,0.02738612787524723,0.0415145326163629,0.004757368903088381,0.00023365971319795948,,0.007553545659801375,4안 (Seasonal Naive)
ELEC_1-11-3,4,block_24h,baseline,0.07689396590331096,0.03683950148481077,0.004576179502620506,0.0002973697538236869,0.15997559019115748,0.0036915000366585238,기존안 (대치+선형)
ELEC_1-11-3,4,block_24h,pchip,0.07781848701690351,0.036993394130650614,0.004574375123357029,0.00026452637934061855,0.1652155584532434,0.003907964005303688,1안 (PCHIP)
ELEC_1-11-3,4,block_24h,stl,0.07447745135846823,0.03879169028832062,0.004222606993381027,0.0007254647351313834,0.15489630170758611,0.0023894107199177173,2안 (STL)
ELEC_1-11-3,4,block_24h,mstl,0.07484444423041257,0.03935568553269626,0.004345282810490444,0.0005988292266812923,0.15072026532881014,0.002631891078195392,3안 (MSTL)
ELEC_1-11-3,4,block_24h,seasonal_naive,0.09387121792943455,0.04148641159333242,0.004853419353573228,0.00018988716392985257,0.17193021840269734,0.007926260524631634,4안 (Seasonal Naive)
ELEC_1-11-3,5,random,baseline,0.032229457309831205,0.03216436381200972,0.00480328550304945,0.0006331923422037925,0.09366507495094913,0.006651452034026506,기존안 (대치+선형)
ELEC_1-11-3,5,random,pchip,0.03270230786780465,0.03243437960232613,0.004810843971418734,0.0005643653146796708,0.09376507481565914,0.006969074298374567,1안 (PCHIP)
ELEC_1-11-3,5,random,stl,0.04126743288763095,0.03791179065927163,0.004741098951726107,0.001778262066499394,0.15149544027886314,0.007231081946925677,2안 (STL)
ELEC_1-11-3,5,random,mstl,0.046645201540245006,0.03931206600049314,0.005490664171883684,0.0014275568365321812,0.12672118615312725,0.0061228867665089615,3안 (MSTL)
ELEC_1-11-3,5,random,seasonal_naive,0.12433265455364377,0.04525804972844368,0.01582018814361084,0.00034845632221552816,0.16277723097797858,0.03105312039659336,4안 (Seasonal Naive)
ELEC_1-11-3,5,block_6h,baseline,0.035242616844417436,0.036907865139733806,0.004599217263130348,0.0002609608536036939,0.08689956252136886,0.003353376310293532,기존안 (대치+선형)
ELEC_1-11-3,5,block_6h,pchip,0.035029955246702965,0.03706176332916839,0.0045968068429506955,0.00022728715675927178,0.08634763798854854,0.0035813612434694164,1안 (PCHIP)
ELEC_1-11-3,5,block_6h,stl,0.033049320704694865,0.038837686731511056,0.0041999464669347985,0.000697116090524675,0.0662093834949863,0.0022293575085675643,2안 (STL)
ELEC_1-11-3,5,block_6h,mstl,0.04451353072010999,0.039398434078218345,0.004330158652459423,0.0005631388273029782,0.038497256906696545,0.0025495693792884078,3안 (MSTL)
ELEC_1-11-3,5,block_6h,seasonal_naive,0.06344288770226007,0.04152972207405824,0.004718156508519498,0.00024587260755129726,0.047434164902602376,0.007752045362804494,4안 (Seasonal Naive)
ELEC_1-11-3,5,block_24h,baseline,0.054676294007875256,0.036865159352539346,0.004663371134422984,0.00025591725612969003,0.11735401891312887,0.003452442984995474,기존안 (대치+선형)
ELEC_1-11-3,5,block_24h,pchip,0.05084606631678516,0.03701905199837918,0.0046429693500216924,0.00023136900602060777,0.1402403026753621,0.003688203752928776,1안 (PCHIP)
ELEC_1-11-3,5,block_24h,stl,0.05533160412912007,0.03882707166842153,0.004238959103979812,0.0007057268579708229,0.16827478044884261,0.002123485195242525,2안 (STL)
ELEC_1-11-3,5,block_24h,mstl,0.060920307837202085,0.039388438545125845,0.0043841823012768415,0.0005734222292892432,0.13675531132046412,0.0025709221893189804,3안 (MSTL)
ELEC_1-11-3,5,block_24h,seasonal_naive,0.055802230142607184,0.04150796420222445,0.004821220028476298,0.00021354435779247948,0.15247950681976608,0.007589522064099796,4안 (Seasonal Naive)
ELEC_1-11-3,6,random,baseline,0.07541092070671683,0.03205777711969452,0.011586452874343485,0.0006366159584689476,0.10470400623304933,0.014095704299891598,기존안 (대치+선형)
ELEC_1-11-3,6,random,pchip,0.07561672384327983,0.032333314852845615,0.011688046718551205,0.0005654718319044961,0.10425964939941015,0.014174757295017493,1안 (PCHIP)
ELEC_1-11-3,6,random,stl,0.04181386694835777,0.03784701762140094,0.00474548611786081,0.0017760853743228017,0.15999494395299665,0.0065040324643858005,2안 (STL)
ELEC_1-11-3,6,random,mstl,0.055855373134673994,0.039449611896751155,0.006639269930647767,0.0013904555815587884,0.1326131843738331,0.007220202693013267,3안 (MSTL)
ELEC_1-11-3,6,random,seasonal_naive,0.1463492823536026,0.04523684606655252,0.02018731296372239,0.00037668301332007654,0.16830185089001487,0.03405233958875231,4안 (Seasonal Naive)
ELEC_1-11-3,6,block_6h,baseline,0.026396434830769897,0.0369047751003122,0.004602292482063883,0.0002587538599763025,0.13621621621646102,0.0033537388757057807,기존안 (대치+선형)
ELEC_1-11-3,6,block_6h,pchip,0.026257559963971906,0.03705866774615204,0.004597473595345967,0.00022418118327286005,0.13121136611989206,0.003580586984764378,1안 (PCHIP)
ELEC_1-11-3,6,block_6h,stl,0.024532647851922527,0.038830150832890827,0.004201530961893596,0.0007010610997672492,0.12406834023560089,0.0022231869854203445,2안 (STL)
ELEC_1-11-3,6,block_6h,mstl,0.0230769812402532,0.03939069942952058,0.004338442930582972,0.0005654546278574975,0.10980042439668689,0.002534955276379147,3안 (MSTL)
ELEC_1-11-3,6,block_6h,seasonal_naive,0.029202359113231255,0.041509606305759034,0.004755999356501093,0.000230991349725806,0.11999999999989079,0.007590357264401049,4안 (Seasonal Naive)
ELEC_1-11-3,6,block_24h,baseline,0.08182382836858072,0.036825748867708244,0.004676722935566096,0.0002520311220255557,0.12252438978173662,0.003640987700752163,기존안 (대치+선형)
ELEC_1-11-3,6,block_24h,pchip,0.08525588252287268,0.03697964151354809,0.004690562545166766,0.00024420499906560014,0.1540869319598039,0.003907719385165653,1안 (PCHIP)
ELEC_1-11-3,6,block_24h,stl,0.07344695078804779,0.03879651466036924,0.0041870122673232915,0.0007165665379345365,0.15057994524060864,0.002434291272583433,2안 (STL)
ELEC_1-11-3,6,block_24h,mstl,0.07184823473166181,0.039340126634240864,0.004334014366420986,0.0005970167009356302,0.13985997554032045,0.0026656598549559263,3안 (MSTL)
ELEC_1-11-3,6,block_24h,seasonal_naive,0.09780578828588281,0.041479432653310264,0.0048369079963747315,0.000207847302684754,0.17910491737686482,0.007950024460997351,4안 (Seasonal Naive)
ELEC_1-11-3,7,random,baseline,0.03308343393302633,0.03214019801037568,0.004819618087095998,0.0006449451147320046,0.10080809699729625,0.006321719469803977,기존안 (대치+선형)
ELEC_1-11-3,7,random,pchip,0.03351697733547584,0.03240751475244873,0.00481096447742612,0.0005761203568029798,0.1006068696264925,0.006738754645488898,1안 (PCHIP)
ELEC_1-11-3,7,random,stl,0.041020378983701845,0.03782696356554062,0.00459117891987764,0.0018077963195943093,0.14875022514518807,0.007179590112612821,2안 (STL)
ELEC_1-11-3,7,random,mstl,0.05906630010023398,0.03955216618968808,0.008790429451053627,0.0014210343586921464,0.12595380101926787,0.014959663926395916,3안 (MSTL)
ELEC_1-11-3,7,random,seasonal_naive,0.19829150629857692,0.04570921767457692,0.019557539657717487,0.00039244523845106635,0.16052339851922284,0.09865304423629351,4안 (Seasonal Naive)
ELEC_1-11-3,7,block_6h,baseline,0.06573447361179731,0.03689533300498807,0.004607053258082462,0.00026390289538075554,0.16641091650995243,0.0033005073151299857,기존안 (대치+선형)
ELEC_1-11-3,7,block_6h,pchip,0.06525201489271083,0.03704922565082791,0.004604472935522112,0.00022974422626298506,0.16302660669225602,0.0035198775516591674,1안 (PCHIP)
ELEC_1-11-3,7,block_6h,stl,0.06855793787571716,0.038822640640201515,0.004204529241901032,0.0007066742068533375,0.17416066619121642,0.0022286524034641486,2안 (STL)
ELEC_1-11-3,7,block_6h,mstl,0.07092218811785828,0.03938328714180334,0.004344459480495535,0.000572530648969398,0.17172527375768343,0.0026039918146713026,3안 (MSTL)
ELEC_1-11-3,7,block_6h,seasonal_naive,0.0773918999174917,0.041496811582385044,0.0047570896220735055,0.00022696793917964186,0.1772568757481745,0.007663582848807193,4안 (Seasonal Naive)
ELEC_1-11-3,7,block_24h,baseline,0.0499110799360566,0.03686413586904319,0.004630627258467687,0.0002819053154511353,0.15523391629197938,0.003396303817163937,기존안 (대치+선형)
ELEC_1-11-3,7,block_24h,pchip,0.050019863170654696,0.0370180299304222,0.004627563587978536,0.00024386885380414149,0.15560267675317885,0.0036203266806262846,1안 (PCHIP)
ELEC_1-11-3,7,block_24h,stl,0.05522281978653521,0.03881659813158569,0.004238662843302374,0.0007233759254669208,0.162709698292158,0.002142646431202766,2안 (STL)
ELEC_1-11-3,7,block_24h,mstl,0.059013927373359504,0.03938948868057291,0.004356376088554345,0.0005724566779226817,0.14490783834294033,0.0025885934885175876,3안 (MSTL)
ELEC_1-11-3,7,block_24h,seasonal_naive,0.055696349371689054,0.041504885258097014,0.004817301366667017,0.00021385224588541993,0.1480709289496152,0.007458506770570694,4안 (Seasonal Naive)
ELEC_1-11-3,8,random,baseline,0.13292216554057912,0.03155089152544035,0.016618965151686253,0.0006308898065167016,0.49397440632159206,0.04180569425715208,기존안 (대치+선형)
ELEC_1-11-3,8,random,pchip,0.13303579754495046,0.03181667210976957,0.016686830336309185,0.0005564835704538049,0.49403896206128767,0.04202242802960998,1안 (PCHIP)
ELEC_1-11-3,8,random,stl,0.1175598471424515,0.03745529669214477,0.006515602657676475,0.001887241720818725,0.508770167787586,0.03320420792429102,2안 (STL)
ELEC_1-11-3,8,random,mstl,0.11947409646681818,0.03878767010345141,0.008476575089553245,0.0014518162847061025,0.5013913780479944,0.034693017789889646,3안 (MSTL)
ELEC_1-11-3,8,random,seasonal_naive,0.12398081472037578,0.04427569549934525,0.006981547245973015,0.0002949137117831095,0.509214926236145,0.04421271165399143,4안 (Seasonal Naive)
ELEC_1-11-3,8,block_6h,baseline,0.04825948244944019,0.03689533300498812,0.004591242843841282,0.00026208863865565023,0.09079408069240504,0.003359782668081901,기존안 (대치+선형)
ELEC_1-11-3,8,block_6h,pchip,0.046836501223488744,0.037049225650827966,0.004592598463620989,0.00022775491753285673,0.08277707087787256,0.0035814222675242258,1안 (PCHIP)
ELEC_1-11-3,8,block_6h,stl,0.052246489923904134,0.03883059546225371,0.004194607848540209,0.0007044104994919944,0.09734537785650403,0.002207152165654702,2안 (STL)
ELEC_1-11-3,8,block_6h,mstl,0.05436328552172067,0.03938640932963234,0.00433256267053766,0.0005707857370116124,0.09646115200018329,0.0025371099943770625,3안 (MSTL)
ELEC_1-11-3,8,block_6h,seasonal_naive,0.054416092391047034,0.04152274313403611,0.004762018127366191,0.00022719406324619895,0.08565920849510394,0.007626146825270075,4안 (Seasonal Naive)
ELEC_1-11-3,8,block_24h,baseline,0.09961167417618552,0.03685407798489359,0.004609611479530797,0.00032129183112751146,0.17229595973435155,0.00378498278818562,기존안 (대치+선형)
ELEC_1-11-3,8,block_24h,pchip,0.09991481859339714,0.0370079720462726,0.004613352075252475,0.0002834434095031627,0.1727191929641691,0.004019869666127107,1안 (PCHIP)
ELEC_1-11-3,8,block_24h,stl,0.0896837479915219,0.0388194589840303,0.0042247524276914404,0.0007651542819443755,0.15094654789479914,0.00243517700814766,2안 (STL)
ELEC_1-11-3,8,block_24h,mstl,0.07997733988110464,0.03937155085232913,0.004325200617631328,0.0006002820508298176,0.1330129237470476,0.0027997784429069084,3안 (MSTL)
ELEC_1-11-3,8,block_24h,seasonal_naive,0.09434349179696522,0.04149954842160949,0.004844082341339878,0.00017435180509675483,0.1512468504005791,0.007857835943860136,4안 (Seasonal Naive)
ELEC_1-11-3,9,random,baseline,0.03312144390110333,0.03207233808181391,0.004932677888708896,0.0006314740788977102,0.09607034698403896,0.0058481477359607625,기존안 (대치+선형)
ELEC_1-11-3,9,random,pchip,0.03361920592271934,0.03233333112944638,0.004924607107717198,0.0005657503928425629,0.0969796690810318,0.006204755909130721,1안 (PCHIP)
ELEC_1-11-3,9,random,stl,0.04118997525241931,0.037747072284746726,0.004643361360197881,0.00180645858094804,0.14362049775234198,0.006240325768153254,2안 (STL)
ELEC_1-11-3,9,random,mstl,0.04616739963550576,0.03915610655301142,0.00547507156152395,0.0014004500495222861,0.11958040479480848,0.0075389156093185195,3안 (MSTL)
ELEC_1-11-3,9,random,seasonal_naive,0.05726461482548728,0.044678455601703686,0.00640888207021945,0.00020634761791079182,0.15248001382869303,0.012632794882754483,4안 (Seasonal Naive)
ELEC_1-11-3,9,block_6h,baseline,0.015365907428767409,0.03691585929917088,0.00460337065643845,0.0002574834748719772,,0.003311912381009696,기존안 (대치+선형)
ELEC_1-11-3,9,block_6h,pchip,0.015365907428828474,0.03706975194501072,0.004600550992601382,0.00022266814239056785,,0.0035376720146538254,1안 (PCHIP)
ELEC_1-11-3,9,block_6h,stl,0.01764142939846471,0.038842311831581135,0.004202114963937288,0.0006990337624211148,,0.002227480847358465,2안 (STL)
ELEC_1-11-3,9,block_6h,mstl,0.036172499961069415,0.039405279418609086,0.004337245098978169,0.0005652609088233043,,0.002526205621628197,3안 (MSTL)
ELEC_1-11-3,9,block_6h,seasonal_naive,0.030912061651665084,0.0415123431449833,0.004756819024402287,0.000237354370313261,,0.00742278411687225,4안 (Seasonal Naive)
ELEC_1-11-3,9,block_24h,baseline,0.07156250784269685,0.03684955936896037,0.004626148976145779,0.00028109973250907725,0.1358523735381814,0.0036038438380945337,기존안 (대치+선형)
ELEC_1-11-3,9,block_24h,pchip,0.0699575027907369,0.037003452014800216,0.004606596997018496,0.0002535691833750126,0.13854957946756433,0.003821552296702224,1안 (PCHIP)
ELEC_1-11-3,9,block_24h,stl,0.07136955962262757,0.038808486138100284,0.004235207243978473,0.0006947581662914424,0.14263936392416265,0.002255377481156451,2안 (STL)
ELEC_1-11-3,9,block_24h,mstl,0.07468684584531562,0.039366985497764025,0.004362304048412338,0.0005945705779475515,0.14632377209612873,0.0026072505440807303,3안 (MSTL)
ELEC_1-11-3,9,block_24h,seasonal_naive,0.09049247973665299,0.04149215895570365,0.004844276510305941,0.00019676333133887536,0.1770649598311268,0.00769949011788329,4안 (Seasonal Naive)
ELEC_1-17-2,0,random,baseline,0.03471280436317995,0.02217550177018442,0.010272003464954991,0.0005301303963411963,0.12333543557725293,0.001526151258634867,기존안 (대치+선형)
ELEC_1-17-2,0,random,pchip,0.034784730050039146,0.02238100870953766,0.010112572303223688,0.0004963032352839975,0.12410092761015074,0.0015078861587640713,1안 (PCHIP)
ELEC_1-17-2,0,random,stl,0.05274197669234612,0.028736071321472215,0.008598695248419639,0.0014917616992669396,0.1997136505791499,0.0018495523552708448,2안 (STL)
ELEC_1-17-2,0,random,mstl,0.06312447631630977,0.029741611072998865,0.011192839995365038,0.0014206273930373367,0.17183621202023208,0.0020066479969333972,3안 (MSTL)
ELEC_1-17-2,0,random,seasonal_naive,0.07333846102186434,0.03471389766962339,0.010081567205874355,0.00018019759401462598,0.21892325965283965,0.002349851057902974,4안 (Seasonal Naive)
ELEC_1-17-2,0,block_6h,baseline,0.03852366776800136,0.025476452919567703,0.01007961836084679,0.000272389052523428,,0.0011968654452808591,기존안 (대치+선형)
ELEC_1-17-2,0,block_6h,pchip,0.026143462068714023,0.025593282926177706,0.010028189024771709,0.0002577477984120231,,0.001199180534823041,1안 (PCHIP)
ELEC_1-17-2,0,block_6h,stl,0.014355499761843294,0.02750112175957522,0.00929877440488221,0.0006167004230919076,,0.0011279961215807655,2안 (STL)
ELEC_1-17-2,0,block_6h,mstl,0.021897944855513808,0.02773667941812688,0.009566364206352896,0.0005723844543205107,,0.0011081398385153207,3안 (MSTL)
ELEC_1-17-2,0,block_6h,seasonal_naive,0.014907119850044366,0.029288319170237415,0.009341840739223112,0.0001058638319472706,,0.0012869989093552414,4안 (Seasonal Naive)
ELEC_1-17-2,0,block_24h,baseline,0.002357022603955524,0.02547891607486965,0.01006239855168481,0.00027389577543733264,,0.0011984332720987867,기존안 (대치+선형)
ELEC_1-17-2,0,block_24h,pchip,0.002357022603955524,0.025595804775948305,0.010020119121971705,0.0002590793501403061,,0.0012007480467146614,1안 (PCHIP)
ELEC_1-17-2,0,block_24h,stl,0.002406229587957054,0.027494826282542035,0.009300345274063182,0.0006179339057510472,,0.0011300162562073446,2안 (STL)
ELEC_1-17-2,0,block_24h,mstl,0.002430104304910022,0.02773759575309889,0.009556669570734205,0.00056685859340236,,0.0011069258116028768,3안 (MSTL)
ELEC_1-17-2,0,block_24h,seasonal_naive,0.003333333333333554,0.029287292855528148,0.009341139319295803,0.00010596646131157701,,0.0012870476525502772,4안 (Seasonal Naive)
ELEC_1-17-2,1,random,baseline,0.0579875109411145,0.0222842622947989,0.01110756544196894,0.00045404252637042277,0.24201856376986589,0.001883181634051656,기존안 (대치+선형)
ELEC_1-17-2,1,random,pchip,0.058693731420655613,0.022499982778022832,0.0111800519209434,0.0004138172198228914,0.24538240161597813,0.0019009300574707177,1안 (PCHIP)
ELEC_1-17-2,1,random,stl,0.048499088121938205,0.02902136431679115,0.00903429864107623,0.0014226512797298123,0.18179644849138546,0.0015661843240653006,2안 (STL)
ELEC_1-17-2,1,random,mstl,0.05506779624100506,0.030046941123413818,0.011768327953655051,0.0013508759363868655,0.16171793035013565,0.0015534406013115731,3안 (MSTL)
ELEC_1-17-2,1,random,seasonal_naive,0.0704445122893485,0.035095413057500656,0.010518299671017277,0.00016374254470491093,0.203266746247069,0.0020101812837894917,4안 (Seasonal Naive)
ELEC_1-17-2,1,block_6h,baseline,0.034107012303710785,0.025472741543673502,0.010067181282252527,0.0002765058898107687,0.13794378546113664,0.0011979115937470475,기존안 (대치+선형)
ELEC_1-17-2,1,block_6h,pchip,0.0354128575800368,0.025589642957132185,0.010025564935038339,0.00026147021332055553,0.14111779795669904,0.0011995125706860676,1안 (PCHIP)
ELEC_1-17-2,1,block_6h,stl,0.04060289135119915,0.02750120250757843,0.009305361488260404,0.0006171663498572818,0.13726447733589078,0.0011356673505252823,2안 (STL)
ELEC_1-17-2,1,block_6h,mstl,0.034808902736089706,0.027737850857247098,0.009552527419835088,0.0005726370358250521,0.07598999639680913,0.001109401933062526,3안 (MSTL)
ELEC_1-17-2,1,block_6h,seasonal_naive,0.04116363011741535,0.02928421391140071,0.009351133865200683,0.00010645811740235184,0.13999999999987264,0.0013008163678706053,4안 (Seasonal Naive)
ELEC_1-17-2,1,block_24h,baseline,0.05460222758012391,0.025438477859722586,0.010140761222901022,0.00029521987196743727,0.2354062089968973,0.0011825913918381836,기존안 (대치+선형)
ELEC_1-17-2,1,block_24h,pchip,0.054581722215274124,0.02555536793349293,0.010099090005272053,0.00028117845861559915,0.2357808905313612,0.001184363311517056,1안 (PCHIP)
ELEC_1-17-2,1,block_24h,stl,0.05189765078616178,0.027491725975978494,0.009321197042729603,0.0006254425127076584,0.19115715226812466,0.0011212678295288159,2안 (STL)
ELEC_1-17-2,1,block_24h,mstl,0.11739865391908107,0.027774359399342797,0.009450977190382853,0.0005784623366241381,0.18930274004913392,0.0010795770538958305,3안 (MSTL)
ELEC_1-17-2,1,block_24h,seasonal_naive,0.07027228788394395,0.029292629692015366,0.009352672517973004,0.00010768374776420747,0.19903935959154803,0.0012920379800489545,4안 (Seasonal Naive)
ELEC_1-17-2,2,random,baseline,0.03169412124635047,0.022207464631276912,0.010703872478761324,0.0005365950504830875,0.10882567878863303,0.0013884161866800637,기존안 (대치+선형)
ELEC_1-17-2,2,random,pchip,0.031803259513031354,0.022413252071047295,0.010526358084457989,0.0005050935076882772,0.10887424049329142,0.0013771432927884852,1안 (PCHIP)
ELEC_1-17-2,2,random,stl,0.05085711483542939,0.02861204736265643,0.008994949864024626,0.001495132716500004,0.1912134729675597,0.0017363183101597457,2안 (STL)
ELEC_1-17-2,2,random,mstl,0.05777690728317336,0.029629226092531616,0.011708231981369567,0.0014013667366823224,0.15961689748475819,0.0015884864208857152,3안 (MSTL)
ELEC_1-17-2,2,random,seasonal_naive,0.07175070255624437,0.034536482066902796,0.01025126830634993,0.00013100187926992938,0.21289198148495073,0.001809310903358563,4안 (Seasonal Naive)
ELEC_1-17-2,2,block_6h,baseline,0.0028867513459482344,0.025480968704287933,0.010061476731852113,0.00027338262861576395,,0.0011976341660437928,기존안 (대치+선형)
ELEC_1-17-2,2,block_6h,pchip,0.0028867513459482344,0.02559785740536659,0.010019287065399935,0.0002585662033187374,,0.00120001101285927,1안 (PCHIP)
ELEC_1-17-2,2,block_6h,stl,0.00291349353326132,0.0274966884462585,0.009300845592915262,0.0006169114194162839,,0.0011292324807672394,2안 (STL)
ELEC_1-17-2,2,block_6h,mstl,0.0029378619772571966,0.02773850754054886,0.009556304907008987,0.0005662272217553039,,0.0011057255710411606,3안 (MSTL)
ELEC_1-17-2,2,block_6h,seasonal_naive,0.0037267799625004916,0.029286061277877178,0.009341597367430452,0.00010627434940451806,,0.0012848063368897655,4안 (Seasonal Naive)
ELEC_1-17-2,2,block_24h,baseline,0.0023570226039551054,0.02547891607486965,0.010062396653928473,0.0002738957754373325,,0.0011974321266130517,기존안 (대치+선형)
ELEC_1-17-2,2,block_24h,pchip,0.0023570226039551054,0.025595804775948305,0.010020117206163073,0.0002590793501403059,,0.0011997075212832886,1안 (PCHIP)
ELEC_1-17-2,2,block_24h,stl,0.0024379995691741476,0.027494809285222528,0.009300337266775425,0.0006178518575674119,,0.0011292281439502228,2안 (STL)
ELEC_1-17-2,2,block_24h,mstl,0.010021535294262033,0.027741988874970116,0.009537735447727121,0.0005625167756114517,,0.0011044169890391808,3안 (MSTL)
ELEC_1-17-2,2,block_24h,seasonal_naive,0.0032274861218396325,0.029286061277877178,0.009341619255894829,0.00010627434940451806,,0.0012857167020864368,4안 (Seasonal Naive)
ELEC_1-17-2,3,random,baseline,0.030699017072184982,0.022326496366879885,0.010315034693172454,0.00048033873193145215,0.10403628079830751,0.0014344011440297066,기존안 (대치+선형)
ELEC_1-17-2,3,random,pchip,0.03097223859876278,0.02252852358345611,0.010174452607137873,0.0004490591254213731,0.1061182747474647,0.0014378782227497666,1안 (PCHIP)
ELEC_1-17-2,3,random,stl,0.04860627705005245,0.028635036861047666,0.008859092640432446,0.0014007441667912412,0.18389855844466446,0.001676300777528672,2안 (STL)
ELEC_1-17-2,3,random,mstl,0.05205568006462211,0.029746458298482843,0.009330434434238234,0.0013952905149167776,0.1575462962160358,0.001629699979216026,3안 (MSTL)
ELEC_1-17-2,3,random,seasonal_naive,0.07137949991493771,0.03463312670201037,0.01032899842963459,0.00013767311263346323,0.20952779779238231,0.0020935767305562125,4안 (Seasonal Naive)
ELEC_1-17-2,3,block_6h,baseline,0.0016666666666675168,0.025481789756055247,0.01006110526655673,0.0002731773698871366,,0.0011979946027663724,기존안 (대치+선형)
ELEC_1-17-2,3,block_6h,pchip,0.0016666666666675168,0.025598678457133907,0.010018951053375195,0.00025836094459011003,,0.0012003566853755476,1안 (PCHIP)
ELEC_1-17-2,3,block_6h,stl,0.0017591709279479466,0.02749620024565987,0.009301481285589596,0.0006169940069674779,,0.0011279430582936678,2안 (STL)
ELEC_1-17-2,3,block_6h,mstl,0.0020747443176992726,0.027739538981078598,0.00955573355390325,0.0005660889033038379,,0.001106200117222067,3안 (MSTL)
ELEC_1-17-2,3,block_6h,seasonal_naive,0.0028867513459482344,0.029287292855528148,0.009341109869504222,0.00010596646131157701,,0.0012853407911141979,4안 (Seasonal Naive)
ELEC_1-17-2,3,block_24h,baseline,0.002204792759220275,0.02547932660075331,0.010062208261837999,0.0002737931460730187,,0.0011989218288874781,기존안 (대치+선형)
ELEC_1-17-2,3,block_24h,pchip,0.002204792759220275,0.025596215301831964,0.010019946743038714,0.0002589767207759922,,0.0012013061191514796,1안 (PCHIP)
ELEC_1-17-2,3,block_24h,stl,0.0022335725828013203,0.027495311020254407,0.009300292723795334,0.0006179312308757869,,0.001130184136883483,2안 (STL)
ELEC_1-17-2,3,block_24h,mstl,0.0022182406362469824,0.02773779784403386,0.0095565958006516,0.0005668156685836789,,0.001106777890879873,3안 (MSTL)
ELEC_1-17-2,3,block_24h,seasonal_naive,0.0032274861218393267,0.029287292855528148,0.009341120719604698,0.00010596646131157688,,0.0012851151486157342,4안 (Seasonal Naive)
ELEC_1-17-2,4,random,baseline,0.031470841917856276,0.022399984654187025,0.010589562158365205,0.0005166490335960577,0.10756215371061638,0.00148589166331059,기존안 (대치+선형)
ELEC_1-17-2,4,random,pchip,0.031556381721966266,0.02260422314101465,0.01043849966495493,0.0004759218672294429,0.10810445204443192,0.0014635823226626377,1안 (PCHIP)
ELEC_1-17-2,4,random,stl,0.04980174345888727,0.028779633120250815,0.008771153305170323,0.0014547162548018582,0.19109782850763066,0.001843035910414681,2안 (STL)
ELEC_1-17-2,4,random,mstl,0.05047237453387572,0.029769998617594304,0.009408651210649613,0.001386036167896202,0.16608987166423284,0.0016606475741498539,3안 (MSTL)
ELEC_1-17-2,4,random,seasonal_naive,0.07256483070827799,0.034976753971880034,0.010327083415992436,0.00013315494531524982,0.21747527331974376,0.002564784143968879,4안 (Seasonal Naive)
ELEC_1-17-2,4,block_6h,baseline,0.025215051389283143,0.02547104766209957,0.01006485015220367,0.0002739720895800236,,0.0012000622475107914,기존안 (대치+선형)
ELEC_1-17-2,4,block_6h,pchip,0.02945260996478154,0.02558790595385351,0.010025814148204304,0.00025894908328635727,,0.0012041351036733428,1안 (PCHIP)
ELEC_1-17-2,4,block_6h,stl,0.02866623570440618,0.027498323341270146,0.009301270103216037,0.0006152867234170154,,0.0011303715070294373,2안 (STL)
ELEC_1-17-2,4,block_6h,mstl,0.03218055676822953,0.027734496093584783,0.009560520061785392,0.0005700827081590119,,0.001111370329122896,3안 (MSTL)
ELEC_1-17-2,4,block_6h,seasonal_naive,0.08892881047967775,0.029294066532608513,0.009351490958705732,0.0001120960844697287,,0.001323811250673601,4안 (Seasonal Naive)
ELEC_1-17-2,4,block_24h,baseline,0.0023570226039551054,0.02547891607486965,0.010062395087551183,0.0002738957754373325,,0.0011974679975027547,기존안 (대치+선형)
ELEC_1-17-2,4,block_24h,pchip,0.0023570226039551054,0.025595804775948305,0.010020115615809068,0.0002590793501403059,,0.0011997336147995252,1안 (PCHIP)
ELEC_1-17-2,4,block_24h,stl,0.002465029021000595,0.027494842048048335,0.009300307374220048,0.0006178197870314381,,0.0011291981673541285,2안 (STL)
ELEC_1-17-2,4,block_24h,mstl,0.008959974962929065,0.027741725528515403,0.009541358579993716,0.0005635827755771528,,0.0011068456796370363,3안 (MSTL)
ELEC_1-17-2,4,block_24h,seasonal_naive,0.0032274861218396325,0.029286471803760834,0.0093414614997489,0.00010617172004020422,,0.0012852477230750337,4안 (Seasonal Naive)
ELEC_1-17-2,5,random,baseline,0.1013401301032947,0.02206621782506965,0.01991093390775248,0.0005897121820611127,0.11414569996602165,0.003104917750635816,기존안 (대치+선형)
ELEC_1-17-2,5,random,pchip,0.10180353970284681,0.022271162957114184,0.020258020554038914,0.0005577935340865511,0.11419524129211944,0.003106913158749225,1안 (PCHIP)
ELEC_1-17-2,5,random,stl,0.05196219878220798,0.028878834432756788,0.008911847969357173,0.0014519951075445227,0.19511356662629928,0.0016392055866031319,2안 (STL)
ELEC_1-17-2,5,random,mstl,0.05706540416841315,0.029729627748140107,0.010030598595989388,0.0014562063216449481,0.17239861426550518,0.0019067842310704908,3안 (MSTL)
ELEC_1-17-2,5,random,seasonal_naive,0.07270260085752132,0.03479316337565683,0.010386300955519663,0.00015712950975298393,0.21120476179263944,0.0020590820389786435,4안 (Seasonal Naive)
ELEC_1-17-2,5,block_6h,baseline,0.0023570226039563605,0.02548137923017159,0.010061289143389864,0.00027327999925145027,,0.0011977937197282795,기존안 (대치+선형)
ELEC_1-17-2,5,block_6h,pchip,0.0023570226039563605,0.025598267931250245,0.010019117106009043,0.00025846357395442376,,0.0012001772687428858,1안 (PCHIP)
ELEC_1-17-2,5,block_6h,stl,0.0023438745094355768,0.02749713610428154,0.009300620685058636,0.0006168114073594852,,0.0011291062121130402,2안 (STL)
ELEC_1-17-2,5,block_6h,mstl,0.0019195336539892906,0.027739030349575238,0.009556058418390564,0.0005661554385453503,,0.0011060031480844001,3안 (MSTL)
ELEC_1-17-2,5,block_6h,seasonal_naive,0.0028867513459482344,0.02928647180376083,0.009341436562369253,0.00010617172004020451,,0.0012852240996553688,4안 (Seasonal Naive)
ELEC_1-17-2,5,block_24h,baseline,0.005783034375660352,0.025479122753417974,0.010050935990031129,0.0002740621917209163,,0.001198004541354769,기존안 (대치+선형)
ELEC_1-17-2,5,block_24h,pchip,0.006107547528966963,0.025596012162266216,0.010010068725639762,0.0002571306444337143,,0.001200087982742848,1안 (PCHIP)
ELEC_1-17-2,5,block_24h,stl,0.00415523453446961,0.027494435977914733,0.009294675119617327,0.0006161820181381523,,0.0011292372119550143,2안 (STL)
ELEC_1-17-2,5,block_24h,mstl,0.0031103848042085677,0.027738411737491052,0.009552028191254485,0.0005672586595811273,,0.0011063616933383313,3안 (MSTL)
ELEC_1-17-2,5,block_24h,seasonal_naive,0.0032274861218393267,0.029287703381411803,0.0093409796589658,0.00010586383194726303,,0.001286655060067865,4안 (Seasonal Naive)
ELEC_1-17-2,6,random,baseline,0.031946213188883944,0.022324879921214888,0.010484325967685655,0.0004929940267597997,0.10882193731916547,0.0013660610445339616,기존안 (대치+선형)
ELEC_1-17-2,6,random,pchip,0.03215361850822355,0.022530197999843144,0.010339331344450798,0.0004498596334641152,0.1091637735093051,0.0013578200793861184,1안 (PCHIP)
ELEC_1-17-2,6,random,stl,0.049341040644912085,0.028749623595853983,0.008898508272070643,0.0013797798252223352,0.18024879534961188,0.0015608048325248536,2안 (STL)
ELEC_1-17-2,6,random,mstl,0.05520536170330064,0.02979508442416269,0.011535896695307966,0.00138656394491586,0.16383068881227983,0.0016641906452139477,3안 (MSTL)
ELEC_1-17-2,6,random,seasonal_naive,0.20488785897557268,0.03523547764690666,0.05267626343429188,0.00031439878248551477,0.20753611590944812,0.007477113072303032,4안 (Seasonal Naive)
ELEC_1-17-2,6,block_6h,baseline,0.01887607761960528,0.02547377340602971,0.01006459956238414,0.00027523767032727395,,0.0011988390414137129,기존안 (대치+선형)
ELEC_1-17-2,6,block_6h,pchip,0.019098844462115357,0.02559067183993685,0.010021923298388923,0.00025975138903721907,,0.001201463832452787,1안 (PCHIP)
ELEC_1-17-2,6,block_6h,stl,0.032652922918974855,0.02750125009117936,0.009305265938800242,0.0006153946999525797,,0.001126370375959862,2안 (STL)
ELEC_1-17-2,6,block_6h,mstl,0.3253612413015565,0.027827155664523345,0.009335403943010969,0.0005694048392663842,,0.0011097233626230496,3안 (MSTL)
ELEC_1-17-2,6,block_6h,seasonal_naive,0.0840138877408626,0.02932629281447556,0.009334321943314659,0.00011131406980878359,,0.00130888129566753,4안 (Seasonal Naive)
ELEC_1-17-2,6,block_24h,baseline,0.002204792759220275,0.02547932660075331,0.010062211503033713,0.0002737931460730187,,0.0011978480261684021,기존안 (대치+선형)
ELEC_1-17-2,6,block_24h,pchip,0.002204792759220275,0.025596215301831964,0.010019949966745873,0.0002589767207759922,,0.0012001744949379223,1안 (PCHIP)
ELEC_1-17-2,6,block_24h,stl,0.002327441928932525,0.02749566695744298,0.009300357049840476,0.0006176998537094719,,0.0011296432810009582,2안 (STL)
ELEC_1-17-2,6,block_24h,mstl,0.007592332099688115,0.027741541051556098,0.00954498350619244,0.0005647351734829659,,0.001107973379622429,3안 (MSTL)
ELEC_1-17-2,6,block_24h,seasonal_naive,0.0032274861218393267,0.029287292855528148,0.00934113978585121,0.00010596646131157688,,0.0012853002412741565,4안 (Seasonal Naive)
ELEC_1-17-2,7,random,baseline,0.031093378643631223,0.022336220698751064,0.010556421686711228,0.0005226763739774297,0.10639655296401415,0.0014522735023970723,기존안 (대치+선형)
ELEC_1-17-2,7,random,pchip,0.031045855851077258,0.022534443305557882,0.010406630224518886,0.00048537972634775953,0.10634632289113818,0.0014411914816686577,1안 (PCHIP)
ELEC_1-17-2,7,random,stl,0.05221238091219503,0.02898347605946196,0.008878098221636033,0.0015125643790968,0.19476391639246515,0.0018536585678359252,2안 (STL)
ELEC_1-17-2,7,random,mstl,0.06372577167639497,0.030098663554976854,0.009384144081932578,0.0014453008788203952,0.16962282264045656,0.0019433678223105266,3안 (MSTL)
ELEC_1-17-2,7,random,seasonal_naive,0.1238505227789655,0.03499962368464816,0.021579849870493866,0.0002826403991393045,0.22065574330893828,0.003680660391301549,4안 (Seasonal Naive)
ELEC_1-17-2,7,block_6h,baseline,0.05214829282387561,0.025466805561301768,0.010046630236334895,0.00027871935556000285,0.1834393632784915,0.0011962990569989174,기존안 (대치+선형)
ELEC_1-17-2,7,block_6h,pchip,0.05214829282387561,0.025583694262380427,0.010004361784306397,0.00026273467181139854,0.1834393632784915,0.0011984250431560373,1안 (PCHIP)
ELEC_1-17-2,7,block_6h,stl,0.05157089039221516,0.027485114473142325,0.009274341048042659,0.0006249488982549359,0.1791902855402983,0.0011221625328861062,2안 (STL)
ELEC_1-17-2,7,block_6h,mstl,0.04645257291410636,0.027725013119692266,0.00953992925466104,0.0005656466675269215,0.16234061427266572,0.0011050898803204312,3안 (MSTL)
ELEC_1-17-2,7,block_6h,seasonal_naive,0.03851406669431537,0.029280108652564186,0.009330132019356797,0.00010388257592318844,0.12747548783992665,0.0012888555300979432,4안 (Seasonal Naive)
ELEC_1-17-2,7,block_24h,baseline,0.002357022603955524,0.02547891607486965,0.01006239855168481,0.00027389577543733264,,0.0011984332720987867,기존안 (대치+선형)
ELEC_1-17-2,7,block_24h,pchip,0.002357022603955524,0.025595804775948305,0.010020119121971705,0.0002590793501403061,,0.0012007480467146614,1안 (PCHIP)
ELEC_1-17-2,7,block_24h,stl,0.002406229587957054,0.027494826282542035,0.009300345274063182,0.0006179339057510472,,0.0011300162562073446,2안 (STL)
ELEC_1-17-2,7,block_24h,mstl,0.0024334147903765165,0.027737656568751073,0.009556636843909266,0.0005668717647126964,,0.0011069316998926215,3안 (MSTL)
ELEC_1-17-2,7,block_24h,seasonal_naive,0.003333333333333554,0.029287292855528148,0.009341139319295803,0.00010596646131157701,,0.0012870476525502772,4안 (Seasonal Naive)
ELEC_1-17-2,8,random,baseline,0.031882495493062366,0.02225597070803704,0.010505337499172363,0.0005198331566616511,0.1106365598319306,0.0014025613098398448,기존안 (대치+선형)
ELEC_1-17-2,8,random,pchip,0.03186297662194103,0.022460763615215155,0.010378833925875438,0.0004784189416474106,0.11063299587459768,0.001380704180964476,1안 (PCHIP)
ELEC_1-17-2,8,random,stl,0.05134759369092818,0.028845141973723107,0.008640931761302494,0.0014577419905829315,0.19245152855098288,0.0016752827276856896,2안 (STL)
ELEC_1-17-2,8,random,mstl,0.05273026194010744,0.029881202480708854,0.009717450972528708,0.001439230822849975,0.16717561449890647,0.0020344376134028286,3안 (MSTL)
ELEC_1-17-2,8,random,seasonal_naive,0.06996066396693484,0.034472063713659164,0.009984961533878197,0.00022708719425499355,0.2104700406771466,0.002191301184104044,4안 (Seasonal Naive)
ELEC_1-17-2,8,block_6h,baseline,0.13670319221858582,0.025447377701240042,0.009979191525842866,0.000300578485570047,0.1786806676092045,0.0012368381959407815,기존안 (대치+선형)
ELEC_1-17-2,8,block_6h,pchip,0.1401045258160858,0.025564302435684513,0.009939035121530219,0.00028527019818039507,0.18151134610986264,0.001241663469609966,1안 (PCHIP)
ELEC_1-17-2,8,block_6h,stl,0.18337708449286153,0.027477467035425113,0.009180639631234997,0.0006733215564903331,0.24352974642542444,0.00116364787490153,2안 (STL)
ELEC_1-17-2,8,block_6h,mstl,0.1385119837100635,0.027713299393970662,0.009461719322228869,0.0005959860593603343,0.18636543477106624,0.001132098006188409,3안 (MSTL)
ELEC_1-17-2,8,block_6h,seasonal_naive,0.16216418292033186,0.029289550747888287,0.00926099484246194,0.00011531008772927897,0.19816261265089247,0.0013490312504083057,4안 (Seasonal Naive)
ELEC_1-17-2,8,block_24h,baseline,0.0023570226039551054,0.02547891607486965,0.010062396297992488,0.0002738957754373325,,0.0011972494321814686,기존안 (대치+선형)
ELEC_1-17-2,8,block_24h,pchip,0.0023570226039551054,0.025595804775948305,0.010020116846158672,0.0002590793501403059,,0.0011995038301577665,1안 (PCHIP)
ELEC_1-17-2,8,block_24h,stl,0.0024678421702509557,0.027494880115075723,0.009300300007363644,0.0006178280623745525,,0.001129037325581228,2안 (STL)
ELEC_1-17-2,8,block_24h,mstl,0.010032623608271686,0.02774218771434819,0.009537660351368332,0.000562520497132402,,0.001104217929258966,3안 (MSTL)
ELEC_1-17-2,8,block_24h,seasonal_naive,0.0032274861218396325,0.029286471803760834,0.009341465514573955,0.00010617172004020422,,0.001285306186994517,4안 (Seasonal Naive)
ELEC_1-17-2,9,random,baseline,0.10093233485239952,0.02216825061240368,0.01978509720331956,0.0005761128556769405,0.11435586598204825,0.0031962689493636454,기존안 (대치+선형)
ELEC_1-17-2,9,random,pchip,0.10138299265286849,0.022368442803922986,0.02011638887004815,0.0005405867862734251,0.11426622990228116,0.003229014262707275,1안 (PCHIP)
ELEC_1-17-2,9,random,stl,0.04980109326875398,0.028721338650517545,0.008998278816644285,0.0014029990922355302,0.19781086997597494,0.0018465825581768236,2안 (STL)
ELEC_1-17-2,9,random,mstl,0.06584758660597963,0.0300242814241181,0.010393795286232608,0.0014485091098839894,0.17285261492037332,0.002670531148710076,3안 (MSTL)
ELEC_1-17-2,9,random,seasonal_naive,0.11989519343924712,0.03452125839871757,0.019476838593667656,0.00028580642477864997,0.2277089145493696,0.00404069919394523,4안 (Seasonal Naive)
ELEC_1-17-2,9,block_6h,baseline,0.11036963557271844,0.025446689793002547,0.009891112399908742,0.00029423865149139403,0.16674541115200253,0.0012280294639789302,기존안 (대치+선형)
ELEC_1-17-2,9,block_6h,pchip,0.11774477250586118,0.025563578494081206,0.009814640327312973,0.00028392980954798717,0.17843352231323606,0.0012331720215156272,1안 (PCHIP)
ELEC_1-17-2,9,block_6h,stl,0.14786274791481066,0.027478713684601162,0.00899565799883469,0.0006564887916415134,0.21582172104290548,0.0011757000424960085,2안 (STL)
ELEC_1-17-2,9,block_6h,mstl,0.11792294168339063,0.02770981415850409,0.009321974303639633,0.0005861819834934915,0.17226957085811345,0.0011321169648447205,3안 (MSTL)
ELEC_1-17-2,9,block_6h,seasonal_naive,0.14712995011968413,0.029251782366591816,0.009095385677816792,0.00012129179514815045,0.20977766007530013,0.0013527664477037682,4안 (Seasonal Naive)
ELEC_1-17-2,9,block_24h,baseline,0.002204792759220275,0.02547932660075331,0.010062212892783404,0.0002737931460730187,,0.0011973766433103217,기존안 (대치+선형)
ELEC_1-17-2,9,block_24h,pchip,0.002204792759220275,0.025596215301831964,0.01001995136910814,0.0002589767207759922,,0.001199647795243064,1안 (PCHIP)
ELEC_1-17-2,9,block_24h,stl,0.0023277039835361154,0.027495346613766167,0.009300187326971788,0.0006177706037670555,,0.0011293481830234597,2안 (STL)
ELEC_1-17-2,9,block_24h,mstl,0.009995219753924317,0.027742498074184406,0.009537466647980681,0.0005624782024560998,,0.0011043062613137478,3안 (MSTL)
ELEC_1-17-2,9,block_24h,seasonal_naive,0.0032274861218396325,0.029287292855528148,0.0093411450568626,0.00010596646131157674,,0.0012854671467961154,4안 (Seasonal Naive)
ELEC_3-19-4,0,random,baseline,0.014480800585260013,0.009125614567029674,0.02610455814937184,0.00034779879159862776,0.04227053984383636,0.07494090796935338,기존안 (대치+선형)
ELEC_3-19-4,0,random,pchip,0.013969888486770823,0.009186906431978923,0.026092015608819834,0.0003185159353682021,0.04035949004255822,0.08003617268134844,1안 (PCHIP)
ELEC_3-19-4,0,random,stl,0.010790741066832407,0.010282738556710604,0.00820843948765277,0.00038695190259324923,0.030688912364535595,0.017638518951058058,2안 (STL)
ELEC_3-19-4,0,random,mstl,0.012139752145860272,0.010608269945356009,0.009372498520772378,0.0004235802007831136,0.030725879447467262,0.02736152818511084,3안 (MSTL)
ELEC_3-19-4,0,random,seasonal_naive,0.024532871080582674,0.011696395582751018,0.017919520091702914,6.555704091513307e-05,0.07420261930156959,0.047466656977883104,4안 (Seasonal Naive)
ELEC_3-19-4,0,block_6h,baseline,0.005773502691895103,0.010660165207353167,0.014861375100491691,0.00012716539888395253,,0.030761370701046897,기존안 (대치+선형)
ELEC_3-19-4,0,block_6h,pchip,0.005773502691895103,0.010716526541135973,0.014856432550058349,0.00010328116101684054,,0.03434903879566764,1안 (PCHIP)
ELEC_3-19-4,0,block_6h,stl,0.005625888092690581,0.011087474542965966,0.008331356040047018,0.0001515505944395976,,0.0013537134352171742,2안 (STL)
ELEC_3-19-4,0,block_6h,mstl,0.007605360665458069,0.011181176989364975,0.008916890961988732,0.00016765101614023558,,0.007371976627562726,3안 (MSTL)
ELEC_3-19-4,0,block_6h,seasonal_naive,0.008164965809277318,0.011631943019016574,0.00845713014073545,5.344409686439067e-05,,0.014666397347972038,4안 (Seasonal Naive)
ELEC_3-19-4,0,block_24h,baseline,0.018633899812497544,0.01064682311613431,0.014843426359821867,0.00012874721709920346,0.08071112509614137,0.03151593857132473,기존안 (대치+선형)
ELEC_3-19-4,0,block_24h,pchip,0.01863389981249763,0.010703184449917118,0.014837529644365747,0.00010529668643070168,0.08071112509614041,0.03512968638954661,1안 (PCHIP)
ELEC_3-19-4,0,block_24h,stl,0.01859583192318157,0.011078664893211592,0.008345797434484175,0.00015672603367888077,0.0805422759626882,0.002096425563958171,2안 (STL)
ELEC_3-19-4,0,block_24h,mstl,0.018944191485787507,0.011172221091391411,0.008914418571251335,0.00017295356652712967,0.08107278747613851,0.008108617927162998,3안 (MSTL)
ELEC_3-19-4,0,block_24h,seasonal_naive,0.019773017529507317,0.011626606182529035,0.008480782203333037,4.99426505463187e-05,0.08569047288267685,0.015155624089130515,4안 (Seasonal Naive)
ELEC_3-19-4,1,random,baseline,0.011684156308514474,0.009171094725922618,0.01811887338204198,0.00033268749787055795,0.02550460363243097,0.0493041827639199,기존안 (대치+선형)
ELEC_3-19-4,1,random,pchip,0.01170852103394334,0.00923675435442292,0.018157437596028624,0.0003023433599865447,0.025463747987484336,0.05248693464990839,1안 (PCHIP)
ELEC_3-19-4,1,random,stl,0.01031265700434887,0.010290115764587292,0.007771752045528038,0.00037283344253531605,0.029307215179333383,0.017162431813965706,2안 (STL)
ELEC_3-19-4,1,random,mstl,0.0112914255576547,0.01060183293212826,0.009059907938553114,0.00041477415908772614,0.027156250628002768,0.031927042725119925,3안 (MSTL)
ELEC_3-19-4,1,random,seasonal_naive,0.01653051983601633,0.011652400892219111,0.011603388717435251,7.483561830647686e-05,0.02679363106429949,0.05410712666217776,4안 (Seasonal Naive)
ELEC_3-19-4,1,block_6h,baseline,0.009004503377828649,0.010658728366760363,0.014867692797287982,0.00012780774721019085,0.00042733481888982446,0.0307713085949326,기존안 (대치+선형)
ELEC_3-19-4,1,block_6h,pchip,0.01115300757633847,0.010715089700543171,0.014865963845720889,0.00010381977265160848,5.584812854258546e-06,0.03436339115986076,1안 (PCHIP)
ELEC_3-19-4,1,block_6h,stl,0.0064483285312508165,0.011085240922868559,0.008335878511749242,0.0001510990413748921,0.009907833314494725,0.0013584313471373122,2안 (STL)
ELEC_3-19-4,1,block_6h,mstl,0.007669160620712915,0.011180430061799989,0.008916638449062445,0.00016754921993619373,0.01075460034228185,0.007452991248140695,3안 (MSTL)
ELEC_3-19-4,1,block_6h,seasonal_naive,0.007264831572563349,0.011631943019016574,0.008453787478609767,5.293095004282216e-05,0.015811388300827508,0.014816122192152892,4안 (Seasonal Naive)
ELEC_3-19-4,1,block_24h,baseline,0.005892556509888738,0.010652365215563678,0.014862685737485889,0.000128465370831928,0.009999999999999353,0.03050433502465666,기존안 (대치+선형)
ELEC_3-19-4,1,block_24h,pchip,0.0058925565098887425,0.010708726549346488,0.01485743968749999,0.00010500961919962695,0.009999999999999383,0.034103407274449826,1안 (PCHIP)
ELEC_3-19-4,1,block_24h,stl,0.00555908248903505,0.01108411981099449,0.008331100383046408,0.0001537312573505367,0.009099283351779034,0.0013992960269090249,2안 (STL)
ELEC_3-19-4,1,block_24h,mstl,0.007811484935509284,0.011179046181699839,0.008914716776581236,0.0001702677474145948,0.011712148199213958,0.007242651600807504,3안 (MSTL)
ELEC_3-19-4,1,block_24h,seasonal_naive,0.007949493345141175,0.011633379859609373,0.008453225151151943,5.477827860046866e-05,0.01732050807568804,0.014561710708758113,4안 (Seasonal Naive)
ELEC_3-19-4,2,random,baseline,0.013799610368176098,0.009129510653153924,0.020431882903981197,0.00034185234701280496,0.021708740970216734,0.06088146284331686,기존안 (대치+선형)
ELEC_3-19-4,2,random,pchip,0.013784807596833223,0.009194102469060455,0.020500809811181547,0.00031178523666095393,0.02161239998419197,0.0640379313145576,1안 (PCHIP)
ELEC_3-19-4,2,random,stl,0.010683603133304478,0.01024045990640704,0.007927344165584632,0.0003913351621886689,0.030639837460210657,0.017033676231392958,2안 (STL)
ELEC_3-19-4,2,random,mstl,0.012857512329930527,0.010610318167208671,0.010712034767804008,0.00042124083615220154,0.027929095381574034,0.026609017307701488,3안 (MSTL)
ELEC_3-19-4,2,random,seasonal_naive,0.029061765531188544,0.011652417997464163,0.019223924089784412,7.621134829267701e-05,0.032968001967884006,0.07485547588444874,4안 (Seasonal Naive)
ELEC_3-19-4,2,block_6h,baseline,0.006666666666673009,0.010658728366760363,0.014861900058409643,0.00012723381846016814,0.014142135623719892,0.030986854405978925,기존안 (대치+선형)
ELEC_3-19-4,2,block_6h,pchip,0.006666666666676445,0.010715089700543171,0.014856907865544932,0.00010318509716743527,0.014142135623704293,0.034582198295795785,1안 (PCHIP)
ELEC_3-19-4,2,block_6h,stl,0.0070075980047135,0.011085922849645869,0.008317815255633602,0.00015181725954427325,0.016760302879045903,0.0014413439240215098,2안 (STL)
ELEC_3-19-4,2,block_6h,mstl,0.006816024111134209,0.011179515366172342,0.008913387957778525,0.00016782639022711588,0.017604320863358894,0.00747347971030321,3안 (MSTL)
ELEC_3-19-4,2,block_6h,seasonal_naive,0.008498365855989525,0.011632148281958405,0.00844867287506007,5.2828320678509236e-05,0.017320508075683944,0.014895329219114295,4안 (Seasonal Naive)
ELEC_3-19-4,2,block_24h,baseline,0.007021791477647226,0.010651749426738194,0.014861846442909738,0.0001287732589248736,0.016583123951773877,0.031196222707830068,기존안 (대치+선형)
ELEC_3-19-4,2,block_24h,pchip,0.007021791477647925,0.010708110760521002,0.014856587336504317,0.00010507511560440491,0.016583123951772746,0.034735849708808386,1안 (PCHIP)
ELEC_3-19-4,2,block_24h,stl,0.0070946096080911954,0.011081029634790499,0.008332869489081254,0.00015519275368112634,0.016600084917096036,0.0013683913441554507,2안 (STL)
ELEC_3-19-4,2,block_24h,mstl,0.008571983386387719,0.011180315024473362,0.008917127906338859,0.00017024009754978622,0.012333953924031998,0.007748157602334826,3안 (MSTL)
ELEC_3-19-4,2,block_24h,seasonal_naive,0.02016329938217713,0.011637143013542893,0.008509905685926477,5.6009830972234746e-05,0.07927623996016869,0.015368596095580056,4안 (Seasonal Naive)
ELEC_3-19-4,3,random,baseline,0.009834843249075053,0.009202725012176501,0.020188348424872375,0.00034026270976958585,0.02310096203874226,0.05330390909384164,기존안 (대치+선형)
ELEC_3-19-4,3,random,pchip,0.00915660544426222,0.009266497214194409,0.020252721867489696,0.00030966377015058903,0.019468351893925293,0.05752377769033912,1안 (PCHIP)
ELEC_3-19-4,3,random,stl,0.009277333021228462,0.01032868717372968,0.007890483877082067,0.00036883318576603845,0.02543984079676537,0.011343313388640808,2안 (STL)
ELEC_3-19-4,3,random,mstl,0.009737411124253827,0.010628554782953397,0.008551448671864331,0.00041625211374608437,0.02226397780053473,0.02101695874009446,3안 (MSTL)
ELEC_3-19-4,3,random,seasonal_naive,0.012848456432433947,0.011653837732811765,0.008910266305410855,6.696261796638012e-05,0.026772189554591565,0.028282092387886926,4안 (Seasonal Naive)
ELEC_3-19-4,3,block_6h,baseline,0.005527707983920636,0.010658523103818537,0.01486313085492715,0.0001271311890958453,,0.030879542902650936,기존안 (대치+선형)
ELEC_3-19-4,3,block_6h,pchip,0.005527707983920636,0.010714884437601345,0.014858187618088051,0.00010323174687846644,,0.03448093347754988,1안 (PCHIP)
ELEC_3-19-4,3,block_6h,stl,0.005704210856908257,0.011085276258363214,0.008323047314998437,0.0001517036427716711,,0.0013851284757409044,2안 (STL)
ELEC_3-19-4,3,block_6h,mstl,0.005535383933626757,0.011179259152974144,0.008918893160988017,0.00016777786077465178,,0.007460335697074605,3안 (MSTL)
ELEC_3-19-4,3,block_6h,seasonal_naive,0.0077379934873154305,0.011630779862346214,0.008454770136879224,5.385461432164542e-05,,0.01516551434434299,4안 (Seasonal Naive)
ELEC_3-19-4,3,block_24h,baseline,0.008858454843945495,0.010650312586145396,0.01490313899437534,0.00012384295727901315,0.01999999999999955,0.030835764666869436,기존안 (대치+선형)
ELEC_3-19-4,3,block_24h,pchip,0.008858454843945495,0.010706673919928205,0.01489403921406084,0.00010269317355545179,0.01999999999999955,0.034357856933407205,1안 (PCHIP)
ELEC_3-19-4,3,block_24h,stl,0.008639447390197,0.011083669931445016,0.008339188795819661,0.0001480054485178944,0.019812656467018304,0.0014504552991829733,2안 (STL)
ELEC_3-19-4,3,block_24h,mstl,0.007480221682396002,0.011175624511148856,0.008937028764268735,0.00016770965580775125,0.01749446272028711,0.007640261036962581,3안 (MSTL)
ELEC_3-19-4,3,block_24h,seasonal_naive,0.007595475481852177,0.011627295279548028,0.00846055013273165,5.236648853909769e-05,0.016329353025125056,0.014880033661389236,4안 (Seasonal Naive)
ELEC_3-19-4,4,random,baseline,0.014727045277438492,0.009146287721959937,0.022174440374020547,0.0003461789069314445,0.01916382677695045,0.058099954767170114,기존안 (대치+선형)
ELEC_3-19-4,4,random,pchip,0.014740856399178838,0.00921012528590635,0.022278357988262155,0.00031520645768391974,0.01913804357005202,0.06086072702300349,1안 (PCHIP)
ELEC_3-19-4,4,random,stl,0.00927068355247957,0.010290464312319123,0.008171176004048106,0.0003786282971038595,0.025414840712582872,0.018000770545676503,2안 (STL)
ELEC_3-19-4,4,random,mstl,0.0109752536459369,0.010619503051813448,0.009854970677646643,0.00041918966613679594,0.022939574474335925,0.02005090519852981,3안 (MSTL)
ELEC_3-19-4,4,random,seasonal_naive,0.02553758582843698,0.011702296892328353,0.019359372165198407,6.077391275701421e-05,0.02718531865752228,0.05395041349311669,4안 (Seasonal Naive)
ELEC_3-19-4,4,block_6h,baseline,0.006009252125773097,0.010659138892644015,0.014859112974574068,0.00012719960867205063,0.010000000000019299,0.031024516839717298,기존안 (대치+선형)
ELEC_3-19-4,4,block_6h,pchip,0.006009252125773097,0.010715500226426823,0.014854216467879678,0.0001031315363880638,0.010000000000019299,0.03458573864795267,1안 (PCHIP)
ELEC_3-19-4,4,block_6h,stl,0.006001163646364156,0.0110869885593769,0.008329570093567058,0.00015195672622911376,0.010005677730282334,0.0014259678722603475,2안 (STL)
ELEC_3-19-4,4,block_6h,mstl,0.006990170930182684,0.011180210524716704,0.008913762109303598,0.00016757399420527883,0.013647688408154399,0.007373100339198024,3안 (MSTL)
ELEC_3-19-4,4,block_6h,seasonal_naive,0.00957427107756126,0.011631806177055344,0.008448962976378937,5.3341467500075534e-05,0.01581138830086343,0.014907701470007195,4안 (Seasonal Naive)
ELEC_3-19-4,4,block_24h,baseline,0.005892556509886885,0.010652365215563678,0.01486338430933606,0.00012846537083192273,0.010000000000002732,0.03046315042932779,기존안 (대치+선형)
ELEC_3-19-4,4,block_24h,pchip,0.005892556509886885,0.010708726549346488,0.014858102878995411,0.00010500961919962171,0.010000000000002732,0.034065062398724644,1안 (PCHIP)
ELEC_3-19-4,4,block_24h,stl,0.005884533627943341,0.011085894482068148,0.008333865054961753,0.00015282747765090336,0.008370817283459423,0.0014288490691323208,2안 (STL)
ELEC_3-19-4,4,block_24h,mstl,0.007865991038486191,0.011179050424565419,0.008915668310837607,0.00017029343749334018,0.01171227179750096,0.007214087753956933,3안 (MSTL)
ELEC_3-19-4,4,block_24h,seasonal_naive,0.0077280154129132,0.011633174596667547,0.008457177053481863,5.4367761143213984e-05,0.01732050807568804,0.014583002290876612,4안 (Seasonal Naive)
ELEC_3-19-4,5,random,baseline,0.009446662499310907,0.009179643683089008,0.01672405285284116,0.0003368053080706306,0.019717021987127787,0.04266093472750798,기존안 (대치+선형)
ELEC_3-19-4,5,random,pchip,0.009473949938852163,0.009245399658768846,0.0167434637243844,0.00030736867069609895,0.019583082614531972,0.04655819182423271,1안 (PCHIP)
ELEC_3-19-4,5,random,stl,0.009670459096805077,0.01028777295842581,0.007959142549248566,0.00037309417508057886,0.02717692694783067,0.014746631563136048,2안 (STL)
ELEC_3-19-4,5,random,mstl,0.010632496920538668,0.010608015998820598,0.00845696822887477,0.00041612893928056553,0.023473965559171795,0.02260262331098495,3안 (MSTL)
ELEC_3-19-4,5,random,seasonal_naive,0.013088115761921431,0.011627820654935011,0.009325085452199958,7.378193770206747e-05,0.029193873117758284,0.04883427156596121,4안 (Seasonal Naive)
ELEC_3-19-4,5,block_6h,baseline,0.0093159426139571,0.01065873391440744,0.014867748876771749,0.00012784879895591918,,0.031156572020228368,기존안 (대치+선형)
ELEC_3-19-4,5,block_6h,pchip,0.00953415980246667,0.01071509801998762,0.014862549149914778,0.00010390019706904051,,0.03476754399737936,1안 (PCHIP)
ELEC_3-19-4,5,block_6h,stl,0.00526033948074789,0.011089045182366173,0.008339009808973445,0.00015058289024717618,,0.0013182371913152968,2안 (STL)
ELEC_3-19-4,5,block_6h,mstl,0.005187636302902494,0.011179597306812783,0.008919283282872694,0.0001677431784651533,,0.0074713990350571136,3안 (MSTL)
ELEC_3-19-4,5,block_6h,seasonal_naive,0.006009252125767847,0.011632353544900232,0.008454171077397158,5.344409686439057e-05,,0.015070585382218504,4안 (Seasonal Naive)
ELEC_3-19-4,5,block_24h,baseline,0.006236095644623753,0.010650312586145396,0.014865280573947802,0.00012867062956055378,0.009999999999996676,0.03086484049212046,기존안 (대치+선형)
ELEC_3-19-4,5,block_24h,pchip,0.006236095644623743,0.010706673919928205,0.014860289728523398,0.00010515682495449992,0.009999999999996699,0.03439154997439109,1안 (PCHIP)
ELEC_3-19-4,5,block_24h,stl,0.0074594093695748,0.011084102798965309,0.008333904208180075,0.0001530741860933032,0.01254572367667943,0.0013890683153381378,2안 (STL)
ELEC_3-19-4,5,block_24h,mstl,0.006748927660578379,0.011176184563826795,0.00891959657571232,0.00017098721814889816,0.01180291473319019,0.007688758379506222,3안 (MSTL)
ELEC_3-19-4,5,block_24h,seasonal_naive,0.007103728806969738,0.011627495655276954,0.008460904053012523,5.4573019871843585e-05,0.01224744871391344,0.014828957779123297,4안 (Seasonal Naive)
ELEC_3-19-4,6,random,baseline,0.02254489987708536,0.009095781064598634,0.021862140939961923,0.0003382125192055228,0.06925603817378509,0.10939058528675083,기존안 (대치+선형)
ELEC_3-19-4,6,random,pchip,0.022630305510163498,0.009161942679112718,0.021777105908996862,0.00030600519973641993,0.06928085010553209,0.11560213285333831,1안 (PCHIP)
ELEC_3-19-4,6,random,stl,0.02246460048008741,0.0102145535583784,0.008542314926083155,0.0003971251675096759,0.0716349887200264,0.0750612837349256,2안 (STL)
ELEC_3-19-4,6,random,mstl,0.0227183400813247,0.010526074041124659,0.010646578935882266,0.00043883254073137076,0.07062914270427376,0.0776537844360774,3안 (MSTL)
ELEC_3-19-4,6,random,seasonal_naive,0.02476511540853073,0.01155394994322003,0.010437119599188312,7.039454543356942e-05,0.07269020575752586,0.08559734436615996,4안 (Seasonal Naive)
ELEC_3-19-4,6,block_6h,baseline,0.008975274678559887,0.010658523103818533,0.014860924525923254,0.00012747328697689263,0.015275252316530357,0.030983251013598,기존안 (대치+선형)
ELEC_3-19-4,6,block_6h,pchip,0.008975274678559887,0.01071488443760134,0.014855962933759145,0.00010309559883289582,0.015275252316530357,0.034596490781040434,1안 (PCHIP)
ELEC_3-19-4,6,block_6h,stl,0.009099687040125586,0.01108615775833742,0.008336164710794776,0.00015248451281618108,0.01610099623111133,0.0014970253427198932,2안 (STL)
ELEC_3-19-4,6,block_6h,mstl,0.008329060547093224,0.011179651533644282,0.008914048299026084,0.00016791924567043394,0.013430190137076352,0.007486613926743657,3안 (MSTL)
ELEC_3-19-4,6,block_6h,seasonal_naive,0.010929064207168717,0.01163112196724926,0.008451897487792199,5.210991512831124e-05,0.01732050807569123,0.0148599102552881,4안 (Seasonal Naive)
ELEC_3-19-4,6,block_24h,baseline,0.014743171677459478,0.010641691542588587,0.014861820247560473,0.00012839707530715196,0.04624350266210083,0.031502194505588776,기존안 (대치+선형)
ELEC_3-19-4,6,block_24h,pchip,0.01474317167745916,0.010698052876371395,0.014856049527180564,0.00010405302054769769,0.046243502662099735,0.035098455350745295,1안 (PCHIP)
ELEC_3-19-4,6,block_24h,stl,0.014886004479238537,0.011074093479241626,0.008334569466157262,0.0001558650460822102,0.04646146963764018,0.0017445123064885326,2안 (STL)
ELEC_3-19-4,6,block_24h,mstl,0.018956443265267242,0.011174164384464561,0.008884791656288152,0.00017113917533881275,0.046702328868891134,0.007915054597848248,3안 (MSTL)
ELEC_3-19-4,6,block_24h,seasonal_naive,0.01576740660701646,0.011626811445470855,0.008463990231341704,5.087836275654923e-05,0.047555635434055506,0.01466261505047084,4안 (Seasonal Naive)
ELEC_3-19-4,7,random,baseline,0.009345691480380164,0.009165926742640825,0.016392653153493912,0.00033798753175684,0.021275410397120328,0.04290043410149491,기존안 (대치+선형)
ELEC_3-19-4,7,random,pchip,0.009455263693857466,0.009230483903059975,0.016386801844007644,0.00030886774932926817,0.021501909406425303,0.046789062922867775,1안 (PCHIP)
ELEC_3-19-4,7,random,stl,0.009931175944769893,0.010299161752769967,0.00805312654116208,0.0003786704306749492,0.027545242450797282,0.01941766231691544,2안 (STL)
ELEC_3-19-4,7,random,mstl,0.011346597889843645,0.01064828015268607,0.008192852191050592,0.00042097141004108867,0.024972315903038198,0.0265402816429553,3안 (MSTL)
ELEC_3-19-4,7,random,seasonal_naive,0.015512997903386528,0.011715125826192663,0.010139713060792616,5.429660869978863e-05,0.02909231146892617,0.03838014092592501,4안 (Seasonal Naive)
ELEC_3-19-4,7,block_6h,baseline,0.005270462766942503,0.010658933629702194,0.014864423392620231,0.00012709697930774074,,0.03078509130269158,기존안 (대치+선형)
ELEC_3-19-4,7,block_6h,pchip,0.005270462766942503,0.010715294963485002,0.014859416578373095,0.00010318233274009495,,0.03437831064596597,1안 (PCHIP)
ELEC_3-19-4,7,block_6h,stl,0.005010765275014737,0.011085833568118954,0.008338341906510078,0.00015102690019114367,,0.001377131616223215,2안 (STL)
ELEC_3-19-4,7,block_6h,mstl,0.005738852810034803,0.011179758541807833,0.008920507977289997,0.00016772427191351035,,0.007372888429649449,3안 (MSTL)
ELEC_3-19-4,7,block_6h,seasonal_naive,0.007264831572574209,0.011630711441365607,0.008454138011538544,5.385461432164618e-05,,0.0147207116410919,4안 (Seasonal Naive)
ELEC_3-19-4,7,block_24h,baseline,0.02450555101709287,0.010645798217031665,0.014819820678592575,0.00013046328896155774,0.10835928511028044,0.032045721899413016,기존안 (대치+선형)
ELEC_3-19-4,7,block_24h,pchip,0.024706596153167244,0.010702160258584057,0.014813762551623855,0.00010647308128682136,0.10901744795021323,0.03552462590019112,1안 (PCHIP)
ELEC_3-19-4,7,block_24h,stl,0.022458789165000312,0.01108221830614467,0.00837796438399462,0.00015711037744837585,0.09824787076762435,0.002535386416763319,2안 (STL)
ELEC_3-19-4,7,block_24h,mstl,0.024005509149398606,0.011171611699207279,0.00891611756571149,0.00017329659261238896,0.10519509596747671,0.008640319601338375,3안 (MSTL)
ELEC_3-19-4,7,block_24h,seasonal_naive,0.025179908216230236,0.011628248286063663,0.008490224093374472,4.9121615631807664e-05,0.10823255385643324,0.015990981844101526,4안 (Seasonal Naive)
ELEC_3-19-4,8,random,baseline,0.021790101142440843,0.009103327898759892,0.012309598961849813,0.00034358231548718064,0.06755105348983295,0.068810630221395,기존안 (대치+선형)
ELEC_3-19-4,8,random,pchip,0.021865635840860407,0.009162997119911772,0.0123534289189995,0.00031404069081462135,0.06773866236781363,0.06978383080052986,1안 (PCHIP)
ELEC_3-19-4,8,random,stl,0.02189284173948848,0.010176310836796782,0.008287261896284086,0.000397047615958244,0.06888955380482391,0.06991477756101716,2안 (STL)
ELEC_3-19-4,8,random,mstl,0.021912315094601904,0.010480857728391397,0.010139384307973415,0.00045733861605410747,0.06849817537022716,0.06824513316444669,3안 (MSTL)
ELEC_3-19-4,8,random,seasonal_naive,0.02305454073307681,0.011519766821307518,0.009716423131051128,5.729027304557262e-05,0.06927684756969679,0.08830814194268943,4안 (Seasonal Naive)
ELEC_3-19-4,8,block_6h,baseline,0.005270462766950793,0.010659754681469505,0.014860337258462995,0.00012709697930774754,0.009999999999980705,0.030844499638569833,기존안 (대치+선형)
ELEC_3-19-4,8,block_6h,pchip,0.005270462766950598,0.010716116015252315,0.014855415264398274,0.00010303305366474573,0.009999999999980344,0.03444234296136006,1안 (PCHIP)
ELEC_3-19-4,8,block_6h,stl,0.0061884567521785505,0.011087184931920617,0.008330448091951723,0.00015087139767199138,0.012490165857470818,0.0013905241395326673,2안 (STL)
ELEC_3-19-4,8,block_6h,mstl,0.006658990889598188,0.011180704376528983,0.008914117071394834,0.000167599497735647,0.013281061123743098,0.007480962850966666,3안 (MSTL)
ELEC_3-19-4,8,block_6h,seasonal_naive,0.007432826755695165,0.011630711441365602,0.008450846943240173,5.282832067850807e-05,0.014142135623731468,0.014835707519660568,4안 (Seasonal Naive)
ELEC_3-19-4,8,block_24h,baseline,0.02372626864373743,0.01064620874291532,0.014817646435292339,0.00013046328896155842,0.11264864051936144,0.03247033575020819,기존안 (대치+선형)
ELEC_3-19-4,8,block_24h,pchip,0.023679452980864556,0.010702570784467713,0.014811187081373597,0.00010647722792780364,0.11195666589520499,0.03602930138588811,1안 (PCHIP)
ELEC_3-19-4,8,block_24h,stl,0.02368591145793778,0.011083093555460619,0.008376250168035778,0.00015701887036183353,0.11156290293267575,0.002709617786562979,2안 (STL)
ELEC_3-19-4,8,block_24h,mstl,0.023697250079889032,0.01117221076352467,0.008915963717298298,0.00017335269013693392,0.11171564009950163,0.008701757717972214,3안 (MSTL)
ELEC_3-19-4,8,block_24h,seasonal_naive,0.02523500654954457,0.011629069337830974,0.0084904176743256,4.9326874360435e-05,0.11683321445547928,0.0160044279984648,4안 (Seasonal Naive)
ELEC_3-19-4,9,random,baseline,0.014396029856908828,0.00915370056503414,0.02154543912191632,0.0003420178234406593,0.01916775215633054,0.06183867643911101,기존안 (대치+선형)
ELEC_3-19-4,9,random,pchip,0.014558203850533401,0.009219654818351086,0.02167687976910526,0.0003122282433295996,0.019173397772062718,0.06485782022013697,1안 (PCHIP)
ELEC_3-19-4,9,random,stl,0.009449235417809053,0.010301736479490753,0.007921629481072789,0.0003839184179021097,0.025599847938619916,0.016517796291815823,2안 (STL)
ELEC_3-19-4,9,random,mstl,0.010328700057467223,0.010598692557785174,0.008855980458391604,0.0004207855556844494,0.022559499910992813,0.023169592238485026,3안 (MSTL)
ELEC_3-19-4,9,random,seasonal_naive,0.013339558554939538,0.011602675944561127,0.009118328575252455,5.125663282910491e-05,0.026733350647156113,0.04114740173211018,4안 (Seasonal Naive)
ELEC_3-19-4,9,block_6h,baseline,0.005527707983923489,0.010659344155585851,0.014861487624416237,0.00012713118909584158,0.010000000000009834,0.030805034469605475,기존안 (대치+선형)
ELEC_3-19-4,9,block_6h,pchip,0.005527707983923489,0.010715705489368657,0.014856583155052271,0.00010308246780310707,0.010000000000009834,0.034404767919129386,1안 (PCHIP)
ELEC_3-19-4,9,block_6h,stl,0.005762001323390176,0.01108622523398019,0.008335291765700525,0.0001515058522285691,0.01005350501659667,0.0013881035942963083,2안 (STL)
ELEC_3-19-4,9,block_6h,mstl,0.00624208499118052,0.011180598560152865,0.00891691245960727,0.00016758126457657206,0.011116986884734803,0.007453164846453975,3안 (MSTL)
ELEC_3-19-4,9,block_6h,seasonal_naive,0.011785113019774439,0.011631532493132922,0.008455824740864462,5.457301987184024e-05,0.014142135623744858,0.014774260286183671,4안 (Seasonal Naive)
ELEC_3-19-4,9,block_24h,baseline,0.023718092096969245,0.010645798217031665,0.014817651542192915,0.00013049749874966237,0.10432682115528308,0.03253155309842848,기존안 (대치+선형)
ELEC_3-19-4,9,block_24h,pchip,0.023672819201268725,0.010702160258584057,0.014811195601705381,0.0001064768823743887,0.10370350246090324,0.03608609311307176,1안 (PCHIP)
ELEC_3-19-4,9,block_24h,stl,0.0237137203380544,0.01108265519000261,0.008377182013780949,0.0001574805118523566,0.10365981922487806,0.002685395059883744,2안 (STL)
ELEC_3-19-4,9,block_24h,mstl,0.023716133152068553,0.01117175345388577,0.008915659746604467,0.00017343634048786903,0.10353569307270905,0.008738712152418615,3안 (MSTL)
ELEC_3-19-4,9,block_24h,seasonal_naive,0.025169180644609563,0.011628111444102444,0.008489690786262417,4.9224244996121455e-05,0.10823255385643324,0.015980814980999902,4안 (Seasonal Naive)
ELEC_2-17-5,0,random,baseline,0.028095723569940403,0.022708535582518646,0.013634915731693141,0.0005627047018402857,0.0958828762786385,0.004171786397632382,기존안 (대치+선형)
ELEC_2-17-5,0,random,pchip,0.0276378226146156,0.02291737272362582,0.013268328597779733,0.0005207307871049593,0.09372848950206081,0.004130104485845831,1안 (PCHIP)
ELEC_2-17-5,0,random,stl,0.04569335670509013,0.027598889880647234,0.01224722212073141,0.001619080391287924,0.19599246178651236,0.00603714470479666,2안 (STL)
ELEC_2-17-5,0,random,mstl,0.042788122535071145,0.029292004985877626,0.01316191502398723,0.001383272655147381,0.1597885611627824,0.0052948874063498685,3안 (MSTL)
ELEC_2-17-5,0,random,seasonal_naive,0.06311120491023432,0.033572327818633646,0.021274155251235244,0.00022979162977075458,0.19715141688860047,0.011095180727866305,4안 (Seasonal Naive)
ELEC_2-17-5,0,block_6h,baseline,0.008233637883260923,0.02606952306476111,0.01230099076943577,0.0002518183818542513,,0.002236347322875032,기존안 (대치+선형)
ELEC_2-17-5,0,block_6h,pchip,0.00859537691017615,0.026198953644051025,0.012183535631104109,0.00023467284979476722,,0.002242233254706627,1안 (PCHIP)
ELEC_2-17-5,0,block_6h,stl,0.07960624311144515,0.027672170970392252,0.011208698526838003,0.0006431488456428815,,0.0014670402816312489,2안 (STL)
ELEC_2-17-5,0,block_6h,mstl,0.04478194966100873,0.02817154733368884,0.011819627348225437,0.0005825456724117871,,0.0017379640313939237,3안 (MSTL)
ELEC_2-17-5,0,block_6h,seasonal_naive,0.17020412581499328,0.029684510858442373,0.013376705743178239,0.00015448691439890987,,0.0033538559526132827,4안 (Seasonal Naive)
ELEC_2-17-5,0,block_24h,baseline,0.0929024846143029,0.02602722780345028,0.012901791251666486,0.0002765236761772455,0.12593636833031993,0.002354044959096524,기존안 (대치+선형)
ELEC_2-17-5,0,block_24h,pchip,0.07634017632600627,0.026156652839145457,0.012421971594797668,0.00023315228169161478,0.16022735244364936,0.0023960016183071087,1안 (PCHIP)
ELEC_2-17-5,0,block_24h,stl,0.04584228632390605,0.02762922170162234,0.011266409025739214,0.0006438935663950412,0.14295855628754114,0.0014751441532777632,2안 (STL)
ELEC_2-17-5,0,block_24h,mstl,0.0650342438610954,0.02815542223083744,0.011891542694015008,0.0006248696114017361,0.13471234584738603,0.0017788099595174023,3안 (MSTL)
ELEC_2-17-5,0,block_24h,seasonal_naive,0.0443740762379968,0.029646195109301044,0.013340445986451436,0.00012014245463315564,0.13142574813456367,0.0032687883959739983,4안 (Seasonal Naive)
ELEC_2-17-5,1,random,baseline,0.027580308245250304,0.022734019628374756,0.013706821810757665,0.0005513205407486431,0.09326846556640754,0.003989868173297606,기존안 (대치+선형)
ELEC_2-17-5,1,random,pchip,0.027191093375808023,0.02294243747738431,0.013374496954546247,0.0005170281720898689,0.09165516286799412,0.003931563508758895,1안 (PCHIP)
ELEC_2-17-5,1,random,stl,0.046136434933046436,0.02771064316506081,0.012717440795928089,0.0015935081603212341,0.19399635368867726,0.008348746221340853,2안 (STL)
ELEC_2-17-5,1,random,mstl,0.04150747570350689,0.029213266370711078,0.013345752324481182,0.0013641108664180551,0.1569254488703861,0.004403942396504323,3안 (MSTL)
ELEC_2-17-5,1,random,seasonal_naive,0.06182388998152285,0.03331496230007024,0.020986931896045873,0.00010950918403555208,0.1942853730145399,0.009753729712087433,4안 (Seasonal Naive)
ELEC_2-17-5,1,block_6h,baseline,0.0353362228973801,0.0260633707241533,0.012353230073592809,0.00024966316520345,,0.0022631810228814775,기존안 (대치+선형)
ELEC_2-17-5,1,block_6h,pchip,0.03628522036970193,0.026192804075240585,0.01223484692143585,0.00023277636900206775,,0.0022679330523949215,1안 (PCHIP)
ELEC_2-17-5,1,block_6h,stl,0.0333981002897933,0.027651266618545417,0.011315843134560374,0.0006440041972920291,,0.0014771108161684143,2안 (STL)
ELEC_2-17-5,1,block_6h,mstl,0.03154400083774563,0.028163771723864812,0.011941225656212091,0.0005717861304279313,,0.0017022214159067017,3안 (MSTL)
ELEC_2-17-5,1,block_6h,seasonal_naive,0.08147937707722414,0.02966555824681365,0.013376053697356989,0.00013622859750794385,,0.0031922966664005292,4안 (Seasonal Naive)
ELEC_2-17-5,1,block_24h,baseline,0.02823359727923503,0.0260420109820814,0.012572990309723388,0.0002592424525267519,0.08563820699331681,0.0022328847266479546,기존안 (대치+선형)
ELEC_2-17-5,1,block_24h,pchip,0.02934310029665967,0.026171438141085326,0.012472114886900077,0.00024170260168791672,0.08788037886388259,0.0022481872697478478,1안 (PCHIP)
ELEC_2-17-5,1,block_24h,stl,0.024840735491927654,0.02764099199361793,0.011295095233063017,0.0006445211512455895,0.0768192419642172,0.0014482893881724301,2안 (STL)
ELEC_2-17-5,1,block_24h,mstl,0.02871838419509444,0.028161085181550263,0.011986893833803304,0.0005809809680239917,0.08813592533709265,0.0017316915615782635,3안 (MSTL)
ELEC_2-17-5,1,block_24h,seasonal_naive,0.04798726682962552,0.02966952666368888,0.013409173110099678,0.00014741519821815237,0.06976149845486986,0.00318211592361628,4안 (Seasonal Naive)
ELEC_2-17-5,2,random,baseline,0.02724772286849835,0.022686818526318403,0.01366279944466558,0.0005618420976782253,0.08892422286456828,0.0038136719276230524,기존안 (대치+선형)
ELEC_2-17-5,2,random,pchip,0.026837644051790798,0.022893077846499674,0.013302178237370876,0.0005223988228276584,0.08780824256033541,0.003790235771464867,1안 (PCHIP)
ELEC_2-17-5,2,random,stl,0.04577547461705345,0.027553418014869928,0.01274530174575521,0.001641296781057893,0.18920724284352003,0.007262028928706421,2안 (STL)
ELEC_2-17-5,2,random,mstl,0.041802270085873026,0.029147667853680927,0.013551430693337214,0.0013409851300485195,0.15038604871413347,0.004606393395306219,3안 (MSTL)
ELEC_2-17-5,2,random,seasonal_naive,0.06344106214966366,0.033456679256157584,0.021631064742110302,0.00012008169027224413,0.1906554462498194,0.009160909350828916,4안 (Seasonal Naive)
ELEC_2-17-5,2,block_6h,baseline,0.02333333333334459,0.02606417513297941,0.012330842338448106,0.00025128304489997614,0.1200000000001182,0.002224282803474198,기존안 (대치+선형)
ELEC_2-17-5,2,block_6h,pchip,0.02333333333334459,0.026193600168674586,0.012210304197456862,0.00023484330355976013,0.1200000000001182,0.0022275712042051365,1안 (PCHIP)
ELEC_2-17-5,2,block_6h,stl,0.026964545693340138,0.02764882870926608,0.011272185552774807,0.0006497075568466144,0.11995658806592775,0.0014536009391589166,2안 (STL)
ELEC_2-17-5,2,block_6h,mstl,0.027968090231365286,0.028163800320433186,0.011906528659889783,0.0005741846871529261,0.10855483066339916,0.0017187120001570522,3안 (MSTL)
ELEC_2-17-5,2,block_6h,seasonal_naive,0.11597413504744417,0.029659468779539285,0.013384704047614583,0.00013814537778050344,0.1300000000001091,0.003385047359157456,4안 (Seasonal Naive)
ELEC_2-17-5,2,block_24h,baseline,0.07790218225440342,0.026011012031045822,0.012916078364505723,0.00030461043489803964,0.12277301937197,0.002354905586106626,기존안 (대치+선형)
ELEC_2-17-5,2,block_24h,pchip,0.07790218225440342,0.026140437066740997,0.012811568749412977,0.0002896482009125874,0.12277301937197,0.0023477662202622263,1안 (PCHIP)
ELEC_2-17-5,2,block_24h,stl,0.07297982349316887,0.0276180498722411,0.011630446654779875,0.000697958896174128,0.11443596409428683,0.0014657336760786066,2안 (STL)
ELEC_2-17-5,2,block_24h,mstl,0.06739246206867161,0.028131316808604027,0.012174794558819963,0.0006012118248923564,0.10096634928731618,0.001870897554545281,3안 (MSTL)
ELEC_2-17-5,2,block_24h,seasonal_naive,0.08986873143028615,0.029664600353084988,0.0135901912589093,0.00010142897355534621,0.13606721028332175,0.0035353631449410727,4안 (Seasonal Naive)
ELEC_2-17-5,3,random,baseline,0.05550496850340716,0.022545626205130818,0.02003160432147335,0.0005699608249116435,0.2282775911126391,0.008802027567329729,기존안 (대치+선형)
ELEC_2-17-5,3,random,pchip,0.05544635313471374,0.022753098240134852,0.019557860290029067,0.0005329740383097786,0.22789116695815398,0.008877749933031698,1안 (PCHIP)
ELEC_2-17-5,3,random,stl,0.06477325882750923,0.027618478890963187,0.014234995689091888,0.001653716115647579,0.2865748727148565,0.00983234197841909,2안 (STL)
ELEC_2-17-5,3,random,mstl,0.06130021808157485,0.02912975924884861,0.01638962366066872,0.0014442415373881782,0.25840009788232016,0.008860392913626614,3안 (MSTL)
ELEC_2-17-5,3,random,seasonal_naive,0.07854314139264826,0.033578417285907824,0.020832255834490106,0.00025718120921088976,0.284763596905312,0.015319927407070777,4안 (Seasonal Naive)
ELEC_2-17-5,3,block_6h,baseline,0.015221093314190238,0.02606294910297557,0.01233208398346148,0.0002508947175754316,,0.00222594555420097,기존안 (대치+선형)
ELEC_2-17-5,3,block_6h,pchip,0.015142695966073108,0.026192376910468114,0.012211422367399477,0.0002340662951909833,,0.0022318279147031106,1안 (PCHIP)
ELEC_2-17-5,3,block_6h,stl,0.015969938022637856,0.027645646174758315,0.011289048818527403,0.000647300519757732,,0.0014765750483805018,2안 (STL)
ELEC_2-17-5,3,block_6h,mstl,0.024309793428375727,0.028161862698061552,0.011931857946229528,0.0005705221275139519,,0.0017245092794746508,3안 (MSTL)
ELEC_2-17-5,3,block_6h,seasonal_naive,0.019148542155063165,0.029651463524808006,0.01334056341622248,0.00012576040234795626,,0.003183820017575445,4안 (Seasonal Naive)
ELEC_2-17-5,3,block_24h,baseline,0.059289697243608976,0.026016143604591327,0.012420445584410569,0.00027351306181301583,0.166219511433003,0.002391587938582629,기존안 (대치+선형)
ELEC_2-17-5,3,block_24h,pchip,0.06088815951473439,0.026145568640286502,0.012285189703319025,0.0002585453548909976,0.1738148834375751,0.002419202946715826,1안 (PCHIP)
ELEC_2-17-5,3,block_24h,stl,0.06198243948180162,0.02761361332674206,0.011354927984494447,0.0006718889420021696,0.17708686813091065,0.0016087781603550955,2안 (STL)
ELEC_2-17-5,3,block_24h,mstl,0.05915757463058098,0.028130104804118195,0.011976876338986314,0.0005914484599584275,0.16333057576816237,0.001828234980386867,3안 (MSTL)
ELEC_2-17-5,3,block_24h,seasonal_naive,0.06439413745267625,0.0296334003859271,0.013401192312250697,0.00010308467883394227,0.1791996093746444,0.0032752985590180916,4안 (Seasonal Naive)
ELEC_2-17-5,4,random,baseline,0.027188280643971843,0.022734050743631,0.01374223880250055,0.0005506886166359399,0.08797779125657586,0.0038685696364363364,기존안 (대치+선형)
ELEC_2-17-5,4,random,pchip,0.0268553844385474,0.022935954328856416,0.01335523557895232,0.0005116058478045212,0.08613252696943177,0.003770950229856296,1안 (PCHIP)
ELEC_2-17-5,4,random,stl,0.04558565832586038,0.02769172725988584,0.012863486190865964,0.0016308177095039624,0.18834061948967534,0.007593316046238807,2안 (STL)
ELEC_2-17-5,4,random,mstl,0.04090605978564395,0.029136744252423484,0.013437354834983855,0.0013921810789796576,0.15046591489343114,0.004362884269227152,3안 (MSTL)
ELEC_2-17-5,4,random,seasonal_naive,0.060783070904947924,0.0333009702095359,0.020596482848626564,0.00013336241399794269,0.1868978518270048,0.008636658578281997,4안 (Seasonal Naive)
ELEC_2-17-5,4,block_6h,baseline,0.11133910542296313,0.02605331284000368,0.012329294218791496,0.00026355196761536,0.3312588050291341,0.002285677237642836,기존안 (대치+선형)
ELEC_2-17-5,4,block_6h,pchip,0.1104488894943852,0.026182746191090966,0.012206737197793338,0.00024680172930962435,0.3284254864125824,0.0022994245498006993,1안 (PCHIP)
ELEC_2-17-5,4,block_6h,stl,0.11744858584750514,0.027637804823418443,0.01126973406014727,0.0006625111612727579,0.34929266971271433,0.0016363904635748883,2안 (STL)
ELEC_2-17-5,4,block_6h,mstl,0.1234978625815192,0.02814893396858727,0.011885479250538093,0.0005760987511240382,0.3664781301287046,0.00176855654094632,3안 (MSTL)
ELEC_2-17-5,4,block_6h,seasonal_naive,0.11975669779463513,0.029632168808276047,0.01319752034853915,0.00010987333322287615,0.35517601270368593,0.003373689822493975,4안 (Seasonal Naive)
ELEC_2-17-5,4,block_24h,baseline,0.055785148190348625,0.02601922537993196,0.012465524946408072,0.0002780361487117518,0.14283821751356005,0.0023448804361385633,기존안 (대치+선형)
ELEC_2-17-5,4,block_24h,pchip,0.05612311241225784,0.026148651831166308,0.012350227461217571,0.00025973072314825976,0.14257159510073864,0.0023541954712347213,1안 (PCHIP)
ELEC_2-17-5,4,block_24h,stl,0.054356376084031065,0.02761700342950818,0.01140970047113405,0.000683247007451271,0.14241053313232707,0.0014890150417739,2안 (STL)
ELEC_2-17-5,4,block_24h,mstl,0.04922714285675247,0.02814106991054017,0.012027645090191793,0.0005696703099084264,0.12313932190262937,0.0017430487367259273,3안 (MSTL)
ELEC_2-17-5,4,block_24h,seasonal_naive,0.055997547344879425,0.02962402671158357,0.013467020117241055,8.962507425467879e-05,0.14989320817238128,0.003118277090269239,4안 (Seasonal Naive)
ELEC_2-17-5,5,random,baseline,0.027185579944434043,0.022714721490794485,0.013727025535419629,0.0005613646211518409,0.08874428183630931,0.0036102797441790457,기존안 (대치+선형)
ELEC_2-17-5,5,random,pchip,0.02672513776469614,0.022913134837809875,0.01338875134431172,0.000530167340931281,0.08731133030040575,0.003581368349315772,1안 (PCHIP)
ELEC_2-17-5,5,random,stl,0.04608390426866535,0.027671950553851712,0.012745379670128775,0.0016442040867101248,0.1876547350567663,0.00781997814466262,2안 (STL)
ELEC_2-17-5,5,random,mstl,0.042351401148487344,0.02922245608257262,0.01376301282114916,0.0013894781150727486,0.15223483206095545,0.00415125015775597,3안 (MSTL)
ELEC_2-17-5,5,random,seasonal_naive,0.07445298534615516,0.03377536707859184,0.024001154156566572,0.00017017741607624912,0.190582957306426,0.011125489981745784,4안 (Seasonal Naive)
ELEC_2-17-5,5,block_6h,baseline,0.117731307054083,0.026055964615306276,0.012451343469884944,0.0002591328339617184,0.22184088801613808,0.00229068689182621,기존안 (대치+선형)
ELEC_2-17-5,5,block_6h,pchip,0.12238061260642057,0.026185389651001444,0.01238557850163236,0.0002454055253986757,0.2709992573651543,0.002256976460401683,1안 (PCHIP)
ELEC_2-17-5,5,block_6h,stl,0.13282807590917042,0.027640885757995465,0.011449143256255814,0.0006617751005121482,0.3162917938967271,0.001569813220272387,2안 (STL)
ELEC_2-17-5,5,block_6h,mstl,0.11839052837493419,0.028156764409059454,0.012063283121816095,0.0005880231142083774,0.2829195130667899,0.001704290855460533,3안 (MSTL)
ELEC_2-17-5,5,block_6h,seasonal_naive,0.12987173159186022,0.029654337205993583,0.013486257448414696,0.00011575068543757773,0.3084369195367792,0.003316688411226676,4안 (Seasonal Naive)
ELEC_2-17-5,5,block_24h,baseline,0.052016428292028453,0.02601819764961633,0.012441265665674555,0.00027774548347761914,0.13843641491177638,0.00232246698993821,기존안 (대치+선형)
ELEC_2-17-5,5,block_24h,pchip,0.051771748246073584,0.02614762339308108,0.012323116366868338,0.0002591959602778659,0.1381700090700615,0.002326792024947788,1안 (PCHIP)
ELEC_2-17-5,5,block_24h,stl,0.051887762140869806,0.027616721523519773,0.01139716201172964,0.0006788505488783799,0.1389717154761093,0.0014783074655965178,2안 (STL)
ELEC_2-17-5,5,block_24h,mstl,0.048297205126354596,0.028141670104979925,0.012026152717237018,0.000573422137069607,0.12111824276950317,0.0017460951357030075,3안 (MSTL)
ELEC_2-17-5,5,block_24h,seasonal_naive,0.055860966075285734,0.029622795133932605,0.013461966424018451,9.126714408369852e-05,0.14989320817238128,0.003119784607536147,4안 (Seasonal Naive)
ELEC_2-17-5,6,random,baseline,0.046285678863724686,0.022542472323738582,0.017469474363871338,0.0005761866552493377,0.19485883137300336,0.005611077791947361,기존안 (대치+선형)
ELEC_2-17-5,6,random,pchip,0.04613851572800828,0.022745680498633458,0.01697935079289451,0.0005350982987717686,0.19420237269945434,0.0055950745492471254,1안 (PCHIP)
ELEC_2-17-5,6,random,stl,0.05822760930983801,0.027434694916835315,0.012968094219090544,0.001614279279783981,0.26096810266635706,0.009471970493866166,2안 (STL)
ELEC_2-17-5,6,random,mstl,0.05508343186833691,0.02903683051786075,0.015047475543131997,0.0014278434698862693,0.23175551101105324,0.007186031838263496,3안 (MSTL)
ELEC_2-17-5,6,random,seasonal_naive,0.07790327521735926,0.0335928883233059,0.02357280871687715,0.00024563028934719767,0.25102370332925905,0.012841701466764,4안 (Seasonal Naive)
ELEC_2-17-5,6,block_6h,baseline,0.01103502477440674,0.026065206995335616,0.012338559833256227,0.0002513052350326472,,0.002239741464199918,기존안 (대치+선형)
ELEC_2-17-5,6,block_6h,pchip,0.011421740582120735,0.02619463480282816,0.012218428081176552,0.00023389539382701632,,0.002244296278898772,1안 (PCHIP)
ELEC_2-17-5,6,block_6h,stl,0.012291622765571492,0.027649424200330636,0.011292542698036107,0.0006470450650257753,,0.0014678024998923123,2안 (STL)
ELEC_2-17-5,6,block_6h,mstl,0.014897895232423611,0.028163699875339,0.011920827304064109,0.0005710895136385617,,0.0017139892159268033,3안 (MSTL)
ELEC_2-17-5,6,block_6h,seasonal_naive,0.01683250823060129,0.029657621413062826,0.01333417448615945,0.0001264788078981519,,0.0031607334308655366,4안 (Seasonal Naive)
ELEC_2-17-5,6,block_24h,baseline,0.05635028310602051,0.026026201488741144,0.012396866389879642,0.0002730506793069146,0.18897934187351512,0.0023217142920031186,기존안 (대치+선형)
ELEC_2-17-5,6,block_24h,pchip,0.05789741207854342,0.02615562652443632,0.012298890905520237,0.0002540227544434946,0.19240486855580027,0.0023251228254297374,1안 (PCHIP)
ELEC_2-17-5,6,block_24h,stl,0.04834873218704392,0.027625520474098948,0.011302066335549118,0.0006719059048152514,0.1650005448774066,0.0014616831339714365,2안 (STL)
ELEC_2-17-5,6,block_24h,mstl,0.05147847264183687,0.02814841644358919,0.011877781811334505,0.0005881893409833974,0.15797423684059322,0.001739986443812569,3안 (MSTL)
ELEC_2-17-5,6,block_24h,seasonal_naive,0.047055260395247496,0.029649684579312136,0.01334963062006432,0.00012209241255511658,0.13142574813456367,0.0032539166621670113,4안 (Seasonal Naive)
ELEC_2-17-5,7,random,baseline,0.04213461916340643,0.0225544505567439,0.015680613616937976,0.0005736902981963633,0.16130961705422048,0.004971317274062748,기존안 (대치+선형)
ELEC_2-17-5,7,random,pchip,0.041995585421019624,0.0227684625262784,0.01521288271615432,0.0005395329939427353,0.1606376736493029,0.004900011911460167,1안 (PCHIP)
ELEC_2-17-5,7,random,stl,0.05637188705478351,0.02763901718177599,0.012699991743576207,0.001709543715206145,0.23510193636313587,0.011782058168230414,2안 (STL)
ELEC_2-17-5,7,random,mstl,0.05237570418957228,0.029101357254288897,0.014283094751927235,0.001448346777618941,0.20357588964534654,0.0066414224223514395,3안 (MSTL)
ELEC_2-17-5,7,random,seasonal_naive,0.0713439320070984,0.033462956881129415,0.021309326763359587,0.00011968070831818022,0.23567754175678127,0.012229704670363328,4안 (Seasonal Naive)
ELEC_2-17-5,7,block_6h,baseline,0.01737676471478412,0.02606068566296824,0.012340330680597035,0.00025201162092753536,0.05324324324344678,0.002226906659649086,기존안 (대치+선형)
ELEC_2-17-5,7,block_6h,pchip,0.01661567507413099,0.026190110698663418,0.01221478505522198,0.0002341776530536171,0.057500060718061956,0.0022328042212723664,1안 (PCHIP)
ELEC_2-17-5,7,block_6h,stl,0.016889201020004355,0.027644389246409537,0.011295169120691338,0.0006483736018087086,0.05147684391818771,0.0014509622498859454,2안 (STL)
ELEC_2-17-5,7,block_6h,mstl,0.030402584504046277,0.02816064168778607,0.011945476101443255,0.0005697639637538433,0.053658416241334154,0.001710781465308675,3안 (MSTL)
ELEC_2-17-5,7,block_6h,seasonal_naive,0.12802150668087495,0.029661726671899362,0.013525322791745504,0.00013986159779924651,0.07999999999992731,0.003257730884179577,4안 (Seasonal Naive)
ELEC_2-17-5,7,block_24h,baseline,0.1389579617513891,0.026017162841268194,0.016598197055387346,0.00032832528243439003,0.0886092202170855,0.0024118424938075478,기존안 (대치+선형)
ELEC_2-17-5,7,block_24h,pchip,0.14009307609108948,0.026146594771578283,0.01639151458545288,0.0003086694383360195,0.08921422639524104,0.002419090652593159,1안 (PCHIP)
ELEC_2-17-5,7,block_24h,stl,0.10437080043952628,0.027655384213225324,0.011656302595337256,0.0007086692989072783,0.148754732199323,0.0017273882532889973,2안 (STL)
ELEC_2-17-5,7,block_24h,mstl,0.08237338772864787,0.028149506635024205,0.011918028765235478,0.0006322901054269934,0.09890461468786824,0.0018756453744007695,3안 (MSTL)
ELEC_2-17-5,7,block_24h,seasonal_naive,0.12878168434300855,0.029652079313633447,0.014044828707828999,9.443202572568033e-05,0.17287485151320964,0.003633143755196966,4안 (Seasonal Naive)
ELEC_2-17-5,8,random,baseline,0.027277817818397464,0.022741409175735385,0.013655283946956337,0.0005377437913846459,0.08623383993220049,0.004022648331656109,기존안 (대치+선형)
ELEC_2-17-5,8,random,pchip,0.02718784492954446,0.022957606686978705,0.013328920637460726,0.0004961555942588616,0.085363668645682,0.004050406983043486,1안 (PCHIP)
ELEC_2-17-5,8,random,stl,0.04361963742044203,0.027623103669202384,0.012243392602560337,0.0015690600330367465,0.18561244438474644,0.006454485057850179,2안 (STL)
ELEC_2-17-5,8,random,mstl,0.039995296439868024,0.029152085073551708,0.013645606989736736,0.0013225082349726056,0.14748420724971414,0.0043995463505404064,3안 (MSTL)
ELEC_2-17-5,8,random,seasonal_naive,0.07020502770798755,0.03348331212286065,0.024525051622515653,0.00012479183423963141,0.18465646851284084,0.012269611747484643,4안 (Seasonal Naive)
ELEC_2-17-5,8,block_6h,baseline,0.021152953634144937,0.026063359628859178,0.012327266279679392,0.00025041578054199327,,0.0022170418328999464,기존안 (대치+선형)
ELEC_2-17-5,8,block_6h,pchip,0.021063239267719917,0.02619278743635172,0.012205783129823955,0.00023401059963614582,,0.0022239716459334646,1안 (PCHIP)
ELEC_2-17-5,8,block_6h,stl,0.018050652668710244,0.027646595969695625,0.011276725547569338,0.0006484823530721156,,0.0014760924625429883,2안 (STL)
ELEC_2-17-5,8,block_6h,mstl,0.0163974007063577,0.028162810396629216,0.011908372703387713,0.0005670874766183444,,0.0017181787341198351,3안 (MSTL)
ELEC_2-17-5,8,block_6h,seasonal_naive,0.015545631755174509,0.029651258261866147,0.01332440460763212,0.00012196311586834833,,0.0031954444457600317,4안 (Seasonal Naive)
ELEC_2-17-5,8,block_24h,baseline,0.028862038066958095,0.026044057949073718,0.012378523738273998,0.0002619532461682267,0.12937454038700325,0.002265620316940997,기존안 (대치+선형)
ELEC_2-17-5,8,block_24h,pchip,0.029451594510438807,0.02617348437740778,0.012254314983283486,0.00024553303648962245,0.13114307833648392,0.002277034930796451,1안 (PCHIP)
ELEC_2-17-5,8,block_24h,stl,0.027256042841625854,0.02763756091739301,0.011334600466754321,0.0006644174404581466,0.12514463402021017,0.0014768850023767488,2안 (STL)
ELEC_2-17-5,8,block_24h,mstl,0.04594737845363989,0.02817066496903864,0.011972520880797026,0.0005521551502840109,0.14111528949439306,0.0017363007587998247,3안 (MSTL)
ELEC_2-17-5,8,block_24h,seasonal_naive,0.050218489636676085,0.029658989832675,0.013435628905673075,0.00013751146456188827,0.1024418661363524,0.003280047864825053,4안 (Seasonal Naive)
ELEC_2-17-5,9,random,baseline,0.03825284335771058,0.022610903004724736,0.015387664735038872,0.0005817449220609189,0.15171083582334655,0.004490271935252421,기존안 (대치+선형)
ELEC_2-17-5,9,random,pchip,0.03798461350023691,0.022818004638522054,0.014950889347007498,0.000549943201063232,0.1507302775409726,0.004413263399459466,1안 (PCHIP)
ELEC_2-17-5,9,random,stl,0.05225180801547952,0.027530116887085152,0.01257896693614111,0.001622287754614276,0.2240425386473933,0.006632908037906282,2안 (STL)
ELEC_2-17-5,9,random,mstl,0.04836123843165275,0.029019535943824122,0.013999323921751992,0.0013603582126377578,0.1930633999996093,0.005058339779205334,3안 (MSTL)
ELEC_2-17-5,9,random,seasonal_naive,0.06781162586823677,0.033340380694365665,0.02052711897332159,0.0001427633104399632,0.2245423356199238,0.008786496207396022,4안 (Seasonal Naive)
ELEC_2-17-5,9,block_6h,baseline,0.06068304897112676,0.026056785667073583,0.012317830222236916,0.00025579991200827545,0.2036433430085327,0.002138442820204811,기존안 (대치+선형)
ELEC_2-17-5,9,block_6h,pchip,0.060869854836356485,0.026186210702768758,0.012199237087752533,0.00023862037941959493,0.20315045973808762,0.002146438438199061,1안 (PCHIP)
ELEC_2-17-5,9,block_6h,stl,0.060885228544373705,0.027639881553250128,0.01125941984213901,0.0006528961073989574,0.20404590118268343,0.0014468703850980535,2안 (STL)
ELEC_2-17-5,9,block_6h,mstl,0.06588877387790253,0.028156989500204583,0.011889889216204482,0.0005712638177184983,0.2201592229010365,0.0016476090441802649,3안 (MSTL)
ELEC_2-17-5,9,block_6h,seasonal_naive,0.06096447052724243,0.029646331951262237,0.013310575796904176,0.00012087318077800386,0.20607442021432945,0.0032009905032217567,4안 (Seasonal Naive)
ELEC_2-17-5,9,block_24h,baseline,0.09239657156403148,0.026020660804918248,0.01200446436407455,0.00029399169842852976,0.2441871648194786,0.00244700640567197,기존안 (대치+선형)
ELEC_2-17-5,9,block_24h,pchip,0.09263775161012552,0.02615008654838301,0.011880899185170865,0.0002751863013372795,0.24488038202991172,0.0024610397918677362,1안 (PCHIP)
ELEC_2-17-5,9,block_24h,stl,0.09364368724178486,0.027611613323770795,0.011072805559805504,0.000698215716241624,0.24762386403118006,0.0018166047878921399,2안 (STL)
ELEC_2-17-5,9,block_24h,mstl,0.09069133461055588,0.028130117560716608,0.011718081351401696,0.0005888835800968957,0.23976855199160524,0.001827313332374958,3안 (MSTL)
ELEC_2-17-5,9,block_24h,seasonal_naive,0.09701446054869803,0.02961643198273587,0.013233193350638654,8.028668390762028e-05,0.25396850198399423,0.0032340164460498144,4안 (Seasonal Naive)
ELEC_3-13-2,0,random,baseline,0.03741170701865502,0.03054510043697796,0.012646935856166379,0.0005832822025687475,0.12022893614839704,0.003890661007967755,기존안 (대치+선형)
ELEC_3-13-2,0,random,pchip,0.03778635179550803,0.03080865456833448,0.012475213299760925,0.0005418829302197387,0.12049163530089885,0.003962639398328194,1안 (PCHIP)
ELEC_3-13-2,0,random,stl,0.05069612802684888,0.03855754338998252,0.013906309408858635,0.0017294069054191983,0.17702574038173494,0.004173945470703488,2안 (STL)
ELEC_3-13-2,0,random,mstl,0.05979813032448848,0.04083768098980153,0.011811945248908062,0.0017811108404242888,0.1605546999146878,0.008154602118585097,3안 (MSTL)
ELEC_3-13-2,0,random,seasonal_naive,0.07140874867748806,0.04862268566049818,0.01330869744480767,0.000252861122664851,0.18160971168589385,0.007359889796754615,4안 (Seasonal Naive)
ELEC_3-13-2,0,block_6h,baseline,0.026917458081193252,0.03503768264858674,0.011765669307629642,0.00024305695223969512,,0.002877509738072548,기존안 (대치+선형)
ELEC_3-13-2,0,block_6h,pchip,0.024824390119651218,0.0351915484319506,0.01168077218330143,0.00022829376533952962,,0.0029768250864423695,1안 (PCHIP)
ELEC_3-13-2,0,block_6h,stl,0.020779150958760043,0.037685417539068684,0.011514049515377702,0.0006912324555739527,,0.002465711147538019,2안 (STL)
ELEC_3-13-2,0,block_6h,mstl,0.03770715121218365,0.03852459130696168,0.01103586099983494,0.0006777767188929698,,0.0024351812433399678,3안 (MSTL)
ELEC_3-13-2,0,block_6h,seasonal_naive,0.04333333333335804,0.041547408897666435,0.011085846602439204,0.00030297568725888384,,0.0033170740617793903,4안 (Seasonal Naive)
ELEC_3-13-2,0,block_24h,baseline,0.07295979840864429,0.034991254390203286,0.011929985592750884,0.00027023011115224257,0.2769022578523697,0.0029298860561554063,기존안 (대치+선형)
ELEC_3-13-2,0,block_24h,pchip,0.06803294812895647,0.03514510077098556,0.011809388262281792,0.0002492879527228904,0.2687956896726682,0.0030137016018536578,1안 (PCHIP)
ELEC_3-13-2,0,block_24h,stl,0.0513432499365134,0.03765062177793913,0.011570687915266428,0.0007064508163742891,0.2224410757917892,0.002394220908887079,2안 (STL)
ELEC_3-13-2,0,block_24h,mstl,0.05209526840378476,0.03849673703462682,0.011050718969019805,0.0006646680140409435,0.2218432935948529,0.0024009064030056093,3안 (MSTL)
ELEC_3-13-2,0,block_24h,seasonal_naive,0.0627826940061409,0.04154084048352783,0.011074093215656897,0.0002920484311976371,0.22596459899768487,0.003283130864708217,4안 (Seasonal Naive)
ELEC_3-13-2,1,random,baseline,0.18168519632687646,0.029540721100460295,0.09235728268461839,0.0008040865231214321,0.7791477944004732,0.025274939083546166,기존안 (대치+선형)
ELEC_3-13-2,1,random,pchip,0.18171071165030905,0.02980252335559974,0.09155855754050617,0.0007651986231966689,0.7789977062217104,0.025521590889616252,1안 (PCHIP)
ELEC_3-13-2,1,random,stl,0.1847772272183286,0.03747519946124169,0.0978498399700235,0.0019613449014141498,0.7902707758404836,0.027058573278105458,2안 (STL)
ELEC_3-13-2,1,random,mstl,0.18407606491240008,0.03936467140331157,0.08977524951892962,0.0020292515233659054,0.784007033533747,0.02485803540929432,3안 (MSTL)
ELEC_3-13-2,1,random,seasonal_naive,0.19125652695921022,0.047670368241888604,0.0725424803737271,0.0004995434009574106,0.7876236603113974,0.02999728222413489,4안 (Seasonal Naive)
ELEC_3-13-2,1,block_6h,baseline,0.03594080886322321,0.03503252333680547,0.011767604050015163,0.00024299440555022514,0.16243243243234,0.0028742521450141334,기존안 (대치+선형)
ELEC_3-13-2,1,block_6h,pchip,0.036804033128426374,0.035186375261182484,0.01168042451981926,0.00022757752738130092,0.16357668844879047,0.0029715230936533388,1안 (PCHIP)
ELEC_3-13-2,1,block_6h,stl,0.0350291837890705,0.037681035597958906,0.01152264996272128,0.0006917254521573942,0.16278124889796347,0.0024909915043547226,2안 (STL)
ELEC_3-13-2,1,block_6h,mstl,0.033338449131987025,0.03851764426094356,0.011033545669289765,0.0006713641496286116,0.15169416091905383,0.002443020541165297,3안 (MSTL)
ELEC_3-13-2,1,block_6h,seasonal_naive,0.0841625411531654,0.041541045746469676,0.011050944654816068,0.0003120780623164614,0.1500000000005457,0.003260389053528212,4안 (Seasonal Naive)
ELEC_3-13-2,1,block_24h,baseline,0.07501602638472153,0.0350201992962148,0.011916667788307442,0.00028725517713069345,,0.0029848465657159595,기존안 (대치+선형)
ELEC_3-13-2,1,block_24h,pchip,0.07525201972534988,0.035174047092536236,0.01183037401735198,0.00027662669765748455,,0.0030807311225221623,1안 (PCHIP)
ELEC_3-13-2,1,block_24h,stl,0.04948260437227867,0.03767837349477754,0.01156034494475099,0.0007350703636944894,,0.0025292662686817735,2안 (STL)
ELEC_3-13-2,1,block_24h,mstl,0.05298232507599528,0.03852394611122003,0.011062392373671721,0.0006558085899487649,,0.0024934714191869878,3안 (MSTL)
ELEC_3-13-2,1,block_24h,seasonal_naive,0.029890489424311658,0.04153564048900162,0.011088753253698763,0.00029989680632951945,,0.0033504042583741844,4안 (Seasonal Naive)
ELEC_3-13-2,2,random,baseline,0.039112159836279754,0.030367817589169562,0.012579258489753888,0.0006280963751493608,0.126361820140023,0.004309732460614946,기존안 (대치+선형)
ELEC_3-13-2,2,random,pchip,0.039372567469198,0.03063473425648701,0.012445926109877412,0.0005837430088958646,0.12602863110907636,0.004550175067419282,1안 (PCHIP)
ELEC_3-13-2,2,random,stl,0.05124807535978495,0.03826967399861083,0.013804371228834407,0.0017763620663068453,0.17986982559680784,0.0035790129451229724,2안 (STL)
ELEC_3-13-2,2,random,mstl,0.0549708363787732,0.04037843123883675,0.01092067991067362,0.0018031837237361217,0.1542007886795694,0.0035110042575416944,3안 (MSTL)
ELEC_3-13-2,2,random,seasonal_naive,0.07384220424090408,0.04868573559413106,0.013654445793619489,0.000243800238351019,0.18731436090040512,0.00500297673500294,4안 (Seasonal Naive)
ELEC_3-13-2,2,block_6h,baseline,0.010204368139614822,0.03503846486682449,0.01176988573892661,0.00024202767504190843,,0.0028748333588587416,기존안 (대치+선형)
ELEC_3-13-2,2,block_6h,pchip,0.010166137048081694,0.035192311247606765,0.011685132701276154,0.00022731574143801267,,0.0029714401296471182,1안 (PCHIP)
ELEC_3-13-2,2,block_6h,stl,0.017564051381215286,0.037683954656749216,0.011518104605254332,0.000687094586957121,,0.002486724623665948,2안 (STL)
ELEC_3-13-2,2,block_6h,mstl,0.017598201420408764,0.038521369376064415,0.011032019499433963,0.0006701304323772288,,0.0024337139680774555,3안 (MSTL)
ELEC_3-13-2,2,block_6h,seasonal_naive,0.04027298822083933,0.04154090890450855,0.011056432062186042,0.0003073887499243746,,0.0033160250147975523,4안 (Seasonal Naive)
ELEC_3-13-2,2,block_24h,baseline,0.046502688094358646,0.03500726489966655,0.011861706984515236,0.00025170266718874725,0.15216263698276977,0.0029721021873571063,기존안 (대치+선형)
ELEC_3-13-2,2,block_24h,pchip,0.06244810549728654,0.035161111280448826,0.011894201716999729,0.00025774372266622813,0.18195401720506754,0.0030796013478383566,1안 (PCHIP)
ELEC_3-13-2,2,block_24h,stl,0.03404405753364735,0.03767526296175913,0.011531125567741662,0.0007115211091015712,0.09504405064125279,0.0025269731747151747,2안 (STL)
ELEC_3-13-2,2,block_24h,mstl,0.09571541776453338,0.038551852496247714,0.010940830458708877,0.0007030379894945563,0.0912770411167629,0.0024786092187928377,3안 (MSTL)
ELEC_3-13-2,2,block_24h,seasonal_naive,0.054886246000252076,0.0415408404835279,0.011137320157587803,0.0002908682182048615,0.1170469991072031,0.0034153822642400966,4안 (Seasonal Naive)
ELEC_3-13-2,3,random,baseline,0.08321103712239943,0.030276252943548028,0.013531414622793017,0.0006878068633318405,0.2123386025282647,0.005433737687757345,기존안 (대치+선형)
ELEC_3-13-2,3,random,pchip,0.08732266682897662,0.030543807067466504,0.013632362476658446,0.0006448987901645744,0.21181210548941024,0.005886004521754362,1안 (PCHIP)
ELEC_3-13-2,3,random,stl,0.05163066711216995,0.038291712996960006,0.013839500933640314,0.001770400870645504,0.1841720549925403,0.004788410363558704,2안 (STL)
ELEC_3-13-2,3,random,mstl,0.05654450616296893,0.04028177350039839,0.011058962365878363,0.0018121537474978734,0.1671980900981194,0.004664300557355561,3안 (MSTL)
ELEC_3-13-2,3,random,seasonal_naive,0.0744925201120079,0.04864745405547426,0.01347357064205243,0.00022709669189960964,0.1946354636485313,0.008487168726224792,4안 (Seasonal Naive)
ELEC_3-13-2,3,block_6h,baseline,0.030584889004760644,0.03503438179857634,0.011780429908984447,0.00024170350564117207,0.10729729729697232,0.002873300154674796,기존안 (대치+선형)
ELEC_3-13-2,3,block_6h,pchip,0.029439869408878588,0.0351882392665481,0.01169370720729824,0.00022658611708335397,0.10597062365474108,0.0029676519433496917,1안 (PCHIP)
ELEC_3-13-2,3,block_6h,stl,0.03868583900533756,0.03768120836426541,0.011574319494181922,0.0006799799376902744,0.08632415803086421,0.0024947641565662426,2안 (STL)
ELEC_3-13-2,3,block_6h,mstl,0.02962361263378008,0.03851872758473953,0.011041069182082027,0.000671777730868568,0.10238302626760143,0.0024489500665760833,3안 (MSTL)
ELEC_3-13-2,3,block_6h,seasonal_naive,0.05562773089422288,0.04153016681055295,0.011057175110121425,0.0003147780641549299,0.04999999999972718,0.003326255319487159,4안 (Seasonal Naive)
ELEC_3-13-2,3,block_24h,baseline,0.056856595165294385,0.03501650456326185,0.011918385784948375,0.0002457923369964538,0.03114990032305263,0.0030049158566882728,기존안 (대치+선형)
ELEC_3-13-2,3,block_24h,pchip,0.05730636096964483,0.03517035235958329,0.011829706106838339,0.00022609360684048215,0.030194557586566233,0.0031048408080128764,1안 (PCHIP)
ELEC_3-13-2,3,block_24h,stl,0.026620094700207098,0.03767141023775932,0.01158099840069871,0.0006824863806315744,0.025326652410404448,0.002518800455054482,2안 (STL)
ELEC_3-13-2,3,block_24h,mstl,0.035190348498063025,0.038517828108389,0.01101677920784479,0.0006902977759225904,0.0394004425192908,0.002491409445912862,3안 (MSTL)
ELEC_3-13-2,3,block_24h,seasonal_naive,0.026868449531875036,0.04153201417702926,0.011079662296224788,0.00029568900239263304,0.037416573867796524,0.003367725688613321,4안 (Seasonal Naive)
ELEC_3-13-2,4,random,baseline,0.10297625918143283,0.03041919548105758,0.01846403305254667,0.0006538897067900175,0.11517158341590153,0.008007044731937252,기존안 (대치+선형)
ELEC_3-13-2,4,random,pchip,0.10793338721776909,0.03072381845636889,0.019129304781864906,0.0006061680771292415,0.11485920400073399,0.008955496825202358,1안 (PCHIP)
ELEC_3-13-2,4,random,stl,0.05061652597315105,0.038614085193492506,0.01403145132139503,0.0017643521047670983,0.17492430811293946,0.004074238509332306,2안 (STL)
ELEC_3-13-2,4,random,mstl,0.05985972031158913,0.040750498830183335,0.01104946486190021,0.001802668212212239,0.15001795490854797,0.004385723960747656,3안 (MSTL)
ELEC_3-13-2,4,random,seasonal_naive,0.0733719933165213,0.049090993062284975,0.01362064508981783,0.0003387858157175216,0.18058389410074147,0.008295123261851112,4안 (Seasonal Naive)
ELEC_3-13-2,4,block_6h,baseline,0.056233105570884324,0.03502657071149263,0.011832856238101142,0.00024907850254112386,,0.002968821539270583,기존안 (대치+선형)
ELEC_3-13-2,4,block_6h,pchip,0.05623429235404645,0.03518042263586963,0.011742822335372969,0.00023493288722631694,,0.003066158198102187,1안 (PCHIP)
ELEC_3-13-2,4,block_6h,stl,0.04899818308285362,0.03767129914415316,0.01159362547130809,0.000690030600862538,,0.0025089923349111976,2안 (STL)
ELEC_3-13-2,4,block_6h,mstl,0.049965866364700955,0.03851094970258788,0.011066856553196442,0.0006710898396956165,,0.002432388936882579,3안 (MSTL)
ELEC_3-13-2,4,block_6h,seasonal_naive,0.054797607409039883,0.04152154576699613,0.011086247060581958,0.00029630477857847475,,0.003298474714972799,4안 (Seasonal Naive)
ELEC_3-13-2,4,block_24h,baseline,0.04403281604541177,0.03501424383968873,0.011747178322609365,0.0002456098575804708,0.08176621726434648,0.0029444163763538977,기존안 (대치+선형)
ELEC_3-13-2,4,block_24h,pchip,0.04403281604541177,0.035168090220471,0.011663186534231049,0.00022742511006034144,0.08176621726434648,0.003040885229739776,1안 (PCHIP)
ELEC_3-13-2,4,block_24h,stl,0.041857469849432456,0.037677503856146814,0.011526276388124425,0.0007027686689816508,0.054942809209037345,0.0024651865908977832,2안 (STL)
ELEC_3-13-2,4,block_24h,mstl,0.0566833043759833,0.038517732646409675,0.011077872737068617,0.0006860761305185179,0.05568679557808922,0.002471464004754065,3안 (MSTL)
ELEC_3-13-2,4,block_24h,seasonal_naive,0.04643543905251551,0.04154391942765532,0.011090931621325286,0.00032124371410668516,0.029032002047026186,0.0033750867919402072,4안 (Seasonal Naive)
ELEC_3-13-2,5,random,baseline,0.0722066308492902,0.03043038366476797,0.013711193235437399,0.000602093373767365,0.12541742568982228,0.005895542857594083,기존안 (대치+선형)
ELEC_3-13-2,5,random,pchip,0.07225981174398607,0.030689252880010696,0.013719355216598306,0.0005636329747530758,0.12447202004334208,0.006042476545081166,1안 (PCHIP)
ELEC_3-13-2,5,random,stl,0.05228721140510786,0.03854822613893959,0.014625828867335221,0.0017715964686060746,0.18637535722939277,0.003223248950482316,2안 (STL)
ELEC_3-13-2,5,random,mstl,0.055575712685693314,0.0405802498607694,0.011261959263323898,0.0018107254047789925,0.16057378049757487,0.003952731969660839,3안 (MSTL)
ELEC_3-13-2,5,random,seasonal_naive,0.07470660789012748,0.04898018528418764,0.013770726296031361,0.0003286788693923029,0.19717834566707818,0.00613659657533161,4안 (Seasonal Naive)
ELEC_3-13-2,5,block_6h,baseline,0.24739802097250743,0.03503028763503359,0.012068722433635288,0.00022143953615105008,0.19882225667622636,0.00306757519691625,기존안 (대치+선형)
ELEC_3-13-2,5,block_6h,pchip,0.2621475405867399,0.0351842532031028,0.01196214670953006,0.00021640036985159328,0.2146801564395382,0.003155271203696408,1안 (PCHIP)
ELEC_3-13-2,5,block_6h,stl,0.0684552669214985,0.037698514439297406,0.011541327235282723,0.0006823658076173791,0.1904840340117207,0.002509301494032279,2안 (STL)
ELEC_3-13-2,5,block_6h,mstl,0.08786140808895121,0.038527825468683115,0.011069986298068327,0.0006610151275337651,0.1243712129230326,0.002498476257554172,3안 (MSTL)
ELEC_3-13-2,5,block_6h,seasonal_naive,0.0891818090290274,0.04154515100530625,0.011073278357711689,0.00030354684822930285,0.18402898322367126,0.0033638856526150285,4안 (Seasonal Naive)
ELEC_3-13-2,5,block_24h,baseline,0.04185697916692979,0.03500809727628583,0.011798292998274435,0.0002415909616127405,0.13353113944004055,0.0029570654196926505,기존안 (대치+선형)
ELEC_3-13-2,5,block_24h,pchip,0.04330084646468,0.03516194931922477,0.011727036900725,0.00022369255516070698,0.13682833675802256,0.0030740144119342228,1안 (PCHIP)
ELEC_3-13-2,5,block_24h,stl,0.03139417243462054,0.03766897299412692,0.011508879519219374,0.0007114202563835317,0.08893196408792745,0.0025124704976465795,2안 (STL)
ELEC_3-13-2,5,block_24h,mstl,0.09785422191115124,0.038551976702121425,0.010945945191515535,0.0007057375973683095,0.08414991345523488,0.0024790369736295004,3안 (MSTL)
ELEC_3-13-2,5,block_24h,seasonal_naive,0.0561434175423399,0.041541866798237036,0.011130067574942663,0.0002926129173980045,0.1170469991072031,0.0034229238018528285,4안 (Seasonal Naive)
ELEC_3-13-2,6,random,baseline,0.09910523004815384,0.03027661533038832,0.017463592706353868,0.0006522633912045865,0.11953313305215853,0.008916424878503526,기존안 (대치+선형)
ELEC_3-13-2,6,random,pchip,0.10361079165578382,0.03057114805545356,0.017926045376438146,0.0006138800219913772,0.11856868854169703,0.009589087229822879,1안 (PCHIP)
ELEC_3-13-2,6,random,stl,0.05138541008452177,0.03853358615367885,0.013907911588204752,0.0017381109747196615,0.18119912245995448,0.0037251069551974547,2안 (STL)
ELEC_3-13-2,6,random,mstl,0.06153398579197593,0.040530192594124236,0.012024338915416934,0.0018527577837601872,0.15458353715632422,0.004452571892477941,3안 (MSTL)
ELEC_3-13-2,6,random,seasonal_naive,0.14850214838370834,0.04927757707640868,0.03369437258279799,0.00035056727698679616,0.1902475693977773,0.01575888443359441,4안 (Seasonal Naive)
ELEC_3-13-2,6,block_6h,baseline,0.12462285446840599,0.0350265873544339,0.011799460966885897,0.00025159642159359904,0.24733362604232925,0.0029118075248606434,기존안 (대치+선형)
ELEC_3-13-2,6,block_6h,pchip,0.12311656211813433,0.03518044759420301,0.011706626625139835,0.00023514175920347075,0.244706159512788,0.0030087860395658916,1안 (PCHIP)
ELEC_3-13-2,6,block_6h,stl,0.11883796327703654,0.03767953121189426,0.011617663561474154,0.0007045863562400567,0.23660350371146474,0.0025626693129681133,2안 (STL)
ELEC_3-13-2,6,block_6h,mstl,0.12267716022763317,0.03853247061884025,0.011024092170797934,0.0006734480110258657,0.20871328332127734,0.0025070748453501768,3안 (MSTL)
ELEC_3-13-2,6,block_6h,seasonal_naive,0.0871142289691572,0.04154084048352813,0.01100583634857498,0.00029011628089540273,0.16996323131774596,0.003379835323148783,4안 (Seasonal Naive)
ELEC_3-13-2,6,block_24h,baseline,0.06454156046151675,0.034991262883842376,0.011925821695834195,0.00024617852851990026,0.2489862366007841,0.0029534175629074566,기존안 (대치+선형)
ELEC_3-13-2,6,block_24h,pchip,0.06740177511347452,0.03514511351124214,0.011859928136551548,0.0002291844198742954,0.25293639504762727,0.0030651753543322613,1안 (PCHIP)
ELEC_3-13-2,6,block_24h,stl,0.04951703375424399,0.037652042381263594,0.011595974970190064,0.0007053192432237179,0.214702418924308,0.002438382068226108,2안 (STL)
ELEC_3-13-2,6,block_24h,mstl,0.0494429142893549,0.03849767443327803,0.011047955771071349,0.0006723651726133731,0.21530920491202396,0.002417065186160694,3안 (MSTL)
ELEC_3-13-2,6,block_24h,seasonal_naive,0.06418289837990658,0.041540224694702296,0.011071873377924833,0.0002934339523124983,0.22596459899768487,0.00328781224491026,4안 (Seasonal Naive)
ELEC_3-13-2,7,random,baseline,0.038744343783859006,0.03044420107446128,0.012688450281541391,0.0005878354741853655,0.12633616262992373,0.003981423201088075,기존안 (대치+선형)
ELEC_3-13-2,7,random,pchip,0.038925134129495276,0.03070516985650946,0.012543915102826396,0.0005452196438786227,0.12556089046113095,0.004133396712599713,1안 (PCHIP)
ELEC_3-13-2,7,random,stl,0.05244144289822966,0.03842304591744723,0.013962409203188522,0.0017698559601946654,0.18860303294966127,0.00401544954198374,2안 (STL)
ELEC_3-13-2,7,random,mstl,0.05905161313083697,0.040663751131315824,0.011905075272521602,0.0018470277522876935,0.1632855663175894,0.0043859242270454235,3안 (MSTL)
ELEC_3-13-2,7,random,seasonal_naive,0.14951627984462132,0.04944337821766657,0.033739298773655634,0.0003848771552123664,0.19064024487481926,0.01615699869559195,4안 (Seasonal Naive)
ELEC_3-13-2,7,block_6h,baseline,0.02140872096447861,0.03503373827151533,0.011772155147234389,0.00024210977853317956,0.11432432432396838,0.0028531009788518302,기존안 (대치+선형)
ELEC_3-13-2,7,block_6h,pchip,0.021428173396605965,0.035187589679913416,0.01168538192337528,0.00022769297202075988,0.11501229012569966,0.00294695484273233,1안 (PCHIP)
ELEC_3-13-2,7,block_6h,stl,0.023956939394580726,0.037678186360496635,0.011524745356354851,0.0006875236999894627,0.11467639951747682,0.002474662568963004,2안 (STL)
ELEC_3-13-2,7,block_6h,mstl,0.024971525243192225,0.03851665864130585,0.01103891335288854,0.0006678136567830786,0.11564512479469,0.002413007334560402,3안 (MSTL)
ELEC_3-13-2,7,block_6h,seasonal_naive,0.04209776980106901,0.04153919837999351,0.011073297455706272,0.00030143624679412364,0.12000000000080031,0.0033121723770781486,4안 (Seasonal Naive)
ELEC_3-13-2,7,block_24h,baseline,0.08071534225367998,0.03498203171388598,0.012050999525420172,0.0002532061126996563,0.23338223338330608,0.0029462412079579448,기존안 (대치+선형)
ELEC_3-13-2,7,block_24h,pchip,0.08484403040223562,0.03513588517236408,0.012000023897834531,0.0002362673299558523,0.23616454142735896,0.003070432316430005,1안 (PCHIP)
ELEC_3-13-2,7,block_24h,stl,0.06410085489851801,0.03764957606575154,0.011586516922413902,0.0007182963986557031,0.24285812325816294,0.00240386761598943,2안 (STL)
ELEC_3-13-2,7,block_24h,mstl,0.06087734576337807,0.03848814968398988,0.011048397239912657,0.0006867711035681411,0.24530108863563338,0.0023752247195570897,3안 (MSTL)
ELEC_3-13-2,7,block_24h,seasonal_naive,0.07301065371268993,0.041531603651145464,0.011067263392316616,0.00028551444623649405,0.24602555035748552,0.0033114394525479707,4안 (Seasonal Naive)
ELEC_3-13-2,8,random,baseline,0.08748381622250774,0.030085952879598473,0.01989930838556608,0.0006438635483092125,0.3549044410188582,0.008087804511887065,기존안 (대치+선형)
ELEC_3-13-2,8,random,pchip,0.08763070257239232,0.030352087836149483,0.01957575992086553,0.0005960137393443665,0.35499881563587565,0.008146899919789674,1안 (PCHIP)
ELEC_3-13-2,8,random,stl,0.0938256559314605,0.03820787146561858,0.02206185220104269,0.0018564849430468982,0.378151892979318,0.008456049905349428,2안 (STL)
ELEC_3-13-2,8,random,mstl,0.09436049435427353,0.04020238099159135,0.016702883776881422,0.0018788356071767584,0.36934988058092333,0.007864478212957327,3안 (MSTL)
ELEC_3-13-2,8,random,seasonal_naive,0.10615484601884889,0.04814007827376646,0.013719469099400756,0.00030473619141630664,0.37862853071337854,0.011595653042876242,4안 (Seasonal Naive)
ELEC_3-13-2,8,block_6h,baseline,0.030665785337993287,0.03503251224151143,0.011796570113166873,0.0002441965756078087,,0.002903278675533749,기존안 (대치+선형)
ELEC_3-13-2,8,block_6h,pchip,0.029363200916406873,0.035186358622293704,0.011706085925698387,0.00022926434703341385,,0.00299748702876923,1안 (PCHIP)
ELEC_3-13-2,8,block_6h,stl,0.03099529870199384,0.037678844576714846,0.011530383471103479,0.0006876044188500485,,0.002475039346687802,2안 (STL)
ELEC_3-13-2,8,block_6h,mstl,0.029182384573653405,0.0385155979132953,0.01104204035883804,0.0006681864018879623,,0.0024310123129344108,3안 (MSTL)
ELEC_3-13-2,8,block_6h,seasonal_naive,0.07369230323140327,0.04153119312526206,0.011066295153083428,0.0003223726371141674,,0.0033014340321739777,4안 (Seasonal Naive)
ELEC_3-13-2,8,block_24h,baseline,0.04562769962623278,0.035008102938711816,0.011877977193411823,0.0002417739820084322,0.1380453893773578,0.002996948944377742,기존안 (대치+선형)
ELEC_3-13-2,8,block_24h,pchip,0.05120237589189106,0.03516195781272908,0.01183255781276065,0.00022826104802573327,0.14645106893702126,0.003125095309358894,1안 (PCHIP)
ELEC_3-13-2,8,block_24h,stl,0.02897149512379758,0.03767057035063136,0.011536133309560319,0.0007066215714137149,0.08888921104391824,0.0025166450557937425,2안 (STL)
ELEC_3-13-2,8,block_24h,mstl,0.09506846776466231,0.038554566240544284,0.010970327087226584,0.0006969523007056903,0.08612188212555737,0.002480426314899975,3안 (MSTL)
ELEC_3-13-2,8,block_24h,seasonal_naive,0.06124291342224541,0.0415416615352952,0.011105000717825442,0.00030287491985542074,0.1170469991072031,0.003445619783295273,4안 (Seasonal Naive)
ELEC_3-13-2,9,random,baseline,0.07434932155018718,0.030457388492799532,0.01376433770769761,0.0006103091153389595,0.12414121934889562,0.006838150851322111,기존안 (대치+선형)
ELEC_3-13-2,9,random,pchip,0.0744094191056642,0.030711767732320285,0.013825380445437623,0.0005696849658699316,0.12336323362982407,0.006949187746638663,1안 (PCHIP)
ELEC_3-13-2,9,random,stl,0.04944525513873342,0.038482605601168236,0.01350762013626527,0.0017003474599443175,0.1744516250718218,0.004087438893841,2안 (STL)
ELEC_3-13-2,9,random,mstl,0.05709599275672685,0.04053795926855342,0.012301224050134611,0.0017824750756403709,0.15850072044490024,0.004664474538118357,3안 (MSTL)
ELEC_3-13-2,9,random,seasonal_naive,0.07443241001661183,0.04897026424199676,0.01447625825867114,0.00043351768071517527,0.17776218020872953,0.007409580207999311,4안 (Seasonal Naive)
ELEC_3-13-2,9,block_6h,baseline,0.040255378466983203,0.03503764381505694,0.011786975070902934,0.0002438470382652214,,0.002879901081324965,기존안 (대치+선형)
ELEC_3-13-2,9,block_6h,pchip,0.0404307054075243,0.03519149019583921,0.011697804288325259,0.000227881141349563,,0.0029758969787564427,1안 (PCHIP)
ELEC_3-13-2,9,block_6h,stl,0.04420235808715692,0.03767821500686614,0.011503622107071796,0.0006870984329791611,,0.0024869789365095096,2안 (STL)
ELEC_3-13-2,9,block_6h,mstl,0.07745685552928935,0.03852860024458123,0.011061492556196954,0.0006820328359883926,,0.0025120709571853084,3안 (MSTL)
ELEC_3-13-2,9,block_6h,seasonal_naive,0.1843850305911706,0.04157689834030899,0.011260056203744314,0.0003221561736924058,,0.003409670961111333,4안 (Seasonal Naive)
ELEC_3-13-2,9,block_24h,baseline,0.0438985573035554,0.03501444910263056,0.011748164731292187,0.000245370389063655,0.08176621726434648,0.0029444895797892112,기존안 (대치+선형)
ELEC_3-13-2,9,block_24h,pchip,0.0438985573035554,0.03516829548341283,0.011664320410077896,0.00022730022950552986,0.08176621726434648,0.003040742261353868,1안 (PCHIP)
ELEC_3-13-2,9,block_24h,stl,0.042729059356185886,0.03767856442663458,0.011534353650132929,0.000699702332222514,0.05501728455998655,0.002457156053765397,2안 (STL)
ELEC_3-13-2,9,block_24h,mstl,0.056733798455881355,0.038518989654192,0.01105980384245175,0.0006852705598263911,0.05568349289913307,0.0024631357592921344,3안 (MSTL)
ELEC_3-13-2,9,block_24h,seasonal_naive,0.049152540343528055,0.04154145627235336,0.011059321941258877,0.0003323276854525689,0.029032002047026186,0.003335608875123741,4안 (Seasonal Naive)
ELEC_3-10-5,0,random,baseline,0.07433601020406075,0.03079864878343174,0.01801003214008056,0.0006403364000557768,0.29556188275324563,0.00913960555883786,기존안 (대치+선형)
ELEC_3-10-5,0,random,pchip,0.07238449527426642,0.031065217614416593,0.01804932860023076,0.000577169004027135,0.29542435724392924,0.009747234130827565,1안 (PCHIP)
ELEC_3-10-5,0,random,stl,0.07252827030025766,0.03631749684807786,0.010779649923641567,0.0014508503963061108,0.3033081467426198,0.0052224043238146,2안 (STL)
ELEC_3-10-5,0,random,mstl,0.07694286604776172,0.03747144517295568,0.011930322654732463,0.001376855425096264,0.31232095134712456,0.0055650170002392585,3안 (MSTL)
ELEC_3-10-5,0,random,seasonal_naive,0.08033236326250924,0.04295322057562282,0.011528499750710089,0.00046802078396257935,0.3070719742984185,0.005673335648313738,4안 (Seasonal Naive)
ELEC_3-10-5,0,block_6h,baseline,0.022298480267053618,0.03557172033811007,0.013629129784597118,0.00033157024781489024,,0.004432704076952065,기존안 (대치+선형)
ELEC_3-10-5,0,block_6h,pchip,0.022298480267053618,0.03575560278059693,0.013667385201153954,0.0002951044453391919,,0.0047794901191400285,1안 (PCHIP)
ELEC_3-10-5,0,block_6h,stl,0.02432739291068922,0.037568681840544696,0.010356912049375415,0.0005307391172371058,,0.0014335598987751386,2안 (STL)
ELEC_3-10-5,0,block_6h,mstl,0.02359382173805272,0.038009029514037916,0.010789964561354422,0.0005987066712786285,,0.0017035740268375177,3안 (MSTL)
ELEC_3-10-5,0,block_6h,seasonal_naive,0.04972144630062628,0.040177928760150534,0.010647775864889205,0.00038110352073273453,,0.0020842415981952023,4안 (Seasonal Naive)
ELEC_3-10-5,0,block_24h,baseline,0.043936779729800764,0.03554421510390505,0.013620905950557212,0.0003719997188427676,0.10736543914760918,0.004446476039977831,기존안 (대치+선형)
ELEC_3-10-5,0,block_24h,pchip,0.05060251994293562,0.03572809754639191,0.013678841151661151,0.0003386227695503965,0.09944097856375922,0.004791271915385975,1안 (PCHIP)
ELEC_3-10-5,0,block_24h,stl,0.030924235088875304,0.03756002342603927,0.010346452344614267,0.000537876663104168,0.10111710100119474,0.001476491659951229,2안 (STL)
ELEC_3-10-5,0,block_24h,mstl,0.03287102421866116,0.03800433722603221,0.01078506077593831,0.0006272365934882002,0.08771016801027934,0.0017281572855289973,3안 (MSTL)
ELEC_3-10-5,0,block_24h,seasonal_naive,0.03575572992153741,0.04017464455308123,0.010645635141247656,0.0003851060659409663,0.07260460434040741,0.002139750548634689,4안 (Seasonal Naive)
ELEC_3-10-5,1,random,baseline,0.07105579873000355,0.03084110326882175,0.015048425435265068,0.0006017007070263299,0.3014067549494926,0.007846256886588576,기존안 (대치+선형)
ELEC_3-10-5,1,random,pchip,0.07127311054940012,0.03112084574135475,0.014994094518488396,0.0005383119130667293,0.301450087063959,0.008189556497480543,1안 (PCHIP)
ELEC_3-10-5,1,random,stl,0.07256511226095641,0.03632077791750482,0.010693643750335246,0.0014325777973025907,0.30874965693730777,0.005098682818448053,2안 (STL)
ELEC_3-10-5,1,random,mstl,0.08479944670010439,0.03770660529761212,0.010875437619163828,0.0013565590376481626,0.30494677724142366,0.00848595734917068,3안 (MSTL)
ELEC_3-10-5,1,random,seasonal_naive,0.08003843960346851,0.042923645606756856,0.011414984977758494,0.0004201666681109421,0.31060575343341124,0.005656850258598967,4안 (Seasonal Naive)
ELEC_3-10-5,1,block_6h,baseline,0.01707605316242523,0.03557520980812084,0.013631966721318995,0.0003326529413789337,,0.004428504320279969,기존안 (대치+선형)
ELEC_3-10-5,1,block_6h,pchip,0.018583117509025502,0.0357590922506077,0.013671026933873676,0.00029628685259388714,,0.004774841423548892,1안 (PCHIP)
ELEC_3-10-5,1,block_6h,stl,0.021117777744259426,0.03757271649906568,0.01034905557706585,0.0005313259025040633,,0.0014280699870035107,2안 (STL)
ELEC_3-10-5,1,block_6h,mstl,0.03924242786352333,0.03801745721449721,0.010788660620669913,0.0006085402361339286,,0.0016936354984459223,3안 (MSTL)
ELEC_3-10-5,1,block_6h,seasonal_naive,0.040111726680532984,0.040184497174288625,0.010641688931088153,0.0003866455064056637,,0.0020815419599099494,4안 (Seasonal Naive)
ELEC_3-10-5,1,block_24h,baseline,0.057638721552653524,0.035537441426824724,0.013607301166477013,0.00033679535894314114,0.1909333798882966,0.004427535766481805,기존안 (대치+선형)
ELEC_3-10-5,1,block_24h,pchip,0.057638721552653524,0.035721323869311594,0.013648394010462382,0.00029994401890148467,0.1909333798882966,0.004772406422955289,1안 (PCHIP)
ELEC_3-10-5,1,block_24h,stl,0.04498110237325078,0.037555134017501844,0.01033175961835758,0.0005485069644699359,0.16256819773226475,0.001451939671049951,2안 (STL)
ELEC_3-10-5,1,block_24h,mstl,0.042072862868050655,0.03799275459102391,0.010767248474176084,0.000619893409399291,0.14242542614716844,0.0017341611000556423,3안 (MSTL)
ELEC_3-10-5,1,block_24h,seasonal_naive,0.04586362635271618,0.04016376561716433,0.010627588201088726,0.00037325897090589416,0.1469315789368693,0.0021287787166064387,4안 (Seasonal Naive)
ELEC_3-10-5,2,random,baseline,0.09805752851194165,0.030690126999171972,0.017057813570975622,0.0006418942475437037,0.4283762909437912,0.010249689685173147,기존안 (대치+선형)
ELEC_3-10-5,2,random,pchip,0.09819574022162546,0.030963856418927765,0.016925273846310977,0.0005759562903319998,0.42826145243437774,0.0105051223413134,1안 (PCHIP)
ELEC_3-10-5,2,random,stl,0.09944340704237957,0.03623971237548869,0.012244526949674647,0.0015191368582976998,0.4344625711326344,0.007863880057628059,2안 (STL)
ELEC_3-10-5,2,random,mstl,0.10171775292187461,0.037188603889036685,0.01283275806968373,0.0013749765842022556,0.43051909402316857,0.007962660572541691,3안 (MSTL)
ELEC_3-10-5,2,random,seasonal_naive,0.10369488918477951,0.042835570699467466,0.012614053431825083,0.0004593658475733593,0.43166178711433234,0.008617065464944229,4안 (Seasonal Naive)
ELEC_3-10-5,2,block_6h,baseline,0.026672296702992013,0.035568846656924544,0.013627903579677782,0.00033291922297300404,0.08573192799060118,0.004429263217468171,기존안 (대치+선형)
ELEC_3-10-5,2,block_6h,pchip,0.02433792935556771,0.0357527290994114,0.0136687903578525,0.00029918855300345714,0.07253741967343093,0.004774356757207943,1안 (PCHIP)
ELEC_3-10-5,2,block_6h,stl,0.03185179272631415,0.03756480236865731,0.010355862145510014,0.0005355288837977556,0.09275282129790645,0.001433966788779495,2안 (STL)
ELEC_3-10-5,2,block_6h,mstl,0.03290914005943056,0.03800676865992761,0.010791029514692189,0.0005925474796254626,0.10127031365574328,0.0016921587244408398,3안 (MSTL)
ELEC_3-10-5,2,block_6h,seasonal_naive,0.050359816432440946,0.04017806560211175,0.010653204988465734,0.000367453815279002,0.11045361017177209,0.002085836308122979,4안 (Seasonal Naive)
ELEC_3-10-5,2,block_24h,baseline,0.08172909881961989,0.03553867866690167,0.013728940372854355,0.0003760198724400225,0.1328085451234627,0.004474976216580995,기존안 (대치+선형)
ELEC_3-10-5,2,block_24h,pchip,0.08255615560816579,0.03572256394046686,0.013770354972315957,0.00033881007028065417,0.13433676053571286,0.0048218059701816696,1안 (PCHIP)
ELEC_3-10-5,2,block_24h,stl,0.047370171945073335,0.03755809594258711,0.010331977879317203,0.0005277766944487502,0.14205150869856845,0.001469788000269756,2안 (STL)
ELEC_3-10-5,2,block_24h,mstl,0.048787396488184295,0.03799655382838527,0.010783296322899387,0.0006409121597366393,0.12575249745079226,0.0017412327196492106,3안 (MSTL)
ELEC_3-10-5,2,block_24h,seasonal_naive,0.04603742438977005,0.040164997194815304,0.010629661837904546,0.0003754141875564858,0.1469315789368693,0.002142886826892454,4안 (Seasonal Naive)
ELEC_3-10-5,3,random,baseline,0.11599555473300897,0.030450649901627373,0.0297025104891292,0.000764033179662116,0.20751952459729744,0.012133469568120892,기존안 (대치+선형)
ELEC_3-10-5,3,random,pchip,0.11614614351421948,0.03072305917257723,0.029857835702564804,0.0007083850928040559,0.20746285572913695,0.012493029315856052,1안 (PCHIP)
ELEC_3-10-5,3,random,stl,0.06245083063990556,0.036197140274107246,0.010728847468643412,0.0014219408508418523,0.2171469168823965,0.003461967072848404,2안 (STL)
ELEC_3-10-5,3,random,mstl,0.06768113139256124,0.037527695932867,0.014695227726662312,0.0014006269660010611,0.22105542667818612,0.005657022056566818,3안 (MSTL)
ELEC_3-10-5,3,random,seasonal_naive,0.11280455494484637,0.04318759664470038,0.0170477709526475,0.0004198737519472532,0.2203899121150516,0.008234560866545837,4안 (Seasonal Naive)
ELEC_3-10-5,3,block_6h,baseline,0.018929694485973682,0.03557500454517933,0.013628424007308763,0.0003336228351017053,,0.004429305632121183,기존안 (대치+선형)
ELEC_3-10-5,3,block_6h,pchip,0.018929694485973682,0.035758886987666196,0.013667177701587957,0.0002975877086996403,,0.0047761542072131125,1안 (PCHIP)
ELEC_3-10-5,3,block_6h,stl,0.026745432130815604,0.03756966186256713,0.010361132065401069,0.0005329910257145321,,0.0014281596595367985,2안 (STL)
ELEC_3-10-5,3,block_6h,mstl,0.025571243507880138,0.03801279723752338,0.010792815636165864,0.0006004204751567182,,0.0016882744066315514,3안 (MSTL)
ELEC_3-10-5,3,block_6h,seasonal_naive,0.056786365951914435,0.0401836761225217,0.010658878496423467,0.0003892112405135082,,0.002053735766266551,4안 (Seasonal Naive)
ELEC_3-10-5,3,block_24h,baseline,0.08172909881961989,0.03553867866690167,0.013728940372854355,0.0003760198724400225,0.1328085451234627,0.004474976216580995,기존안 (대치+선형)
ELEC_3-10-5,3,block_24h,pchip,0.08255615560816579,0.03572256394046686,0.013770354972315957,0.00033881007028065417,0.13433676053571286,0.0048218059701816696,1안 (PCHIP)
ELEC_3-10-5,3,block_24h,stl,0.047370171945073335,0.03755809594258711,0.010331977879317203,0.0005277766944487502,0.14205150869856845,0.001469788000269756,2안 (STL)
ELEC_3-10-5,3,block_24h,mstl,0.048787396488184295,0.03799655382838527,0.010783296322899387,0.0006409121597366393,0.12575249745079226,0.0017412327196492106,3안 (MSTL)
ELEC_3-10-5,3,block_24h,seasonal_naive,0.04603742438977005,0.040164997194815304,0.010629661837904546,0.0003754141875564858,0.1469315789368693,0.002142886826892454,4안 (Seasonal Naive)
ELEC_3-10-5,4,random,baseline,0.09153006731232718,0.030910304981688768,0.024871874275185016,0.0007677269332360994,0.08751310833981052,0.0089307406367104,기존안 (대치+선형)
ELEC_3-10-5,4,random,pchip,0.09651770973208575,0.03121131584614793,0.02491560437938558,0.0007076141787022041,0.08742877776104241,0.009616240852554525,1안 (PCHIP)
ELEC_3-10-5,4,random,stl,0.038623193376407954,0.0366387583854029,0.01029947019464166,0.0014029907228963964,0.11364104808416674,0.002101796194862615,2안 (STL)
ELEC_3-10-5,4,random,mstl,0.04582365269486155,0.03768176545594551,0.011584329545390145,0.0013361641598378983,0.10366197134746243,0.002989351321410205,3안 (MSTL)
ELEC_3-10-5,4,random,seasonal_naive,0.048236075837325594,0.04361228567134448,0.011069586218590582,0.0004343633184052577,0.11716948510336365,0.0027649485026408627,4안 (Seasonal Naive)
ELEC_3-10-5,4,block_6h,baseline,0.01999013563440844,0.03557586770216553,0.013622906748192502,0.0003367287924557496,,0.004421310366298337,기존안 (대치+선형)
ELEC_3-10-5,4,block_6h,pchip,0.0179417727193019,0.03575977118342052,0.013664197153829279,0.0002998291192452584,,0.004766741072862346,1안 (PCHIP)
ELEC_3-10-5,4,block_6h,stl,0.021833099313673776,0.03757793685690268,0.010351922366834946,0.0005315896719877134,,0.001435768594605591,2안 (STL)
ELEC_3-10-5,4,block_6h,mstl,0.01516329921011908,0.03801160676003968,0.010786301789179893,0.0005998968813195274,,0.001697198985157744,3안 (MSTL)
ELEC_3-10-5,4,block_6h,seasonal_naive,0.021408720964431253,0.040180734020355525,0.010650349891992292,0.00037710097552449013,,0.002094955214172911,4안 (Seasonal Naive)
ELEC_3-10-5,4,block_24h,baseline,0.052316821467191195,0.035537449920463725,0.01369283947758928,0.0003554070235766566,0.1428155530876641,0.004406260235030324,기존안 (대치+선형)
ELEC_3-10-5,4,block_24h,pchip,0.054645630555670115,0.035721336609568076,0.01375046960522059,0.00031712147443740686,0.1464448500622392,0.0047444308517348155,1안 (PCHIP)
ELEC_3-10-5,4,block_24h,stl,0.044395541458303024,0.037551028821393016,0.010356566185537711,0.0005523645868104089,0.10159583094865492,0.0014751480450048149,2안 (STL)
ELEC_3-10-5,4,block_24h,mstl,0.03586921521581017,0.037998889518998956,0.010814918034470902,0.0006143519328791321,0.10223510868129057,0.0017001006006971409,3안 (MSTL)
ELEC_3-10-5,4,block_24h,seasonal_naive,0.047257339883234606,0.040169102453651885,0.010625291623340988,0.0003623223470633152,0.10857664983270328,0.0021346709532790165,4안 (Seasonal Naive)
ELEC_3-10-5,5,random,baseline,0.029865030562027838,0.031074560297511992,0.014013314463660312,0.0006514051013496637,0.08705160263590347,0.005501574887586846,기존안 (대치+선형)
ELEC_3-10-5,5,random,pchip,0.030329058381236944,0.03134888423441828,0.014054227635011554,0.0005920098045416008,0.08686063200466883,0.0058765552755015715,1안 (PCHIP)
ELEC_3-10-5,5,random,stl,0.033855235834542786,0.03652977509718605,0.01036279275369258,0.0014036209022902477,0.10982550274657955,0.0026122752995081377,2안 (STL)
ELEC_3-10-5,5,random,mstl,0.042900645555577904,0.03785245277432829,0.011339839265073773,0.0013184385449855546,0.10503825785005506,0.0031053020457848524,3안 (MSTL)
ELEC_3-10-5,5,random,seasonal_naive,0.10489714906520607,0.04358525938400237,0.016935136172908163,0.00046363284745627004,0.11625611709163627,0.0069728265328706796,4안 (Seasonal Naive)
ELEC_3-10-5,5,block_6h,baseline,0.03706479190287644,0.03556987297163365,0.013623878666271759,0.0003377428030961925,0.10714946586476208,0.004400186801784112,기존안 (대치+선형)
ELEC_3-10-5,5,block_6h,pchip,0.0391891706594157,0.035753755414120514,0.013660987037321725,0.0002990592557794541,0.1168962426574382,0.004750374509750133,1안 (PCHIP)
ELEC_3-10-5,5,block_6h,stl,0.03742284025762149,0.03756383112384662,0.01035046138532138,0.0005366271894214626,0.10862932626819695,0.001400667260750943,2안 (STL)
ELEC_3-10-5,5,block_6h,mstl,0.03739038223112604,0.03800844519979111,0.010786800889516095,0.0006050244055346856,0.07967459814977217,0.001668471194458454,3안 (MSTL)
ELEC_3-10-5,5,block_6h,seasonal_naive,0.053333333333412725,0.04018134980918095,0.010645093369067864,0.0003815140381899877,0.07874007874029677,0.0020710313838123717,4안 (Seasonal Naive)
ELEC_3-10-5,5,block_24h,baseline,0.05897833065281283,0.0355372375794894,0.013607199980017025,0.00033760483330712364,0.19462382183427285,0.004431411577986766,기존안 (대치+선형)
ELEC_3-10-5,5,block_24h,pchip,0.058758150116182795,0.03572112072974584,0.013647149613031874,0.00029859793285879233,0.19429372073169493,0.004777000892668193,1안 (PCHIP)
ELEC_3-10-5,5,block_24h,stl,0.045565478634507564,0.037554751031890925,0.010333397319247775,0.0005469161557824779,0.16366206053816693,0.001456186685252936,2안 (STL)
ELEC_3-10-5,5,block_24h,mstl,0.0419688668772644,0.0379926116372182,0.010766409107384755,0.0006181672908712276,0.14342538332734445,0.0017341399359401821,3안 (MSTL)
ELEC_3-10-5,5,block_24h,seasonal_naive,0.04585605497398466,0.04016376561716433,0.010628049222591538,0.0003729510828129531,0.1469315789368693,0.0021297856373014845,4안 (Seasonal Naive)
ELEC_3-10-5,6,random,baseline,0.07139210386080198,0.030902909814035647,0.02032387643987501,0.0007320635816116535,0.08749526436347735,0.007202277689206116,기존안 (대치+선형)
ELEC_3-10-5,6,random,pchip,0.07158306698950985,0.031179095293291284,0.020427044500732208,0.0006720957669851461,0.08712912887852264,0.007428926844698536,1안 (PCHIP)
ELEC_3-10-5,6,random,stl,0.0468667706070901,0.03683870361078878,0.011298726804515016,0.0014249164085930722,0.13257454250255093,0.003500413462880436,2안 (STL)
ELEC_3-10-5,6,random,mstl,0.05043578368593471,0.037863625268479535,0.0141963247100255,0.001358067390365582,0.10217605084873184,0.0031696740293174486,3안 (MSTL)
ELEC_3-10-5,6,random,seasonal_naive,0.1860217658205983,0.04384358279629463,0.030171440980126123,0.0005514776208896024,0.11913839797227108,0.015760990463065006,4안 (Seasonal Naive)
ELEC_3-10-5,6,block_6h,baseline,0.028041689256181623,0.03557358989517469,0.013629343418105391,0.00033210928312482727,,0.0044401996715955905,기존안 (대치+선형)
ELEC_3-10-5,6,block_6h,pchip,0.02970772073107792,0.03575748342485103,0.013667734584515676,0.0002965167059108227,,0.004789289947193742,1안 (PCHIP)
ELEC_3-10-5,6,block_6h,stl,0.032686902285369586,0.03757352310930511,0.01035858876229567,0.0005291614750897868,,0.001427741880421829,2안 (STL)
ELEC_3-10-5,6,block_6h,mstl,0.02897999391423139,0.038012119671761074,0.010792132243878634,0.0005973166978186339,,0.0017046450427521398,3안 (MSTL)
ELEC_3-10-5,6,block_6h,seasonal_naive,0.048074017006242635,0.04018422349036646,0.010649187717783368,0.00037915356281076893,,0.002068112030959246,4안 (Seasonal Naive)
ELEC_3-10-5,6,block_24h,baseline,0.06883837058188486,0.035542386140313076,0.013766632626220384,0.00035674834408562923,0.12355254698638693,0.004410413150271908,기존안 (대치+선형)
ELEC_3-10-5,6,block_24h,pchip,0.07516180927000315,0.035726277783804515,0.013852157756805554,0.0003114709182962184,0.12935544854554154,0.004760174889905877,1안 (PCHIP)
ELEC_3-10-5,6,block_24h,stl,0.04136283656496493,0.03755920737364585,0.010371856114150308,0.0005465906474365833,0.12391631172201303,0.0014925812166753927,2안 (STL)
ELEC_3-10-5,6,block_24h,mstl,0.03835449083682035,0.03800508842316069,0.010844140945438327,0.0006278763189173837,0.09312893079619577,0.001698856384473646,3안 (MSTL)
ELEC_3-10-5,6,block_24h,seasonal_naive,0.03828297819858129,0.04017532876288735,0.010630333163627785,0.00037905093344645346,0.10706306552683473,0.0021486323823993736,4안 (Seasonal Naive)
ELEC_3-10-5,7,random,baseline,0.09957507274433702,0.03064610298536193,0.01756332835992717,0.0006289799074783122,0.42655969347810485,0.010718505985179094,기존안 (대치+선형)
ELEC_3-10-5,7,random,pchip,0.09974313302670365,0.030930525460137418,0.017431477076150705,0.0005639753633305027,0.4265560011051521,0.01105207633127503,1안 (PCHIP)
ELEC_3-10-5,7,random,stl,0.1004778872604008,0.03626456390945895,0.01248635650536705,0.0014479790209322595,0.43165365576839787,0.007201163409010003,2안 (STL)
ELEC_3-10-5,7,random,mstl,0.1065976825838307,0.03756390918478246,0.015318621669052861,0.0013941262993439104,0.43177640956021557,0.009188383593372151,3안 (MSTL)
ELEC_3-10-5,7,random,seasonal_naive,0.10328465022773546,0.04290330747027076,0.012978550277419678,0.0005412399423847388,0.4292674638911657,0.008306096399572138,4안 (Seasonal Naive)
ELEC_3-10-5,7,block_6h,baseline,0.014701739391577347,0.03557746215283416,0.013633557369075885,0.000333371346929284,,0.004428397798546202,기존안 (대치+선형)
ELEC_3-10-5,7,block_6h,pchip,0.014986972940648033,0.03576134952539539,0.013672169281943902,0.0002973229376460294,,0.004774367580125283,1안 (PCHIP)
ELEC_3-10-5,7,block_6h,stl,0.01590057520735678,0.037572876900025386,0.010358153508375762,0.0005307425574628273,,0.0014348664217215257,2안 (STL)
ELEC_3-10-5,7,block_6h,mstl,0.022213182432338215,0.038014291573197564,0.010784660751319803,0.0006001913480975034,,0.0016980292531283414,3안 (MSTL)
ELEC_3-10-5,7,block_6h,seasonal_naive,0.029154759474212987,0.04018114454623897,0.010639665623224595,0.0003820271850115486,,0.0020885823252974056,4안 (Seasonal Naive)
ELEC_3-10-5,7,block_24h,baseline,0.04440188934920405,0.035544830892730535,0.01362903293866636,0.00034247186962624206,0.14342743312018025,0.004440912567102662,기존안 (대치+선형)
ELEC_3-10-5,7,block_24h,pchip,0.04440188934920405,0.03572871333521739,0.013670252196593038,0.00030543541398668115,0.14342743312018025,0.004784639035011362,1안 (PCHIP)
ELEC_3-10-5,7,block_24h,stl,0.03061225831762419,0.03756163328469238,0.01034613487194796,0.0005426388209466613,0.09850482088536773,0.0014709165143695913,2안 (STL)
ELEC_3-10-5,7,block_24h,mstl,0.03305765429071894,0.03800713541880292,0.010780757940916527,0.0006214553675704484,0.10000705559663568,0.0017267666009175286,3안 (MSTL)
ELEC_3-10-5,7,block_24h,seasonal_naive,0.03716517186829209,0.040177518234266824,0.010645036516279432,0.0003880823175060632,0.07260460434040741,0.0021423408257560395,4안 (Seasonal Naive)
ELEC_3-10-5,8,random,baseline,0.0699097077881703,0.030711429627123536,0.017332487354565853,0.0006223299687903886,0.20443403575990757,0.007398315175525694,기존안 (대치+선형)
ELEC_3-10-5,8,random,pchip,0.07016345488914671,0.030991283499951564,0.01744217496764594,0.0005574198238614507,0.20453463487269175,0.007694968445066008,1안 (PCHIP)
ELEC_3-10-5,8,random,stl,0.05450293005363186,0.03635379050992495,0.010699960035372845,0.001436337208650345,0.21698960847231963,0.003808490191742453,2안 (STL)
ELEC_3-10-5,8,random,mstl,0.06610207762211062,0.03759216004106993,0.011438757469767497,0.0013396115094811655,0.21010026158095396,0.00438814315341074,3안 (MSTL)
ELEC_3-10-5,8,random,seasonal_naive,0.06346228036908007,0.042896602214170555,0.011177073996968745,0.0003340938282878335,0.22106453172491808,0.004153833106470217,4안 (Seasonal Naive)
ELEC_3-10-5,8,block_6h,baseline,0.026563708902000112,0.035577262437539475,0.01361641712920154,0.0003381627803398451,,0.0044213102404329074,기존안 (대치+선형)
ELEC_3-10-5,8,block_6h,pchip,0.024227989273153415,0.03576114488002633,0.013656757683491857,0.0003010206870581736,,0.004767957418107871,1안 (PCHIP)
ELEC_3-10-5,8,block_6h,stl,0.020955730451437466,0.037572543727382564,0.010343528946042508,0.0005338229195050272,,0.0014348244767901086,2안 (STL)
ELEC_3-10-5,8,block_6h,mstl,0.021950163926829976,0.03801506085738898,0.010784113181221208,0.0006017903445769027,,0.0016938869904877807,3안 (MSTL)
ELEC_3-10-5,8,block_6h,seasonal_naive,0.026563708902000112,0.0401714971879732,0.01062944353003624,0.0003862349889484059,,0.00209137225716971,4안 (Seasonal Naive)
ELEC_3-10-5,8,block_24h,baseline,0.07963707789868528,0.035536416527722096,0.013645136436834791,0.00035213760588691093,0.12878441522338424,0.0044301858280834105,기존안 (대치+선형)
ELEC_3-10-5,8,block_24h,pchip,0.0800053660579091,0.03572029967797854,0.013691452258242332,0.0003119897284012636,0.12932767204298493,0.0047709806302692614,1안 (PCHIP)
ELEC_3-10-5,8,block_24h,stl,0.06463621181477963,0.03756084531134347,0.010342610725701548,0.0005779829120953441,0.10064411433530372,0.0014756289083570628,2안 (STL)
ELEC_3-10-5,8,block_24h,mstl,0.06276656386962041,0.037992050533281314,0.010780612287777436,0.0006126798570377706,0.10092465980334385,0.0017346117268256522,3안 (MSTL)
ELEC_3-10-5,8,block_24h,seasonal_naive,0.06797671169843907,0.040188328749203125,0.010640487174844261,0.00032445211163157153,0.10279429296738682,0.0021060513401016667,4안 (Seasonal Naive)
ELEC_3-10-5,9,random,baseline,0.17603572259758826,0.030213119136623414,0.036379417830770665,0.0007435085905741613,0.7430210214864613,0.025302507004995145,기존안 (대치+선형)
ELEC_3-10-5,9,random,pchip,0.1761366326977939,0.03048774206124268,0.03558536214690784,0.0006730930347504933,0.7430152391201708,0.025610994583534774,1안 (PCHIP)
ELEC_3-10-5,9,random,stl,0.17676473541022408,0.035731054046602165,0.03294300789195617,0.0016077017510619676,0.7462478182622293,0.02202951196254621,2안 (STL)
ELEC_3-10-5,9,random,mstl,0.1770603767382243,0.03671640500138431,0.034167152939577124,0.001482232706445847,0.7455604666797255,0.022124084347000528,3안 (MSTL)
ELEC_3-10-5,9,random,seasonal_naive,0.18320835747378356,0.042495860530742016,0.03085340409415747,0.0004500531345370748,0.7470742241467365,0.02402612391142034,4안 (Seasonal Naive)
ELEC_3-10-5,9,block_6h,baseline,0.03393156865445723,0.0355680311528042,0.013625745634914069,0.0003350254364137841,0.11206160693876743,0.004421288753629571,기존안 (대치+선형)
ELEC_3-10-5,9,block_6h,pchip,0.03369018156960052,0.03575191636708843,0.013664412557366836,0.0002992912542595698,0.11122905242687266,0.004767414741770448,1안 (PCHIP)
ELEC_3-10-5,9,block_6h,stl,0.03723243632180094,0.03756314073099776,0.010353710605779975,0.0005364055428018805,0.11556239652681259,0.001426836746532767,2안 (STL)
ELEC_3-10-5,9,block_6h,mstl,0.04003101278762159,0.03800494736995441,0.010786837272334416,0.0005942097571873554,0.11725925001513941,0.0017021735014355333,3안 (MSTL)
ELEC_3-10-5,9,block_6h,seasonal_naive,0.04136557882000823,0.04017580770975156,0.010645501845671495,0.0003699169200225391,0.113724814061603,0.0020986120520367635,4안 (Seasonal Naive)
ELEC_3-10-5,9,block_24h,baseline,0.05982121351332556,0.03553149304833117,0.013632500084051499,0.0003363048613592761,0.19956063660282575,0.004420667071187934,기존안 (대치+선형)
ELEC_3-10-5,9,block_24h,pchip,0.06052264290653585,0.035715377614126784,0.01367567512130209,0.00029919006327777924,0.200665018038459,0.004766959909994983,1안 (PCHIP)
ELEC_3-10-5,9,block_24h,stl,0.044124179133735765,0.03754773761405939,0.010340008318821672,0.0005458235123880223,0.1657028214328159,0.0014413291258814631,2안 (STL)
ELEC_3-10-5,9,block_24h,mstl,0.05782436108715684,0.038005039479846785,0.01075314860370122,0.0006131879413179797,0.14550305377889255,0.001708730999105068,3안 (MSTL)
ELEC_3-10-5,9,block_24h,seasonal_naive,0.04216370213556944,0.040161849829707254,0.010639672487956506,0.0003697695725192273,0.14430869689659226,0.002065883074946595,4안 (Seasonal Naive)
ELEC_2-9-6,0,random,baseline,0.027460567256409073,0.024718945033610357,0.018297807166384277,0.00040694147261855266,0.07837626202319549,0.0102486472604435,기존안 (대치+선형)
ELEC_2-9-6,0,random,pchip,0.02790376932740941,0.02488887707666471,0.018064525370572397,0.0003850402423221884,0.07906024469033071,0.010244308320660811,1안 (PCHIP)
ELEC_2-9-6,0,random,stl,0.04564725862375025,0.03204995031677367,0.016423169081418516,0.001166185570849743,0.14988589686153173,0.00975957707106967,2안 (STL)
ELEC_2-9-6,0,random,mstl,0.04560867865981476,0.03347436101822244,0.015960989696328275,0.0013379227822658158,0.12548500629961834,0.00864404232689453,3안 (MSTL)
ELEC_2-9-6,0,random,seasonal_naive,0.09030173958363957,0.04028326285980381,0.036495118000958365,0.0005516420790743619,0.18244062716706638,0.01248690456440571,4안 (Seasonal Naive)
ELEC_2-9-6,0,block_6h,baseline,0.0586893895387225,0.02870200351010734,0.017517770910280266,0.00021232253400671683,0.22203603311122194,0.00929851022738637,기존안 (대치+선형)
ELEC_2-9-6,0,block_6h,pchip,0.05868938953878199,0.028810008598411607,0.017406044361265912,0.00020664120092926197,0.2220360331113845,0.009280090325202606,1안 (PCHIP)
ELEC_2-9-6,0,block_6h,stl,0.054772411533042596,0.031172096474310924,0.015401532622418598,0.00041685297511709113,0.21786938368402473,0.00763393352274111,2안 (STL)
ELEC_2-9-6,0,block_6h,mstl,0.054443669736322246,0.0315362054957027,0.015507720346443942,0.0006658210738272911,0.20994527743713937,0.0070371790582077764,3안 (MSTL)
ELEC_2-9-6,0,block_6h,seasonal_naive,0.05461989869392897,0.03397529318399159,0.015475701244250592,0.0004451132612115472,0.2022374841617314,0.0066863875599565414,4안 (Seasonal Naive)
ELEC_2-9-6,0,block_24h,baseline,0.06607550394981698,0.028657666714672354,0.017769496766234502,0.00026347989196482974,0.09469248474226294,0.00921405381165008,기존안 (대치+선형)
ELEC_2-9-6,0,block_24h,pchip,0.06607550394980528,0.02876567180297662,0.017650502035891354,0.00025503573167555454,0.09469248474228696,0.009193512006513638,1안 (PCHIP)
ELEC_2-9-6,0,block_24h,stl,0.06301595360072268,0.031146189072185974,0.015664333690352705,0.0004104096024228231,0.0969746240168096,0.00758576043840431,2안 (STL)
ELEC_2-9-6,0,block_24h,mstl,0.05589343108907629,0.031514932489404124,0.015615192158946498,0.0006965079564673519,0.10698490535980952,0.007018545314305902,3안 (MSTL)
ELEC_2-9-6,0,block_24h,seasonal_naive,0.10853186935949703,0.033944709005659116,0.015686799735317454,0.0003162870582150995,0.20536552777913913,0.0066302532996306285,4안 (Seasonal Naive)
ELEC_2-9-6,1,random,baseline,0.027243994378906605,0.02470793761725395,0.018432201244530044,0.00042129892854087924,0.0790336215662561,0.009360143984143865,기존안 (대치+선형)
ELEC_2-9-6,1,random,pchip,0.027619364310335355,0.024880995982517574,0.01820793499107493,0.0003981467163711455,0.07952345284629464,0.00936687708186279,1안 (PCHIP)
ELEC_2-9-6,1,random,stl,0.04802287167412182,0.032411707817638344,0.01651624516978355,0.0012537196565825318,0.15836279178959592,0.00883458639395196,2안 (STL)
ELEC_2-9-6,1,random,mstl,0.04581396341869906,0.03362267183304561,0.01634290637475524,0.001416041727515153,0.13113463311835788,0.008542362236332979,3안 (MSTL)
ELEC_2-9-6,1,random,seasonal_naive,0.07097037527195299,0.0401583603597045,0.023312370892838184,0.000534089221715849,0.18451216716483143,0.010401225242567258,4안 (Seasonal Naive)
ELEC_2-9-6,1,block_6h,baseline,0.026644134624921368,0.028704266950114517,0.017510879901471904,0.000217196810281378,,0.009307503049090005,기존안 (대치+선형)
ELEC_2-9-6,1,block_6h,pchip,0.026366754644885516,0.028812274810216157,0.017400650450822796,0.00021059230087363087,,0.009287464548423774,1안 (PCHIP)
ELEC_2-9-6,1,block_6h,stl,0.027572997191878175,0.031174829444869077,0.01537967585277019,0.00041238758559594257,,0.007612506180733392,2안 (STL)
ELEC_2-9-6,1,block_6h,mstl,0.02501970813463663,0.03154343764913896,0.015494043973694851,0.0006636165398314567,,0.007017467368818697,3안 (MSTL)
ELEC_2-9-6,1,block_6h,seasonal_naive,0.038188130791277156,0.03397426686928243,0.015485478312762915,0.000441213345367608,,0.006622909418267042,4안 (Seasonal Naive)
ELEC_2-9-6,1,block_24h,baseline,0.06977907117426431,0.028684356559536002,0.018129159146394038,0.0002967577695676809,0.046145674830754886,0.009298916362356358,기존안 (대치+선형)
ELEC_2-9-6,1,block_24h,pchip,0.07004500043417206,0.028792364478918597,0.017993075313250534,0.00029154785773256734,0.04609500897966721,0.009282976872449278,1안 (PCHIP)
ELEC_2-9-6,1,block_24h,stl,0.05838210765668446,0.031203039625263915,0.015792864819113385,0.00035473145922061336,0.0573929224379687,0.007666889905359464,2안 (STL)
ELEC_2-9-6,1,block_24h,mstl,0.049989873879797656,0.0315462275181447,0.015590609109332744,0.0006617585564865311,0.08280439135526425,0.007074382328976392,3안 (MSTL)
ELEC_2-9-6,1,block_24h,seasonal_naive,0.09133272505880195,0.03400875104350953,0.01598072195340319,0.0003845069232287862,0.17363755354181984,0.0067739488871561004,4안 (Seasonal Naive)
ELEC_2-9-6,2,random,baseline,0.02865038694449464,0.024554998956189063,0.01778727099368278,0.0004210914252762009,0.08685465528351738,0.010665856884759517,기존안 (대치+선형)
ELEC_2-9-6,2,random,pchip,0.029013027717255075,0.024726288890896286,0.01750817248202627,0.00038514703274322373,0.08734396993183675,0.010660301852198795,1안 (PCHIP)
ELEC_2-9-6,2,random,stl,0.04837141222321049,0.032202218113537205,0.016527885519867013,0.0013058109878565359,0.16627995767234574,0.009676720336850408,2안 (STL)
ELEC_2-9-6,2,random,mstl,0.045495944790624986,0.03314324360880179,0.016477739717717207,0.0013737843402345552,0.14002155116708623,0.009255227826484913,3안 (MSTL)
ELEC_2-9-6,2,random,seasonal_naive,0.09269382896937553,0.04023536817338016,0.036706450549607805,0.0004384832655888897,0.19899759203799386,0.012965497906474166,4안 (Seasonal Naive)
ELEC_2-9-6,2,block_6h,baseline,0.009768337648811373,0.028705897958354928,0.017504643346992522,0.00021436818473860188,,0.009296595062723956,기존안 (대치+선형)
ELEC_2-9-6,2,block_6h,pchip,0.009862829275858902,0.028813907976733572,0.017393920022772624,0.00020767471620925082,,0.009279348056244308,1안 (PCHIP)
ELEC_2-9-6,2,block_6h,stl,0.009098980180244437,0.031175212155429084,0.01537992861268163,0.0004101644995288237,,0.00762796115972042,2안 (STL)
ELEC_2-9-6,2,block_6h,mstl,0.012374658301673194,0.0315389850165486,0.0154908666719619,0.0006603772211461091,,0.007035409506991885,3안 (MSTL)
ELEC_2-9-6,2,block_6h,seasonal_naive,0.012018504251546205,0.033977961602235165,0.015492480762848829,0.0004463448135832843,,0.006654023110697738,4안 (Seasonal Naive)
ELEC_2-9-6,2,block_24h,baseline,0.07984536659726633,0.028658288165923813,0.01796726197992349,0.0002771676683899742,0.0799298470920873,0.009209767364755095,기존안 (대치+선형)
ELEC_2-9-6,2,block_24h,pchip,0.08136938126444815,0.02876629608530641,0.017852753361038903,0.00027179951336050496,0.0805119153720211,0.009187702069111459,1안 (PCHIP)
ELEC_2-9-6,2,block_24h,stl,0.06025603636911073,0.03115796494066781,0.015679573902959435,0.00040718039896389826,0.0995220581643466,0.007581245490880795,2안 (STL)
ELEC_2-9-6,2,block_24h,mstl,0.05810880498695359,0.031515120962948055,0.015653075547507965,0.0006964690228292847,0.10282909712236092,0.0070126039370784765,3안 (MSTL)
ELEC_2-9-6,2,block_24h,seasonal_naive,0.10535983316446833,0.033947172160961055,0.015720820136897348,0.0003248052954531409,0.2096750733006636,0.006658801557495764,4안 (Seasonal Naive)
ELEC_2-9-6,3,random,baseline,0.04695066750490961,0.02450278036368571,0.017485970699368258,0.00044925472268692685,0.09420915157064272,0.011094200934014586,기존안 (대치+선형)
ELEC_2-9-6,3,random,pchip,0.04716347436036728,0.024670891332082095,0.017504720376885417,0.0004174560786438148,0.09474000047982549,0.011195629495935333,1안 (PCHIP)
ELEC_2-9-6,3,random,stl,0.04953014058686874,0.032071107573754615,0.016432276049998022,0.0012978459257274957,0.17499824639381079,0.009376398948697351,2안 (STL)
ELEC_2-9-6,3,random,mstl,0.050350286724289324,0.033415975116797794,0.015883581873994832,0.0014733190223890635,0.1482246707931814,0.009033615057880917,3안 (MSTL)
ELEC_2-9-6,3,random,seasonal_naive,0.09165159840105919,0.040046868371804024,0.0355499607180401,0.0005522250323560581,0.2018819963404758,0.011279315322431649,4안 (Seasonal Naive)
ELEC_2-9-6,3,block_6h,baseline,0.04428867221426607,0.02870550407541248,0.017501099395693307,0.00022503509159396785,,0.009267465419699361,기존안 (대치+선형)
ELEC_2-9-6,3,block_6h,pchip,0.04453009831182746,0.028813514707311493,0.017392389818075237,0.00021956534628228197,,0.009247640932006251,1안 (PCHIP)
ELEC_2-9-6,3,block_6h,stl,0.027414940895948633,0.03117723907210008,0.015370608194815264,0.00041386861028296833,,0.007598250460895906,2안 (STL)
ELEC_2-9-6,3,block_6h,mstl,0.043932000242333256,0.03154196052781221,0.015478012044649301,0.0006764282271525861,,0.007007809705805057,3안 (MSTL)
ELEC_2-9-6,3,block_6h,seasonal_naive,0.025873624493833472,0.033978372128118904,0.015500976659362528,0.00044921843578408366,,0.006638527464925992,4안 (Seasonal Naive)
ELEC_2-9-6,3,block_24h,baseline,0.12655916490806124,0.028684350897109974,0.018228716666778156,0.00036358387547122666,0.060162280541836755,0.00954458292762339,기존안 (대치+선형)
ELEC_2-9-6,3,block_24h,pchip,0.07726158822332681,0.02879235598541425,0.017658363550069285,0.00028433398590555983,0.053614620157387084,0.009469568921912641,1안 (PCHIP)
ELEC_2-9-6,3,block_24h,stl,0.15790747237525463,0.031224902186996268,0.01735411560916879,0.00035011715962429896,0.1861325643848007,0.007882402200972805,2안 (STL)
ELEC_2-9-6,3,block_24h,mstl,0.12806239365811387,0.03154684100885284,0.016625731743276737,0.0007706206358167706,0.16555734353086174,0.007130992105027323,3안 (MSTL)
ELEC_2-9-6,3,block_24h,seasonal_naive,0.17497023556403435,0.034026677340429176,0.015585900789639456,0.0005649293456923008,0.27968732541894165,0.006806472457642654,4안 (Seasonal Naive)
ELEC_2-9-6,4,random,baseline,0.028708941014233737,0.0246191588165954,0.017948957834795373,0.0004157445557918593,0.08480042853456464,0.009342992508425518,기존안 (대치+선형)
ELEC_2-9-6,4,random,pchip,0.02919271100013865,0.024789929070568067,0.017710631617245863,0.00038616896274122213,0.08582262095326626,0.009416455120564882,1안 (PCHIP)
ELEC_2-9-6,4,random,stl,0.049134899518030024,0.03217611007859746,0.016394863932381338,0.0013184155916790724,0.16429139108818042,0.00850738962516906,2안 (STL)
ELEC_2-9-6,4,random,mstl,0.04632718005278274,0.03351105582982478,0.015724536081727452,0.0014530942521933307,0.13459307881057134,0.007434893860067682,3안 (MSTL)
ELEC_2-9-6,4,random,seasonal_naive,0.07075743501504621,0.04028066286254034,0.023794726232267752,0.0003954330210262151,0.19611809439672442,0.008556732007300671,4안 (Seasonal Naive)
ELEC_2-9-6,4,block_6h,baseline,0.03091206165163615,0.02870282456187467,0.017510367892091743,0.0002127957672712291,0.16378378378408953,0.009364103105401367,기존안 (대치+선형)
ELEC_2-9-6,4,block_6h,pchip,0.029219304685069992,0.028810829650178938,0.017398598873105853,0.00020868287362157007,0.15173399397016862,0.00934012329442746,1안 (PCHIP)
ELEC_2-9-6,4,block_6h,stl,0.03183842297677603,0.031171926283343882,0.015387316907555322,0.00041223874428250254,0.1676350832116488,0.007672191247655391,2안 (STL)
ELEC_2-9-6,4,block_6h,mstl,0.033314212635853664,0.03153921552835729,0.015497157514304994,0.0006605324252369472,0.17078477522039592,0.007088402058333831,3안 (MSTL)
ELEC_2-9-6,4,block_6h,seasonal_naive,0.03419714088103553,0.03397919317988628,0.015488845146817119,0.00044234226837507404,0.1599999999998545,0.006696327366196186,4안 (Seasonal Naive)
ELEC_2-9-6,4,block_24h,baseline,0.10685924605494389,0.02867162459471662,0.017342037028683633,0.0002770572750286295,0.3012928780029283,0.00966196488878468,기존안 (대치+선형)
ELEC_2-9-6,4,block_24h,pchip,0.10815696688434892,0.028779629683020894,0.017605518356270618,0.00022185782509607135,0.3293209927432955,0.009663280605562541,1안 (PCHIP)
ELEC_2-9-6,4,block_24h,stl,0.12896038130884807,0.031219339741130985,0.01574677210410621,0.0004229771390291971,0.27742206191050867,0.007910362163442985,2안 (STL)
ELEC_2-9-6,4,block_24h,mstl,0.1307065457515057,0.03153137784851858,0.015802881683065127,0.0007776349717717166,0.26359616034740435,0.007302623029146971,3안 (MSTL)
ELEC_2-9-6,4,block_24h,seasonal_naive,0.2021928397457304,0.03396509845788068,0.015115895024940039,0.0005675200436996653,0.31735364080677997,0.007099868971032319,4안 (Seasonal Naive)
ELEC_2-9-6,5,random,baseline,0.028565240039139534,0.02462802170827001,0.018363880534248343,0.00043013392771599633,0.08931795103342395,0.00954597468784879,기존안 (대치+선형)
ELEC_2-9-6,5,random,pchip,0.028830602782785993,0.024795684781500592,0.018169410693422816,0.00040129019258854185,0.0894678665707916,0.009561091643688013,1안 (PCHIP)
ELEC_2-9-6,5,random,stl,0.04837768552531134,0.0320240031650499,0.016613742106901187,0.0012662209471688058,0.16715619170268908,0.009068728084866584,2안 (STL)
ELEC_2-9-6,5,random,mstl,0.04560609236492483,0.033351676697670064,0.01605449168363038,0.0014392780361350476,0.14149059371621805,0.008094271334751157,3안 (MSTL)
ELEC_2-9-6,5,random,seasonal_naive,0.06870208440318021,0.03980260547102508,0.02270667901458423,0.0004500089592665961,0.19354206935110776,0.009394758255550362,4안 (Seasonal Naive)
ELEC_2-9-6,5,block_6h,baseline,0.010654272078120171,0.02870980350189675,0.017500288756637936,0.00021540649803757233,,0.009304124011612513,기존안 (대치+선형)
ELEC_2-9-6,5,block_6h,pchip,0.012280425329069521,0.028817808590201017,0.017389091832836254,0.0002102592841799878,,0.00928347452449052,1안 (PCHIP)
ELEC_2-9-6,5,block_6h,stl,0.01972059910237142,0.031182066403673485,0.015373837293893747,0.0004089000220303114,,0.007617508854635968,2안 (STL)
ELEC_2-9-6,5,block_6h,mstl,0.031189761702269635,0.031544935594937325,0.015483197106756602,0.0006709679203624468,,0.0070250737311264855,3안 (MSTL)
ELEC_2-9-6,5,block_6h,seasonal_naive,0.04058598553966219,0.03398535106814112,0.01550443009445976,0.00045157891116329093,,0.006717887890445917,4안 (Seasonal Naive)
ELEC_2-9-6,5,block_24h,baseline,0.05988414741071646,0.028672035120600316,0.01765161486636075,0.00019351387962689376,0.169030850945677,0.009286965339170172,기존안 (대치+선형)
ELEC_2-9-6,5,block_24h,pchip,0.059884147410712116,0.028780040208904577,0.017540033388629896,0.00018491851282287377,0.16903085094566328,0.00926615842277878,1안 (PCHIP)
ELEC_2-9-6,5,block_24h,stl,0.06592675811285055,0.031179377416715552,0.015423212305574908,0.0004313811466295932,0.14377619345448048,0.0076982419773584665,2안 (STL)
ELEC_2-9-6,5,block_24h,mstl,0.07264884975044514,0.03153096327572881,0.015443493195003226,0.0007444318767333929,0.12199540620633319,0.007020975276550545,3안 (MSTL)
ELEC_2-9-6,5,block_24h,seasonal_naive,0.09266085446734014,0.033965714246706184,0.015556854064861523,0.0004568130087432921,0.1765947742310827,0.006641983547586383,4안 (Seasonal Naive)
ELEC_2-9-6,6,random,baseline,0.06570354328426618,0.024441060767852314,0.03258063720698205,0.00047631382552124676,0.26694892365862366,0.013012178662664353,기존안 (대치+선형)
ELEC_2-9-6,6,random,pchip,0.06592232585734611,0.024617576748217285,0.031937403647954436,0.000443141596249023,0.26732535636035976,0.013156831475827357,1안 (PCHIP)
ELEC_2-9-6,6,random,stl,0.0758843430401886,0.03186780651422705,0.03006949749696904,0.001390109404050225,0.3000010790615332,0.011791153832963142,2안 (STL)
ELEC_2-9-6,6,random,mstl,0.0732887680212247,0.03301263870434343,0.03188467510331392,0.001519795300402432,0.2838470134340704,0.0113347706980923,3안 (MSTL)
ELEC_2-9-6,6,random,seasonal_naive,0.08981345767320274,0.039682441123830715,0.02173992653921266,0.0005526600514174535,0.3137578875120703,0.013633786914627466,4안 (Seasonal Naive)
ELEC_2-9-6,6,block_6h,baseline,0.059829587827265565,0.028698014751859232,0.017525024946571148,0.00022194256741196622,0.05012745324878432,0.009395531797331325,기존안 (대치+선형)
ELEC_2-9-6,6,block_6h,pchip,0.051625795375665605,0.028806078047908277,0.01740474363071852,0.00020930847432835902,0.039132727388117086,0.009366325720666424,1안 (PCHIP)
ELEC_2-9-6,6,block_6h,stl,0.07708708444031084,0.031180649401910312,0.015407374351306293,0.0004092029417061696,0.06674682062076992,0.007667865366678739,2안 (STL)
ELEC_2-9-6,6,block_6h,mstl,0.09375619772694356,0.03153906515448253,0.015528243029174878,0.0006755607636122202,0.10920254620912827,0.007146316988263068,3안 (MSTL)
ELEC_2-9-6,6,block_6h,seasonal_naive,0.14114610239833067,0.033998282633476165,0.015165006157024777,0.00046991119693747316,0.10269887449993968,0.006690593709687276,4안 (Seasonal Naive)
ELEC_2-9-6,6,block_24h,baseline,0.0627365256251142,0.028665891388410414,0.017627704116121513,0.0002022852609652523,0.15237126883765487,0.009247520589644287,기존안 (대치+선형)
ELEC_2-9-6,6,block_24h,pchip,0.0643188111429444,0.028773903554410517,0.017546473362162248,0.00019278714994645741,0.15410574265423208,0.009218571646327,1안 (PCHIP)
ELEC_2-9-6,6,block_24h,stl,0.06679455724256486,0.031161295656914147,0.015504307032263355,0.000452336212737754,0.1450799284590152,0.007643864607492223,2안 (STL)
ELEC_2-9-6,6,block_24h,mstl,0.06679286220585419,0.03152397994162328,0.015592055649764921,0.0007153343034977216,0.12343852397976894,0.006999362738214332,3안 (MSTL)
ELEC_2-9-6,6,block_24h,seasonal_naive,0.10309448201636277,0.033957435308052446,0.015786805475397025,0.0003721202061683574,0.19708993998794713,0.006604425933200986,4안 (Seasonal Naive)
ELEC_2-9-6,7,random,baseline,0.03344629204770051,0.024651351063410695,0.017663743534817603,0.00041229716027372257,0.08219296980263097,0.010318310734791503,기존안 (대치+선형)
ELEC_2-9-6,7,random,pchip,0.03542063782465678,0.024825713263510334,0.0283485921708046,0.0005291892283943132,0.08210533964676726,0.013466023668958327,1안 (PCHIP)
ELEC_2-9-6,7,random,stl,0.05060651863397182,0.031979297327261014,0.015529078352491453,0.001270545276154285,0.16411665573781023,0.010186548614000368,2안 (STL)
ELEC_2-9-6,7,random,mstl,0.04645409771587772,0.03333691203429743,0.01622431947458503,0.0013319044688909387,0.13320927839648786,0.008796023531767339,3안 (MSTL)
ELEC_2-9-6,7,random,seasonal_naive,0.10816149069097353,0.04019828400189043,0.04872691907905184,0.0005197902237303071,0.19297669002635956,0.013381775458744416,4안 (Seasonal Naive)
ELEC_2-9-6,7,block_6h,baseline,0.019079807102079276,0.02870773977718436,0.017502815270734717,0.0002162839328732404,,0.009304088548559464,기존안 (대치+선형)
ELEC_2-9-6,7,block_6h,pchip,0.018118548244362886,0.02881575449199208,0.01739360351454352,0.00021022627537016823,,0.009284142666299844,1안 (PCHIP)
ELEC_2-9-6,7,block_6h,stl,0.01186055815661222,0.031176562979335538,0.01537417953201224,0.00041199289558440825,,0.00761406361093897,2안 (STL)
ELEC_2-9-6,7,block_6h,mstl,0.012425730454578355,0.03153927296010354,0.015488103097242028,0.0006619070673456354,,0.007030406453554461,3안 (MSTL)
ELEC_2-9-6,7,block_6h,seasonal_naive,0.016499158227678758,0.03397919317988618,0.015491761678261103,0.00044593429612604756,,0.006658458682864854,4안 (Seasonal Naive)
ELEC_2-9-6,7,block_24h,baseline,0.11312971905445304,0.028683160372047427,0.017992526661813373,0.00034384901920432684,0.037796447300878146,0.009546750076839805,기존안 (대치+선형)
ELEC_2-9-6,7,block_24h,pchip,0.11714784838668185,0.0287911859856696,0.018104095374377755,0.0003342212985990857,0.03999000110383874,0.0095068228647327,1안 (PCHIP)
ELEC_2-9-6,7,block_24h,stl,0.14211313320110955,0.031230520412826215,0.016473243486531525,0.0003620270144265801,0.14168061835606274,0.007974347231908707,2안 (STL)
ELEC_2-9-6,7,block_24h,mstl,0.12642250283993975,0.031545009270496575,0.016161442826674786,0.0007668846282237193,0.14800342665885804,0.007260503018618469,3안 (MSTL)
ELEC_2-9-6,7,block_24h,seasonal_naive,0.17761342229059734,0.03402640365650681,0.015633663654514178,0.00048542995878723933,0.30039656329274655,0.007224794714568272,4안 (Seasonal Naive)
ELEC_2-9-6,8,random,baseline,0.04637765201823362,0.024556880828071698,0.018021091322014026,0.00044103164243181,0.0787801590201009,0.011753394433121844,기존안 (대치+선형)
ELEC_2-9-6,8,random,pchip,0.046675704513675455,0.024732147167490677,0.0180564877487752,0.0004168806141941399,0.08014013353851918,0.011785114530716179,1안 (PCHIP)
ELEC_2-9-6,8,random,stl,0.046839060426984935,0.032044717963678034,0.016575826939902383,0.0012726019723609994,0.16125662045494968,0.009153020575337512,2안 (STL)
ELEC_2-9-6,8,random,mstl,0.04401289699551525,0.03323844029357655,0.01626817463203387,0.00137149380375335,0.1296511779111033,0.008904030474381375,3안 (MSTL)
ELEC_2-9-6,8,random,seasonal_naive,0.07132904009266053,0.040150286683997144,0.024055658819383402,0.00044810892914316796,0.19659853135956362,0.009635920053963853,4안 (Seasonal Naive)
ELEC_2-9-6,8,block_6h,baseline,0.029601964061096334,0.028706319579532735,0.017481505002592268,0.00021165482460843557,0.11918918918909915,0.00931015796599377,기존안 (대치+선형)
ELEC_2-9-6,8,block_6h,pchip,0.029854259994137742,0.028814327439634368,0.017370940911305203,0.00020505761333402351,0.11981343651808064,0.00929089074967715,1안 (PCHIP)
ELEC_2-9-6,8,block_6h,stl,0.0325528863048944,0.0311796990036622,0.015342163723658583,0.00041306052223032006,0.12247333723336049,0.007625076578578693,2안 (STL)
ELEC_2-9-6,8,block_6h,mstl,0.043656197496232556,0.031541290260688574,0.01541682008569767,0.0006526672750455432,0.13673872560644484,0.0070324156595089615,3안 (MSTL)
ELEC_2-9-6,8,block_6h,seasonal_naive,0.05951190357119357,0.0339733773965344,0.01543444390607748,0.00042274005979114513,0.1600000000000818,0.006646054379726096,4안 (Seasonal Naive)
ELEC_2-9-6,8,block_24h,baseline,0.05326504248525115,0.02867779947024945,0.017381762889403168,0.0002575701787122535,0.06546922620493587,0.009315987216598542,기존안 (대치+선형)
ELEC_2-9-6,8,block_24h,pchip,0.054971297402853565,0.02878581305178872,0.01729981767970641,0.00025451889483387265,0.05974933983957693,0.009311173489639168,1안 (PCHIP)
ELEC_2-9-6,8,block_24h,stl,0.06504207324860384,0.031175664883830972,0.015396399755198771,0.0004210153083977307,0.09033465186481755,0.007652374535497275,2안 (STL)
ELEC_2-9-6,8,block_24h,mstl,0.08524181336736722,0.03153378065337864,0.015467759866167823,0.0007493857554677447,0.0824983689514579,0.007027190008837669,3안 (MSTL)
ELEC_2-9-6,8,block_24h,seasonal_naive,0.08864288876382323,0.0339737195014375,0.015549961795909197,0.0004649207285240765,0.1742603416348026,0.006628334129358926,4안 (Seasonal Naive)
ELEC_2-9-6,9,random,baseline,0.0791696136346788,0.024373224642885338,0.04418323611916685,0.0005033115231855995,0.33405745249386365,0.014146196527947241,기존안 (대치+선형)
ELEC_2-9-6,9,random,pchip,0.07928359841644791,0.024554927200572795,0.04345330357083714,0.0004765801768753386,0.33420597218198667,0.014202647066650975,1안 (PCHIP)
ELEC_2-9-6,9,random,stl,0.08787936126385562,0.031803467743286386,0.04409588781293148,0.0013464778273199753,0.3612574990238578,0.014185495990752361,2안 (STL)
ELEC_2-9-6,9,random,mstl,0.08611946111165207,0.03310402260814102,0.04564186009142144,0.0015130871500707607,0.35014557994976303,0.013671439586927958,3안 (MSTL)
ELEC_2-9-6,9,random,seasonal_naive,0.10318527345728007,0.039865073826324746,0.029964574193688965,0.0005724980301622432,0.37774945883410754,0.016452249063847124,4안 (Seasonal Naive)
ELEC_2-9-6,9,block_6h,baseline,0.013699915608783754,0.02870550407541251,0.017505821808503203,0.0002141971357980696,,0.009297658185510316,기존안 (대치+선형)
ELEC_2-9-6,9,block_6h,pchip,0.01421581808561541,0.02881351470731152,0.01739500527778882,0.0002072822797609371,,0.009276713582498708,1안 (PCHIP)
ELEC_2-9-6,9,block_6h,stl,0.018293561317869432,0.031177295638613333,0.015371649389191642,0.00041191161567367366,,0.007624779237149215,2안 (STL)
ELEC_2-9-6,9,block_6h,mstl,0.014671651551978004,0.031539277486237756,0.015486417268636551,0.0006623196478359718,,0.00702758349550181,3안 (MSTL)
ELEC_2-9-6,9,block_6h,seasonal_naive,0.040994579587478874,0.0339808352834208,0.015470667693210541,0.00045712089683624496,,0.00666287100880103,4안 (Seasonal Naive)
ELEC_2-9-6,9,block_24h,baseline,0.06836276349705227,0.028668142202738018,0.017524400897930094,0.00021082701496048768,0.2154335285694864,0.009527236632923541,기존안 (대치+선형)
ELEC_2-9-6,9,block_24h,pchip,0.06690573640307766,0.028776150829890202,0.017414916357037537,0.00019881268221247955,0.21225541990741081,0.00950397372829237,1안 (PCHIP)
ELEC_2-9-6,9,block_24h,stl,0.07882378430860588,0.031167671331813144,0.015379535299001646,0.00041777044090585217,0.19431431353438805,0.007852246312585742,2안 (STL)
ELEC_2-9-6,9,block_24h,mstl,0.07821538169499023,0.031522021855622785,0.015464678047430722,0.0007058044130041091,0.19336022635327485,0.007266178052429795,3안 (MSTL)
ELEC_2-9-6,9,block_24h,seasonal_naive,0.1237332640599154,0.033955021024879434,0.01543637882048762,0.0005452245077440631,0.11805836597958584,0.0069465347833646,4안 (Seasonal Naive)
ELEC_3-6-4,0,random,baseline,0.04471050296440701,0.034201531391934756,0.024066743828499906,0.0005737742854041347,0.15070661907389596,0.0021103767526634565,기존안 (대치+선형)
ELEC_3-6-4,0,random,pchip,0.044434730788183455,0.03455443735853836,0.02373805516796476,0.0005132644898606701,0.14861899165714657,0.0021900537418948485,1안 (PCHIP)
ELEC_3-6-4,0,random,stl,0.06951461809677481,0.044842333905213014,0.022808081137194684,0.0031803792119058003,0.2630947619431181,0.003620255619092627,2안 (STL)
ELEC_3-6-4,0,random,mstl,0.06169241248696676,0.046422969735437226,0.023230603894845884,0.0027086198550022545,0.2132643085621994,0.0023028913129463646,3안 (MSTL)
ELEC_3-6-4,0,random,seasonal_naive,0.09618732778593982,0.055559444148024495,0.03025358847849632,0.00018560224230792423,0.25939148246705834,0.004242505671494978,4안 (Seasonal Naive)
ELEC_3-6-4,0,block_6h,baseline,0.03324086272863761,0.039394885173386025,0.022835551535022005,0.0002674455941010598,,0.0017507840230018834,기존안 (대치+선형)
ELEC_3-6-4,0,block_6h,pchip,0.03555962031778717,0.03958607059074801,0.022747274461336137,0.00023893292507033893,,0.0018410730587947732,1안 (PCHIP)
ELEC_3-6-4,0,block_6h,stl,0.023000675518863627,0.042709914207867634,0.02205391756058805,0.001245007982975411,,0.0014670122260792562,2안 (STL)
ELEC_3-6-4,0,block_6h,mstl,0.03527145538885552,0.0432418733975449,0.022294842849081117,0.0010748853318976257,,0.0012071439441713183,3안 (MSTL)
ELEC_3-6-4,0,block_6h,seasonal_naive,0.05387743291753739,0.04592395692223665,0.023529421570899274,8.957779141447223e-05,,0.001977090451415142,4안 (Seasonal Naive)
ELEC_3-6-4,0,block_24h,baseline,0.11029214948286727,0.03931585894078205,0.02307285378066431,0.00032610963004204847,0.30104910350800995,0.0018215732461182021,기존안 (대치+선형)
ELEC_3-6-4,0,block_24h,pchip,0.11077925116391579,0.039507044358144026,0.022994328784739865,0.00029625836358141604,0.30473784412001786,0.0019122035125631598,1안 (PCHIP)
ELEC_3-6-4,0,block_24h,stl,0.10170180975157453,0.04264700563570002,0.022342023118414486,0.001274833197578666,0.2758442509172149,0.0015267997406139822,2안 (STL)
ELEC_3-6-4,0,block_24h,mstl,0.10474455676121013,0.04320841318314932,0.022540022484259778,0.0011261842109461517,0.2710537997517328,0.0011996508565326192,3안 (MSTL)
ELEC_3-6-4,0,block_24h,seasonal_naive,0.12567871295047883,0.04591184640866875,0.023820610345339055,9.042037580186771e-05,0.294480474734742,0.0020162712739926203,4안 (Seasonal Naive)
ELEC_3-6-4,1,random,baseline,0.04361609597879004,0.034406104585119536,0.023923106971056443,0.0006110328082644396,0.14181722183668702,0.002329456379234651,기존안 (대치+선형)
ELEC_3-6-4,1,random,pchip,0.043400323625104834,0.03474893263614367,0.0236621808517629,0.000545687147921635,0.1395687768572515,0.0023984881702844296,1안 (PCHIP)
ELEC_3-6-4,1,random,stl,0.07365403613437804,0.045024102586882456,0.02365600535345639,0.003269647988079636,0.28020850520382595,0.0034159371398240213,2안 (STL)
ELEC_3-6-4,1,random,mstl,0.06282197781775478,0.0467082804358044,0.023672231063934786,0.002806184608815579,0.2119783511140815,0.002244624443321297,3안 (MSTL)
ELEC_3-6-4,1,random,seasonal_naive,0.1008718441286509,0.05564705721369921,0.03167198586074055,0.0001643979073824095,0.3031886061458859,0.005779048560882405,4안 (Seasonal Naive)
ELEC_3-6-4,1,block_6h,baseline,0.0656424705045364,0.03938957052748668,0.022829764453485973,0.0002703971955260522,0.3540540540545064,0.0017335762807199062,기존안 (대치+선형)
ELEC_3-6-4,1,block_6h,pchip,0.06479167721152569,0.03958076703203814,0.022739980911687687,0.00024267964284946776,0.3513438493281724,0.0018217632277454099,1안 (PCHIP)
ELEC_3-6-4,1,block_6h,stl,0.06285929958589029,0.04270495986578207,0.02204085000180475,0.0012520826931341957,0.3405501319937258,0.0014414078580203826,2안 (STL)
ELEC_3-6-4,1,block_6h,mstl,0.05346582136391527,0.04324022935319475,0.022278564664599557,0.001081110519090211,0.2650036156521573,0.001191140888765485,3안 (MSTL)
ELEC_3-6-4,1,block_6h,seasonal_naive,0.10677078252034379,0.04592806218107333,0.023556552417538422,0.00010124332915798209,0.2100000000000364,0.0019805888844018904,4안 (Seasonal Naive)
ELEC_3-6-4,1,block_24h,baseline,0.07060748307835879,0.039338643127324976,0.022833200438437406,0.00029757811798761144,0.2836370920737314,0.0017177501627376746,기존안 (대치+선형)
ELEC_3-6-4,1,block_24h,pchip,0.07060748307835879,0.03952855135304891,0.022741343295237148,0.00026805827016515435,0.2836370920737314,0.0018038688161234884,1안 (PCHIP)
ELEC_3-6-4,1,block_24h,stl,0.06771848444667398,0.042667206647527614,0.022073607659461245,0.0012817986707618402,0.2663733227414848,0.0014779616650063554,2안 (STL)
ELEC_3-6-4,1,block_24h,mstl,0.07029558596313473,0.043205196403213235,0.022328120278529977,0.0010883832959004782,0.2593488802870887,0.0011839558787622995,3안 (MSTL)
ELEC_3-6-4,1,block_24h,seasonal_naive,0.10098893717680908,0.045914754300344585,0.02344632634484817,9.065539973979388e-05,0.26239283526836743,0.0020184718562985537,4안 (Seasonal Naive)
ELEC_3-6-4,2,random,baseline,0.04647884318654751,0.03419335622510742,0.024113519531085807,0.000725988302849009,0.15844425902530165,0.0023272524338711076,기존안 (대치+선형)
ELEC_3-6-4,2,random,pchip,0.04626523811107259,0.03452961253693491,0.023840182262026475,0.0006639081808715787,0.15699486050077655,0.002381917403039613,1안 (PCHIP)
ELEC_3-6-4,2,random,stl,0.07565757394176902,0.044917432271514186,0.02304111411120602,0.003333502558698588,0.2820641632107408,0.0033290234484393277,2안 (STL)
ELEC_3-6-4,2,random,mstl,0.06667628326999972,0.04645088752217334,0.023537260688287598,0.0029167805992453347,0.22875469457633277,0.002439990702969297,3안 (MSTL)
ELEC_3-6-4,2,random,seasonal_naive,0.09878840738919518,0.055080736757193494,0.030841724835319943,0.00025198243028359704,0.27617609692826023,0.005419985390428206,4안 (Seasonal Naive)
ELEC_3-6-4,2,block_6h,baseline,0.059258327847190505,0.039389743073535564,0.022818500671101315,0.00027056753724446423,0.26589743589742143,0.0017525855678687252,기존안 (대치+선형)
ELEC_3-6-4,2,block_6h,pchip,0.05828710207964056,0.03958093724108525,0.02272890858729031,0.0002427024817441349,0.2626980049208217,0.0018417064843689879,1안 (PCHIP)
ELEC_3-6-4,2,block_6h,stl,0.05853781570323921,0.0426976355220457,0.022025422130609255,0.0012598591275288866,0.2655628466375809,0.0014712067242853566,2안 (STL)
ELEC_3-6-4,2,block_6h,mstl,0.04437877746566978,0.043235625631959,0.022270207578722487,0.0010697641745763579,0.19002497717703026,0.0012127792000863336,3안 (MSTL)
ELEC_3-6-4,2,block_6h,seasonal_naive,0.05845225972250794,0.04592395692223662,0.023521031538910213,8.594074065767406e-05,0.19000000000005457,0.001992241387424709,4안 (Seasonal Naive)
ELEC_3-6-4,2,block_24h,baseline,0.07544827717539856,0.03933761681261587,0.023029855358276147,0.0002902612129902716,0.21329152260713682,0.0018201518673636174,기존안 (대치+선형)
ELEC_3-6-4,2,block_24h,pchip,0.0762135911164665,0.039528802229977844,0.02288762177246724,0.00026905295059462356,0.22996707847525716,0.001895703269516824,1안 (PCHIP)
ELEC_3-6-4,2,block_24h,stl,0.07739859830261946,0.042676307220728946,0.02207845900763472,0.0012786214295787115,0.263642624775339,0.0015068328061128566,2안 (STL)
ELEC_3-6-4,2,block_24h,mstl,0.07910896953059883,0.04322337636686901,0.022329852958722148,0.001104143616505343,0.25400999086736537,0.0012453595699137843,3안 (MSTL)
ELEC_3-6-4,2,block_24h,seasonal_naive,0.10287045371200314,0.04591677271927266,0.02354550149328191,7.903121004706563e-05,0.2658529250878763,0.0020696431220031952,4안 (Seasonal Naive)
ELEC_3-6-4,3,random,baseline,0.04315039185807694,0.03435681573975863,0.023735449777302353,0.0006352846233087484,0.14147177535369426,0.0026222111530876946,기존안 (대치+선형)
ELEC_3-6-4,3,random,pchip,0.043111882646867286,0.03469766660308489,0.023405306976300062,0.0005693720096815771,0.14001495091984403,0.0026907958600574933,1안 (PCHIP)
ELEC_3-6-4,3,random,stl,0.07147063875865882,0.045069349526546634,0.023141992958092043,0.003292908982457753,0.25890492795281617,0.00368315232529437,2안 (STL)
ELEC_3-6-4,3,random,mstl,0.062430803824416965,0.04662160547832883,0.023558930131756816,0.0028163929917198447,0.2073309061407419,0.0026453029084868573,3안 (MSTL)
ELEC_3-6-4,3,random,seasonal_naive,0.09417193894549253,0.055284083911563926,0.030334763608049223,0.0001319836521384626,0.2565082972346559,0.004209011321932854,4안 (Seasonal Naive)
ELEC_3-6-4,3,block_6h,baseline,0.05654132932571625,0.03938913781101484,0.022815568389006054,0.00026851021556346727,0.28162162162148835,0.0017766069282338925,기존안 (대치+선형)
ELEC_3-6-4,3,block_6h,pchip,0.056815727369336044,0.039580323228376825,0.022734822485700572,0.0002425602811623967,0.2800532101599152,0.0018680885222706056,1안 (PCHIP)
ELEC_3-6-4,3,block_6h,stl,0.04195493530805162,0.04271196510651365,0.0220323487347837,0.001250801447983503,0.1556087952663867,0.0014790825512489558,2안 (STL)
ELEC_3-6-4,3,block_6h,mstl,0.08512565084895406,0.04325893874782295,0.02231500405397794,0.001077539610556993,0.14061238943835389,0.001255267771318458,3안 (MSTL)
ELEC_3-6-4,3,block_6h,seasonal_naive,0.0675154303350842,0.045912256934552434,0.023495337180630547,8.019368866223493e-05,0.2999999999999545,0.0020254053162248598,4안 (Seasonal Naive)
ELEC_3-6-4,3,block_24h,baseline,0.1335626440478695,0.03932468524728067,0.022909582835641873,0.0003246938730295932,0.417457572943761,0.0018884483750774006,기존안 (대치+선형)
ELEC_3-6-4,3,block_24h,pchip,0.1357344985757989,0.03951587066464266,0.022852509397528243,0.0002984354112521947,0.4225031108552716,0.0019777017087755366,1안 (PCHIP)
ELEC_3-6-4,3,block_24h,stl,0.13017010671363327,0.04268286171084448,0.022015759617195013,0.0012956614833283266,0.3995112850137807,0.0015567469116565258,2안 (STL)
ELEC_3-6-4,3,block_24h,mstl,0.12136739928237868,0.04320599752188703,0.022235477085754216,0.0011364711707139237,0.3692288689805117,0.0013324412238394645,3안 (MSTL)
ELEC_3-6-4,3,block_24h,seasonal_naive,0.1741646730348428,0.045921493766934704,0.02338854379506791,0.0001212891875136136,0.3830244017131338,0.0021897166560591597,4안 (Seasonal Naive)
ELEC_3-6-4,4,random,baseline,0.04444131652219426,0.03434595879630337,0.02368313788718715,0.0006229927398768136,0.14790915943390248,0.002335860190039507,기존안 (대치+선형)
ELEC_3-6-4,4,random,pchip,0.04428945017153918,0.03468469449952624,0.023376724327780082,0.000565460381102339,0.14726364461732422,0.0023653474943816644,1안 (PCHIP)
ELEC_3-6-4,4,random,stl,0.06979033494526284,0.04484845856483557,0.02293653039721973,0.0031717198656328978,0.257437245826359,0.0028382481523765435,2안 (STL)
ELEC_3-6-4,4,random,mstl,0.06268968004972424,0.046576992915074375,0.023512949750728596,0.002810300146705103,0.21034030714360294,0.0018859544501401704,3안 (MSTL)
ELEC_3-6-4,4,random,seasonal_naive,0.0979283778538801,0.05553636917231766,0.030911542909127655,0.00016609567875036605,0.2589059339001535,0.0037453518350356596,4안 (Seasonal Naive)
ELEC_3-6-4,4,block_6h,baseline,0.06867799259340825,0.03939344833279308,0.02288732357631119,0.0002692553282743799,0.2263846284532329,0.0017622331031141858,기존안 (대치+선형)
ELEC_3-6-4,4,block_6h,pchip,0.06867799259338965,0.039584633750155064,0.022796816849387436,0.00024209287214957458,0.22638462845319793,0.0018531608946602551,1안 (PCHIP)
ELEC_3-6-4,4,block_6h,stl,0.08046735702630155,0.042716526451387044,0.02204085131984181,0.001245537994156583,0.20009254170491392,0.001492544005990415,2안 (STL)
ELEC_3-6-4,4,block_6h,mstl,0.07078153775798444,0.043245475469629376,0.022286655795382592,0.0010834545499769893,0.17011142883973807,0.001209325692778096,3안 (MSTL)
ELEC_3-6-4,4,block_6h,seasonal_naive,0.15581327856678837,0.04594044637856338,0.023538135097118853,9.770452090869465e-05,0.19659603251304,0.002063029365326652,4안 (Seasonal Naive)
ELEC_3-6-4,4,block_24h,baseline,0.08894679627198467,0.03931832068047752,0.0228710358822344,0.00032516243304910156,0.22818177802104442,0.0018204346294881102,기존안 (대치+선형)
ELEC_3-6-4,4,block_24h,pchip,0.08850057918247096,0.0395095074846365,0.022776647224264684,0.000299853027625702,0.22718377332296397,0.0019079476606297385,1안 (PCHIP)
ELEC_3-6-4,4,block_24h,stl,0.08860155072564638,0.04266342171352883,0.02211458899674722,0.0012871156688316417,0.2265521123279909,0.001592990055946597,2안 (STL)
ELEC_3-6-4,4,block_24h,mstl,0.09712885136400623,0.043205899600337945,0.022391899659236127,0.0011005437387885775,0.23615625769004892,0.0013094732126903708,3안 (MSTL)
ELEC_3-6-4,4,block_24h,seasonal_naive,0.12416915234896818,0.04588858327526156,0.023710556024146026,8.622542458660297e-05,0.27083820508437983,0.0021421535971767325,4안 (Seasonal Naive)
ELEC_3-6-4,5,random,baseline,0.04477680828239583,0.034270231595308946,0.02369531790025049,0.0006438207863743495,0.14684061859898104,0.0022565853672646963,기존안 (대치+선형)
ELEC_3-6-4,5,random,pchip,0.044567981628879344,0.034609818930881706,0.02340089098646273,0.000580316163445859,0.1453134306530664,0.002325377633049852,1안 (PCHIP)
ELEC_3-6-4,5,random,stl,0.07772629598120565,0.04510955828118805,0.023836236143030577,0.0032235663965641446,0.30123657646381585,0.004109995878620931,2안 (STL)
ELEC_3-6-4,5,random,mstl,0.06406162281825716,0.046639754501323114,0.02323707206739103,0.0028397170510212,0.21775340085846706,0.002534801877816517,3안 (MSTL)
ELEC_3-6-4,5,random,seasonal_naive,0.10319798392398673,0.055568099402074314,0.03165476585411132,0.00017284964910426563,0.3094755600731701,0.005343181379776629,4안 (Seasonal Naive)
ELEC_3-6-4,5,block_6h,baseline,0.05532527348226337,0.03939591148809518,0.022880236539972988,0.00026886073101042445,0.10128195822599527,0.0017542178413190168,기존안 (대치+선형)
ELEC_3-6-4,5,block_6h,pchip,0.04151058383317807,0.039587096905457156,0.0227313067295015,0.00024447667893605856,0.11084927143252,0.00183899298150203,1안 (PCHIP)
ELEC_3-6-4,5,block_6h,stl,0.0776902715685073,0.04271835906422194,0.021982151071705053,0.0012609532585507134,0.21306403681745165,0.0014773743175230392,2안 (STL)
ELEC_3-6-4,5,block_6h,mstl,0.06366336056414697,0.04324744002365985,0.022284905885151512,0.0010900793695969213,0.10664117807071599,0.0012182153284265862,3안 (MSTL)
ELEC_3-6-4,5,block_6h,seasonal_naive,0.07930251502246555,0.04591903061163277,0.02348817065374115,7.575776816306487e-05,0.19026297590439875,0.0019868798441059488,4안 (Seasonal Naive)
ELEC_3-6-4,5,block_24h,baseline,0.08955522814939917,0.03932940629494274,0.023010648667324923,0.0003037320163343242,0.3181784090726756,0.0017970971659155843,기존안 (대치+선형)
ELEC_3-6-4,5,block_24h,pchip,0.08955522814940045,0.03952059171230472,0.022919635090250547,0.00027757867747889027,0.3181784090726776,0.0018875079015552299,1안 (PCHIP)
ELEC_3-6-4,5,block_24h,stl,0.08279726918752699,0.042663065267528014,0.022185304666923266,0.0012886000033361425,0.294502603626042,0.001490171854373612,2안 (STL)
ELEC_3-6-4,5,block_24h,mstl,0.08084138315138367,0.04321438491555462,0.022375101434407137,0.0011020580899289436,0.26652583729703444,0.0012211264974379965,3안 (MSTL)
ELEC_3-6-4,5,block_24h,seasonal_naive,0.09542303472199452,0.04589891484333358,0.023679779602173105,8.680445122483387e-05,0.31010079006670244,0.0020607801661179925,4안 (Seasonal Naive)
ELEC_3-6-4,6,random,baseline,0.05127296759615587,0.034333105182012845,0.023477206737489955,0.0005795476442803017,0.14383984190133967,0.002752604376450085,기존안 (대치+선형)
ELEC_3-6-4,6,random,pchip,0.05184124273729519,0.0346912131727866,0.023153900776347217,0.0005266446443753373,0.1413778151065836,0.0028930767182201444,1안 (PCHIP)
ELEC_3-6-4,6,random,stl,0.0727228745768801,0.04476197880064959,0.022255922315410945,0.00313427198548579,0.25645609895903426,0.003176479520983877,2안 (STL)
ELEC_3-6-4,6,random,mstl,0.0615156803970334,0.0463753436161788,0.023290139683327264,0.002670330499349796,0.20735650978830722,0.0021929968012667223,3안 (MSTL)
ELEC_3-6-4,6,random,seasonal_naive,0.09549052000756446,0.05567646113011699,0.030391665721295848,0.00021714799607650098,0.2601588944873416,0.004752453119851174,4안 (Seasonal Naive)
ELEC_3-6-4,6,block_6h,baseline,0.03000125122513949,0.039394091859854395,0.02282724357880076,0.00026799564156835995,,0.0017533349330859371,기존안 (대치+선형)
ELEC_3-6-4,6,block_6h,pchip,0.030144883861077946,0.03958529113620323,0.02274179347906527,0.0002407232307731355,,0.0018420175909907854,1안 (PCHIP)
ELEC_3-6-4,6,block_6h,stl,0.03242197678993779,0.04270745482820495,0.02204580696110958,0.0012476127962693477,,0.0014763607333294626,2안 (STL)
ELEC_3-6-4,6,block_6h,mstl,0.04070273001347834,0.04324173282303145,0.02229477341379457,0.0010696172695044334,,0.0012164582882902009,3안 (MSTL)
ELEC_3-6-4,6,block_6h,seasonal_naive,0.05088112507488608,0.04591328324926194,0.023546094131873536,7.91346090353861e-05,,0.002000816497088609,4안 (Seasonal Naive)
ELEC_3-6-4,6,block_24h,baseline,0.08575065764969028,0.03934131437678177,0.022871535354048844,0.00030449717463968735,0.2863115981554176,0.0017746240609874953,기존안 (대치+선형)
ELEC_3-6-4,6,block_24h,pchip,0.0862154997922649,0.039532501209682915,0.02278185193055527,0.00027629511765730265,0.2870998030607123,0.0018638756918318844,1안 (PCHIP)
ELEC_3-6-4,6,block_24h,stl,0.08598380498969985,0.042687482827522806,0.022087995095712177,0.0012924191441453267,0.26721818206057835,0.0014229527813419685,2안 (STL)
ELEC_3-6-4,6,block_24h,mstl,0.08888552394032859,0.0432379963986961,0.0222494204563631,0.0010845952571922426,0.24322454547035663,0.0012344517482216766,3안 (MSTL)
ELEC_3-6-4,6,block_24h,seasonal_naive,0.08403328723903047,0.04589816221254686,0.023563225384037798,7.832760051886838e-05,0.2474120013513969,0.001961793527988087,4안 (Seasonal Naive)
ELEC_3-6-4,7,random,baseline,0.040174929978613425,0.03453492532671138,0.023444350530179087,0.0005639061095110008,0.1267168046596319,0.0022087108567336866,기존안 (대치+선형)
ELEC_3-6-4,7,random,pchip,0.04011956088479099,0.034877525375098306,0.0231952512867588,0.0005020535850402853,0.1254000741774064,0.002276207489940285,1안 (PCHIP)
ELEC_3-6-4,7,random,stl,0.06799318122254283,0.04505989602350738,0.02305895576320077,0.0030231319429925513,0.24731966595478128,0.003183959951385429,2안 (STL)
ELEC_3-6-4,7,random,mstl,0.05926760061894646,0.04690394430911682,0.023307036379384614,0.0027847961541697394,0.19353045756482712,0.0019202804806186524,3안 (MSTL)
ELEC_3-6-4,7,random,seasonal_naive,0.09425212238795046,0.0557643991954451,0.030904082615521432,0.00014766264451151744,0.2486833336744386,0.004537508657547651,4안 (Seasonal Naive)
ELEC_3-6-4,7,block_6h,baseline,0.07241905494767298,0.0393897868857228,0.022819871580328357,0.00027243204162702195,,0.0017919172108439296,기존안 (대치+선형)
ELEC_3-6-4,7,block_6h,pchip,0.07505967260667916,0.039580988933868994,0.02273014869368949,0.0002473561009396625,,0.0018829198649916723,1안 (PCHIP)
ELEC_3-6-4,7,block_6h,stl,0.07268589261752939,0.04270077622718126,0.022050665568531903,0.0012637918676954285,,0.0015001330707248295,2안 (STL)
ELEC_3-6-4,7,block_6h,mstl,0.07432196283015588,0.04323409820521267,0.022296541235644146,0.0010677691993604683,,0.0012371246492501875,3안 (MSTL)
ELEC_3-6-4,7,block_6h,seasonal_naive,0.09260129588724944,0.045917388508098185,0.023568585553171637,7.102696621713039e-05,,0.002010085759334701,4안 (Seasonal Naive)
ELEC_3-6-4,7,block_24h,baseline,0.10723983934042347,0.03931627229787869,0.02305196415271966,0.00032409758548764347,0.3004913628638028,0.0018081589321983227,기존안 (대치+선형)
ELEC_3-6-4,7,block_24h,pchip,0.10655434586113868,0.03950745913077984,0.02295694115013051,0.00029598939427634326,0.2991118932676474,0.0018979514735244507,1안 (PCHIP)
ELEC_3-6-4,7,block_24h,stl,0.10316711059912481,0.04265312244719049,0.022352803029473872,0.0012844936010610731,0.28265925078219556,0.0015209970751142166,2안 (STL)
ELEC_3-6-4,7,block_24h,mstl,0.10360425438123119,0.043205428914851185,0.022548672881616005,0.001121865449292765,0.2709087640883069,0.0011973540761859303,3안 (MSTL)
ELEC_3-6-4,7,block_24h,seasonal_naive,0.1254990039801109,0.045912051671610575,0.023816072914396944,9.01124877089169e-05,0.294480474734742,0.002020237619136278,4안 (Seasonal Naive)
ELEC_3-6-4,8,random,baseline,0.044075441911012876,0.03435882177774712,0.02386131660347925,0.0006002264722242328,0.14285299084938116,0.002259460749308828,기존안 (대치+선형)
ELEC_3-6-4,8,random,pchip,0.04413730788440756,0.03471321874122351,0.02355740769268118,0.0005330648510104772,0.1423019985814632,0.002399438873948334,1안 (PCHIP)
ELEC_3-6-4,8,random,stl,0.07476036791032052,0.04530515578517163,0.023528720492936132,0.003195566880061323,0.2844256961252022,0.003332556635027961,2안 (STL)
ELEC_3-6-4,8,random,mstl,0.06323842571957006,0.046827434819467065,0.023704576295923267,0.002842483835624495,0.2150171227457112,0.002257799885458711,3안 (MSTL)
ELEC_3-6-4,8,random,seasonal_naive,0.09864267723923505,0.05595074373613145,0.03092620146064104,0.00018072286444319196,0.26935045870300534,0.004190355082531072,4안 (Seasonal Naive)
ELEC_3-6-4,8,block_6h,baseline,0.16398678808588993,0.03936840625388991,0.02273835990302494,0.00029165444678433747,0.30879694874745583,0.001743660361954169,기존안 (대치+선형)
ELEC_3-6-4,8,block_6h,pchip,0.16398678808588074,0.03955959167125189,0.022646898324884052,0.00026462081880936045,0.3087969487474453,0.001833479181383324,1안 (PCHIP)
ELEC_3-6-4,8,block_6h,stl,0.14064098257231955,0.04269285382724321,0.02196664509868638,0.0012743177513715794,0.2655794303622737,0.0014282934317536577,2안 (STL)
ELEC_3-6-4,8,block_6h,mstl,0.11849183252690967,0.04322009616062682,0.022240614822639903,0.0010929205328356248,0.22414146604375773,0.0011621515036972507,3안 (MSTL)
ELEC_3-6-4,8,block_6h,seasonal_naive,0.13864422895394618,0.045909383253366735,0.023495787904952062,8.45189757071486e-05,0.2587577159344874,0.001932165452920298,4안 (Seasonal Naive)
ELEC_3-6-4,8,block_24h,baseline,0.07990475652264105,0.03934273423009664,0.022959298938751375,0.0002921903484688684,0.3595290551516225,0.0017675151907532438,기존안 (대치+선형)
ELEC_3-6-4,8,block_24h,pchip,0.08014799181233478,0.039533931125158545,0.022846328019263996,0.00026665970397093074,0.3659608532007663,0.0018607545800464198,1안 (PCHIP)
ELEC_3-6-4,8,block_24h,stl,0.07246811588140606,0.0427022339914489,0.02212794873936957,0.0012741576214564797,0.3238191240359429,0.001485089306711096,2안 (STL)
ELEC_3-6-4,8,block_24h,mstl,0.08411121348758512,0.04323520574403134,0.022365886843711415,0.00110185405323423,0.3184762133481241,0.0012561236980858093,3안 (MSTL)
ELEC_3-6-4,8,block_24h,seasonal_naive,0.12000257198889397,0.0459552937313558,0.023657140758627834,0.00012315098500311058,0.31215380824201894,0.002012987054285653,4안 (Seasonal Naive)
ELEC_3-6-4,9,random,baseline,0.04486137838054477,0.0343243250596715,0.023950877783882416,0.0005908160162617264,0.15242649322230775,0.0027623180645501844,기존안 (대치+선형)
ELEC_3-6-4,9,random,pchip,0.04464030584566757,0.03466683008095939,0.02368541565489995,0.0005224775548972233,0.14989946262462628,0.0028180981254333215,1안 (PCHIP)
ELEC_3-6-4,9,random,stl,0.07165139810358956,0.04498240656633137,0.02289709388501212,0.003193835604133724,0.27171737819678227,0.0032510816849520285,2안 (STL)
ELEC_3-6-4,9,random,mstl,0.06400833168718585,0.046685407887127654,0.023582850210087162,0.002768055974503538,0.2215639297393604,0.0028879169479651967,3안 (MSTL)
ELEC_3-6-4,9,random,seasonal_naive,0.09973141203199665,0.05565253089214158,0.030147180812736065,0.00020102308354085196,0.27485756378296655,0.005254755350655671,4안 (Seasonal Naive)
ELEC_3-6-4,9,block_6h,baseline,0.02333011560840974,0.03939901262281088,0.02282555645373708,0.00026611890062495523,,0.0017467704671167983,기존안 (대치+선형)
ELEC_3-6-4,9,block_6h,pchip,0.025444326583056908,0.039590209127362344,0.02273429362056294,0.00023915677527808175,,0.00183568802282974,1안 (PCHIP)
ELEC_3-6-4,9,block_6h,stl,0.028945205173649173,0.04271830087396163,0.02204183022953726,0.0012417239603473235,,0.001476945066402946,2안 (STL)
ELEC_3-6-4,9,block_6h,mstl,0.0585560445503991,0.04325259219378742,0.02225180807514623,0.00108858846552065,,0.001220542288132842,3안 (MSTL)
ELEC_3-6-4,9,block_6h,seasonal_naive,0.0701387513750605,0.04592498323694572,0.02348481058820936,0.00010078401753736964,,0.001979106626336713,4안 (Seasonal Naive)
ELEC_3-6-4,9,block_24h,baseline,0.09147752168253931,0.03934315891204525,0.02296729112368758,0.00030394921294592524,0.4091990785060074,0.0017847617161642626,기존안 (대치+선형)
ELEC_3-6-4,9,block_24h,pchip,0.093106449496061,0.03953434432940722,0.022889597666007996,0.0002757308905729736,0.4125984596524005,0.001872714788069496,1안 (PCHIP)
ELEC_3-6-4,9,block_24h,stl,0.07766537184566491,0.042694613576613714,0.022158319689379986,0.001287937987273954,0.33863241085415274,0.001475702455429051,2안 (STL)
ELEC_3-6-4,9,block_24h,mstl,0.08304760304711278,0.043232772898147746,0.022352428147393286,0.001094300862889925,0.34046024181398477,0.0012669666902376253,3안 (MSTL)
ELEC_3-6-4,9,block_24h,seasonal_naive,0.11204193438943921,0.04594585163603169,0.023641407506065873,0.00012510744624808678,0.31215380824201894,0.0019890506627334714,4안 (Seasonal Naive)
ELEC_2-12-1,0,random,baseline,0.05071953286707216,0.038290096494068164,0.017744783392948178,0.0007865957849978515,0.13653585773455573,0.003638388258812797,기존안 (대치+선형)
ELEC_2-12-1,0,random,pchip,0.05110928119602114,0.03865743976489492,0.017591227332384968,0.0006869707801405395,0.13713950458730226,0.0037370253240807116,1안 (PCHIP)
ELEC_2-12-1,0,random,stl,0.06594428945957564,0.04669381445791985,0.016627178306314425,0.0023832815520047563,0.22338376377707625,0.0034400524873191562,2안 (STL)
ELEC_2-12-1,0,random,mstl,0.0594005199376636,0.04844253847715462,0.01844371322854413,0.002307558041948048,0.18650883976883922,0.0034314897714523562,3안 (MSTL)
ELEC_2-12-1,0,random,seasonal_naive,0.11950862553163064,0.0563645538268436,0.029431341965270814,0.00034611300998281346,0.23390159720158252,0.007643846737025783,4안 (Seasonal Naive)
ELEC_2-12-1,0,block_6h,baseline,0.021647600759315253,0.04380150242545838,0.01692398463245555,0.00036037903382988467,,0.002304767119612139,기존안 (대치+선형)
ELEC_2-12-1,0,block_6h,pchip,0.022393918550044575,0.0440246755266286,0.016868312997638052,0.0003072689373593435,,0.0023331056224116242,1안 (PCHIP)
ELEC_2-12-1,0,block_6h,stl,0.015516103225145354,0.04664967258585798,0.016433812871450494,0.0009760020226686725,,0.0015079861040330211,2안 (STL)
ELEC_2-12-1,0,block_6h,mstl,0.01759924880860848,0.04724184841356238,0.01690725617715655,0.0009933406670005428,,0.0016686058839956441,3안 (MSTL)
ELEC_2-12-1,0,block_6h,seasonal_naive,0.031205214822138325,0.050192023482144,0.017904530933883937,0.00033248506034885556,,0.002478032916960249,4안 (Seasonal Naive)
ELEC_2-12-1,0,block_24h,baseline,0.051519271257581364,0.04375906477453921,0.016933491948679987,0.00035797837192153747,0.27976019890777243,0.0023357645602151145,기존안 (대치+선형)
ELEC_2-12-1,0,block_24h,pchip,0.05380705272925646,0.043982168741667875,0.01687847375235677,0.0003117663467089984,0.28545965559734365,0.00235975008244238,1안 (PCHIP)
ELEC_2-12-1,0,block_24h,stl,0.04754320678772052,0.04662085914485893,0.01642643268995148,0.0009965274093717805,0.27245210497916394,0.0015530587148794295,2안 (STL)
ELEC_2-12-1,0,block_24h,mstl,0.04781316801020096,0.04722523908769037,0.01691097396314914,0.001003399516047123,0.2484473138528742,0.0016961714992295152,3안 (MSTL)
ELEC_2-12-1,0,block_24h,seasonal_naive,0.05868347297156536,0.05021083925181189,0.017930504660617724,0.0003406954094939661,0.2570992026440783,0.0024972668216650673,4안 (Seasonal Naive)
ELEC_2-12-1,1,random,baseline,0.07633098636910043,0.03822996239914572,0.018946079700692616,0.0009041380260987948,0.13630623534058914,0.004023630555018087,기존안 (대치+선형)
ELEC_2-12-1,1,random,pchip,0.07925497424921667,0.03862232737590955,0.018970020916382693,0.0007880946418721137,0.13557470330532514,0.004165296636980842,1안 (PCHIP)
ELEC_2-12-1,1,random,stl,0.06163505342476638,0.046833270870739636,0.016703085073878576,0.0024380566888007856,0.22886372775107686,0.0033531105765686187,2안 (STL)
ELEC_2-12-1,1,random,mstl,0.06011991518193998,0.04842943212108849,0.017614534950652343,0.0023440066071701514,0.18945515306855085,0.0029940355907528415,3안 (MSTL)
ELEC_2-12-1,1,random,seasonal_naive,0.08433492125073032,0.056219056611575495,0.02149746981200718,0.0004010920343338345,0.23432194245590032,0.004854849557504148,4안 (Seasonal Naive)
ELEC_2-12-1,1,block_6h,baseline,0.081616090240707,0.0437965594719133,0.016960577561357996,0.0003625653557020367,0.2768292856115045,0.002325589896453817,기존안 (대치+선형)
ELEC_2-12-1,1,block_6h,pchip,0.08209520912528935,0.0440197242576914,0.01690604643018673,0.00031182667263038435,0.2787303907747107,0.002350124673118348,1안 (PCHIP)
ELEC_2-12-1,1,block_6h,stl,0.07897823707373589,0.04664404983987802,0.01645782012461627,0.0009839576514178267,0.26740708125387763,0.0015346856891025329,2안 (STL)
ELEC_2-12-1,1,block_6h,mstl,0.08723240335792276,0.047240980173562465,0.01694354466824101,0.0010017556612550963,0.2540238222951513,0.001692631114178278,3안 (MSTL)
ELEC_2-12-1,1,block_6h,seasonal_naive,0.06171169527183035,0.050195034005290996,0.017905726632899178,0.0003342297595421543,0.18430047929011736,0.002510360783447574,4안 (Seasonal Naive)
ELEC_2-12-1,1,block_24h,baseline,0.0764852927039104,0.04373539111524841,0.016773673956512622,0.00037615325720553226,0.22868339211172595,0.0022941467117958414,기존안 (대치+선형)
ELEC_2-12-1,1,block_24h,pchip,0.07755937149857312,0.04395855590102651,0.01671379495366283,0.00032998554587344983,0.23202942278129407,0.0023224877097303143,1안 (PCHIP)
ELEC_2-12-1,1,block_24h,stl,0.06605804907862037,0.04661559872906591,0.016324563084415534,0.0010152778232766627,0.2005510323677742,0.0015112605404690171,2안 (STL)
ELEC_2-12-1,1,block_24h,mstl,0.07446896454368998,0.047206019162202614,0.016776062957269727,0.0010130986811575323,0.20134110444998715,0.001680655278193277,3안 (MSTL)
ELEC_2-12-1,1,block_24h,seasonal_naive,0.09006079693774674,0.05016971824246542,0.017850666732159085,0.00034423612256277643,0.17992141943558534,0.0025254985958979015,4안 (Seasonal Naive)
ELEC_2-12-1,2,random,baseline,0.061461269397326074,0.03819287260736172,0.018345563951395475,0.0008510767167981222,0.13523775847484887,0.0034837930107662896,기존안 (대치+선형)
ELEC_2-12-1,2,random,pchip,0.061493540835298156,0.038558251919966494,0.018295828650023837,0.0007487937708669558,0.13385296127762458,0.003417176242924147,1안 (PCHIP)
ELEC_2-12-1,2,random,stl,0.06299725925998735,0.04688069526468369,0.017157798859866027,0.002504586574991143,0.22979023741118673,0.0032098431074101264,2안 (STL)
ELEC_2-12-1,2,random,mstl,0.05937982983527524,0.04845211027285128,0.018465988618962734,0.0023963512742400765,0.19058274401604042,0.0027014434524462727,3안 (MSTL)
ELEC_2-12-1,2,random,seasonal_naive,0.11990838759561945,0.056477790549751425,0.026276816377032684,0.00028734579454915265,0.23740478286640815,0.006895684598187013,4안 (Seasonal Naive)
ELEC_2-12-1,2,block_6h,baseline,0.008498365855905923,0.04380723314488846,0.016927391501867013,0.0003579621585299544,,0.002292728829496604,기존안 (대치+선형)
ELEC_2-12-1,2,block_6h,pchip,0.008498365855905923,0.044030397930666564,0.01687170987509925,0.0003068282962509906,,0.0023195029089640995,1안 (PCHIP)
ELEC_2-12-1,2,block_6h,stl,0.010194539579209143,0.046655439382627416,0.016436444320464358,0.0009740701667248128,,0.0015111760886895587,2안 (STL)
ELEC_2-12-1,2,block_6h,mstl,0.017829104934605364,0.047246994737598365,0.016891652827148104,0.0009945586855539983,,0.0016761368573240398,3안 (MSTL)
ELEC_2-12-1,2,block_6h,seasonal_naive,0.025276251480063863,0.05019195506116359,0.017875929613290407,0.00033833493411471584,,0.002499272395909524,4안 (Seasonal Naive)
ELEC_2-12-1,2,block_24h,baseline,0.07937784899998829,0.0437569437241401,0.01682939836407416,0.00041803134546535063,0.13978468579542358,0.0022380698088756423,기존안 (대치+선형)
ELEC_2-12-1,2,block_24h,pchip,0.056545872536789006,0.043980108509918195,0.016760014731774964,0.00033213100851803984,0.152620199218659,0.0022744012659655644,1안 (PCHIP)
ELEC_2-12-1,2,block_24h,stl,0.07098545131326058,0.0466495175792814,0.01629103985262879,0.0009310130859675762,0.1522461927977898,0.001556131655384263,2안 (STL)
ELEC_2-12-1,2,block_24h,mstl,0.07115427301696253,0.047234903056314705,0.01678980016146035,0.0010297516283954613,0.1257238234122078,0.0016947042857573535,3안 (MSTL)
ELEC_2-12-1,2,block_24h,seasonal_naive,0.07250904583839651,0.05019284453391135,0.017816361007695344,0.0003396691158507932,0.1691153452528798,0.0025449062084391683,4안 (Seasonal Naive)
ELEC_2-12-1,3,random,baseline,0.044993257781555926,0.03827402428885797,0.01808006728691201,0.0008591146143385619,0.1411938523946741,0.0029061280761263353,기존안 (대치+선형)
ELEC_2-12-1,3,random,pchip,0.04541061862043302,0.03863742773764969,0.017931779641556282,0.0007484553200824645,0.14127672150493764,0.0029914447069817607,1안 (PCHIP)
ELEC_2-12-1,3,random,stl,0.0623702905157305,0.04671048375774264,0.017314323377542302,0.0024200861706100206,0.232703997738095,0.0027664491552353843,2안 (STL)
ELEC_2-12-1,3,random,mstl,0.0605390855714435,0.04840487509787454,0.018980036243511668,0.00241976274812219,0.1956873433087023,0.0028112048896983266,3안 (MSTL)
ELEC_2-12-1,3,random,seasonal_naive,0.12202449484289375,0.05642681691919618,0.02978602947648748,0.00042750749992814135,0.24167398773594115,0.007493384154080185,4안 (Seasonal Naive)
ELEC_2-12-1,3,block_6h,baseline,0.07203185815034673,0.043798612101331666,0.016987744332768236,0.00036143643269439797,0.2525059213594085,0.002200914751283811,기존안 (대치+선형)
ELEC_2-12-1,3,block_6h,pchip,0.07470146250348249,0.044021776887109766,0.016941024713811845,0.0003102920912186519,0.26370965079911196,0.0022248041642994876,1안 (PCHIP)
ELEC_2-12-1,3,block_6h,stl,0.07529087113784165,0.046655189288577266,0.016470550696376353,0.0009819545215298308,0.24891134448854876,0.0014700971247656458,2안 (STL)
ELEC_2-12-1,3,block_6h,mstl,0.07592625344404101,0.04724324516858989,0.01696449921806243,0.001005510148783966,0.2095745989161204,0.0016398517933924328,3안 (MSTL)
ELEC_2-12-1,3,block_6h,seasonal_naive,0.09778093429250766,0.05019606032000008,0.017930659510094513,0.00033925859839353844,0.18668154702656053,0.0024477058244872785,4안 (Seasonal Naive)
ELEC_2-12-1,3,block_24h,baseline,0.1877634547577027,0.043746064788223446,0.018852074172965808,0.0003262768789740295,0.13207215756886564,0.0024466802105621577,기존안 (대치+선형)
ELEC_2-12-1,3,block_24h,pchip,0.24975631919538452,0.043969229574001546,0.02039251530287893,0.0003559083120413765,0.14641325359599824,0.002487148642010828,1안 (PCHIP)
ELEC_2-12-1,3,block_24h,stl,0.07005204062134789,0.04664441169408087,0.016345828001429984,0.00098058517508818,0.16144587229229218,0.001535760919162521,2안 (STL)
ELEC_2-12-1,3,block_24h,mstl,0.0849603812490639,0.04727193430075357,0.0171101247331475,0.0010451278064270593,0.07749037671938742,0.001712650235853208,3안 (MSTL)
ELEC_2-12-1,3,block_24h,seasonal_naive,0.07269231358062854,0.05019127085135733,0.017855324715433118,0.00032381287906434685,0.1636206501995305,0.00251546502021216,4안 (Seasonal Naive)
ELEC_2-12-1,4,random,baseline,0.09795735777133857,0.0377932082211569,0.026295844843899057,0.0009867456853371855,0.39922430787772,0.006052361200410972,기존안 (대치+선형)
ELEC_2-12-1,4,random,pchip,0.09807507204280924,0.03816285950369398,0.025627565593051516,0.0008832224403179796,0.3988955385604334,0.006126008155558749,1안 (PCHIP)
ELEC_2-12-1,4,random,stl,0.10702670081289614,0.04627703668046012,0.022471645020507913,0.002538263488553152,0.4385716499494385,0.006096065685464391,2안 (STL)
ELEC_2-12-1,4,random,mstl,0.10485432122480498,0.04784382020160832,0.025505631674936344,0.002490944664322833,0.42057956163179894,0.005107607279054904,3안 (MSTL)
ELEC_2-12-1,4,random,seasonal_naive,0.12104741207973141,0.05544001532635705,0.022628469343945908,0.0003121751216076165,0.43974186051076025,0.006888910921855618,4안 (Seasonal Naive)
ELEC_2-12-1,4,block_6h,baseline,0.043779751788526035,0.04379327526484406,0.016977046660972602,0.00035363983774032876,0.1999999999998181,0.00229867737961742,기존안 (대치+선형)
ELEC_2-12-1,4,block_6h,pchip,0.043779751788526035,0.04401644005062216,0.01692392993439816,0.00030444477848848354,0.1999999999998181,0.002325098924257918,1안 (PCHIP)
ELEC_2-12-1,4,block_6h,stl,0.038351677329490394,0.04664561116035838,0.016496515600772938,0.0009803534007425793,0.08175623838178486,0.0015152034414281923,2안 (STL)
ELEC_2-12-1,4,block_6h,mstl,0.04904884923594695,0.04723890496354825,0.01695310314861904,0.0009859509285412584,0.01902496321139424,0.0016867628282591918,3안 (MSTL)
ELEC_2-12-1,4,block_6h,seasonal_naive,0.12835497652991948,0.05019893400118578,0.017936201681496615,0.00034367166105903833,0.1000000000003638,0.0025867153516712094,4안 (Seasonal Naive)
ELEC_2-12-1,4,block_24h,baseline,0.0859488425627847,0.04375948786754183,0.017182121447400726,0.00043036617310482334,0.21900655063580118,0.002347162107379508,기존안 (대치+선형)
ELEC_2-12-1,4,block_24h,pchip,0.08892402542763624,0.04398232443401671,0.017154673766524565,0.00036089704224823247,0.22734730029615258,0.0023771772627506627,1안 (PCHIP)
ELEC_2-12-1,4,block_24h,stl,0.04494999423682363,0.046621219794950645,0.016453959458803166,0.0009814148704266764,0.23719097897951752,0.001549648024683603,2안 (STL)
ELEC_2-12-1,4,block_24h,mstl,0.05261649547065577,0.047235415419818,0.016946798380591162,0.0010415342187733792,0.23340512522481816,0.0017205519953927828,3안 (MSTL)
ELEC_2-12-1,4,block_24h,seasonal_naive,0.05857818980637754,0.050208855043374336,0.017929576894474625,0.0003378217872931845,0.2570992026440783,0.002510958130800156,4안 (Seasonal Naive)
ELEC_2-12-1,5,random,baseline,0.06516986748792476,0.03828668978086307,0.01821128700386531,0.00091748764958226,0.1332185690433056,0.0032653409717557924,기존안 (대치+선형)
ELEC_2-12-1,5,random,pchip,0.06544951071681875,0.03865342007894463,0.018260618558256978,0.0008123296009506886,0.13280163034254897,0.003301532192880763,1안 (PCHIP)
ELEC_2-12-1,5,random,stl,0.06593614815636768,0.0469159197299,0.016545613774670728,0.0024637412016946998,0.22791715218684525,0.003778318038189954,2안 (STL)
ELEC_2-12-1,5,random,mstl,0.06094605515297656,0.04855472650949772,0.01907174460525643,0.002394515364609952,0.18741783038928825,0.0029953675079031905,3안 (MSTL)
ELEC_2-12-1,5,random,seasonal_naive,0.11968266574251243,0.05651220630299938,0.029238200321744894,0.0003904557929034218,0.23352999497181895,0.008685431801407462,4안 (Seasonal Naive)
ELEC_2-12-1,5,block_6h,baseline,0.06353571268806327,0.043795128178967566,0.01691390692786751,0.0003548336218637566,0.19070483620187748,0.0022640679543843856,기존안 (대치+선형)
ELEC_2-12-1,5,block_6h,pchip,0.06357516623734383,0.04401829573654304,0.016857176294979126,0.00030765184638864253,0.19076122876738696,0.002291175167692283,1안 (PCHIP)
ELEC_2-12-1,5,block_6h,stl,0.055207601985015536,0.04664541943073016,0.01642498670227434,0.0009847889703723475,0.17899696351697128,0.0015206240616194577,2안 (STL)
ELEC_2-12-1,5,block_6h,mstl,0.05740167227909758,0.04723972045970673,0.016916929234154752,0.0009925255664139899,0.16472618560048521,0.00167516931779077,3안 (MSTL)
ELEC_2-12-1,5,block_6h,seasonal_naive,0.12933591062727318,0.050213507670055495,0.01794033364255632,0.00033607708809984003,0.16568041525776114,0.0025156809351656317,4안 (Seasonal Naive)
ELEC_2-12-1,5,block_24h,baseline,0.15190548962356865,0.04375226372906667,0.018032152176779274,0.0003715218051218489,0.0848696479482405,0.0023877594586705353,기존안 (대치+선형)
ELEC_2-12-1,5,block_24h,pchip,0.16112444508967025,0.04397544904016267,0.018232269640515174,0.00029034111978748067,0.09537854953320708,0.0024545469270300657,1안 (PCHIP)
ELEC_2-12-1,5,block_24h,stl,0.06943473736209733,0.046660408457512695,0.01634847355149929,0.0009665025844584772,0.15948251650701456,0.0015651404239982458,2안 (STL)
ELEC_2-12-1,5,block_24h,mstl,0.07561780166519992,0.047267911759834226,0.016972652446982064,0.0010623005061884522,0.09692229986900658,0.001700528841725446,3안 (MSTL)
ELEC_2-12-1,5,block_24h,seasonal_naive,0.08082134074840976,0.05019229716606648,0.017874335715121033,0.0003454676749345411,0.1511332850210866,0.0025493891354504417,4안 (Seasonal Naive)
ELEC_2-12-1,6,random,baseline,0.04517977529088498,0.0381710966528391,0.01788112362443402,0.0008450772653137494,0.14095088721864912,0.0027191879761814253,기존안 (대치+선형)
ELEC_2-12-1,6,random,pchip,0.045548702230679854,0.03854006312450841,0.01772704246589432,0.0007377066878816145,0.14076638396973687,0.002728520838519821,1안 (PCHIP)
ELEC_2-12-1,6,random,stl,0.06281571222051062,0.046878208739700514,0.017099573568491983,0.0023707349183770612,0.23282828161952068,0.003304904260853392,2안 (STL)
ELEC_2-12-1,6,random,mstl,0.059081468495203314,0.048399663454059084,0.018028379623669974,0.002416447284774274,0.19402580765866362,0.0024401613935052247,3안 (MSTL)
ELEC_2-12-1,6,random,seasonal_naive,0.08510288732689378,0.05640348536481026,0.02193637518934042,0.00037243769976256385,0.2370499697786344,0.004229915341209867,4안 (Seasonal Naive)
ELEC_2-12-1,6,block_6h,baseline,0.07922674344480345,0.04378261268716303,0.01692902306515017,0.0003582193840607515,0.21948220270040175,0.0022931122203165843,기존안 (대치+선형)
ELEC_2-12-1,6,block_6h,pchip,0.07951843821009766,0.04400578301653588,0.016872685732198432,0.0003100022831577545,0.22011877399139865,0.0023229589574889076,1안 (PCHIP)
ELEC_2-12-1,6,block_6h,stl,0.07351579286144158,0.046638466343884626,0.016432374868389558,0.000984925383121014,0.20584468486947008,0.001498120185012053,2안 (STL)
ELEC_2-12-1,6,block_6h,mstl,0.07028826438614447,0.04722849853425369,0.016914838870206037,0.001000796904511748,0.1736722997924535,0.0016724065303630464,3안 (MSTL)
ELEC_2-12-1,6,block_6h,seasonal_naive,0.08403041777314384,0.050184360332315776,0.01791802090353179,0.00033433238890650326,0.15383974345649448,0.0025293990916226416,4안 (Seasonal Naive)
ELEC_2-12-1,6,block_24h,baseline,0.09278435634098407,0.04373580730355801,0.016779756705240977,0.00036547015815599455,0.2641233976210863,0.002288418831205785,기존안 (대치+선형)
ELEC_2-12-1,6,block_24h,pchip,0.09424905177332883,0.04395897492041443,0.016724513394235734,0.0003289766136755206,0.2672916753801348,0.0023157539512627112,1안 (PCHIP)
ELEC_2-12-1,6,block_24h,stl,0.07641180019653117,0.04661980162825477,0.01631085976404608,0.0010254340210673256,0.22306874856630454,0.0015125515583893634,2안 (STL)
ELEC_2-12-1,6,block_24h,mstl,0.07871562220455405,0.0472079091146826,0.016757481578388696,0.000999408202765361,0.2171355424086694,0.0016641244233626118,3안 (MSTL)
ELEC_2-12-1,6,block_24h,seasonal_naive,0.06598720590078681,0.05016479193186146,0.017847911614338442,0.00031098420852513183,0.17992141943558534,0.0025041084093506694,4안 (Seasonal Naive)
ELEC_2-12-1,7,random,baseline,0.04503203537205192,0.0383709967284586,0.01778253292913403,0.0008090376907856391,0.1405133853268972,0.0033483798429329026,기존안 (대치+선형)
ELEC_2-12-1,7,random,pchip,0.045287266644558836,0.03874318796586748,0.017650348598336862,0.0007035549942916502,0.1393726595025173,0.0033358443475902666,1안 (PCHIP)
ELEC_2-12-1,7,random,stl,0.06217021059687852,0.04693987748736459,0.01707832502362549,0.0024525156935834686,0.23568046847751917,0.003477362578585552,2안 (STL)
ELEC_2-12-1,7,random,mstl,0.057830898518881894,0.048329072502202065,0.018771480901254557,0.0023136931239263773,0.19388720033165824,0.0030638838779782906,3안 (MSTL)
ELEC_2-12-1,7,random,seasonal_naive,0.08563950120746325,0.056205868467562856,0.022115640336449166,0.00029492189788411994,0.24402175850788355,0.0060349715946450555,4안 (Seasonal Naive)
ELEC_2-12-1,7,block_6h,baseline,0.036100252467929694,0.04379638194720661,0.016915874432161346,0.0003578898937062597,0.18486486486590123,0.0022929001758414946,기존안 (대치+선형)
ELEC_2-12-1,7,block_6h,pchip,0.035349407892576235,0.044019560591971554,0.016860453133956045,0.00030740191069412635,0.18063016998108136,0.0023213202413057132,1안 (PCHIP)
ELEC_2-12-1,7,block_6h,stl,0.03289057219629788,0.04664473515602116,0.016424120459606055,0.0009778182697230433,0.17100468033858277,0.0015066925512626783,2안 (STL)
ELEC_2-12-1,7,block_6h,mstl,0.036469956109063985,0.047238115050312536,0.01690390034730235,0.0009906387937459152,0.17430972685053014,0.0016565833368521465,3안 (MSTL)
ELEC_2-12-1,7,block_6h,seasonal_naive,0.03693086634366787,0.05018620769879216,0.01789451979349121,0.00033115087861277666,0.15999999999985448,0.002487066603447996,4안 (Seasonal Naive)
ELEC_2-12-1,7,block_24h,baseline,0.07795119555777404,0.04373539111524841,0.01676704803642249,0.0003703833635651922,0.23370533117188358,0.0022903574058021903,기존안 (대치+선형)
ELEC_2-12-1,7,block_24h,pchip,0.07795119555777404,0.04395855590102651,0.016709742580940122,0.0003276716985703886,0.23370533117188358,0.0023193895302389134,1안 (PCHIP)
ELEC_2-12-1,7,block_24h,stl,0.06734106484310581,0.04661487770495263,0.01632091335502525,0.0010184003559157125,0.20423507661911697,0.0015115750857860322,2안 (STL)
ELEC_2-12-1,7,block_24h,mstl,0.07524687916804128,0.04720623858052958,0.016774621854454295,0.0010100168278039895,0.2036184956231288,0.001679328514009204,3안 (MSTL)
ELEC_2-12-1,7,block_24h,seasonal_naive,0.09009548903836441,0.05016971824246543,0.017851430234234935,0.0003439282344698369,0.17992141943558534,0.0025267421836914217,4안 (Seasonal Naive)
ELEC_2-12-1,8,random,baseline,0.04391461122635256,0.038312661977835415,0.01745741259435333,0.0008509495887080305,0.13252724972978408,0.00340090631470924,기존안 (대치+선형)
ELEC_2-12-1,8,random,pchip,0.04417147962513155,0.038682610637437886,0.017299649315900764,0.0007401038719960726,0.13192483777866565,0.0034800235228589216,1안 (PCHIP)
ELEC_2-12-1,8,random,stl,0.06175610135480156,0.046987504861333906,0.01691203600560825,0.002437943089481427,0.22770513306819326,0.0038666897408241585,2안 (STL)
ELEC_2-12-1,8,random,mstl,0.0572541840023719,0.04847803203465373,0.017771694390961962,0.0024222249023101317,0.19000279869776926,0.003003546657214584,3안 (MSTL)
ELEC_2-12-1,8,random,seasonal_naive,0.08436708159074852,0.0561610356200227,0.02162050926125673,0.00022163108809238323,0.23844750487551278,0.005605280601948537,4안 (Seasonal Naive)
ELEC_2-12-1,8,block_6h,baseline,0.07723788377934461,0.043789819080715414,0.01691541873018849,0.0003648987367528412,0.2026940899075144,0.0022962167888804785,기존안 (대치+선형)
ELEC_2-12-1,8,block_6h,pchip,0.07645572330348074,0.04401300049727774,0.016860855034896118,0.0003144043913692766,0.20061634513007714,0.0023229309063709236,1안 (PCHIP)
ELEC_2-12-1,8,block_6h,stl,0.07991804825178046,0.04663852602688553,0.01642196478306671,0.0009854243286419766,0.2108469529560559,0.0015044866795546064,2안 (STL)
ELEC_2-12-1,8,block_6h,mstl,0.08477866589464231,0.04723181397504192,0.01689401944289623,0.000996249844216467,0.22353193196650445,0.0016746239803678842,3안 (MSTL)
ELEC_2-12-1,8,block_6h,seasonal_naive,0.09447221813851775,0.0501767656034682,0.017891305153289704,0.00031821957870924373,0.2293904967519833,0.002549529031931841,4안 (Seasonal Naive)
ELEC_2-12-1,8,block_24h,baseline,0.07497627338618708,0.04373579880991906,0.016787036080808997,0.0003794716066518379,0.2212588818817725,0.0022896426589273933,기존안 (대치+선형)
ELEC_2-12-1,8,block_24h,pchip,0.07593643870722241,0.04395896635518585,0.016729476294497718,0.0003332135060817469,0.22359054799397757,0.0023187145317761226,1안 (PCHIP)
ELEC_2-12-1,8,block_24h,stl,0.06684889397165206,0.04661642035144813,0.016326091577343792,0.0010081873133270804,0.19587134890441307,0.0015198917240109022,2안 (STL)
ELEC_2-12-1,8,block_24h,mstl,0.07793015535752958,0.04720795624054602,0.016767833897295668,0.0010177574141098445,0.19810724470500682,0.0016732375230444907,3안 (MSTL)
ELEC_2-12-1,8,block_24h,seasonal_naive,0.08074636166936588,0.050172386660709174,0.01784879916497734,0.00033140745202356277,0.17992141943558534,0.0025118531519555676,4안 (Seasonal Naive)
ELEC_2-12-1,9,random,baseline,0.061235758040874166,0.03819224764969978,0.018225064730512875,0.0008825847886334643,0.13455356672305524,0.0033248841589431644,기존안 (대치+선형)
ELEC_2-12-1,9,random,pchip,0.061411672950419424,0.03857001111214086,0.018172924065199998,0.000774224215350055,0.1334434669493563,0.003332240142439935,1안 (PCHIP)
ELEC_2-12-1,9,random,stl,0.06286765613386461,0.046916307936899465,0.01691524638184867,0.0025116781763094317,0.22768321350722256,0.0032345167071391456,2안 (STL)
ELEC_2-12-1,9,random,mstl,0.06367261410540838,0.04860598350864304,0.018433079882092196,0.0023943983841780625,0.18590583660622903,0.003306038187548155,3안 (MSTL)
ELEC_2-12-1,9,random,seasonal_naive,0.11953365930351405,0.056523718132986456,0.029452031970214076,0.00024405256045761833,0.23690428659885224,0.008271468343118427,4안 (Seasonal Naive)
ELEC_2-12-1,9,block_6h,baseline,0.10076471866944509,0.04378075422539251,0.016994184356770012,0.000360751915205776,0.2827780440663828,0.002366716222773735,기존안 (대치+선형)
ELEC_2-12-1,9,block_6h,pchip,0.09963045278564656,0.0440039190111706,0.016935723518154037,0.0003129228300140228,0.28102381591358194,0.0023895826850318658,1안 (PCHIP)
ELEC_2-12-1,9,block_6h,stl,0.10333420977113107,0.046637232528724794,0.01649167732703469,0.0009875656326552597,0.2865790762413837,0.0015740856651071944,2안 (STL)
ELEC_2-12-1,9,block_6h,mstl,0.10192308152139987,0.047222769433115104,0.01699261668184072,0.0009965214310813269,0.26784288393876277,0.001748869469643033,3안 (MSTL)
ELEC_2-12-1,9,block_6h,seasonal_naive,0.14498084164622063,0.050176560340526324,0.018057403035469502,0.0003384375634790469,0.2755902755904453,0.002580993865184289,4안 (Seasonal Naive)
ELEC_2-12-1,9,block_24h,baseline,0.07566939460369533,0.04373908726380784,0.01695051503994126,0.0003644509677356123,0.24672500782989895,0.0023547006099398082,기존안 (대치+선형)
ELEC_2-12-1,9,block_24h,pchip,0.07608000347086509,0.04396234398532967,0.016896045997659266,0.00032320567441971064,0.2474113994470269,0.002378431253275526,1안 (PCHIP)
ELEC_2-12-1,9,block_24h,stl,0.0720813072563483,0.046605267059504844,0.016454824825758538,0.0010295305111784087,0.24049149391206381,0.0015285873761203828,2안 (STL)
ELEC_2-12-1,9,block_24h,mstl,0.06515197677737747,0.04721338688624371,0.016922468324731165,0.000996970005429624,0.19956227454331596,0.001694805814286493,3안 (MSTL)
ELEC_2-12-1,9,block_24h,seasonal_naive,0.08403041777303354,0.05016232877655963,0.01795422277381321,0.00028240193056375533,0.24944939366530094,0.002492812951793044,4안 (Seasonal Naive)
ELEC_2-12-3,0,random,baseline,0.032603407928640776,0.028822308809485192,0.019521719943246186,0.0005654011700829639,0.08350902221636798,0.002656800318576402,기존안 (대치+선형)
ELEC_2-12-3,0,random,pchip,0.03302685857912257,0.02909404651427206,0.01948695207812876,0.0005190609128318585,0.08330883077350129,0.002777704754311716,1안 (PCHIP)
ELEC_2-12-3,0,random,stl,0.037074900889989736,0.034667173204710126,0.01865397238544968,0.0015175887125789141,0.10468116232254504,0.002395117555719972,2안 (STL)
ELEC_2-12-3,0,random,mstl,0.03577806604616278,0.03580496077808047,0.01826049949241521,0.001453954337142408,0.09438449329537943,0.0022306704517016662,3안 (MSTL)
ELEC_2-12-3,0,random,seasonal_naive,0.04997519965584647,0.04230718967669621,0.020977056593652052,0.0002965543675719033,0.11627628923645701,0.004051673517935228,4안 (Seasonal Naive)
ELEC_2-12-3,0,block_6h,baseline,0.05148835840315757,0.03288968548327831,0.019206740247284224,0.0002557289437298214,0.09891891891893655,0.001603466791195829,기존안 (대치+선형)
ELEC_2-12-3,0,block_6h,pchip,0.053613396460591205,0.03305611660346798,0.0191822018105401,0.00022691724583150124,0.09722456571283383,0.001656427320067877,1안 (PCHIP)
ELEC_2-12-3,0,block_6h,stl,0.04200599525323545,0.03487989234818312,0.01865789904204349,0.0006250172334389652,0.09626843591408572,0.0012953186356085,2안 (STL)
ELEC_2-12-3,0,block_6h,mstl,0.03733122653517913,0.03529982257009328,0.018480758458645465,0.0006144525692779177,0.11270754645662168,0.0013402201034014016,3안 (MSTL)
ELEC_2-12-3,0,block_6h,seasonal_naive,0.03872698724980061,0.037736721931334774,0.01914863501103,0.0002810573335609231,0.1200000000000046,0.002438351095940372,4안 (Seasonal Naive)
ELEC_2-12-3,0,block_24h,baseline,0.03041286781505312,0.032861558797821815,0.01912091976648523,0.00026321788033564764,0.07582535161596278,0.0015955392489973574,기존안 (대치+선형)
ELEC_2-12-3,0,block_24h,pchip,0.03186325269226065,0.03302799508558901,0.019087306317627475,0.00023498046753901215,0.08095199247329553,0.00164629651293835,1안 (PCHIP)
ELEC_2-12-3,0,block_24h,stl,0.029088773882030867,0.03485919915302941,0.01859757935460804,0.0006411513858227732,0.06289729456470088,0.0012968359709200072,2안 (STL)
ELEC_2-12-3,0,block_24h,mstl,0.030258303631054324,0.035283606088586626,0.018440486077887654,0.0006181978519137419,0.0619608172300546,0.0013232640149325459,3안 (MSTL)
ELEC_2-12-3,0,block_24h,seasonal_naive,0.04377181995556566,0.0377570918347048,0.019161016976777363,0.0002792100050032787,0.05168586432894751,0.0024141754388471437,4안 (Seasonal Naive)
ELEC_2-12-3,1,random,baseline,0.061252030937441644,0.028633028387590513,0.024035549709921798,0.0005961297319511965,0.08469556044770477,0.0038102939952581183,기존안 (대치+선형)
ELEC_2-12-3,1,random,pchip,0.061438271961148434,0.02890508915679048,0.02414428556294043,0.0005547385026357383,0.08462967384154015,0.0038741061880143146,1안 (PCHIP)
ELEC_2-12-3,1,random,stl,0.03443878174842338,0.034654049957808374,0.018885026195378102,0.0015754267270598537,0.10661003534800528,0.0024204414266991714,2안 (STL)
ELEC_2-12-3,1,random,mstl,0.040960288136061604,0.0356356707144265,0.020258017518965478,0.0015022558168913108,0.09524274853542242,0.00274209929832836,3안 (MSTL)
ELEC_2-12-3,1,random,seasonal_naive,0.11880170633886769,0.04257463018465677,0.0463975527196897,0.00034370235557434166,0.11433784399874457,0.010485652223691244,4안 (Seasonal Naive)
ELEC_2-12-3,1,block_6h,baseline,0.03579533916962946,0.03289276442740567,0.019204656604069857,0.0002534034294631632,0.06216216216238832,0.0016073690560730602,기존안 (대치+선형)
ELEC_2-12-3,1,block_6h,pchip,0.04597281178882623,0.03305919554759535,0.019192416864089543,0.00022568473939049965,0.05164435272771507,0.0016652991307609666,1안 (PCHIP)
ELEC_2-12-3,1,block_6h,stl,0.024213826407486948,0.03487850906127095,0.018649787340880807,0.0006227616785666518,0.06933470079786709,0.0012956702239371731,2안 (STL)
ELEC_2-12-3,1,block_6h,mstl,0.023019021198973755,0.03529761757419442,0.018479659901084237,0.0006084933272839985,0.07546852882570482,0.0013447554295600295,3안 (MSTL)
ELEC_2-12-3,1,block_6h,seasonal_naive,0.026718699236428167,0.03774108132524212,0.019123218426888067,0.0002721285788656335,0.0999999999994543,0.002435652239619168,4안 (Seasonal Naive)
ELEC_2-12-3,1,block_24h,baseline,0.058520839854822614,0.0328586907790622,0.01923805359470122,0.0002570837659032195,0.11575382618235372,0.0016165691717278108,기존안 (대치+선형)
ELEC_2-12-3,1,block_24h,pchip,0.06557596427583763,0.033025121899251886,0.019255660839059732,0.00023008226945727187,0.1260819170619457,0.0016682865903916433,1안 (PCHIP)
ELEC_2-12-3,1,block_24h,stl,0.050673254670089825,0.034858670990622675,0.018656546946199976,0.000650777473678643,0.10203427697911885,0.0013172070227716048,2안 (STL)
ELEC_2-12-3,1,block_24h,mstl,0.041838290715080405,0.03528149447578735,0.018444656881074748,0.0006082304884561927,0.07784514976529217,0.0013548231286282242,3안 (MSTL)
ELEC_2-12-3,1,block_24h,seasonal_naive,0.04056887148212898,0.03775175499821728,0.01916333146206208,0.0002669971106499477,0.054313902456014466,0.002452772955172544,4안 (Seasonal Naive)
ELEC_2-12-3,2,random,baseline,0.04628577733869979,0.028644435741423047,0.021272781352186288,0.000620286489950581,0.17653223277259206,0.0030566457371922207,기존안 (대치+선형)
ELEC_2-12-3,2,random,pchip,0.046570493642158595,0.02891464969173347,0.021080798727599933,0.0005738006171887928,0.1764731782943892,0.0030979040308535266,1안 (PCHIP)
ELEC_2-12-3,2,random,stl,0.049986339359486535,0.03454945459976908,0.02023454920132539,0.0016210362979411103,0.19000440366471136,0.0032505605200048304,2안 (STL)
ELEC_2-12-3,2,random,mstl,0.050594916248764804,0.0354900620649987,0.01937775625386037,0.0015362797306837342,0.18351226546941735,0.003017052746603688,3안 (MSTL)
ELEC_2-12-3,2,random,seasonal_naive,0.061448909242356985,0.04190453220581122,0.01939875731933124,0.00023516501566889914,0.19289995061301793,0.004133728161946348,4안 (Seasonal Naive)
ELEC_2-12-3,2,block_6h,baseline,0.042553622769460946,0.03288850938209807,0.01920484232897786,0.00025004133737724875,0.024616241340133942,0.0015714094223534536,기존안 (대치+선형)
ELEC_2-12-3,2,block_6h,pchip,0.040038451069052065,0.03305496822026146,0.019187650309702875,0.00022116799895943766,0.025839038549697244,0.0016199662530776981,1안 (PCHIP)
ELEC_2-12-3,2,block_6h,stl,0.04135310484475676,0.034878864068908784,0.0186576392251662,0.000615271798402745,0.03025887350932468,0.0012877597562738208,2안 (STL)
ELEC_2-12-3,2,block_6h,mstl,0.03384757417332021,0.03530107811220233,0.018463247608782814,0.0006087142805573115,0.03502987968308223,0.0013493491110880829,3안 (MSTL)
ELEC_2-12-3,2,block_6h,seasonal_naive,0.046278144589705375,0.03774580237290417,0.019174387002553167,0.00026740762810719933,0.056642151559880075,0.0024385275240125237,4안 (Seasonal Naive)
ELEC_2-12-3,2,block_24h,baseline,0.06467532380729013,0.03286485149853004,0.019187941098502987,0.00025855982539187356,0.0439786097251694,0.0015927568366216338,기존안 (대치+선형)
ELEC_2-12-3,2,block_24h,pchip,0.06526117466218088,0.03303128403425889,0.01916002021723383,0.0002332343674564068,0.04477413630587686,0.0016423288959933613,1안 (PCHIP)
ELEC_2-12-3,2,block_24h,stl,0.05409327869822879,0.03486312928630109,0.018579347390439774,0.0005815689904745013,0.042958645207308,0.0012786195369490772,2안 (STL)
ELEC_2-12-3,2,block_24h,mstl,0.030801842115591126,0.035289958333992275,0.01839635591384975,0.0006250333746268045,0.050357299669147385,0.0013179937335531244,3안 (MSTL)
ELEC_2-12-3,2,block_24h,seasonal_naive,0.04592415244485098,0.037768997085330845,0.019033030383367323,0.00031184614285504307,0.045276925690714925,0.0024551646780613945,4안 (Seasonal Naive)
ELEC_2-12-3,3,random,baseline,0.02978879846422186,0.02872368706151097,0.01959799012777358,0.0005643911093380491,0.0856106725412526,0.0023389815859595764,기존안 (대치+선형)
ELEC_2-12-3,3,random,pchip,0.03025425106713036,0.028990222561133396,0.019492825719418117,0.0005190111051408062,0.0857173246385814,0.0023948567154312705,1안 (PCHIP)
ELEC_2-12-3,3,random,stl,0.034000276764391525,0.034503679209112174,0.018756420730697495,0.0015590640492419278,0.10360128421774392,0.0022367524719282272,2안 (STL)
ELEC_2-12-3,3,random,mstl,0.034488095477012794,0.03549223098367396,0.01825131661291946,0.0014632297345912378,0.09480904839317035,0.0020906747462493547,3안 (MSTL)
ELEC_2-12-3,3,random,seasonal_naive,0.0499722739020928,0.04209395569063374,0.021171143149768205,0.00024261484994874725,0.11127384054185041,0.0041626177085769545,4안 (Seasonal Naive)
ELEC_2-12-3,3,block_6h,baseline,0.021206124108410506,0.03289315276270107,0.019168055790878276,0.0002513750859251075,,0.0015766831125141323,기존안 (대치+선형)
ELEC_2-12-3,3,block_6h,pchip,0.02324258132332953,0.03305959962631816,0.01913934339565126,0.0002237399891997677,,0.0016262436235838784,1안 (PCHIP)
ELEC_2-12-3,3,block_6h,stl,0.02070397523081013,0.03488014802799824,0.01863391022966809,0.0006194873292638577,,0.0012778290834082329,2안 (STL)
ELEC_2-12-3,3,block_6h,mstl,0.024490356926476112,0.035301343682517146,0.018464841838744982,0.0006078311993614875,,0.0013212257868822075,3안 (MSTL)
ELEC_2-12-3,3,block_6h,seasonal_naive,0.04140659576493217,0.03774511816309813,0.01913768404302255,0.00028382832639739725,,0.002413063399974824,4안 (Seasonal Naive)
ELEC_2-12-3,3,block_24h,baseline,0.04616209156132874,0.032847196054319815,0.019153137166776427,0.00026628505925627285,0.12306691023275938,0.0016229765388063866,기존안 (대치+선형)
ELEC_2-12-3,3,block_24h,pchip,0.0488954810673846,0.0330136271745095,0.019142785570440156,0.00023541051646331607,0.12766379512568218,0.0016734922461233426,1안 (PCHIP)
ELEC_2-12-3,3,block_24h,stl,0.04130362714272772,0.03484640343173327,0.01861089868553811,0.0006523758115795919,0.11399050671366585,0.0013195332832960371,2안 (STL)
ELEC_2-12-3,3,block_24h,mstl,0.04174431950103013,0.03526668860189896,0.018420640580844035,0.0006194644054583564,0.09717328841448822,0.001351803050644751,3안 (MSTL)
ELEC_2-12-3,3,block_24h,seasonal_naive,0.04166666666667037,0.037729791863441615,0.019143815742749638,0.00026987073285073015,0.1035481637800779,0.002428817578690068,4안 (Seasonal Naive)
ELEC_2-12-3,4,random,baseline,0.08573198709784698,0.02853923615290956,0.031249488096654537,0.000656159607977895,0.08487810275944428,0.005758945463676612,기존안 (대치+선형)
ELEC_2-12-3,4,random,pchip,0.09000783621024687,0.028837152955321948,0.032046052378717466,0.0006099303926407947,0.08492159244144606,0.0062878275822024765,1안 (PCHIP)
ELEC_2-12-3,4,random,stl,0.03474734319397677,0.03454844625879065,0.018976293013628825,0.0015579414559572927,0.10653257528389783,0.002282358554096642,2안 (STL)
ELEC_2-12-3,4,random,mstl,0.04330398726343057,0.035561226687133365,0.019065458900201084,0.0014864983280158184,0.09670019911277293,0.0028015694967635785,3안 (MSTL)
ELEC_2-12-3,4,random,seasonal_naive,0.050063084320794864,0.0419114085143621,0.020735234006491955,0.0001885054763743519,0.11650247244999355,0.004107124770172388,4안 (Seasonal Naive)
ELEC_2-12-3,4,block_6h,baseline,0.05026282275563354,0.03288207965913639,0.019165924691605656,0.0002511195829805334,0.18342423095875543,0.001594409787606943,기존안 (대치+선형)
ELEC_2-12-3,4,block_6h,pchip,0.049718575336753876,0.033048513354030626,0.019138715151768973,0.00022282034629599978,0.18099871719988964,0.0016450167354358225,1안 (PCHIP)
ELEC_2-12-3,4,block_6h,stl,0.04707936603399934,0.03487114466716746,0.018633282888801762,0.0006211580456026125,0.16926196919269373,0.0012926623197719866,2안 (STL)
ELEC_2-12-3,4,block_6h,mstl,0.04395451002008089,0.03528938873087716,0.018466241421461502,0.0006064339876982981,0.15384013386161968,0.001335383767938736,3안 (MSTL)
ELEC_2-12-3,4,block_6h,seasonal_naive,0.06078194176271902,0.0377421076399511,0.019139762624239776,0.00027151280267975704,0.1589024858209703,0.0024346524774004896,4안 (Seasonal Naive)
ELEC_2-12-3,4,block_24h,baseline,0.04784202230321472,0.032857048675527564,0.019323107530337107,0.0002657848409975453,0.06981856330668464,0.0016132199994927099,기존안 (대치+선형)
ELEC_2-12-3,4,block_24h,pchip,0.051231535090966465,0.0330233885677431,0.019328327593406903,0.00023546829408903534,0.06363963118873323,0.0016651512707364091,1안 (PCHIP)
ELEC_2-12-3,4,block_24h,stl,0.040333806100607356,0.034863519533788676,0.018733941913023317,0.000621831705629332,0.08095418054820396,0.0012760302077776675,2안 (STL)
ELEC_2-12-3,4,block_24h,mstl,0.03668690714534006,0.03528257791047377,0.018519414213398377,0.0006331603954923729,0.08149039174678264,0.00133047438413203,3안 (MSTL)
ELEC_2-12-3,4,block_24h,seasonal_naive,0.04044532748032897,0.03773206930465332,0.019224945663048023,0.0002693575860291601,0.10264679067736995,0.0023979444817674445,4안 (Seasonal Naive)
ELEC_2-12-3,5,random,baseline,0.029574055009720122,0.028816498865595813,0.019736742712496386,0.0005395362131562574,0.0869691893847815,0.0023913401090421837,기존안 (대치+선형)
ELEC_2-12-3,5,random,pchip,0.030078305942770778,0.02908768221490464,0.01966874087001688,0.0004929364786533389,0.08692419502794621,0.0024294426278901327,1안 (PCHIP)
ELEC_2-12-3,5,random,stl,0.03518223775499861,0.03475358478236088,0.018893076977302824,0.0015580505920738817,0.11236818086150531,0.002415128674017497,2안 (STL)
ELEC_2-12-3,5,random,mstl,0.038953967651349265,0.03588112116324941,0.02018332156856601,0.0014539625117620727,0.101286511221168,0.002442510538930076,3안 (MSTL)
ELEC_2-12-3,5,random,seasonal_naive,0.11923376436976399,0.04272691818224904,0.04648975650578871,0.00040805014480370594,0.11574688522873769,0.011502728292439368,4안 (Seasonal Naive)
ELEC_2-12-3,5,block_6h,baseline,0.02189930545882912,0.03288992957974969,0.019179500802170433,0.00025063243662642586,0.08648648648621111,0.0015803183634197637,기존안 (대치+선형)
ELEC_2-12-3,5,block_6h,pchip,0.02221144230784388,0.03305638010252097,0.01915491909417752,0.0002229197408031275,0.08248159042868654,0.0016274008953869323,1안 (PCHIP)
ELEC_2-12-3,5,block_6h,stl,0.024295866754699913,0.03487691217625232,0.018639439224396696,0.0006200804569359687,0.091401412642538,0.0012882738653503534,2안 (STL)
ELEC_2-12-3,5,block_6h,mstl,0.030110224887289067,0.035300787122132464,0.01846607789811337,0.0006074549703719278,0.10402238657826265,0.0013383139822565893,3안 (MSTL)
ELEC_2-12-3,5,block_6h,seasonal_naive,0.03558592453045903,0.037739028695823885,0.019139046569930436,0.0002777218792207263,0.0999999999994543,0.002435410652148917,4안 (Seasonal Naive)
ELEC_2-12-3,5,block_24h,baseline,0.04375102626053174,0.03284658309670732,0.019160710272887224,0.0002663163720693108,0.12237043320364101,0.0016133569957919036,기존안 (대치+선형)
ELEC_2-12-3,5,block_24h,pchip,0.0436277163741663,0.03301301563243617,0.019137573638937012,0.00023641990237959233,0.12211583797071443,0.0016626110907100866,1안 (PCHIP)
ELEC_2-12-3,5,block_24h,stl,0.04067022503941055,0.03484492729573125,0.01861894603906438,0.0006548582868368337,0.11437669850444052,0.0013133708790709075,2안 (STL)
ELEC_2-12-3,5,block_24h,mstl,0.040537911527624454,0.035266897790978316,0.018430398899543204,0.0006199047606082194,0.09717829076651797,0.0013436701324264222,3안 (MSTL)
ELEC_2-12-3,5,block_24h,seasonal_naive,0.0417665469538086,0.03772958660049981,0.01914144950395266,0.0002698707328507297,0.1035481637800779,0.0024262144311287814,4안 (Seasonal Naive)
ELEC_2-12-3,6,random,baseline,0.043020149156131685,0.028710602006362076,0.02094793355234397,0.00059244021114579,0.16210562611786322,0.0028019808068984187,기존안 (대치+선형)
ELEC_2-12-3,6,random,pchip,0.0432335546475168,0.028980438816605635,0.020797193274517973,0.0005468242228264808,0.1618494171731018,0.002840304117080361,1안 (PCHIP)
ELEC_2-12-3,6,random,stl,0.046825839352891946,0.03459417791448134,0.020072995628552543,0.00155588014999037,0.17518265510508352,0.003087865458143768,2안 (STL)
ELEC_2-12-3,6,random,mstl,0.04733561695850965,0.03562351478776774,0.01911568860808673,0.0014855229081931188,0.1689668649985237,0.0029378774926732687,3안 (MSTL)
ELEC_2-12-3,6,random,seasonal_naive,0.059151336999348075,0.042152859312838714,0.020329190500818984,0.0002162403543475945,0.18166233216842728,0.005075311402013005,4안 (Seasonal Naive)
ELEC_2-12-3,6,block_6h,baseline,0.050973260375260405,0.03288516969855807,0.019153024053107457,0.0002510243308073588,0.2278378378382636,0.0015701453166381274,기존안 (대치+선형)
ELEC_2-12-3,6,block_6h,pchip,0.05036043432044335,0.03305160081874776,0.01912908012244171,0.0002238200525206397,0.22510891784946255,0.001619571194241498,1안 (PCHIP)
ELEC_2-12-3,6,block_6h,stl,0.04798911029273595,0.03487291878183958,0.01862261500591111,0.0006213441606646001,0.21752394425882204,0.0012783163205524195,2안 (STL)
ELEC_2-12-3,6,block_6h,mstl,0.04201953598695238,0.0352950520074237,0.018477322876528195,0.0006086322567839534,0.19224550284324046,0.0013215414774849776,3안 (MSTL)
ELEC_2-12-3,6,block_6h,seasonal_naive,0.04867693955499634,0.03773820764405661,0.0191250610332759,0.00027212857886562493,0.19999999999981818,0.002422200218868631,4안 (Seasonal Naive)
ELEC_2-12-3,6,block_24h,baseline,0.056579970868179376,0.032860948671422315,0.019213202814142717,0.00025691271696267595,0.11218522086802662,0.001597647701435001,기존안 (대치+선형)
ELEC_2-12-3,6,block_24h,pchip,0.06378957813133282,0.033027379791612,0.019231571331269386,0.00022991065343231384,0.12246723780696649,0.0016474180156850204,1안 (PCHIP)
ELEC_2-12-3,6,block_24h,stl,0.049576983547207264,0.0348623254965313,0.01865101111921148,0.0006479366655686322,0.09948711540564331,0.001301523630829915,2안 (STL)
ELEC_2-12-3,6,block_24h,mstl,0.041664374530862476,0.03528437127260879,0.01844210593143301,0.0006064439465506712,0.07620795702693288,0.0013374735958640027,3안 (MSTL)
ELEC_2-12-3,6,block_24h,seasonal_naive,0.040328512108544476,0.037754628679402866,0.019166812088731257,0.00026740762810720215,0.054313902456014466,0.0024388359899363277,4안 (Seasonal Naive)
ELEC_2-12-3,7,random,baseline,0.08575037080510894,0.028546819152447098,0.03098246263967716,0.0006394296084310995,0.08857633689989775,0.004737514621390271,기존안 (대치+선형)
ELEC_2-12-3,7,random,pchip,0.08991712107816364,0.028848248306139607,0.03168811443093854,0.0005944597139492938,0.08848493788352511,0.005219305398335039,1안 (PCHIP)
ELEC_2-12-3,7,random,stl,0.034618962590035926,0.03462679138798293,0.019025319135109436,0.0015679634375508377,0.11040947657552443,0.0020044886009260576,2안 (STL)
ELEC_2-12-3,7,random,mstl,0.04734486202338566,0.035766169826509916,0.020952904008611016,0.0014905105138117085,0.10076178793346616,0.0036920815167207355,3안 (MSTL)
ELEC_2-12-3,7,random,seasonal_naive,0.05056399690866478,0.04226230551341854,0.021588327701002965,0.000295410064669243,0.11801773487550649,0.004027900874108981,4안 (Seasonal Naive)
ELEC_2-12-3,7,block_6h,baseline,0.02265918000362633,0.03289173811269658,0.019160849823772846,0.00025040855462147313,0.07540540540536751,0.0015913967491821834,기존안 (대치+선형)
ELEC_2-12-3,7,block_6h,pchip,0.025166614959464578,0.03305815856814501,0.019121473072659545,0.00022197339589336799,0.080738133094283,0.0016434829615773472,1안 (PCHIP)
ELEC_2-12-3,7,block_6h,stl,0.02473061269451357,0.03487906211379589,0.018626395089043193,0.0006191680541713913,0.07673503083177871,0.0012887707018455208,2안 (STL)
ELEC_2-12-3,7,block_6h,mstl,0.023882225719068676,0.035298514252575464,0.018453331393748707,0.000605074110665533,0.07535913344437914,0.0013358257895947911,3안 (MSTL)
ELEC_2-12-3,7,block_6h,seasonal_naive,0.03894440481846089,0.03774641816172966,0.019121386496600206,0.0002708970264938668,0.02000000000020921,0.002440692104744069,4안 (Seasonal Naive)
ELEC_2-12-3,7,block_24h,baseline,0.06384814684412687,0.032862663384977134,0.01909452942523133,0.0002508814436797071,0.06001469795722494,0.0015691094500148717,기존안 (대치+선형)
ELEC_2-12-3,7,block_24h,pchip,0.06338695058750997,0.033029035780940276,0.01906494704964225,0.00022804251906857477,0.058433170193749585,0.0016174520359633071,1안 (PCHIP)
ELEC_2-12-3,7,block_24h,stl,0.06187731280638579,0.03487412622984703,0.018634325492513447,0.0005582918749779559,0.0536038743397777,0.0012652384711991926,2안 (STL)
ELEC_2-12-3,7,block_24h,mstl,0.05015117110305445,0.03528858952419809,0.018322812558605153,0.0005972485218847371,0.06885544187100098,0.0012948021547853905,3안 (MSTL)
ELEC_2-12-3,7,block_24h,seasonal_naive,0.05937447205743536,0.037768962874840516,0.019155463983749017,0.0002942452068752284,0.05662051176863058,0.002321743274700361,4안 (Seasonal Naive)
ELEC_2-12-3,8,random,baseline,0.029510728225381436,0.028748016309081248,0.019571878642178825,0.0005702041328508519,0.08804799854742021,0.002052702660859551,기존안 (대치+선형)
ELEC_2-12-3,8,random,pchip,0.02988987840923422,0.029016774547764308,0.019490349176579495,0.0005265833947631908,0.08789208671107424,0.0020909527834286346,1안 (PCHIP)
ELEC_2-12-3,8,random,stl,0.033832448381762414,0.0346109873408136,0.01874290991067637,0.0015411515278285753,0.10655969809488848,0.0019910541629220013,2안 (STL)
ELEC_2-12-3,8,random,mstl,0.03385450018343268,0.03557274960651878,0.01833804111545504,0.0014581005669052707,0.09750382166806068,0.0018750963047946545,3안 (MSTL)
ELEC_2-12-3,8,random,seasonal_naive,0.04925144228669443,0.042142791165541614,0.021304719750568673,0.00020205559942537444,0.11343433145933254,0.004250759433971907,4안 (Seasonal Naive)
ELEC_2-12-3,8,block_6h,baseline,0.03335022094720921,0.03289232061563954,0.019193477282666398,0.0002537197456933838,0.06997321133396094,0.0015911886469947012,기존안 (대치+선형)
ELEC_2-12-3,8,block_6h,pchip,0.03792258166810935,0.033058777160589276,0.01917005651404885,0.00022611364306188907,0.07773573014849687,0.0016426736805926767,1안 (PCHIP)
ELEC_2-12-3,8,block_6h,stl,0.030507572673703277,0.03488155635543111,0.018651341342992636,0.0006228421391255373,0.07679744984180917,0.0012829593001211226,2안 (STL)
ELEC_2-12-3,8,block_6h,mstl,0.03255050216325121,0.035299639506555056,0.018486416046760858,0.0006093011325403178,0.09303015309597192,0.0013194206569964173,3안 (MSTL)
ELEC_2-12-3,8,block_6h,seasonal_naive,0.03715582801601516,0.03774251816583486,0.019150074981404835,0.00027941526373190744,0.04546060565654484,0.0024369652633607908,4안 (Seasonal Naive)
ELEC_2-12-3,8,block_24h,baseline,0.036511689200519906,0.032856846243798726,0.019079694608274297,0.00027106081442624546,0.15220689655171196,0.0015871542868942656,기존안 (대치+선형)
ELEC_2-12-3,8,block_24h,pchip,0.03660959781001341,0.03302327877952758,0.019056768518415337,0.00023915173811159013,0.150676816597627,0.0016371055794520695,1안 (PCHIP)
ELEC_2-12-3,8,block_24h,stl,0.03613274271735717,0.03485507999260014,0.018550450555300142,0.0006314424542430621,0.1672001089192024,0.0012821744292828008,2안 (STL)
ELEC_2-12-3,8,block_24h,mstl,0.03520851116788956,0.0352745026955712,0.018411070650924503,0.0006286537855289451,0.1666266523916567,0.001317348345502789,3안 (MSTL)
ELEC_2-12-3,8,block_24h,seasonal_naive,0.04664433989718958,0.037747239213497055,0.018942106014080598,0.00033904292439817396,0.17000000000007282,0.002481593066497978,4안 (Seasonal Naive)
ELEC_2-12-3,9,random,baseline,0.03479701271175441,0.028652794435077636,0.019487492121000476,0.0005353887067636396,0.08410285879046711,0.0019205197618787917,기존안 (대치+선형)
ELEC_2-12-3,9,random,pchip,0.035229201541764954,0.028923174856104295,0.019483633155861015,0.0004961251966106933,0.0842652324351652,0.0019918249281303257,1안 (PCHIP)
ELEC_2-12-3,9,random,stl,0.038529209013493125,0.03458458916261871,0.018459932225410883,0.0015325755647095096,0.10735411630840659,0.001837921585196356,2안 (STL)
ELEC_2-12-3,9,random,mstl,0.03566628621612833,0.035646771836816755,0.01831302579772742,0.0014469890236402908,0.09590127339943605,0.0017040329272246524,3안 (MSTL)
ELEC_2-12-3,9,random,seasonal_naive,0.04967518036949766,0.04196966897935153,0.020970556290009854,0.0002371439922620952,0.1172297682950624,0.0035737663388369922,4안 (Seasonal Naive)
ELEC_2-12-3,9,block_6h,baseline,0.047200931430905896,0.032893380216231206,0.019256575718154204,0.00023984713807114174,0.011814088234072938,0.0015787253128207723,기존안 (대치+선형)
ELEC_2-12-3,9,block_6h,pchip,0.05154368050011653,0.033059811336420886,0.019238422557158588,0.000211710038685098,0.010298513541048163,0.0016286155137013036,1안 (PCHIP)
ELEC_2-12-3,9,block_6h,stl,0.033928633139971916,0.03488253364650507,0.018676152823942572,0.0006083668868303716,0.022498964635486313,0.0012576550397207509,2안 (STL)
ELEC_2-12-3,9,block_6h,mstl,0.03184096999279862,0.03530300523968113,0.018496904772160153,0.0005989739834785662,0.03946811051212071,0.001306431651836193,3안 (MSTL)
ELEC_2-12-3,9,block_6h,seasonal_naive,0.03205897343605429,0.037746007635846075,0.019140851410401265,0.0002780810819958269,0.033541019662415496,0.002397414322411362,4안 (Seasonal Naive)
ELEC_2-12-3,9,block_24h,baseline,0.03635908082749939,0.032848639972945064,0.019195865580400626,0.00025999209784278413,0.16835727962536498,0.0016180037175734796,기존안 (대치+선형)
ELEC_2-12-3,9,block_24h,pchip,0.03598204135638919,0.03301507463198266,0.019177560576666707,0.00023128732186064452,0.16798628060001478,0.001667921720685972,1안 (PCHIP)
ELEC_2-12-3,9,block_24h,stl,0.036799199399280454,0.03484420194891895,0.01866618085425851,0.0006393954849074891,0.16246772770875043,0.0013196766784776548,2안 (STL)
ELEC_2-12-3,9,block_24h,mstl,0.0383758974290603,0.03527073179194014,0.018505328297612967,0.0006189934193571726,0.1550166934911313,0.0013772198456991624,3안 (MSTL)
ELEC_2-12-3,9,block_24h,seasonal_naive,0.04949611064656145,0.03774169711406766,0.019182586850808175,0.0002797231518248474,0.16941074346102142,0.002404571373177844,4안 (Seasonal Naive)
ELEC_2-14-5,0,random,baseline,0.03518149480173149,0.025455380532058407,0.020143576858638886,0.0005642555715954657,0.1157834864682161,0.0020721026233321282,기존안 (대치+선형)
ELEC_2-14-5,0,random,pchip,0.03485649871672562,0.02570796669208991,0.019940922994495208,0.0005044169896061861,0.1141110356774792,0.0021234497739226477,1안 (PCHIP)
ELEC_2-14-5,0,random,stl,0.05500483126202091,0.033231719430104285,0.01848690189542575,0.002027349378302685,0.20938170330432948,0.0030907288721094828,2안 (STL)
ELEC_2-14-5,0,random,mstl,0.050282705149171054,0.03451214572167705,0.018609912412816662,0.0021780893102456515,0.17329135609684862,0.002167944280646261,3안 (MSTL)
ELEC_2-14-5,0,random,seasonal_naive,0.07526975117661787,0.04098964106359628,0.025096590817504583,0.0003251980333088718,0.21208460739561283,0.005685796289151002,4안 (Seasonal Naive)
ELEC_2-14-5,0,block_6h,baseline,0.014407726488996008,0.02915422254843181,0.01930281807550831,0.00022591618391114816,,0.0017020835293534153,기존안 (대치+선형)
ELEC_2-14-5,0,block_6h,pchip,0.01512181955102434,0.02931437801414996,0.019278857826151706,0.0001997355577218963,,0.0017441873397220364,1안 (PCHIP)
ELEC_2-14-5,0,block_6h,stl,0.0312258978316587,0.031717246932443946,0.01807180408902603,0.0008316270912904443,,0.0012692663321821618,2안 (STL)
ELEC_2-14-5,0,block_6h,mstl,0.03942800193434358,0.03215590024503816,0.01827491738636425,0.0008787503759523022,,0.0013464300722895173,3안 (MSTL)
ELEC_2-14-5,0,block_6h,seasonal_naive,0.12273000578906307,0.03447972686351884,0.019459371188797127,0.00022588956589909704,,0.002224053012210736,4안 (Seasonal Naive)
ELEC_2-14-5,0,block_24h,baseline,0.056002146578993,0.029122800675390782,0.019414089955314802,0.00024018681355671706,0.18489452420959082,0.001732082219933373,기존안 (대치+선형)
ELEC_2-14-5,0,block_24h,pchip,0.05757377245603355,0.02928294782571682,0.019404035552879693,0.0002174629143053599,0.18844099974715528,0.0017760455960765809,1안 (PCHIP)
ELEC_2-14-5,0,block_24h,stl,0.05385559841918719,0.0316687123570954,0.018228529414909572,0.0008650056026697795,0.17521940628874905,0.001288328304843045,2안 (STL)
ELEC_2-14-5,0,block_24h,mstl,0.04488580052918194,0.032140085023802605,0.018350687666227824,0.0008981331965706547,0.11570707398458122,0.0013517171854554588,3안 (MSTL)
ELEC_2-14-5,0,block_24h,seasonal_naive,0.056953928749473325,0.034453726890887215,0.019594827023620483,0.00018975633174531426,0.1610477060884899,0.002240138259915536,4안 (Seasonal Naive)
ELEC_2-14-5,1,random,baseline,0.03426851682563614,0.02543755315107765,0.020429727902414038,0.0005369090954725263,0.10709996371198811,0.002342799814239349,기존안 (대치+선형)
ELEC_2-14-5,1,random,pchip,0.03401729512248101,0.025703146819490437,0.020172407927614044,0.0004739806387327038,0.1050043813777536,0.002370904853126299,1안 (PCHIP)
ELEC_2-14-5,1,random,stl,0.05398540565986933,0.03320360466235077,0.018966644588013056,0.0020404249373273987,0.20406230382151447,0.003252321705018324,2안 (STL)
ELEC_2-14-5,1,random,mstl,0.0483075863002595,0.0344141358090137,0.019119186444246258,0.002135095480634588,0.16666241166597817,0.002414086612380517,3안 (MSTL)
ELEC_2-14-5,1,random,seasonal_naive,0.07391820790402467,0.041028110759947015,0.02591763024144701,0.00020795314011621085,0.20777720192253069,0.005159574441710224,4안 (Seasonal Naive)
ELEC_2-14-5,1,block_6h,baseline,0.013375496398394299,0.02915543748314153,0.019314852798994767,0.00022666879924942336,,0.0017067813504325624,기존안 (대치+선형)
ELEC_2-14-5,1,block_6h,pchip,0.011547666710942579,0.029315584633467572,0.019294156307432593,0.0001997635115069499,,0.0017495050724462002,1안 (PCHIP)
ELEC_2-14-5,1,block_6h,stl,0.010320983109795574,0.031706927757953446,0.01814578685100562,0.0008365432894930904,,0.001280544069859113,2안 (STL)
ELEC_2-14-5,1,block_6h,mstl,0.017743895196303934,0.03215124049570541,0.018355444614087328,0.0008732549995016693,,0.0013521510563115902,3안 (MSTL)
ELEC_2-14-5,1,block_6h,seasonal_naive,0.013375496398394299,0.0344514689985271,0.019599706959099093,0.000204235175340389,,0.0022076805481272554,4안 (Seasonal Naive)
ELEC_2-14-5,1,block_24h,baseline,0.050674332072901764,0.029131014024276907,0.019375459439399074,0.00024158472596931655,0.17667879586541183,0.0017244837222746279,기존안 (대치+선형)
ELEC_2-14-5,1,block_24h,pchip,0.05138406627352349,0.029291162590142115,0.019358335834897922,0.00021589097936498103,0.17834762373520274,0.0017688983510276701,1안 (PCHIP)
ELEC_2-14-5,1,block_24h,stl,0.04876801188881927,0.03167598557628858,0.018200851878174985,0.0008623324132785652,0.16577969354662603,0.0012749611503893865,2안 (STL)
ELEC_2-14-5,1,block_24h,mstl,0.042503072832858216,0.03214704168843597,0.01838113243029876,0.0009040198532674667,0.10834183074878075,0.0013363420437310092,3안 (MSTL)
ELEC_2-14-5,1,block_24h,seasonal_naive,0.05691733772176482,0.034468711085640695,0.019597867435630734,0.00019367305300317062,0.1611521020650996,0.002233710360516228,4안 (Seasonal Naive)
ELEC_2-14-5,2,random,baseline,0.03441757947925219,0.025394500389379054,0.02011848188316148,0.0005368939999973573,0.10803893648938964,0.0018293694947476569,기존안 (대치+선형)
ELEC_2-14-5,2,random,pchip,0.03421216583552128,0.025650620743983835,0.019871232425355784,0.00048212545203413546,0.10694466079825474,0.0018712268784911723,1안 (PCHIP)
ELEC_2-14-5,2,random,stl,0.05342165673276935,0.0331427149091004,0.018886922660951426,0.002011797462344468,0.20296747687242433,0.0029609396012486577,2안 (STL)
ELEC_2-14-5,2,random,mstl,0.04817425248446641,0.03440467216559403,0.018807541693109758,0.0021492756569608034,0.16741389332611453,0.0018411839096419413,3안 (MSTL)
ELEC_2-14-5,2,random,seasonal_naive,0.07603999286174866,0.041150532999502595,0.026734753476598167,0.00025399129158545355,0.21058145825737415,0.004285841215415975,4안 (Seasonal Naive)
ELEC_2-14-5,2,block_6h,baseline,0.04129837231121482,0.029149484857828506,0.019310588350529158,0.0002266808189047559,0.1668831926827932,0.0016971269506664832,기존안 (대치+선형)
ELEC_2-14-5,2,block_6h,pchip,0.04129837231121029,0.029309632008154538,0.0192868283344332,0.00020120182263250405,0.1668831926827788,0.001739721166630126,1안 (PCHIP)
ELEC_2-14-5,2,block_6h,stl,0.0540100232511672,0.031710031996300764,0.018170857421090394,0.000833792416871783,0.16843743814334378,0.0012721236844915884,2안 (STL)
ELEC_2-14-5,2,block_6h,mstl,0.0580219590811967,0.03215142834338261,0.018395843290798946,0.0008785690382601919,0.10607423631397736,0.0013536047067153056,3안 (MSTL)
ELEC_2-14-5,2,block_6h,seasonal_naive,0.08151156851925477,0.03445974793718087,0.01970558472406952,0.00021767921675399586,0.0360555127546071,0.002216797439616114,4안 (Seasonal Naive)
ELEC_2-14-5,2,block_24h,baseline,0.10148311110269626,0.02912077211128289,0.01951631777842908,0.00023989383730303396,0.10271558923117298,0.001751844602192354,기존안 (대치+선형)
ELEC_2-14-5,2,block_24h,pchip,0.1053491465322559,0.029280931293691838,0.019641681744216315,0.00019275083557850753,0.10196832436579834,0.0017918430074874703,1안 (PCHIP)
ELEC_2-14-5,2,block_24h,stl,0.07705774909744326,0.031740519691486405,0.01800737970688179,0.0008467925225015953,0.14399370137978043,0.0012832417401197338,2안 (STL)
ELEC_2-14-5,2,block_24h,mstl,0.08774110830148782,0.03215519391660387,0.01814819636977424,0.0009421404251503274,0.10474468556751193,0.00134057864213033,3안 (MSTL)
ELEC_2-14-5,2,block_24h,seasonal_naive,0.12352743734805391,0.03451650314059642,0.019368022355078163,0.0003146126513482987,0.15516442891333096,0.0022207775742674185,4안 (Seasonal Naive)
ELEC_2-14-5,3,random,baseline,0.04920094333163761,0.025266902077578222,0.019758035841473724,0.0005739302093604014,0.11412317233520064,0.002796257927223822,기존안 (대치+선형)
ELEC_2-14-5,3,random,pchip,0.049264677782432785,0.02552087170104754,0.019753542348003576,0.0005202475479416027,0.11313647578266878,0.0028066510145915435,1안 (PCHIP)
ELEC_2-14-5,3,random,stl,0.05406423509995563,0.033042770768078586,0.019096108838174863,0.0020426283295995797,0.20170166211571694,0.003217722619651031,2안 (STL)
ELEC_2-14-5,3,random,mstl,0.0504350478995757,0.03434035194030341,0.0188254344553811,0.0021334235899842504,0.16825671082264132,0.0026075171226606075,3안 (MSTL)
ELEC_2-14-5,3,random,seasonal_naive,0.07410455373659702,0.040761918934885746,0.02661370284417082,0.00018642857532077256,0.20344911172155042,0.0042856956135230995,4안 (Seasonal Naive)
ELEC_2-14-5,3,block_6h,baseline,0.005773502691885537,0.029155848009025178,0.019310274506436118,0.0002253124273805907,,0.0017026144076911498,기존안 (대치+선형)
ELEC_2-14-5,3,block_6h,pchip,0.005773502691885537,0.029315995159351217,0.01928784718447921,0.00019898174148862363,,0.0017453544571549573,1안 (PCHIP)
ELEC_2-14-5,3,block_6h,stl,0.00637001838947125,0.031706953278784845,0.018141804479573535,0.0008364486829267173,,0.0012807577531183112,2안 (STL)
ELEC_2-14-5,3,block_6h,mstl,0.017825191821768782,0.032153298605976655,0.01834525793735659,0.0008735571959263519,,0.0013546545724368864,3안 (MSTL)
ELEC_2-14-5,3,block_6h,seasonal_naive,0.02997941680718512,0.03446036372600635,0.019587805121908112,0.00020656130582766472,,0.0022161586213054196,4안 (Seasonal Naive)
ELEC_2-14-5,3,block_24h,baseline,0.07159395536248593,0.0291121270024157,0.01927997103829159,0.00024557553911028917,0.2364125823447737,0.0017352369565908354,기존안 (대치+선형)
ELEC_2-14-5,3,block_24h,pchip,0.07159395536248593,0.02927227415274173,0.019247666713047572,0.00022373849063871316,0.2364125823447737,0.0017764636788534238,1안 (PCHIP)
ELEC_2-14-5,3,block_24h,stl,0.07150974699508636,0.031679160414680656,0.01812859379113242,0.0008706485430597939,0.23293927776462126,0.0012992940396034935,2안 (STL)
ELEC_2-14-5,3,block_24h,mstl,0.07610494112968601,0.03212698142248229,0.018342700421820887,0.0008845779356657264,0.24252022826283715,0.001359043197472376,3안 (MSTL)
ELEC_2-14-5,3,block_24h,seasonal_naive,0.07612147638260072,0.034446836898139856,0.01960679270852158,0.00019908646712684622,0.20199009876724994,0.002224209558364665,4안 (Seasonal Naive)
ELEC_2-14-5,4,random,baseline,0.03596854329730578,0.025374119487200177,0.020341567748903295,0.0005606702569747602,0.1162372712692211,0.002288144877207632,기존안 (대치+선형)
ELEC_2-14-5,4,random,pchip,0.03576397135905743,0.025628261025835118,0.020104433207555415,0.0005025302740262374,0.11498776498579713,0.002290929910100714,1안 (PCHIP)
ELEC_2-14-5,4,random,stl,0.05668620491114627,0.03317191234999764,0.019651942717513922,0.0021178697589955887,0.21202352977951394,0.003321203602564271,2안 (STL)
ELEC_2-14-5,4,random,mstl,0.05104309836902685,0.03448066637521822,0.0195429009563332,0.002174912746353003,0.17262558223757096,0.0024955793446567176,3안 (MSTL)
ELEC_2-14-5,4,random,seasonal_naive,0.07668373727766421,0.04091906482210106,0.026811370217086666,0.00012573862860304735,0.21677489731900246,0.0043850984014693895,4안 (Seasonal Naive)
ELEC_2-14-5,4,block_6h,baseline,0.05070597692707528,0.029150949436656633,0.019354395023185377,0.00023317056650964564,0.10881810772957466,0.0017128004764094262,기존안 (대치+선형)
ELEC_2-14-5,4,block_6h,pchip,0.05142635825160283,0.02931111044596952,0.01933320727213595,0.00021032165216401877,0.10932339651297948,0.0017557587745397063,1안 (PCHIP)
ELEC_2-14-5,4,block_6h,stl,0.042572792498164716,0.031707211169871075,0.018162742877907676,0.0008494119146399203,0.10432988443045976,0.001298153250021139,2안 (STL)
ELEC_2-14-5,4,block_6h,mstl,0.05520704298551584,0.032151904145706414,0.018379873484833782,0.0008667799465685427,0.11737538089267545,0.0013638119697031437,3안 (MSTL)
ELEC_2-14-5,4,block_6h,seasonal_naive,0.06780281868934208,0.03447897423273215,0.019613100602595884,0.00020373943289300316,0.06519202405212413,0.002220448596836899,4안 (Seasonal Naive)
ELEC_2-14-5,4,block_24h,baseline,0.07484591451468539,0.029128355515278558,0.019350183941031527,0.0002691083029081599,0.11618630689606352,0.0017659725501386614,기존안 (대치+선형)
ELEC_2-14-5,4,block_24h,pchip,0.07796871309050954,0.029288509035530836,0.01933617933594754,0.00023405474580758575,0.12094034628339217,0.0018079955993870467,1안 (PCHIP)
ELEC_2-14-5,4,block_24h,stl,0.07005557860321496,0.031716074888402536,0.01842338840182133,0.0008509324704950368,0.10713650566343086,0.0013395866485971242,2안 (STL)
ELEC_2-14-5,4,block_24h,mstl,0.06284099928643563,0.03214731662594996,0.018433821725683124,0.0009176898868213355,0.07724571929587862,0.0013774908030117494,3안 (MSTL)
ELEC_2-14-5,4,block_24h,seasonal_naive,0.09924366758416252,0.03449775579190934,0.020053960655088094,0.00017543953542354095,0.11077333482077671,0.0022796568359381153,4안 (Seasonal Naive)
ELEC_2-14-5,5,random,baseline,0.0340590226292574,0.025490446153043553,0.020496698663377,0.0005426883612767208,0.10964231561644433,0.002348869111991614,기존안 (대치+선형)
ELEC_2-14-5,5,random,pchip,0.033848202651311915,0.025735241005614803,0.02025546513723286,0.0004884234029053408,0.1081145995951431,0.002407071962032492,1안 (PCHIP)
ELEC_2-14-5,5,random,stl,0.052928848254438866,0.03310135876200402,0.019261524560947263,0.001985263045691475,0.20349439287404322,0.0029854487793532503,2안 (STL)
ELEC_2-14-5,5,random,mstl,0.04783880218613338,0.034416417450155425,0.01915474466130191,0.0020880615038332867,0.16660933952808438,0.002207475168717443,3안 (MSTL)
ELEC_2-14-5,5,random,seasonal_naive,0.07422280208509378,0.04098519369986177,0.026307622622772156,0.00031220086128693977,0.20497172754042214,0.004665618961689044,4안 (Seasonal Naive)
ELEC_2-14-5,5,block_6h,baseline,0.04859667310248417,0.029150755269008857,0.01930035247456508,0.00023212202439119148,0.10891891891898578,0.0017134627375522404,기존안 (대치+선형)
ELEC_2-14-5,5,block_6h,pchip,0.046539987588022816,0.029310921821916497,0.01928104270839833,0.0002061015955279822,0.10257576056708827,0.0017560259102857856,1안 (PCHIP)
ELEC_2-14-5,5,block_6h,stl,0.05127396175608121,0.03170923521245143,0.018131958582174954,0.0008421220147080372,0.11102929590302955,0.0013111304900220722,2안 (STL)
ELEC_2-14-5,5,block_6h,mstl,0.05061674613805332,0.032155914046009655,0.01836201382352271,0.0008780913566529547,0.05261444545706337,0.001352424608217273,3안 (MSTL)
ELEC_2-14-5,5,block_6h,seasonal_naive,0.11549410759379287,0.034492111061009106,0.019639624851511075,0.0002264027127207027,0.03999999999996359,0.0022486329069538735,4안 (Seasonal Naive)
ELEC_2-14-5,5,block_24h,baseline,0.1596699781289907,0.02912364154564898,0.02042127692688537,0.0002948344211558,0.08263435140274339,0.0017922130173346762,기존안 (대치+선형)
ELEC_2-14-5,5,block_24h,pchip,0.16067540452799656,0.029283798604749174,0.020296598537745094,0.0002561901929417677,0.08879186365336957,0.001827841472157532,1안 (PCHIP)
ELEC_2-14-5,5,block_24h,stl,0.10146102337960101,0.031714672251835836,0.01832303878898068,0.000761521904839476,0.11811801831702756,0.0014407502247858472,2안 (STL)
ELEC_2-14-5,5,block_24h,mstl,0.09628037576204487,0.03214765242398852,0.01835241615920174,0.0009028895577637734,0.09197394828547482,0.001468795464299788,3안 (MSTL)
ELEC_2-14-5,5,block_24h,seasonal_naive,0.1128051417267887,0.03448461896363233,0.02007993461698554,0.0001790223588515984,0.1323692623747044,0.0023484350159892475,4안 (Seasonal Naive)
ELEC_2-14-5,6,random,baseline,0.06212172503943029,0.025213037930017928,0.02065804684732672,0.0006451083531290761,0.11972621307327011,0.0032786275717106017,기존안 (대치+선형)
ELEC_2-14-5,6,random,pchip,0.0642529297390566,0.02548947897890179,0.020916609096855773,0.0005896071589190841,0.11910954836428334,0.003483093401985826,1안 (PCHIP)
ELEC_2-14-5,6,random,stl,0.056843084544131194,0.03310764636765291,0.01869046032503987,0.0020958896514177545,0.2173128422749708,0.0034615528968187093,2안 (STL)
ELEC_2-14-5,6,random,mstl,0.054103216920813164,0.03445759169791437,0.01863559761941324,0.0021743765403609834,0.18134367011936772,0.0025308515824004063,3안 (MSTL)
ELEC_2-14-5,6,random,seasonal_naive,0.07887949522447343,0.0412479302654026,0.02678567581825294,0.00018533723444170218,0.2240398554668538,0.004713268005199556,4안 (Seasonal Naive)
ELEC_2-14-5,6,block_6h,baseline,0.01346221494522621,0.02915482724196312,0.019313274359651737,0.00022478726090390411,,0.001700745956588201,기존안 (대치+선형)
ELEC_2-14-5,6,block_6h,pchip,0.013339415980609955,0.02931497716408654,0.01929069627040283,0.0001996403419942671,,0.001743961917303527,1안 (PCHIP)
ELEC_2-14-5,6,block_6h,stl,0.014780144182627098,0.03170611767591508,0.01814495423528681,0.0008368312852139309,,0.0012852363145309242,2안 (STL)
ELEC_2-14-5,6,block_6h,mstl,0.01906892330167149,0.0321499722212909,0.018359551877455055,0.0008669393307826862,,0.0013514977823246843,3안 (MSTL)
ELEC_2-14-5,6,block_6h,seasonal_naive,0.01346221494522621,0.0344508587573487,0.01959390506724638,0.00019859056030313772,,0.0022078838637286102,4안 (Seasonal Naive)
ELEC_2-14-5,6,block_24h,baseline,0.15863342704565125,0.029111102103313056,0.02078900215731638,0.0003294600826576707,0.07741672216253406,0.0018176744277141887,기존안 (대치+선형)
ELEC_2-14-5,6,block_24h,pchip,0.15849505739009512,0.029271249961408674,0.0207037756527555,0.00028265080209699295,0.07704403491373082,0.0018578018986240563,1안 (PCHIP)
ELEC_2-14-5,6,block_24h,stl,0.09499610532168067,0.03170184205491037,0.018107294046451856,0.0008679591487378585,0.20712647388784308,0.0014332095856721683,2안 (STL)
ELEC_2-14-5,6,block_24h,mstl,0.09581775862166153,0.03213689038832645,0.018559994545494684,0.0009410877702962369,0.14206179019782705,0.0014204881902035726,3안 (MSTL)
ELEC_2-14-5,6,block_24h,seasonal_naive,0.0956737802233309,0.03443094270434427,0.01953001157534534,0.00015570886487444488,0.21509997675499656,0.002220880006722492,4안 (Seasonal Naive)
ELEC_2-14-5,7,random,baseline,0.0357114379100843,0.025346836379401178,0.02001714586077034,0.0006017934077662976,0.12231074863726159,0.0024786122095754592,기존안 (대치+선형)
ELEC_2-14-5,7,random,pchip,0.03543272573405536,0.025594488968784194,0.019802511759162755,0.0005473753235239353,0.12079993889485659,0.0025442120004484092,1안 (PCHIP)
ELEC_2-14-5,7,random,stl,0.05434201783435362,0.03301697222668833,0.018678032343473358,0.0020534327102232682,0.21023451175487035,0.003817664832232115,2안 (STL)
ELEC_2-14-5,7,random,mstl,0.05012756526366085,0.034329136170779505,0.01876923245661088,0.002144816605301557,0.17642585645682887,0.0027456997984625087,3안 (MSTL)
ELEC_2-14-5,7,random,seasonal_naive,0.0739917612564603,0.04059527963661232,0.025944274098846278,0.00014580149467371544,0.21224972160337127,0.004717033136781401,4안 (Seasonal Naive)
ELEC_2-14-5,7,block_6h,baseline,0.008363849451435687,0.02915633748219416,0.019316354811088232,0.00022579136441406913,,0.0017064232892670672,기존안 (대치+선형)
ELEC_2-14-5,7,block_6h,pchip,0.009316138303813793,0.0293164290735628,0.01929436946783998,0.0001996710794574218,,0.0017497576171749962,1안 (PCHIP)
ELEC_2-14-5,7,block_6h,stl,0.007001010177477531,0.031707914250922745,0.018146504384933794,0.0008363449525300496,,0.0012821084871859068,2안 (STL)
ELEC_2-14-5,7,block_6h,mstl,0.025438184401426665,0.032152952832706985,0.018350271701454233,0.0008756945662076745,,0.0013580848171320659,3안 (MSTL)
ELEC_2-14-5,7,block_6h,seasonal_naive,0.008975274678563409,0.034456600572072824,0.019597974476464313,0.00020238784678275237,,0.002208003419883253,4안 (Seasonal Naive)
ELEC_2-14-5,7,block_24h,baseline,0.10923048060277075,0.029115616472426747,0.01923735806638954,0.00025142101082104067,0.08852634855024376,0.0017750762149238986,기존안 (대치+선형)
ELEC_2-14-5,7,block_24h,pchip,0.12486137029699629,0.02927576362275279,0.019433559983816732,0.00023769166313905143,0.07051068194467362,0.001815138937223848,1안 (PCHIP)
ELEC_2-14-5,7,block_24h,stl,0.07316809319910907,0.03171437000746381,0.018363529031524932,0.0007817588208513637,0.10431147223031385,0.0013414274372806068,2안 (STL)
ELEC_2-14-5,7,block_24h,mstl,0.07252312239194578,0.032137275137359055,0.018296555325172485,0.0008975773509171109,0.09120884598140783,0.0013713961578166733,3안 (MSTL)
ELEC_2-14-5,7,block_24h,seasonal_naive,0.10514870422406762,0.03449546368905893,0.02006337515880462,0.0002053776972977392,0.15039946808417656,0.0021853367837497695,4안 (Seasonal Naive)
ELEC_2-14-5,8,random,baseline,0.04748714607328856,0.025369938967864963,0.02025140148922616,0.0005790549708325224,0.10540895544805796,0.002189870206014355,기존안 (대치+선형)
ELEC_2-14-5,8,random,pchip,0.04744538113521469,0.025621799033895828,0.02026532378223686,0.0005255275355520246,0.10423863409376784,0.0022105348586181073,1안 (PCHIP)
ELEC_2-14-5,8,random,stl,0.05393725041518172,0.03303584259845108,0.018803072918036682,0.0021101152201546667,0.20157760808361155,0.003656669124361356,2안 (STL)
ELEC_2-14-5,8,random,mstl,0.05041217776590301,0.03446084520448315,0.019196810758071316,0.0021028185053145057,0.16239976622669042,0.002714568182144217,3안 (MSTL)
ELEC_2-14-5,8,random,seasonal_naive,0.07348168972563054,0.04095443846907467,0.026016198760728797,0.00017058216658531356,0.20205893487664728,0.004901399970251963,4안 (Seasonal Naive)
ELEC_2-14-5,8,block_6h,baseline,0.01635749270428973,0.0291556427460833,0.01930846484919814,0.0002275240439519679,,0.0017063277666189425,기존안 (대치+선형)
ELEC_2-14-5,8,block_6h,pchip,0.010415773575297665,0.029315789896409337,0.01929004568484283,0.00019977011253614768,,0.001746599713173369,1안 (PCHIP)
ELEC_2-14-5,8,block_6h,stl,0.02411453907786623,0.03171072936594195,0.018143003832446884,0.0008332637113761614,,0.001271677181527875,2안 (STL)
ELEC_2-14-5,8,block_6h,mstl,0.04312026056435503,0.03215900230122563,0.018354086278138556,0.0008812962764403389,,0.0013647683512034714,3안 (MSTL)
ELEC_2-14-5,8,block_6h,seasonal_naive,0.033208098075279975,0.03445680583501455,0.019591647711049123,0.00021453205135220133,,0.0022434680948146823,4안 (Seasonal Naive)
ELEC_2-14-5,8,block_24h,baseline,0.07109195518449783,0.029116642787135914,0.01923242406926587,0.00025574757824526375,0.23503681195221968,0.0017260289697699216,기존안 (대치+선형)
ELEC_2-14-5,8,block_24h,pchip,0.07159540255540733,0.029276789937461953,0.019212547579344395,0.00022570623504852112,0.24222569442700848,0.0017664313347626193,1안 (PCHIP)
ELEC_2-14-5,8,block_24h,stl,0.07031048641158077,0.03168532041808912,0.018088073106709724,0.0008556226761613511,0.23006865795355327,0.0012834604123757032,2안 (STL)
ELEC_2-14-5,8,block_24h,mstl,0.07878973649310247,0.03213475182100487,0.01828652335817298,0.00090966031398003,0.2445232033396151,0.0013299787965437293,3안 (MSTL)
ELEC_2-14-5,8,block_24h,seasonal_naive,0.07613493139011815,0.034458105833646224,0.019591035995957514,0.00020628762752283706,0.20571825392998772,0.002233431067126812,4안 (Seasonal Naive)
ELEC_2-14-5,9,random,baseline,0.03717588456553052,0.025279402318732342,0.02034843098174404,0.0005768229946403238,0.12684948925340278,0.002502951323056002,기존안 (대치+선형)
ELEC_2-14-5,9,random,pchip,0.036977760786847634,0.025537665315253755,0.020055226458829577,0.0005146818548605223,0.1256022908052581,0.0025341457203267304,1안 (PCHIP)
ELEC_2-14-5,9,random,stl,0.056684662020826275,0.03331082696083107,0.01933870873086436,0.002060066015626486,0.21587815284533,0.0032705797128300684,2안 (STL)
ELEC_2-14-5,9,random,mstl,0.050924970366206364,0.03441293537020783,0.019196806964163024,0.0021466714545757513,0.1800489420410328,0.002309014469111692,3안 (MSTL)
ELEC_2-14-5,9,random,seasonal_naive,0.07550885261145317,0.04089504905790715,0.026126845003416072,0.0002051141480267813,0.21822606933446623,0.004560272145108013,4안 (Seasonal Naive)
ELEC_2-14-5,9,block_6h,baseline,0.0023570226039530133,0.029159542741978108,0.01931282821366424,0.00022490190992335336,,0.0017018295091580926,기존안 (대치+선형)
ELEC_2-14-5,9,block_6h,pchip,0.0023570226039530133,0.029319689892304147,0.019290176709529587,0.00019896233257344,,0.001744513243490342,1안 (PCHIP)
ELEC_2-14-5,9,block_6h,stl,0.0024991713807953567,0.03170976650770973,0.018145619920133447,0.0008355306954788424,,0.0012818934280230954,2안 (STL)
ELEC_2-14-5,9,block_6h,mstl,0.004734774713006775,0.03215134387866022,0.01836205302995344,0.0008685226219990374,,0.0013501929139468904,3안 (MSTL)
ELEC_2-14-5,9,block_6h,seasonal_naive,0.0033333333333303,0.03447096897800081,0.019663856505979002,0.00020857968332585155,,0.0022320462385742035,4안 (Seasonal Naive)
ELEC_2-14-5,9,block_24h,baseline,0.08313338080357928,0.029118291968702987,0.01950743241540997,0.0002927460385986858,0.1419973674543714,0.0017626412971835093,기존안 (대치+선형)
ELEC_2-14-5,9,block_24h,pchip,0.08385425075269042,0.029278442657876935,0.019487133089754447,0.0002640478967219216,0.14372191234464177,0.001804286320531312,1안 (PCHIP)
ELEC_2-14-5,9,block_24h,stl,0.08173721968773029,0.03171596838801485,0.018439026423761135,0.0008760698374622958,0.1231868236314998,0.0013052387726598669,2안 (STL)
ELEC_2-14-5,9,block_24h,mstl,0.06663521838861766,0.032134855955054074,0.018519556632228113,0.0009216034864616829,0.09452590902867704,0.0013633243384842952,3안 (MSTL)
ELEC_2-14-5,9,block_24h,seasonal_naive,0.09651928419866335,0.03448112949362125,0.020105498198268176,0.0001673728857025316,0.11604596790352897,0.0022562569567186053,4안 (Seasonal Naive)
ELEC_2-20-4,0,random,baseline,0.07382571476052403,0.023988570420332266,0.03301214464827172,0.0007088205593159518,0.3118401735133023,0.009739476737050667,기존안 (대치+선형)
ELEC_2-20-4,0,random,pchip,0.07399816609017934,0.024215110262135697,0.03235880742485489,0.0006591092540559481,0.3120055789231342,0.009909350207862988,1안 (PCHIP)
ELEC_2-20-4,0,random,stl,0.08310118575786968,0.031961974064372,0.04078958827342855,0.0012917763221476893,0.33892064790187276,0.010892778293570493,2안 (STL)
ELEC_2-20-4,0,random,mstl,0.08009936514032936,0.033239974994693534,0.03819499844179344,0.0020048211866338134,0.3262316339683499,0.011129432627434377,3안 (MSTL)
ELEC_2-20-4,0,random,seasonal_naive,0.09744985193635546,0.04029162732470679,0.02463323043501903,0.0005695071947171312,0.3509281928390596,0.01564954208579994,4안 (Seasonal Naive)
ELEC_2-20-4,0,block_6h,baseline,0.007997747430537768,0.02779975183320192,0.015398687445982478,0.0004202567298623572,,0.0062166965900528615,기존안 (대치+선형)
ELEC_2-20-4,0,block_6h,pchip,0.008284729429618878,0.027940150302437853,0.01529289556060713,0.00039008656037734576,,0.006268371171335385,1안 (PCHIP)
ELEC_2-20-4,0,block_6h,stl,0.011582310886805823,0.030584179330666688,0.016598177133838765,0.00040640482427124205,,0.005803710279343899,2안 (STL)
ELEC_2-20-4,0,block_6h,mstl,0.018054791481992946,0.03107104557690604,0.015594985456396978,0.0009291776674271684,,0.006422194320064634,3안 (MSTL)
ELEC_2-20-4,0,block_6h,seasonal_naive,0.0465342035363853,0.03363534354186425,0.015630050770915255,0.000488848734509975,,0.008176233391505638,4안 (Seasonal Naive)
ELEC_2-20-4,0,block_24h,baseline,0.12997964400017814,0.027755821431610116,0.015700989708366815,0.0003369425148337894,0.23432693343566488,0.006412354195017289,기존안 (대치+선형)
ELEC_2-20-4,0,block_24h,pchip,0.12990762329336722,0.02789621783681825,0.015600463097696988,0.00030102488447953865,0.2339697585318756,0.006468968527349017,1안 (PCHIP)
ELEC_2-20-4,0,block_24h,stl,0.12193761388811475,0.030573970078983402,0.016535192591445647,0.0004348068869297469,0.19063399086486668,0.005971251296912672,2안 (STL)
ELEC_2-20-4,0,block_24h,mstl,0.119806298659278,0.031053646274762123,0.015544919355752243,0.0009545178042714258,0.19819786421723665,0.006679455069045992,3안 (MSTL)
ELEC_2-20-4,0,block_24h,seasonal_naive,0.12300284173170205,0.033596412003897486,0.015679801107504127,0.0004851540773946598,0.14508072156773086,0.008620785913226015,4안 (Seasonal Naive)
ELEC_2-20-4,1,random,baseline,0.0901165206404442,0.023747106604101932,0.038578449985373554,0.0007114676180556185,0.3818856706592544,0.009849629448408392,기존안 (대치+선형)
ELEC_2-20-4,1,random,pchip,0.0901962664818456,0.023966086053040073,0.03780716359199305,0.0006624779041449284,0.3820427083638023,0.009920557766773253,1안 (PCHIP)
ELEC_2-20-4,1,random,stl,0.09807588613709964,0.031650720393148896,0.04577701204444086,0.0012555334187884602,0.4023548542200057,0.012039501130232999,2안 (STL)
ELEC_2-20-4,1,random,mstl,0.09102734472660497,0.03282410036320536,0.047984003492001374,0.0019976289426722523,0.3711395547699248,0.0108705811599773,3안 (MSTL)
ELEC_2-20-4,1,random,seasonal_naive,0.10370891395591378,0.03963331485977003,0.03250107333888895,0.00042687840520229256,0.3854834209616416,0.015567982408173808,4안 (Seasonal Naive)
ELEC_2-20-4,1,block_6h,baseline,0.01449603860144884,0.02779892523378754,0.015403443647817055,0.0004206071490433661,,0.0062166954775633165,기존안 (대치+선형)
ELEC_2-20-4,1,block_6h,pchip,0.01436293441408925,0.0279393209312261,0.015299944064665238,0.00038644743726853415,,0.006268010017881798,1안 (PCHIP)
ELEC_2-20-4,1,block_6h,stl,0.02910520236729203,0.03058678351249998,0.01659638054162881,0.00040459796636926003,,0.0058042243945932714,2안 (STL)
ELEC_2-20-4,1,block_6h,mstl,0.03149628053155108,0.031070574978961117,0.015609362100762667,0.0009206339472341764,,0.006423821138160868,3안 (MSTL)
ELEC_2-20-4,1,block_6h,seasonal_naive,0.047110980083663205,0.0336340435432327,0.01564052893874779,0.00046370454025310766,,0.008168934321826749,4안 (Seasonal Naive)
ELEC_2-20-4,1,block_24h,baseline,0.06191271974238127,0.027767122218262615,0.01548781646805892,0.0003841749633323491,0.15163663795273757,0.00631414478992165,기존안 (대치+선형)
ELEC_2-20-4,1,block_24h,pchip,0.06380481402628872,0.027907524285627424,0.01538688362011276,0.0003552666979558718,0.1515823440729281,0.0063654166228630515,1안 (PCHIP)
ELEC_2-20-4,1,block_24h,stl,0.08156694231973469,0.03058370598050354,0.016483282906204853,0.00039721186520868287,0.12363930235179241,0.005986769486719057,2안 (STL)
ELEC_2-20-4,1,block_24h,mstl,0.06370614553258526,0.031073135668950185,0.015846903042426096,0.0009608573229401544,0.11027320696745195,0.0064951768533666465,3안 (MSTL)
ELEC_2-20-4,1,block_24h,seasonal_naive,0.10870307274724221,0.03362213829260667,0.015641169366459203,0.00045631522602253185,0.17000000000002521,0.008295316191325841,4안 (Seasonal Naive)
ELEC_2-20-4,2,random,baseline,0.03741666965128091,0.024252518499378924,0.017892152072921306,0.0006383264847581244,0.13367393074262823,0.007339688172925629,기존안 (대치+선형)
ELEC_2-20-4,2,random,pchip,0.03744765240152901,0.024470466715690472,0.017547310930246796,0.000595150930148504,0.13342284456276715,0.007443278485657734,1안 (PCHIP)
ELEC_2-20-4,2,random,stl,0.05083785341522869,0.032118838204470354,0.02307327801911386,0.0011356418741334585,0.1773101528251225,0.007505935079815673,2안 (STL)
ELEC_2-20-4,2,random,mstl,0.047543173950129934,0.03341958042385292,0.02043339140059812,0.0018324740979191157,0.16171561974168697,0.008406873445200636,3안 (MSTL)
ELEC_2-20-4,2,random,seasonal_naive,0.07084504371287839,0.04040223668195992,0.019061686700648804,0.0005449607295671374,0.19638456291606887,0.013863005275939533,4안 (Seasonal Naive)
ELEC_2-20-4,2,block_6h,baseline,0.030092450142114986,0.027796872604369305,0.015420423574649332,0.00041387151914195307,,0.006220090502367048,기존안 (대치+선형)
ELEC_2-20-4,2,block_6h,pchip,0.030092450142114986,0.027937268301807865,0.015313401262466072,0.00038374429961354035,,0.006272051520639921,1안 (PCHIP)
ELEC_2-20-4,2,block_6h,stl,0.02677859833745522,0.030581389401372113,0.016615947468688337,0.00040594404524016924,,0.005818783606753808,2안 (STL)
ELEC_2-20-4,2,block_6h,mstl,0.0291516708531318,0.03106691012059133,0.015625993737252264,0.0009192466906468594,,0.006424142781759734,3안 (MSTL)
ELEC_2-20-4,2,block_6h,seasonal_naive,0.025379830623303155,0.03362569618359853,0.015637115437118515,0.00046986230211193414,,0.008130459754992714,4안 (Seasonal Naive)
ELEC_2-20-4,2,block_24h,baseline,0.11180813221370549,0.027759104223072862,0.016443276839405323,0.0005042324378531014,0.08084752902141772,0.006311337274738316,기존안 (대치+선형)
ELEC_2-20-4,2,block_24h,pchip,0.09251689026850962,0.027899487197971043,0.01592464301500559,0.00042969892695296757,0.09149703418287665,0.006369450153427159,1안 (PCHIP)
ELEC_2-20-4,2,block_24h,stl,0.09576639784392281,0.030612265190253903,0.017114330124446926,0.000423198802670178,0.0996808998740916,0.005928342427300337,2안 (STL)
ELEC_2-20-4,2,block_24h,mstl,0.09538499876849985,0.031068778722991852,0.016533639167063744,0.0009927120058989848,0.07024266065853062,0.006439195379216223,3안 (MSTL)
ELEC_2-20-4,2,block_24h,seasonal_naive,0.11677541228178477,0.03362083829397511,0.015801233956305696,0.0005121456002091921,0.10131633629381014,0.008347950676767524,4안 (Seasonal Naive)
ELEC_2-20-4,3,random,baseline,0.04936716258496506,0.024181254809752774,0.015460427985986434,0.0006562947679517164,0.10100459939428003,0.008041866112729945,기존안 (대치+선형)
ELEC_2-20-4,3,random,pchip,0.0493662755303359,0.024405003604231208,0.015383186033491236,0.0006003675415153126,0.09997287723081509,0.008120525012020763,1안 (PCHIP)
ELEC_2-20-4,3,random,stl,0.07100093473698754,0.03242571417376013,0.018685857907195125,0.0012655023143427818,0.15517782960494877,0.010733294413220351,2안 (STL)
ELEC_2-20-4,3,random,mstl,0.04958292602769379,0.03356172923227366,0.018120950877235215,0.001927711477044269,0.13684965215806347,0.008233977298900852,3안 (MSTL)
ELEC_2-20-4,3,random,seasonal_naive,0.09507755499360827,0.04057911517998019,0.030076823966298134,0.0004643664692251391,0.17787885330802825,0.01268311242450626,4안 (Seasonal Naive)
ELEC_2-20-4,3,block_6h,baseline,0.00976833764869849,0.027797910014372602,0.015406828125848506,0.00041974358304083565,,0.0062185294451242434,기존안 (대치+선형)
ELEC_2-20-4,3,block_6h,pchip,0.010575250239964147,0.027938311255405905,0.015301508272006934,0.0003897720465519543,,0.0062710330769012446,1안 (PCHIP)
ELEC_2-20-4,3,block_6h,stl,0.00896753986351929,0.030581667265210836,0.016609130484878762,0.00040481988236066414,,0.005805077664537861,2안 (STL)
ELEC_2-20-4,3,block_6h,mstl,0.014681435821567492,0.031069018877013594,0.015604866544170978,0.0009268566494544841,,0.006409708395841318,3안 (MSTL)
ELEC_2-20-4,3,block_6h,seasonal_naive,0.0174447982979233,0.03362980144243493,0.015645111631713598,0.0004785857980786075,,0.008132704295530369,4안 (Seasonal Naive)
ELEC_2-20-4,3,block_24h,baseline,0.07294929483456537,0.027765672637211365,0.015640047800082716,0.000416899101887619,0.11455546784004475,0.006324221839463351,기존안 (대치+선형)
ELEC_2-20-4,3,block_24h,pchip,0.08320142486086375,0.027906068334649925,0.015604821697385678,0.0003458204090797999,0.1583732685717757,0.006371613673938348,1안 (PCHIP)
ELEC_2-20-4,3,block_24h,stl,0.08074835074192539,0.030578895833189897,0.016619885133520123,0.00041058907895340327,0.1219543649613757,0.005945425478527944,2안 (STL)
ELEC_2-20-4,3,block_24h,mstl,0.06904833386909724,0.03106879134874935,0.01601234421929774,0.0009661979835568254,0.09096028956415113,0.006540522429388518,3안 (MSTL)
ELEC_2-20-4,3,block_24h,seasonal_naive,0.11168083105301416,0.03362651723536569,0.01568775417321307,0.00047314644176997875,0.17000000000002521,0.008376932523126324,4안 (Seasonal Naive)
ELEC_2-20-4,4,random,baseline,0.032832415299938154,0.02426325566605167,0.016725561017000044,0.0006353776577365807,0.10251718410874196,0.006211601962393121,기존안 (대치+선형)
ELEC_2-20-4,4,random,pchip,0.03301336292765465,0.024484621010386183,0.016423558612756982,0.0005909120519819338,0.10228642872733466,0.006314135624664097,1안 (PCHIP)
ELEC_2-20-4,4,random,stl,0.04743110025521544,0.03205565577036342,0.020629297705452306,0.001156199595890965,0.15274712965829887,0.007121541360643913,2안 (STL)
ELEC_2-20-4,4,random,mstl,0.04569669785764228,0.03357014566467227,0.017648388307754507,0.0018496571078925146,0.13256487465823255,0.006466222225702034,3안 (MSTL)
ELEC_2-20-4,4,random,seasonal_naive,0.07190459586055949,0.040585820436085315,0.021035913047233963,0.0005195732326067155,0.17808421985597828,0.010290956495538572,4안 (Seasonal Naive)
ELEC_2-20-4,4,block_6h,baseline,0.032909467224640464,0.02779379366024198,0.015411039377430534,0.0004133253966595473,,0.00621878244585905,기존안 (대치+선형)
ELEC_2-20-4,4,block_6h,pchip,0.031309053254707245,0.027934189357680536,0.015304308172410372,0.0003838591310960543,,0.006272075073918804,1안 (PCHIP)
ELEC_2-20-4,4,block_6h,stl,0.033025214445593316,0.03057856863162024,0.016633887483542546,0.00040033799280195475,,0.005814942241650467,2안 (STL)
ELEC_2-20-4,4,block_6h,mstl,0.036048880862600254,0.031065581729548285,0.015628616382507475,0.0009158217917420212,,0.0064349346913769034,3안 (MSTL)
ELEC_2-20-4,4,block_6h,seasonal_naive,0.0404145188432308,0.03363055407322161,0.01564362817221747,0.0004762253226993918,,0.008169303086991708,4안 (Seasonal Naive)
ELEC_2-20-4,4,block_24h,baseline,0.07595941268519206,0.027767514341261845,0.01563311317610123,0.000358509688607703,0.18467056597583134,0.006309301363328634,기존안 (대치+선형)
ELEC_2-20-4,4,block_24h,pchip,0.07573188046559992,0.027907915369288765,0.015540596141054899,0.00032551636067154307,0.18793476779658808,0.006357751345981821,1안 (PCHIP)
ELEC_2-20-4,4,block_24h,stl,0.08005347750465701,0.030586645338610597,0.016534972811590543,0.00039823827787481526,0.12740045000554048,0.005934492335493924,2안 (STL)
ELEC_2-20-4,4,block_24h,mstl,0.057973147302065285,0.03107479859283218,0.015908025433136786,0.0009599195534713065,0.09678534965301525,0.006509793171529887,3안 (MSTL)
ELEC_2-20-4,4,block_24h,seasonal_naive,0.1122854607300451,0.03362631197242386,0.015768304295181564,0.0004958275312833083,0.16375068156893535,0.008393968687886444,4안 (Seasonal Naive)
ELEC_2-20-4,5,random,baseline,0.03538736177270437,0.024068783897643577,0.01723580851403165,0.0006404111606627182,0.12073260952043922,0.007491496613492354,기존안 (대치+선형)
ELEC_2-20-4,5,random,pchip,0.035347887655596495,0.024292466650266777,0.016896790303244983,0.0005926510876295444,0.12002885226289482,0.007686975766133974,1안 (PCHIP)
ELEC_2-20-4,5,random,stl,0.05089873550775033,0.031940118874094627,0.023242727875045496,0.001190513072195695,0.17357839947399836,0.007599835155735368,2안 (STL)
ELEC_2-20-4,5,random,mstl,0.04789054909831754,0.033189261724636,0.01999494032635373,0.001865449719210979,0.1547002314335216,0.006974908328953311,3안 (MSTL)
ELEC_2-20-4,5,random,seasonal_naive,0.07085258337741396,0.04005545520489043,0.019192111425400626,0.0005128928693519145,0.1940114297970682,0.010105642427748918,4안 (Seasonal Naive)
ELEC_2-20-4,5,block_6h,baseline,0.11726583592960865,0.0277927932345524,0.015481530862680464,0.0004566254329732044,,0.006200017898740362,기존안 (대치+선형)
ELEC_2-20-4,5,block_6h,pchip,0.1304494684421842,0.027933198532029024,0.015390470102271465,0.0004309330016906603,,0.006251355819744786,1안 (PCHIP)
ELEC_2-20-4,5,block_6h,stl,0.01814198287997826,0.030589918516569767,0.01659261063212608,0.0004043223371187145,,0.005773017760876686,2안 (STL)
ELEC_2-20-4,5,block_6h,mstl,0.02287055295837425,0.03107064630999407,0.015609004118081977,0.0009309289171456465,,0.00638306431311042,3안 (MSTL)
ELEC_2-20-4,5,block_6h,seasonal_naive,0.025221243250707216,0.0336282961808615,0.015637396987011772,0.0004663729037252703,,0.008123461051366743,4안 (Seasonal Naive)
ELEC_2-20-4,5,block_24h,baseline,0.10802919287583244,0.0277340904562997,0.01650300843122493,0.0005078488140504323,0.07095982191653731,0.006295463026511738,기존안 (대치+선형)
ELEC_2-20-4,5,block_24h,pchip,0.10938333335769658,0.027874500309129913,0.016425068539706586,0.0004725299661040812,0.07633554978326494,0.0063575709832550675,1안 (PCHIP)
ELEC_2-20-4,5,block_24h,stl,0.09098645746510318,0.030573644778289052,0.016968845333529027,0.00043695063343270535,0.1328018779676183,0.005745216112943097,2안 (STL)
ELEC_2-20-4,5,block_24h,mstl,0.08200026430557016,0.031028445432307244,0.01627315301407745,0.0009779895680485044,0.09720655503763174,0.006498768938323463,3안 (MSTL)
ELEC_2-20-4,5,block_24h,seasonal_naive,0.10115383712658421,0.03358130807242796,0.015911328823489234,0.00040884914502743513,0.12947487281344228,0.008004372163024853,4안 (Seasonal Naive)
ELEC_2-20-4,6,random,baseline,0.049003926513539194,0.02405395460506512,0.015438630228679156,0.0006624757806036243,0.12145700647464429,0.0074297069012303485,기존안 (대치+선형)
ELEC_2-20-4,6,random,pchip,0.04898352545048239,0.024264532237942532,0.015266266855325714,0.000608581041103594,0.12059698520333668,0.007471380497206526,1안 (PCHIP)
ELEC_2-20-4,6,random,stl,0.061123492015013665,0.03179369751748818,0.018304028823542935,0.001177819440616611,0.17351361160656653,0.008902003779542422,2안 (STL)
ELEC_2-20-4,6,random,mstl,0.05125692301586737,0.03338575259674961,0.018626019131811087,0.0018750677282349504,0.15447884291868744,0.00790418914655866,3안 (MSTL)
ELEC_2-20-4,6,random,seasonal_naive,0.12085400384325522,0.040736380803913126,0.04863067093296139,0.0006103323522191693,0.1991478286268352,0.016012062123297643,4안 (Seasonal Naive)
ELEC_2-20-4,6,block_6h,baseline,0.018429314681805236,0.027795846289660177,0.015408576120979026,0.0004175125501030471,,0.006223630049477347,기존안 (대치+선형)
ELEC_2-20-4,6,block_6h,pchip,0.01992539833964015,0.027936230955163666,0.0153057914170109,0.00038654191268870414,,0.006274501856500803,1안 (PCHIP)
ELEC_2-20-4,6,block_6h,stl,0.020052652530629027,0.030580349631857677,0.016598887733757617,0.0004065415964468303,,0.005824388368008693,2안 (STL)
ELEC_2-20-4,6,block_6h,mstl,0.0180982679441772,0.031066838302824747,0.015609956648029874,0.0009251133695237538,,0.006418561048759375,3안 (MSTL)
ELEC_2-20-4,6,block_6h,seasonal_naive,0.019002923751661592,0.03362891196968695,0.01564034930746729,0.0004733517004986013,,0.008151026327741007,4안 (Seasonal Naive)
ELEC_2-20-4,6,block_24h,baseline,0.11158126344728751,0.027733241092402477,0.015480010113973814,0.00043272048057652556,0.17623899513262734,0.006289207638985217,기존안 (대치+선형)
ELEC_2-20-4,6,block_24h,pchip,0.10483955980691564,0.027873636789841037,0.01553555822658618,0.00043497723417048446,0.1443559313095156,0.006333024298216139,1안 (PCHIP)
ELEC_2-20-4,6,block_24h,stl,0.10013485934050932,0.030573532799311864,0.0166194674106914,0.00044291760549962464,0.1586416569868025,0.005783023758866523,2안 (STL)
ELEC_2-20-4,6,block_24h,mstl,0.0987300880556631,0.031028168309515883,0.015822032624260934,0.0010092443645259989,0.1565671766650739,0.006453614645241301,3안 (MSTL)
ELEC_2-20-4,6,block_24h,seasonal_naive,0.10782644949119025,0.03357863965418419,0.015830799195101917,0.0004482588209239042,0.12726218588660923,0.008030383747997805,4안 (Seasonal Naive)
ELEC_2-20-4,7,random,baseline,0.03400214409007178,0.024175141883855673,0.017013008889710815,0.0006802020497684474,0.11492405795531128,0.006762881418564848,기존안 (대치+선형)
ELEC_2-20-4,7,random,pchip,0.03408034301539546,0.02439808664853392,0.01670157561920069,0.0006316650227007612,0.11399257190408164,0.006857236486151663,1안 (PCHIP)
ELEC_2-20-4,7,random,stl,0.07207989819474235,0.03241248166282635,0.018887577054751917,0.0012063555301286707,0.16852194975933976,0.010250300545378788,2안 (STL)
ELEC_2-20-4,7,random,mstl,0.04969725368443564,0.03356389638550386,0.019199127905143814,0.0018843321348032522,0.1494357118893,0.008268293478238098,3안 (MSTL)
ELEC_2-20-4,7,random,seasonal_naive,0.09884704290049244,0.040832717544610264,0.03209355849739453,0.0005512741449457789,0.18693494150860923,0.012813769912293993,4안 (Seasonal Naive)
ELEC_2-20-4,7,block_6h,baseline,0.04336191018913498,0.02779815411084397,0.01541046436314298,0.0004256017781068057,,0.006222748016539437,기존안 (대치+선형)
ELEC_2-20-4,7,block_6h,pchip,0.04425690069681468,0.027938574754458864,0.015300260098709759,0.0003965569713849863,,0.006271597510951299,1안 (PCHIP)
ELEC_2-20-4,7,block_6h,stl,0.04205825288790879,0.03058736566365653,0.016637926394387437,0.00040650939125034136,,0.0058069337625814565,2안 (STL)
ELEC_2-20-4,7,block_6h,mstl,0.06928073227655483,0.031081323311049597,0.015705748331520015,0.000944192120125468,,0.006484288275994898,3안 (MSTL)
ELEC_2-20-4,7,block_6h,seasonal_naive,0.036089737264254504,0.033633633017349035,0.01564360566017995,0.000475506917149193,,0.008156364479459555,4안 (Seasonal Naive)
ELEC_2-20-4,7,block_24h,baseline,0.12464518608348721,0.02773222468693879,0.015364858427953777,0.0003625219953859902,0.2148845281991352,0.006297313894858325,기존안 (대치+선형)
ELEC_2-20-4,7,block_24h,pchip,0.12752108186472264,0.027872625338764435,0.015280139612145029,0.00032739801744587635,0.22010101853376549,0.006354831245043768,1안 (PCHIP)
ELEC_2-20-4,7,block_24h,stl,0.11095723305978752,0.03053998847028716,0.016460075112392825,0.00044782533787252965,0.18658136915622237,0.005869741697097974,2안 (STL)
ELEC_2-20-4,7,block_24h,mstl,0.10536136804456347,0.031024773828797956,0.01565561438657128,0.001003924252499041,0.17161445967317962,0.006478421566957326,3안 (MSTL)
ELEC_2-20-4,7,block_24h,seasonal_naive,0.10419407046942368,0.033575150184173085,0.015913796046624323,0.0004192147108231215,0.12726218588660923,0.008046499962118925,4안 (Seasonal Naive)
ELEC_2-20-4,8,random,baseline,0.0351556957087379,0.02413786566646023,0.017710641194846468,0.0006934060642325061,0.11776070267664436,0.006885623102279803,기존안 (대치+선형)
ELEC_2-20-4,8,random,pchip,0.03513605800196372,0.024366057822479647,0.0173475821015531,0.0006421714842634162,0.11651533906322939,0.006972571714858766,1안 (PCHIP)
ELEC_2-20-4,8,random,stl,0.051815919182985226,0.032222789814754606,0.02303779700519025,0.001212184952868447,0.17321192735648092,0.007160951273817773,2안 (STL)
ELEC_2-20-4,8,random,mstl,0.048997389768251354,0.03343074838201908,0.020458848377483997,0.0018890892367428077,0.15486309499352402,0.0076005214818842814,3안 (MSTL)
ELEC_2-20-4,8,random,seasonal_naive,0.09470838487514595,0.040402315366088806,0.027246326877398322,0.0004082397226682712,0.19440873411780316,0.014417711533301292,4안 (Seasonal Naive)
ELEC_2-20-4,8,block_6h,baseline,0.02349365769610595,0.02779648426907391,0.015384148350853211,0.00042169723931832325,,0.006223282024499843,기존안 (대치+선형)
ELEC_2-20-4,8,block_6h,pchip,0.02438781811760661,0.02793689105370195,0.015277663200061803,0.00039217418583912633,,0.00627616242003004,1안 (PCHIP)
ELEC_2-20-4,8,block_6h,stl,0.015426375251115114,0.03058464979696246,0.016607825341178977,0.00040358750391315525,,0.0057860790063895,2안 (STL)
ELEC_2-20-4,8,block_6h,mstl,0.017720335033599356,0.031066091156404324,0.015598234771536587,0.0009274445195710556,,0.0064251975787348314,3안 (MSTL)
ELEC_2-20-4,8,block_6h,seasonal_naive,0.016666666666606045,0.033627680392036,0.015641925782368934,0.00047694372824958565,,0.008148936789957872,4안 (Seasonal Naive)
ELEC_2-20-4,8,block_24h,baseline,0.08608994834585208,0.02776423579661857,0.015562390810260271,0.00044557970771548505,0.14838674344604388,0.0062367835570535934,기존안 (대치+선형)
ELEC_2-20-4,8,block_24h,pchip,0.08397047729757844,0.02790463149405713,0.015315134167294195,0.00036769644052425774,0.17055035851165687,0.00628895523654005,1안 (PCHIP)
ELEC_2-20-4,8,block_24h,stl,0.08873047127553405,0.030574477391957025,0.016934278124347325,0.00042739824067414425,0.1473990499064438,0.005815252164084406,2안 (STL)
ELEC_2-20-4,8,block_24h,mstl,0.09198460028005732,0.031066875794058188,0.015902300837766305,0.0009590974279986068,0.14754295340731244,0.00639638234209694,3안 (MSTL)
ELEC_2-20-4,8,block_24h,seasonal_naive,0.11432639542712107,0.033621111977897536,0.015661308941748362,0.0004904908043389969,0.1702020857686567,0.008217505825575344,4안 (Seasonal Naive)
ELEC_2-20-4,9,random,baseline,0.06477639904947431,0.02406448740133688,0.018175060128953077,0.0006383261861920338,0.10013593015482009,0.009089619966528462,기존안 (대치+선형)
ELEC_2-20-4,9,random,pchip,0.06750294962281363,0.024309073874183428,0.01892883610127226,0.0005857745855669685,0.09993615226626192,0.00947360446477874,1안 (PCHIP)
ELEC_2-20-4,9,random,stl,0.049268019409139864,0.03219344149341255,0.021504772787354975,0.0012192778158808728,0.15249280533612278,0.007949341538096344,2안 (STL)
ELEC_2-20-4,9,random,mstl,0.04861260430296702,0.03349734832652321,0.017770521988359135,0.0018848611387383709,0.1342841375695621,0.008006352293289387,3안 (MSTL)
ELEC_2-20-4,9,random,seasonal_naive,0.06916356347539585,0.040327753602468465,0.01980193567954244,0.0005448986987967256,0.1676931982130173,0.011379374732428227,4안 (Seasonal Naive)
ELEC_2-20-4,9,block_6h,baseline,0.016147313576426334,0.027796073743190337,0.015404491284386616,0.0004180324785848735,,0.006217027254507124,기존안 (대치+선형)
ELEC_2-20-4,9,block_6h,pchip,0.015018567387054548,0.027936480527818375,0.015298860279328403,0.0003885197954582916,,0.006271128036383966,1안 (PCHIP)
ELEC_2-20-4,9,block_6h,stl,0.03330888454538799,0.030582525793077252,0.016578174301810952,0.000404820994289956,,0.005786057211965234,2안 (STL)
ELEC_2-20-4,9,block_6h,mstl,0.028296520586250422,0.031067540597796768,0.015608444088473047,0.0009189363163945076,,0.006399975496724553,3안 (MSTL)
ELEC_2-20-4,9,block_6h,seasonal_naive,0.04573474244675013,0.033629527758512724,0.015626233454215887,0.00046349928152447396,,0.008123766292796097,4안 (Seasonal Naive)
ELEC_2-20-4,9,block_24h,baseline,0.12888292899751194,0.027732226102545294,0.015378074902046906,0.00035575911589793955,0.22257880605211378,0.006300535395458384,기존안 (대치+선형)
ELEC_2-20-4,9,block_24h,pchip,0.13216918622485388,0.027872627462140514,0.015298499671688856,0.00032152801374774954,0.22856434034486195,0.006358975558391378,1안 (PCHIP)
ELEC_2-20-4,9,block_24h,stl,0.11194256396835084,0.030541059512081022,0.016438882446829024,0.00044861791639763394,0.1881421995139585,0.005887586895323871,2안 (STL)
ELEC_2-20-4,9,block_24h,mstl,0.10682557003310333,0.03102464241654513,0.015641521171300854,0.0010017700398436001,0.17481101856496725,0.0064787186159266374,3안 (MSTL)
ELEC_2-20-4,9,block_24h,seasonal_naive,0.10344155026384273,0.03357473965828944,0.015914022222134217,0.00041664897671527787,0.12726218588660923,0.008082661127551738,4안 (Seasonal Naive)
ELEC_2-14-3,0,random,baseline,0.04640592310793785,0.038153766762867615,0.026860424507587775,0.0007256194909916489,0.14117442357905519,0.0027529732160799236,기존안 (대치+선형)
ELEC_2-14-3,0,random,pchip,0.04676641109699123,0.038512255085759395,0.026817140583972793,0.0006364492546451771,0.1405370186592204,0.0028411350170952643,1안 (PCHIP)
ELEC_2-14-3,0,random,stl,0.059697973761026354,0.04629612256019553,0.026306455933863954,0.0023632743548459203,0.21509000884761514,0.0025097018451133435,2안 (STL)
ELEC_2-14-3,0,random,mstl,0.05934041719343196,0.047786863029570366,0.028080175628485946,0.00210796892894201,0.181836621771616,0.002654240998742341,3안 (MSTL)
ELEC_2-14-3,0,random,seasonal_naive,0.12229503332035428,0.05477185024022958,0.038205936561144925,0.00025734563096301694,0.22406393081874554,0.006343034456638419,4안 (Seasonal Naive)
ELEC_2-14-3,0,block_6h,baseline,0.027604565057429312,0.04379827381845517,0.02619876095089287,0.00027468407959522513,,0.0018848559016432231,기존안 (대치+선형)
ELEC_2-14-3,0,block_6h,pchip,0.027261975373932233,0.0440047502335006,0.02617822998033282,0.00023930934653432816,,0.001956516015540477,1안 (PCHIP)
ELEC_2-14-3,0,block_6h,stl,0.02148268801659661,0.046622296034095574,0.026118098526628643,0.0009317150970519607,,0.0012305516938091454,2안 (STL)
ELEC_2-14-3,0,block_6h,mstl,0.023248434276710937,0.0469944726125014,0.026264940924104918,0.0008188175781070208,,0.0013780949133503917,3안 (MSTL)
ELEC_2-14-3,0,block_6h,seasonal_naive,0.06189148209209302,0.04936354803845109,0.02697019658068512,7.293178969619655e-05,,0.001984340002415763,4안 (Seasonal Naive)
ELEC_2-14-3,0,block_24h,baseline,0.15593518092894404,0.04374223148768887,0.026749236879544266,0.00035177815765837547,0.2775547302000366,0.0019806664048326317,기존안 (대치+선형)
ELEC_2-14-3,0,block_24h,pchip,0.15417535515691386,0.043948705130936926,0.02700453015607264,0.0002855462949604828,0.3280285698026597,0.0020320401832143453,1안 (PCHIP)
ELEC_2-14-3,0,block_24h,stl,0.10635497101236961,0.04661457216038399,0.026324401822058436,0.000960742079094156,0.23812338830342702,0.0012055820759574454,2안 (STL)
ELEC_2-14-3,0,block_24h,mstl,0.11451451088302923,0.046971007658128255,0.02632009686416713,0.0009316174935265567,0.21502123660362857,0.0014037376725232198,3안 (MSTL)
ELEC_2-14-3,0,block_24h,seasonal_naive,0.14245857097571862,0.04937360592260064,0.027254163558569654,0.00012500120885602993,0.2664070706132302,0.0019719120654325684,4안 (Seasonal Naive)
ELEC_2-14-3,1,random,baseline,0.06548295209499408,0.03805381326422066,0.02769560364565087,0.0008302869188000407,0.14523823384158918,0.0024002766831064948,기존안 (대치+선형)
ELEC_2-14-3,1,random,pchip,0.06539558940877081,0.038406694241945996,0.027683424170802922,0.0007440554735665557,0.1442526716256187,0.002410030944159036,1안 (PCHIP)
ELEC_2-14-3,1,random,stl,0.06108067963039949,0.0462579301777415,0.026862326489688036,0.002325895149776899,0.2198268236410459,0.00252048119658399,2안 (STL)
ELEC_2-14-3,1,random,mstl,0.05922651535482601,0.047621769638329696,0.027403086663160936,0.0021783648338476514,0.18735671056414813,0.0024893327308124213,3안 (MSTL)
ELEC_2-14-3,1,random,seasonal_naive,0.0939942347641669,0.054631860913902444,0.029867809367142353,0.00021863554523306387,0.22871037489111784,0.004494027161293879,4안 (Seasonal Naive)
ELEC_2-14-3,1,block_6h,baseline,0.0997500630328213,0.04378064339604613,0.02619570561383485,0.00028615899809670403,0.23593103365527085,0.0019184200771343862,기존안 (대치+선형)
ELEC_2-14-3,1,block_6h,pchip,0.10026549966164666,0.04398713089828104,0.026175739003303868,0.00025014016358577593,0.23660886801368824,0.001995161889053021,1안 (PCHIP)
ELEC_2-14-3,1,block_6h,stl,0.10245694247330556,0.046597203706578154,0.026115016320841806,0.0009410084108161097,0.244689114166908,0.001251254946049496,2안 (STL)
ELEC_2-14-3,1,block_6h,mstl,0.10701189181224495,0.046977914930642885,0.02626029542566465,0.0008301964965786169,0.2494903061110482,0.0014014453814852335,3안 (MSTL)
ELEC_2-14-3,1,block_6h,seasonal_naive,0.11559027256266337,0.04933563227836249,0.026963498291229855,9.168742115371029e-05,0.2719987745070006,0.0019666097059064525,4안 (Seasonal Naive)
ELEC_2-14-3,1,block_24h,baseline,0.13176920203660844,0.043743257802398,0.02626355737889058,0.00034693215966793533,0.30300099409304077,0.001901411632085126,기존안 (대치+선형)
ELEC_2-14-3,1,block_24h,pchip,0.12800928489274205,0.04394973144564606,0.025991808302628185,0.00031089043383549544,0.2713130079614769,0.001980379263113452,1안 (PCHIP)
ELEC_2-14-3,1,block_24h,stl,0.1030941599965058,0.04660194461962428,0.026103544860516414,0.0009414103260344414,0.21943769842678992,0.0012178986033959394,2안 (STL)
ELEC_2-14-3,1,block_24h,mstl,0.10963644050156637,0.04696817183522891,0.026231529111430958,0.0009115360496665667,0.22400122759977337,0.00138091602119772,3안 (MSTL)
ELEC_2-14-3,1,block_24h,seasonal_naive,0.14249999999999793,0.04937175855612418,0.027253418376421642,0.0001244880620344356,0.2664070706132302,0.0019630677321271772,4안 (Seasonal Naive)
ELEC_2-14-3,2,random,baseline,0.10258976330106136,0.03767680392496413,0.037037564792477565,0.0008860827057324192,0.4180193147309671,0.004820605628426344,기존안 (대치+선형)
ELEC_2-14-3,2,random,pchip,0.1027392264103069,0.038030371571089606,0.03631970707589689,0.0007784158212188167,0.4179053828285112,0.004984979320241223,1안 (PCHIP)
ELEC_2-14-3,2,random,stl,0.10993851365009596,0.04600694138306843,0.03377670571702495,0.0023869627323885147,0.4499166644798366,0.004862276476281346,2안 (STL)
ELEC_2-14-3,2,random,mstl,0.10707207409331174,0.04715496674944666,0.0373922211813859,0.0022774497181370238,0.4343511127996951,0.004407284259640654,3안 (MSTL)
ELEC_2-14-3,2,random,seasonal_naive,0.1223803246758435,0.054436296646073745,0.032293396433375185,0.00022544788178314602,0.4490007575098229,0.006698125801505306,4안 (Seasonal Naive)
ELEC_2-14-3,2,block_6h,baseline,0.08392895250785358,0.04379430170314836,0.026096241211082734,0.000284887924662484,0.07848624583820589,0.0018871200394438015,기존안 (대치+선형)
ELEC_2-14-3,2,block_6h,pchip,0.07674827878594824,0.044000844641330666,0.026101780351305563,0.00023952596750038125,0.06874138766728882,0.0019609497651831287,1안 (PCHIP)
ELEC_2-14-3,2,block_6h,stl,0.07615057793290866,0.04662622820000831,0.026039887069833435,0.0009232260965426581,0.07517857134229006,0.0012455964047296542,2안 (STL)
ELEC_2-14-3,2,block_6h,mstl,0.08734286187609297,0.04699501386871978,0.026148654931591558,0.000840688492983808,0.11406096872990586,0.0013811841631653499,3안 (MSTL)
ELEC_2-14-3,2,block_6h,seasonal_naive,0.08346656017031374,0.04937032171553127,0.027045602483036037,8.984894108933809e-05,0.12484275824300088,0.0019419638727959931,4안 (Seasonal Naive)
ELEC_2-14-3,2,block_24h,baseline,0.1500332817483194,0.043743053955062644,0.02709472834784984,0.0003436897206949565,0.3706294446980718,0.0019281981180854224,기존안 (대치+선형)
ELEC_2-14-3,2,block_24h,pchip,0.1503460021794601,0.04394952830608029,0.02708772353589122,0.0003121474768270793,0.37145312551987,0.0019987778546020074,1안 (PCHIP)
ELEC_2-14-3,2,block_24h,stl,0.10471438661591188,0.04661085187497331,0.026434727136438924,0.0009784479232061453,0.24168581160279443,0.0012195108375404606,2안 (STL)
ELEC_2-14-3,2,block_24h,mstl,0.11027718134168774,0.046969059617910563,0.02645389391344847,0.0008962612375662514,0.24755586457488304,0.001384776646848218,3안 (MSTL)
ELEC_2-14-3,2,block_24h,seasonal_naive,0.14200938936093713,0.049365190141985614,0.027230037735582083,0.0001280358144250018,0.2664070706132302,0.001938821640719457,4안 (Seasonal Naive)
ELEC_2-14-3,3,random,baseline,0.04623580389909912,0.03809104323756108,0.02702593806117574,0.0006965670772016192,0.13447684580935063,0.002662174738570333,기존안 (대치+선형)
ELEC_2-14-3,3,random,pchip,0.046785256697645904,0.038454599525111176,0.026954550813569893,0.0005846208033783187,0.13478098475848288,0.002718605525942941,1안 (PCHIP)
ELEC_2-14-3,3,random,stl,0.05899122182426309,0.046643199611296586,0.026788378504417693,0.0022852630586238506,0.21149245219953225,0.0024261941359238204,2안 (STL)
ELEC_2-14-3,3,random,mstl,0.05395796786397634,0.04784958943696484,0.0270153557453611,0.002094949407154833,0.17388798665581756,0.0022134218309702858,3안 (MSTL)
ELEC_2-14-3,3,random,seasonal_naive,0.07985980835733228,0.054848139633608475,0.029638352456308966,0.00011646215792258886,0.21861674946488688,0.003952216344332959,4안 (Seasonal Naive)
ELEC_2-14-3,3,block_6h,baseline,0.03620926830399047,0.043796831430215316,0.02619713417306844,0.0002739364116965435,,0.0018977582211078259,기존안 (대치+선형)
ELEC_2-14-3,3,block_6h,pchip,0.03620926830399047,0.044003305073463374,0.02617627163429974,0.00023930318846835343,,0.0019695806020136875,1안 (PCHIP)
ELEC_2-14-3,3,block_6h,stl,0.04099248709649668,0.04661435857282483,0.026125204690539118,0.0009325380962534062,,0.001236789120379278,2안 (STL)
ELEC_2-14-3,3,block_6h,mstl,0.04690105835666031,0.04699097457439048,0.026278370785751213,0.0008187581299093498,,0.0013814912620856434,3안 (MSTL)
ELEC_2-14-3,3,block_6h,seasonal_naive,0.10808946911393376,0.04936929540082229,0.027003800754339325,7.838848115706193e-05,,0.0019281850651917676,4안 (Seasonal Naive)
ELEC_2-14-3,3,block_24h,baseline,0.0722171785742646,0.043750852531245686,0.026178218941767303,0.0003129151358004942,0.19023165467800526,0.0018932067714283463,기존안 (대치+선형)
ELEC_2-14-3,3,block_24h,pchip,0.0874375771403415,0.043957326174493744,0.026239220479941257,0.0002749123489766495,0.1769623686282126,0.001961091508956847,1안 (PCHIP)
ELEC_2-14-3,3,block_24h,stl,0.05176311515864443,0.046615598860486746,0.02609972848201111,0.0009279724137601482,0.20548646410940613,0.0012126765725157806,2안 (STL)
ELEC_2-14-3,3,block_24h,mstl,0.047531744289245614,0.04697560452430634,0.02626829265483764,0.0008396050508679983,0.15297272767228834,0.0013690363922078674,3안 (MSTL)
ELEC_2-14-3,3,block_24h,seasonal_naive,0.054071854343074995,0.04935684278235135,0.026971583942059847,9.120001390797394e-05,0.20502032419576197,0.0019437631639329656,4안 (Seasonal Naive)
ELEC_2-14-3,4,random,baseline,0.04403423787296121,0.038297157531877034,0.026853349696752543,0.0007550535700594151,0.1362417853047853,0.002407019746879846,기존안 (대치+선형)
ELEC_2-14-3,4,random,pchip,0.044255892256382455,0.03865344106053229,0.026731770657142405,0.0006339440003870515,0.13579486318710646,0.0024159374643574205,1안 (PCHIP)
ELEC_2-14-3,4,random,stl,0.05974022813082871,0.04664405720904943,0.02710398393092363,0.002309494228917545,0.2253157824969044,0.0025460127739461713,2안 (STL)
ELEC_2-14-3,4,random,mstl,0.0551741320407372,0.04801310194653597,0.027219324515921055,0.002089208759291989,0.18851420417716577,0.002322754247148673,3안 (MSTL)
ELEC_2-14-3,4,random,seasonal_naive,0.08108207274358852,0.05504139469334511,0.02958214523511306,9.950587086057758e-05,0.2281815274066705,0.0035473942628633237,4안 (Seasonal Naive)
ELEC_2-14-3,4,block_6h,baseline,0.02565069117852709,0.04380259543552784,0.026193258054740168,0.0002755031330754366,,0.0018865042391832398,기존안 (대치+선형)
ELEC_2-14-3,4,block_6h,pchip,0.026368775995431557,0.044009077394168,0.026173407792806237,0.00023895428683012903,,0.001957987646168058,1안 (PCHIP)
ELEC_2-14-3,4,block_6h,stl,0.016550836801017613,0.046619978410163035,0.026117544110293708,0.000932998911643275,,0.0012261954359903404,2안 (STL)
ELEC_2-14-3,4,block_6h,mstl,0.012345575929079434,0.046991223361856016,0.026268270468129632,0.0008209358052581728,,0.0013760454408454637,3안 (MSTL)
ELEC_2-14-3,4,block_6h,seasonal_naive,0.012583057392031199,0.04935697962431274,0.02697050081024133,7.693517370221908e-05,,0.0019328554762579886,4안 (Seasonal Naive)
ELEC_2-14-3,4,block_24h,baseline,0.15497974469062095,0.043743463065339806,0.02721201471667947,0.0003438298363188704,0.37999059265020974,0.001926555012494502,기존안 (대치+선형)
ELEC_2-14-3,4,block_24h,pchip,0.1564506240539371,0.04394993670858787,0.02723534265134046,0.0003171274450680131,0.38270194588658824,0.0019991964906288517,1안 (PCHIP)
ELEC_2-14-3,4,block_24h,stl,0.106958246201618,0.04661303846082548,0.026487441327052903,0.0009767738920894143,0.24718353748507677,0.0012199136167623248,2안 (STL)
ELEC_2-14-3,4,block_24h,mstl,0.11091679032545097,0.04696945992485879,0.026478408708575735,0.0008945364095460625,0.250805127260904,0.0013875888432356431,3안 (MSTL)
ELEC_2-14-3,4,block_24h,seasonal_naive,0.1419971635084449,0.04936539540492745,0.027230840127680036,0.0001277963459082837,0.2664070706132302,0.001942974533335473,4안 (Seasonal Naive)
ELEC_2-14-3,5,random,baseline,0.046854343860295466,0.038060672994577334,0.026906590144247886,0.0007701136288026875,0.14428316818656234,0.002425401753982648,기존안 (대치+선형)
ELEC_2-14-3,5,random,pchip,0.04706162901130376,0.038413277986882384,0.026777932597370498,0.0006728993523987384,0.1435444379612368,0.0024924167926403396,1안 (PCHIP)
ELEC_2-14-3,5,random,stl,0.061417749838304385,0.04639900888812557,0.026568655429432902,0.002412194847216128,0.2213698574088098,0.0028469253608726097,2안 (STL)
ELEC_2-14-3,5,random,mstl,0.05789371255512004,0.047725697434465766,0.027027958591181955,0.0021344453799267103,0.19141453008069403,0.0025068017868452586,3안 (MSTL)
ELEC_2-14-3,5,random,seasonal_naive,0.08399410052716987,0.05497140003017723,0.029827766481309973,0.00017973179591964053,0.23192493792015695,0.004192960832001158,4안 (Seasonal Naive)
ELEC_2-14-3,5,block_6h,baseline,0.021206124108325716,0.04379806300786617,0.026198419721657696,0.00027533359847373476,,0.0019009576403274941,기존안 (대치+선형)
ELEC_2-14-3,5,block_6h,pchip,0.022865183806160344,0.04400453665111423,0.026177928680812996,0.0002393251191488771,,0.001972717449770678,1안 (PCHIP)
ELEC_2-14-3,5,block_6h,stl,0.02809999728682665,0.04662722108568307,0.02612881286738124,0.0009278791282225848,,0.0012438052863451565,2안 (STL)
ELEC_2-14-3,5,block_6h,mstl,0.05059240829893326,0.04700136374695938,0.02629952184964778,0.0008176337739291584,,0.0013855541963819773,3안 (MSTL)
ELEC_2-14-3,5,block_6h,seasonal_naive,0.06739188873051122,0.04937853223320443,0.02699245455330743,6.706882410754812e-05,,0.0019315405522544182,4안 (Seasonal Naive)
ELEC_2-14-3,5,block_24h,baseline,0.10877097719027964,0.04375517579348254,0.02636079965701156,0.00034199574125737394,0.21532576689706415,0.0019510938122495602,기존안 (대치+선형)
ELEC_2-14-3,5,block_24h,pchip,0.11051072828114401,0.04396165580665685,0.026357033589917447,0.0002755469160821178,0.21999500069799308,0.0020349673210242614,1안 (PCHIP)
ELEC_2-14-3,5,block_24h,stl,0.06337201940592005,0.04666197215505079,0.026069233722833998,0.0009043307404730855,0.21839428623414064,0.0012197244427543108,2안 (STL)
ELEC_2-14-3,5,block_24h,mstl,0.06068088474561032,0.0469833242394817,0.026230604599147733,0.0008653101951096228,0.165799109191216,0.0013946690449812005,3안 (MSTL)
ELEC_2-14-3,5,block_24h,seasonal_naive,0.05595840055427435,0.049359552253183475,0.026916270079786076,7.946605658810328e-05,0.20502032419576197,0.001961260820808386,4안 (Seasonal Naive)
ELEC_2-14-3,6,random,baseline,0.09625938684444436,0.038151306357821456,0.03138695880921817,0.0007534822079700066,0.13236794349628656,0.0029519538296672865,기존안 (대치+선형)
ELEC_2-14-3,6,random,pchip,0.10120723867350147,0.03853282430255434,0.031727204632097945,0.0006426590477643481,0.13199649570009334,0.0031578919259194205,1안 (PCHIP)
ELEC_2-14-3,6,random,stl,0.05742498902650166,0.04647536140019244,0.026814522710753137,0.0022445711482971466,0.2120101131796101,0.0023045175576007493,2안 (STL)
ELEC_2-14-3,6,random,mstl,0.05973852781294745,0.04787529572264939,0.027637193067330017,0.002011261025618023,0.17757697641622616,0.0022058946695411308,3안 (MSTL)
ELEC_2-14-3,6,random,seasonal_naive,0.07936219872117152,0.054905305362908705,0.02955169366437205,8.163044244920392e-05,0.22335896693574864,0.003322439812629807,4안 (Seasonal Naive)
ELEC_2-14-3,6,block_6h,baseline,0.01844149553044705,0.043804015633179115,0.026200461601583097,0.00027503246699200055,,0.0018979940972493337,기존안 (대치+선형)
ELEC_2-14-3,6,block_6h,pchip,0.022489761724484872,0.04401048927642717,0.026183401223533704,0.0002391312125041576,,0.001967911193619387,1안 (PCHIP)
ELEC_2-14-3,6,block_6h,stl,0.014174623180473338,0.046618177589990345,0.026121103209220838,0.0009307831169557199,,0.0012361240216470781,2안 (STL)
ELEC_2-14-3,6,block_6h,mstl,0.023938617105066118,0.04700023974365238,0.026274583319641432,0.0008213981543771165,,0.0013816823741408246,3안 (MSTL)
ELEC_2-14-3,6,block_6h,seasonal_naive,0.028185890875516723,0.04936272698668368,0.02697179520071092,7.573404830539727e-05,,0.001937953713982532,4안 (Seasonal Naive)
ELEC_2-14-3,6,block_24h,baseline,0.15497974469062095,0.043743463065339806,0.02721201471667947,0.0003438298363188704,0.37999059265020974,0.001926555012494502,기존안 (대치+선형)
ELEC_2-14-3,6,block_24h,pchip,0.1564506240539371,0.04394993670858787,0.02723534265134046,0.0003171274450680131,0.38270194588658824,0.0019991964906288517,1안 (PCHIP)
ELEC_2-14-3,6,block_24h,stl,0.106958246201618,0.04661303846082548,0.026487441327052903,0.0009767738920894143,0.24718353748507677,0.0012199136167623248,2안 (STL)
ELEC_2-14-3,6,block_24h,mstl,0.11091679032545097,0.04696945992485879,0.026478408708575735,0.0008945364095460625,0.250805127260904,0.0013875888432356431,3안 (MSTL)
ELEC_2-14-3,6,block_24h,seasonal_naive,0.1419971635084449,0.04936539540492745,0.027230840127680036,0.0001277963459082837,0.2664070706132302,0.001942974533335473,4안 (Seasonal Naive)
ELEC_2-14-3,7,random,baseline,0.045972094758344746,0.03811552585036917,0.02658902235405485,0.0007326733470879793,0.1370278862310072,0.0026665332216903037,기존안 (대치+선형)
ELEC_2-14-3,7,random,pchip,0.04638042457984412,0.03847848735443769,0.02647717260488409,0.0006261184887496014,0.13664921672658137,0.0027695623397856473,1안 (PCHIP)
ELEC_2-14-3,7,random,stl,0.0597800773816033,0.046506536276454256,0.026187845428818666,0.002337472275341373,0.21999104824374865,0.0025853442514554015,2안 (STL)
ELEC_2-14-3,7,random,mstl,0.055002884552334166,0.04771675383807728,0.02672910106789221,0.002135373302230242,0.18484928396585174,0.0025633650663281493,3안 (MSTL)
ELEC_2-14-3,7,random,seasonal_naive,0.08166269175010775,0.055137013013740695,0.029035263241966047,0.00010649499635781989,0.22467183201007007,0.0037592740934148106,4안 (Seasonal Naive)
ELEC_2-14-3,7,block_6h,baseline,0.11097236081494423,0.04377938408015971,0.026215957957704844,0.0002694862277653904,0.04795793445297174,0.0019222131128456832,기존안 (대치+선형)
ELEC_2-14-3,7,block_6h,pchip,0.08372857406963866,0.04398585772340777,0.026180435081686534,0.00023221483971438517,0.058338502771806515,0.002001209158711159,1안 (PCHIP)
ELEC_2-14-3,7,block_6h,stl,0.07111430981107265,0.04660876810933514,0.026110798796778554,0.0009360388151116941,0.18862386989515384,0.0012906922135200727,2안 (STL)
ELEC_2-14-3,7,block_6h,mstl,0.06504865882791096,0.04697775660997308,0.026260899071846186,0.0008272274590341379,0.15405827503188974,0.0014265768997931971,3안 (MSTL)
ELEC_2-14-3,7,block_6h,seasonal_naive,0.0875595035770319,0.04934589542545365,0.02696471575454035,8.123919266812344e-05,0.20186629238194465,0.001987768454256744,4안 (Seasonal Naive)
ELEC_2-14-3,7,block_24h,baseline,0.06355353431664904,0.043753116086031774,0.026130909332828568,0.00029059152836343567,0.26518823921806906,0.0019242321833112808,기존안 (대치+선형)
ELEC_2-14-3,7,block_24h,pchip,0.0632048549711911,0.04395959256035816,0.026110037296032874,0.0002601090808650622,0.26343792930137394,0.0019973644682667047,1안 (PCHIP)
ELEC_2-14-3,7,block_24h,stl,0.046656577478215236,0.04660554232437226,0.026092720070167438,0.000950922172593772,0.20095853780280057,0.0012192739104661676,2안 (STL)
ELEC_2-14-3,7,block_24h,mstl,0.044453051934405026,0.04697950502151604,0.026256521223906287,0.0008224775653502185,0.1899603501562411,0.0013798792486527933,3안 (MSTL)
ELEC_2-14-3,7,block_24h,seasonal_naive,0.05023018004799765,0.04936279540766437,0.026988331005189294,8.386551757360653e-05,0.20502032419576197,0.001921649748300891,4안 (Seasonal Naive)
ELEC_2-14-3,8,random,baseline,0.10216730674168471,0.037753852546868104,0.036854219241712845,0.0008614622717859166,0.4354672906027219,0.004745014962859173,기존안 (대치+선형)
ELEC_2-14-3,8,random,pchip,0.10219143494444166,0.03809736278685667,0.03614610063789166,0.0007649808854350705,0.43497967624792155,0.004808605992605797,1안 (PCHIP)
ELEC_2-14-3,8,random,stl,0.10923839888010274,0.04580789803755041,0.03356729214139187,0.002440588076050119,0.4667291295021578,0.00482600520962706,2안 (STL)
ELEC_2-14-3,8,random,mstl,0.10649964198805932,0.047156924209899136,0.036606309082137384,0.002177666832440999,0.4511611342541321,0.004845680019702425,3안 (MSTL)
ELEC_2-14-3,8,random,seasonal_naive,0.12051086301291435,0.054158695622494195,0.03188103859907109,0.0003101809957657606,0.46436225178726503,0.006260111723864092,4안 (Seasonal Naive)
ELEC_2-14-3,8,block_6h,baseline,0.08777060258811517,0.043778235717215036,0.02610733432624641,0.00028108601523864026,0.08802072436755036,0.0018563944456301273,기존안 (대치+선형)
ELEC_2-14-3,8,block_6h,pchip,0.08464602608031924,0.043984758374942666,0.02610923487132425,0.0002438468510505848,0.1024739816439323,0.0019319428993292975,1안 (PCHIP)
ELEC_2-14-3,8,block_6h,stl,0.11591415345584578,0.04662207689793835,0.026031556831114914,0.0009254435808875793,0.1821190936681929,0.0012030827923577014,2안 (STL)
ELEC_2-14-3,8,block_6h,mstl,0.10754502531249811,0.04697749423568843,0.026188209259589423,0.0008354559048112333,0.15284597536976918,0.0013547294090884288,3안 (MSTL)
ELEC_2-14-3,8,block_6h,seasonal_naive,0.12625206268943392,0.049364369090218393,0.027016435089898965,8.061367985027153e-05,0.19144189719076576,0.0019315650771036807,4안 (Seasonal Naive)
ELEC_2-14-3,8,block_24h,baseline,0.13872538268379977,0.04374366832828166,0.02672778037058149,0.0003387236166290169,0.3416710225731703,0.001897911588189749,기존안 (대치+선형)
ELEC_2-14-3,8,block_24h,pchip,0.14457957376273753,0.043950141971529716,0.02689871106243754,0.0003080256859030418,0.3578208346812896,0.0019717358695954257,1안 (PCHIP)
ELEC_2-14-3,8,block_24h,stl,0.10020879487758753,0.04660450410293295,0.026280545368953794,0.0009648202286854375,0.22667714674057607,0.0012188320384984852,2안 (STL)
ELEC_2-14-3,8,block_24h,mstl,0.10960583922165401,0.04697126427955454,0.02636377255537801,0.0009134185330389042,0.2375518052097333,0.0013828418751009597,3안 (MSTL)
ELEC_2-14-3,8,block_24h,seasonal_naive,0.14233421155076295,0.0493690901378804,0.02724316984926146,0.00012583648688418693,0.2664070706132302,0.00195460737768105,4안 (Seasonal Naive)
ELEC_2-14-3,9,random,baseline,0.04605539605545457,0.038099215146254424,0.026944246536635175,0.000714092924340064,0.1378903482916514,0.0025609227243312827,기존안 (대치+선형)
ELEC_2-14-3,9,random,pchip,0.0462877906122397,0.038463018225996064,0.02679649265228618,0.0006258808421661907,0.13725286731738165,0.002634230421570405,1안 (PCHIP)
ELEC_2-14-3,9,random,stl,0.06074900612696127,0.04643840029421861,0.027138368517097278,0.0023479487193433612,0.2185314148461296,0.002884990714973501,2안 (STL)
ELEC_2-14-3,9,random,mstl,0.05630116116791047,0.047736081337195535,0.027018165057163743,0.0021514355988941016,0.18271091156935654,0.0024280101605987925,3안 (MSTL)
ELEC_2-14-3,9,random,seasonal_naive,0.08156861846556172,0.0548558712044193,0.02936172169958909,0.00010569304820186873,0.221908580134175,0.004539970795992998,4안 (Seasonal Naive)
ELEC_2-14-3,9,block_6h,baseline,0.18697529184322986,0.043781242541930394,0.026165860866608683,0.00029728287927719197,0.367787626231024,0.0019654643182712705,기존안 (대치+선형)
ELEC_2-14-3,9,block_6h,pchip,0.18671070911506277,0.04398772172877319,0.02614292604190761,0.0002658190044065899,0.3670631243369004,0.002037121095981087,1안 (PCHIP)
ELEC_2-14-3,9,block_6h,stl,0.18319095418323694,0.046600764864175984,0.026102785591483015,0.0009658250892975999,0.3595826425095957,0.0013097768019917355,2안 (STL)
ELEC_2-14-3,9,block_6h,mstl,0.18134129677883842,0.04697684569419,0.02625749769536711,0.0008402636360150432,0.35407530850620017,0.001410038935865665,3안 (MSTL)
ELEC_2-14-3,9,block_6h,seasonal_naive,0.18086981198889782,0.0493502059472322,0.026934407387446443,9.270309002610863e-05,0.30710114150093293,0.0019401555101494772,4안 (Seasonal Naive)
ELEC_2-14-3,9,block_24h,baseline,0.08748897029552909,0.043744278454681165,0.026425030460741617,0.00031181469437932714,0.22043991728901757,0.0019408875203621445,기존안 (대치+선형)
ELEC_2-14-3,9,block_24h,pchip,0.0844351783810223,0.043950757468738645,0.026376025740376723,0.00027696186106928255,0.21494219193636446,0.002009063194356009,1안 (PCHIP)
ELEC_2-14-3,9,block_24h,stl,0.0884548752285562,0.04661356169136708,0.026140517130432327,0.0009476074125228758,0.2118061046270351,0.001260354849644374,2안 (STL)
ELEC_2-14-3,9,block_24h,mstl,0.07888826242530392,0.0469672901846949,0.026233084444205204,0.0008811929476595528,0.177554069096874,0.0013962731242378457,3안 (MSTL)
ELEC_2-14-3,9,block_24h,seasonal_naive,0.07501967334565929,0.04936344540698016,0.026986489002639516,8.319003872864257e-05,0.1662453006854635,0.0019413183492585917,4안 (Seasonal Naive)
ELEC_2-17-3,0,random,baseline,0.07096896783188332,0.025432746043170158,0.03241072579503384,0.0006402658301795062,0.3144148327888095,0.0054857214779931995,기존안 (대치+선형)
ELEC_2-17-3,0,random,pchip,0.07108673647253522,0.02566497369302546,0.031676642173866315,0.000576331116464387,0.3143847987392553,0.005547329739596929,1안 (PCHIP)
ELEC_2-17-3,0,random,stl,0.07881519972608327,0.032559405710514244,0.02835431116270369,0.0019362242110315703,0.3484829005428275,0.005705944592681034,2안 (STL)
ELEC_2-17-3,0,random,mstl,0.07594860292266083,0.033715979090655636,0.032079589160911526,0.0018646893912219063,0.3293137796704883,0.0053812464437731355,3안 (MSTL)
ELEC_2-17-3,0,random,seasonal_naive,0.09131672796551098,0.03981635808811184,0.026304203742642238,0.0003170312097173335,0.3520352711260805,0.007726723003910085,4안 (Seasonal Naive)
ELEC_2-17-3,0,block_6h,baseline,0.01161507253142934,0.029580447474324086,0.021042328270259633,0.0002621130753540549,,0.001892076461608716,기존안 (대치+선형)
ELEC_2-17-3,0,block_6h,pchip,0.011743727373065446,0.029715146315839505,0.020913395626515015,0.00021785469207537885,,0.001924120512918348,1안 (PCHIP)
ELEC_2-17-3,0,block_6h,stl,0.013568442652709173,0.03197242497498778,0.020140783984502166,0.000758579289953229,,0.0011405344925625727,2안 (STL)
ELEC_2-17-3,0,block_6h,mstl,0.014038316914265834,0.03239472954299246,0.020679241108973585,0.0007968615347318099,,0.0012866907955071394,3안 (MSTL)
ELEC_2-17-3,0,block_6h,seasonal_naive,0.023392781412732436,0.03443696375064354,0.0225062567992705,0.00021327374772308998,,0.001830396235775078,4안 (Seasonal Naive)
ELEC_2-17-3,0,block_24h,baseline,0.11661154280648185,0.029497112250327136,0.020908829885298078,0.00033870968861694913,0.28544017670305205,0.0020556289806974437,기존안 (대치+선형)
ELEC_2-17-3,0,block_24h,pchip,0.11558602766516939,0.029631811858893107,0.02085652822165078,0.0002925705740518918,0.28323356464259075,0.0020934614254345396,1안 (PCHIP)
ELEC_2-17-3,0,block_24h,stl,0.11384765732041957,0.03192697491621573,0.020231345090704306,0.0008178837719292444,0.27814453300180725,0.0012958305978906237,2안 (STL)
ELEC_2-17-3,0,block_24h,mstl,0.11079970013401441,0.03233249976308192,0.020642037283696416,0.0008725545049198481,0.26188957909981736,0.001407790772635087,3안 (MSTL)
ELEC_2-17-3,0,block_24h,seasonal_naive,0.13528005930086523,0.03438226117664617,0.022651610745693315,0.00018210657157006772,0.2738861741009252,0.002079411717193169,4안 (Seasonal Naive)
ELEC_2-17-3,1,random,baseline,0.030579491030022426,0.025778924349314756,0.021203799589829767,0.0005824224366067918,0.09444630006702825,0.0023361630803645506,기존안 (대치+선형)
ELEC_2-17-3,1,random,pchip,0.03074576250172256,0.02599893696684997,0.020916120868198437,0.0005206115040879887,0.0941406888044445,0.0023789873421485863,1안 (PCHIP)
ELEC_2-17-3,1,random,stl,0.04703902846019061,0.03276566689089377,0.020480516342953344,0.0018732110646601564,0.18131751283009595,0.002864748673317541,2안 (STL)
ELEC_2-17-3,1,random,mstl,0.04301806120135803,0.03412018856611093,0.02135685287887595,0.001785785992166948,0.14504957493546328,0.0022667873546677875,3안 (MSTL)
ELEC_2-17-3,1,random,seasonal_naive,0.06383311642054951,0.03979319758617905,0.027196567496025534,0.00020213126484696205,0.18364301907263278,0.004271965190165483,4안 (Seasonal Naive)
ELEC_2-17-3,1,block_6h,baseline,0.03825098872126926,0.029570605948410475,0.021034497142793374,0.0002637422903674064,0.1224324324332122,0.001907857865642959,기존안 (대치+선형)
ELEC_2-17-3,1,block_6h,pchip,0.03738127132675366,0.029705401561494784,0.020906413502675643,0.00022091413158385412,0.12055969044361248,0.0019384740025240044,1안 (PCHIP)
ELEC_2-17-3,1,block_6h,stl,0.04000366444664154,0.03196400665522142,0.020130016844798964,0.0007651482829612021,0.1177513399054726,0.001138693604223806,2안 (STL)
ELEC_2-17-3,1,block_6h,mstl,0.04520095982469483,0.032387162377418656,0.020661049965856167,0.0007990172516452028,0.11059642910060084,0.0012985731310275472,3안 (MSTL)
ELEC_2-17-3,1,block_6h,seasonal_naive,0.0503046275759685,0.03442854797002846,0.022492292644683297,0.00021450530009486737,0.10000000000036381,0.0018473259299079947,4안 (Seasonal Naive)
ELEC_2-17-3,1,block_24h,baseline,0.04155104648022058,0.029537963822570484,0.021115137884193814,0.000277347580129424,0.14424375755414584,0.0019234816890522088,기존안 (대치+선형)
ELEC_2-17-3,1,block_24h,pchip,0.043349000213267805,0.029672665554445202,0.021008417079669058,0.00023217460636828377,0.14570051006662518,0.0019595958435397742,1안 (PCHIP)
ELEC_2-17-3,1,block_24h,stl,0.037051594693341884,0.03195215428147097,0.020134020084944998,0.0007549294521287724,0.16805425839940952,0.001157004434221176,2안 (STL)
ELEC_2-17-3,1,block_24h,mstl,0.06257011897452994,0.03238176322961357,0.0207793999064593,0.0008445853965005077,0.13750329750414203,0.0012890286946127816,3안 (MSTL)
ELEC_2-17-3,1,block_24h,seasonal_naive,0.03403656349164751,0.034406687466723776,0.02243727687514597,0.0002007016505946637,0.18027756377320575,0.0018572207667361118,4안 (Seasonal Naive)
ELEC_2-17-3,2,random,baseline,0.03226678690140785,0.025613546929410324,0.021589256756105884,0.0005804388397871023,0.0974371192859794,0.002673726909012686,기존안 (대치+선형)
ELEC_2-17-3,2,random,pchip,0.03245548548798919,0.025841430931168082,0.021314495074885587,0.0005154761139202612,0.096572398333022,0.0027038390444442673,1안 (PCHIP)
ELEC_2-17-3,2,random,stl,0.04913392327083476,0.03265010537152172,0.019936644872421413,0.0019519217686475732,0.1860557686132567,0.0034705176127154402,2안 (STL)
ELEC_2-17-3,2,random,mstl,0.044682259386408345,0.03392220067703545,0.021280551957395,0.001857825846875548,0.14770423949111589,0.0029628565199547596,3안 (MSTL)
ELEC_2-17-3,2,random,seasonal_naive,0.06918589488176258,0.04000461841625957,0.027231814342939618,0.00023997830447437313,0.1894914423567986,0.005936565197790067,4안 (Seasonal Naive)
ELEC_2-17-3,2,block_6h,baseline,0.019735488073253957,0.029578389297258745,0.021033897157869623,0.00026310096985135114,,0.0018985680414489448,기존안 (대치+선형)
ELEC_2-17-3,2,block_6h,pchip,0.019879621053677504,0.029713085366976793,0.020909521618929134,0.00021830626545390214,,0.0019330526994152386,1안 (PCHIP)
ELEC_2-17-3,2,block_6h,stl,0.021103412726155277,0.031971226872727625,0.020136381411246455,0.0007594143611860686,,0.0011487189689716182,2안 (STL)
ELEC_2-17-3,2,block_6h,mstl,0.02296272834655993,0.032396073230417814,0.020675509395744893,0.0007995060464926844,,0.0012896156567172579,3안 (MSTL)
ELEC_2-17-3,2,block_6h,seasonal_naive,0.03617089069037502,0.03444106900948008,0.022498670149611114,0.0002167631461097589,,0.0018461984718900482,4안 (Seasonal Naive)
ELEC_2-17-3,2,block_24h,baseline,0.10583989480972635,0.029530563031812642,0.021322082256996947,0.0003361159746822127,0.218174242292706,0.002034327236685396,기존안 (대치+선형)
ELEC_2-17-3,2,block_24h,pchip,0.10583989480972635,0.029665259101530693,0.021183315352746444,0.00029407890565478947,0.218174242292706,0.0020752721814285557,1안 (PCHIP)
ELEC_2-17-3,2,block_24h,stl,0.10541275767994766,0.0319620212099012,0.020598004291618018,0.0007647187012552947,0.20869656739158116,0.0012530330351542274,2안 (STL)
ELEC_2-17-3,2,block_24h,mstl,0.10510673242177629,0.03237171074046366,0.021082157874494835,0.0008830088750623848,0.20171777541432237,0.0014606012301835447,3안 (MSTL)
ELEC_2-17-3,2,block_24h,seasonal_naive,0.1615699882747787,0.03446043214699246,0.022696914488920823,0.000237186389608195,0.22626456234663997,0.0020985839048175414,4안 (Seasonal Naive)
ELEC_2-17-3,3,random,baseline,0.03165614328933213,0.025693576018101103,0.02183406617263335,0.0005569470853520637,0.097637354943211,0.0025839868274663003,기존안 (대치+선형)
ELEC_2-17-3,3,random,pchip,0.03179796494054834,0.02592686373647804,0.021600249499420843,0.0004937533695761895,0.09718655022008853,0.0026308010588625974,1안 (PCHIP)
ELEC_2-17-3,3,random,stl,0.04562853212280484,0.032710705167864694,0.020411883279085143,0.0018101988541325204,0.1729623337867328,0.002960646238870379,2안 (STL)
ELEC_2-17-3,3,random,mstl,0.04290875813420404,0.034101016122959855,0.02141280681072675,0.0017391692908580443,0.14518394249299746,0.0024472274878172273,3안 (MSTL)
ELEC_2-17-3,3,random,seasonal_naive,0.06534922245305176,0.04028552075215248,0.02714182746160277,0.0003743380436946006,0.1821833683489651,0.003615363438169261,4안 (Seasonal Naive)
ELEC_2-17-3,3,block_6h,baseline,0.04933795936429715,0.02957531035313131,0.021151944906531717,0.00026985600367503913,0.12787311666803508,0.0018796688801193673,기존안 (대치+선형)
ELEC_2-17-3,3,block_6h,pchip,0.04263807950943569,0.029710006422849364,0.020980136111938146,0.00022567491421635706,0.1129141888364588,0.0019094951887848044,1안 (PCHIP)
ELEC_2-17-3,3,block_6h,stl,0.048264499771727996,0.031970287878695484,0.020238751845967122,0.0007673000678117613,0.11602604683219347,0.0010983347638908736,2안 (STL)
ELEC_2-17-3,3,block_6h,mstl,0.05391687037357223,0.032393575922011746,0.0207917855187759,0.0008019859800373509,0.13088499008583113,0.00128477441531194,3안 (MSTL)
ELEC_2-17-3,3,block_6h,seasonal_naive,0.0668331255192071,0.03443101112533041,0.02267032101352105,0.00019038739948113915,0.15811388300841897,0.001815589107065696,4안 (Seasonal Naive)
ELEC_2-17-3,3,block_24h,baseline,0.030039485509171324,0.029547190745707278,0.021028098288969403,0.00026562787099912146,0.15613793103451126,0.0019171184914936745,기존안 (대치+선형)
ELEC_2-17-3,3,block_24h,pchip,0.030135978025558938,0.02968188752319492,0.020896053037374233,0.00022272372537475497,0.15667742670879017,0.0019498223294716066,1안 (PCHIP)
ELEC_2-17-3,3,block_24h,stl,0.030694852837369363,0.03195537428219811,0.02011786226062312,0.0007664019885030944,0.16371021843794353,0.0011482169259694475,2안 (STL)
ELEC_2-17-3,3,block_24h,mstl,0.048470991519212955,0.032390081491939934,0.020663159013869056,0.0008276842725364431,0.11481943238153045,0.0012666720644641805,3안 (MSTL)
ELEC_2-17-3,3,block_24h,seasonal_naive,0.03077948250393146,0.03441243482909495,0.022443695747311903,0.00020234372042368388,0.1700000000000159,0.0018490162923698872,4안 (Seasonal Naive)
ELEC_2-17-3,4,random,baseline,0.0371116161525324,0.025464888536228216,0.021897841023840493,0.0006106598022170473,0.11900317462812822,0.00359371593849378,기존안 (대치+선형)
ELEC_2-17-3,4,random,pchip,0.03712716948504688,0.025702049621561186,0.021786962428648315,0.0005548929974477622,0.11802944614672746,0.003691287269771859,1안 (PCHIP)
ELEC_2-17-3,4,random,stl,0.05181703011311362,0.03264150859889671,0.0204756377387967,0.0020004458230409774,0.1890462173858096,0.004723691860962553,2안 (STL)
ELEC_2-17-3,4,random,mstl,0.0487054711315724,0.033803177793440276,0.02148660905450891,0.001859682022375418,0.16205677594924767,0.0032206592578110094,3안 (MSTL)
ELEC_2-17-3,4,random,seasonal_naive,0.06949298768808568,0.03978601338321183,0.026873526311248622,0.00019935872039626766,0.19807352190216926,0.005687661997439641,4안 (Seasonal Naive)
ELEC_2-17-3,4,block_6h,baseline,0.036795433193708885,0.029580508498441925,0.02103398534022933,0.0002588246163790827,,0.001858750790614483,기존안 (대치+선형)
ELEC_2-17-3,4,block_6h,pchip,0.04409799082365225,0.029715237829728423,0.020905050224455164,0.00021348633690500203,,0.0018809147437225393,1안 (PCHIP)
ELEC_2-17-3,4,block_6h,stl,0.02165912427835009,0.0319810978058077,0.02014066014355456,0.0007550318022145521,,0.0011449301937984657,2안 (STL)
ELEC_2-17-3,4,block_6h,mstl,0.035423165452699475,0.03239803508352835,0.0206971595880036,0.0008014112809486108,,0.0012751575795565406,3안 (MSTL)
ELEC_2-17-3,4,block_6h,seasonal_naive,0.06182412330329953,0.034437784802410804,0.0225743546930399,0.0002191236214889863,,0.001809496029531732,4안 (Seasonal Naive)
ELEC_2-17-3,4,block_24h,baseline,0.0298969334272356,0.029547190745707278,0.02104869118376053,0.00026569629057532975,0.1540689655172381,0.0019177841170207044,기존안 (대치+선형)
ELEC_2-17-3,4,block_24h,pchip,0.029961062876589683,0.02968188752319492,0.020921678550580802,0.00022282255365149088,0.15361958915904167,0.0019497330571083271,1안 (PCHIP)
ELEC_2-17-3,4,block_24h,stl,0.030477216442344048,0.03195439766663881,0.020127296158030595,0.0007673270134774454,0.16217737205395838,0.0011468504282313718,2안 (STL)
ELEC_2-17-3,4,block_24h,mstl,0.04798882374325512,0.032390178596518424,0.020663937156655043,0.0008266569070156195,0.11388620842372647,0.0012666718904622565,3안 (MSTL)
ELEC_2-17-3,4,block_24h,seasonal_naive,0.03077948250393133,0.034412845354978606,0.02244391807817662,0.00020234372042368445,0.1700000000000159,0.0018507557822332599,4안 (Seasonal Naive)
ELEC_2-17-3,5,random,baseline,0.031228074458953994,0.025724987577655494,0.02171219083766473,0.0005567596360679521,0.09409463725335065,0.0025641060602453747,기존안 (대치+선형)
ELEC_2-17-3,5,random,pchip,0.03147625471353907,0.025958510588405034,0.021470042117948944,0.0004904684667232404,0.09379760364220885,0.002618294558080936,1안 (PCHIP)
ELEC_2-17-3,5,random,stl,0.047732576720456846,0.03290893166496815,0.02035368729430942,0.0019005241098611016,0.18011256717575133,0.0032408418807438055,2안 (STL)
ELEC_2-17-3,5,random,mstl,0.04452284006424638,0.03422855784946141,0.021176472289148318,0.0018164161738280738,0.1489047644882347,0.00277820428350406,3안 (MSTL)
ELEC_2-17-3,5,random,seasonal_naive,0.06646680950923484,0.040140947220126476,0.0273877780507183,0.0002513743111791364,0.1846902158604526,0.005290411782604809,4안 (Seasonal Naive)
ELEC_2-17-3,5,block_6h,baseline,0.0194797275448536,0.029578957717713027,0.02101342776658302,0.0002641734929378586,,0.001902518115504015,기존안 (대치+선형)
ELEC_2-17-3,5,block_6h,pchip,0.019403304999657096,0.02971363389749043,0.020890686861601136,0.00022062718177876062,,0.0019374630612251087,1안 (PCHIP)
ELEC_2-17-3,5,block_6h,stl,0.017933900417322075,0.03197368794910263,0.020134963663877927,0.0007573917524291084,,0.0011486784292197294,2안 (STL)
ELEC_2-17-3,5,block_6h,mstl,0.02510449132748567,0.03239499448058592,0.020670912904535488,0.0008018444614758027,,0.0013089101813757997,3안 (MSTL)
ELEC_2-17-3,5,block_6h,seasonal_naive,0.02809952550012962,0.03443439796387049,0.02249488177329813,0.00021168299257621654,,0.0018285010374599064,4안 (Seasonal Naive)
ELEC_2-17-3,5,block_24h,baseline,0.14562329702357033,0.02953302901832758,0.021782004138358027,0.0003020452493032688,0.14213867738426406,0.002027367545106906,기존안 (대치+선형)
ELEC_2-17-3,5,block_24h,pchip,0.1460126024143299,0.029667726503584794,0.021618855701198845,0.0002793363713382517,0.14312571955098585,0.002068631014518707,1안 (PCHIP)
ELEC_2-17-3,5,block_24h,stl,0.11298207910273653,0.03200972490117741,0.020339205984561598,0.0007156087031483146,0.18454077844817038,0.0012995933017054817,2안 (STL)
ELEC_2-17-3,5,block_24h,mstl,0.11055122024042201,0.0323759459867842,0.021013759032900516,0.0008749503308506867,0.17645514153525033,0.0014566463505125693,3안 (MSTL)
ELEC_2-17-3,5,block_24h,seasonal_naive,0.1635986129917982,0.034463374249158685,0.022706419192101625,0.00023739164833682107,0.23280789700569474,0.002112254207166764,4안 (Seasonal Naive)
ELEC_2-17-3,6,random,baseline,0.034853402018700144,0.025731229276785703,0.021893283946049696,0.0005697459920741236,0.11362355161794857,0.0026233220876794583,기존안 (대치+선형)
ELEC_2-17-3,6,random,pchip,0.034883289231894425,0.02596542860377663,0.021571040108597995,0.0005073557528090189,0.11266617390640105,0.0026835019932800463,1안 (PCHIP)
ELEC_2-17-3,6,random,stl,0.05097969029697872,0.032899185930226484,0.020209763908132835,0.0019130399144309737,0.19140106656236763,0.0037501895887445125,2안 (STL)
ELEC_2-17-3,6,random,mstl,0.04674465662830099,0.034185028627945424,0.021439897237000276,0.0018573741963803995,0.16012217068855014,0.003159024108276731,3안 (MSTL)
ELEC_2-17-3,6,random,seasonal_naive,0.06932357992264898,0.04032099703059894,0.027127215694772066,0.00026194568867280257,0.2048695968759921,0.005725203288161174,4안 (Seasonal Naive)
ELEC_2-17-3,6,block_6h,baseline,0.007637626158277593,0.029580236663735177,0.021041873847519196,0.0002615435286116346,,0.0018938021842708208,기존안 (대치+선형)
ELEC_2-17-3,6,block_6h,pchip,0.007637626158277593,0.029714932733453225,0.02091296154379508,0.0002175616610333246,,0.0019269362604861229,1안 (PCHIP)
ELEC_2-17-3,6,block_6h,stl,0.008712483920223175,0.03197130502480307,0.020138634984477058,0.000758348515739034,,0.001136592987450613,2안 (STL)
ELEC_2-17-3,6,block_6h,mstl,0.017065128110712306,0.032395472404275906,0.020684500230092374,0.0007966128650971128,,0.001288167119847694,3안 (MSTL)
ELEC_2-17-3,6,block_6h,seasonal_naive,0.013844373104910176,0.034433474280632474,0.022497457796899493,0.00021111853107250622,,0.0018240756237655198,4안 (Seasonal Naive)
ELEC_2-17-3,6,block_24h,baseline,0.13310922257342067,0.02951704115856891,0.022055512781962272,0.0002886219569477436,0.1545957397815908,0.002004192235361857,기존안 (대치+선형)
ELEC_2-17-3,6,block_24h,pchip,0.14224238898106398,0.029651749968139463,0.022102189734138227,0.00023605606085203007,0.16237024807843192,0.0020508068688056547,1안 (PCHIP)
ELEC_2-17-3,6,block_24h,stl,0.10498973070948572,0.031949439014245726,0.02072423971231728,0.0008284391663406167,0.16540646908926865,0.0011036814084365298,2안 (STL)
ELEC_2-17-3,6,block_24h,mstl,0.09909674817088998,0.03235319822456453,0.02133383496642756,0.0008840389306466853,0.13485096869103583,0.0014200611607182445,3안 (MSTL)
ELEC_2-17-3,6,block_24h,seasonal_naive,0.132678731654071,0.03441879798029162,0.023331536408924033,0.00015421161323209715,0.21529166263466898,0.0019995012308864357,4안 (Seasonal Naive)
ELEC_2-17-3,7,random,baseline,0.07127597797869696,0.025379413266092617,0.03227967386516271,0.0006438119997716949,0.3005466350802632,0.005182173488867292,기존안 (대치+선형)
ELEC_2-17-3,7,random,pchip,0.07143320704204939,0.02561779319909779,0.03158876942901262,0.0005763966228167849,0.3005728102690554,0.005210762372707345,1안 (PCHIP)
ELEC_2-17-3,7,random,stl,0.08023225265674422,0.03253306835263359,0.02768649484790636,0.0019589025765546506,0.338922994806693,0.007362223099183773,2안 (STL)
ELEC_2-17-3,7,random,mstl,0.07694553591562103,0.03382141670282009,0.03165619757015962,0.0019039686628901167,0.3179851371094498,0.005161491542542307,3안 (MSTL)
ELEC_2-17-3,7,random,seasonal_naive,0.09411324103325988,0.04001264077623823,0.026215246087868755,0.00037865410985050556,0.3403369710370141,0.009331301685819304,4안 (Seasonal Naive)
ELEC_2-17-3,7,block_6h,baseline,0.039695727109334805,0.029574694564305705,0.021011953320999244,0.0002627246621820124,0.20378378378326661,0.0018991881531478239,기존안 (대치+선형)
ELEC_2-17-3,7,block_6h,pchip,0.043727770012506294,0.029709390634023756,0.020876115959991687,0.00021792571658071802,0.21336407524850626,0.0019339901347713573,1안 (PCHIP)
ELEC_2-17-3,7,block_6h,stl,0.03914937699457035,0.03196545240354619,0.020106824398687103,0.0007630905482251442,0.20277019511779165,0.0011377851091488589,2안 (STL)
ELEC_2-17-3,7,block_6h,mstl,0.03527540899828207,0.03239056193443218,0.020664624751079944,0.0007975857839756715,0.1846009910285376,0.0012906133060544,3안 (MSTL)
ELEC_2-17-3,7,block_6h,seasonal_naive,0.07205322107065965,0.03443019007356297,0.02258859639607792,0.00022517875398349302,0.05999999999949068,0.0018625501265062683,4안 (Seasonal Naive)
ELEC_2-17-3,7,block_24h,baseline,0.029649452580344484,0.029539594601253147,0.021034647845151026,0.0002683988638357055,0.16647036636447438,0.0019219729889012882,기존안 (대치+선형)
ELEC_2-17-3,7,block_24h,pchip,0.030768281531086964,0.029674290670971194,0.020912364838739456,0.00022231262108387878,0.16947908032355793,0.0019520499089078491,1안 (PCHIP)
ELEC_2-17-3,7,block_24h,stl,0.031471463429863754,0.03194641514579922,0.020119556089307856,0.0007653218846389986,0.17054251805829088,0.0011635439103310219,2안 (STL)
ELEC_2-17-3,7,block_24h,mstl,0.05268917161539341,0.032384654070007506,0.02071401380586508,0.000839197930585727,0.14638852549996384,0.001287401196441107,3안 (MSTL)
ELEC_2-17-3,7,block_24h,seasonal_naive,0.034056960275542364,0.03440750851849109,0.022448603482666567,0.00020367790215976227,0.18027756377320575,0.0018546253094354759,4안 (Seasonal Naive)
ELEC_2-17-3,8,random,baseline,0.03540466957920635,0.025693472785127798,0.021621401850158976,0.0005745392099217496,0.12398087598997086,0.003059935763423005,기존안 (대치+선형)
ELEC_2-17-3,8,random,pchip,0.03563646774387913,0.02592382648321599,0.021338473307055832,0.0005146232768090834,0.12382051940573786,0.003130377211437607,1안 (PCHIP)
ELEC_2-17-3,8,random,stl,0.051974759363954716,0.03276745046722267,0.02090141720905031,0.0019127296468538098,0.20381661658097625,0.0032134536751369236,2안 (STL)
ELEC_2-17-3,8,random,mstl,0.04906874207017257,0.0341107620679268,0.02268021008869095,0.0018278960727936258,0.17141240063300237,0.003120691811493659,3안 (MSTL)
ELEC_2-17-3,8,random,seasonal_naive,0.09421012563764364,0.04035847462272761,0.03833791159412139,0.0002288846850611666,0.2095343833823118,0.007222046256459169,4안 (Seasonal Naive)
ELEC_2-17-3,8,block_6h,baseline,0.03371626887397434,0.029577362982549628,0.021029385722280546,0.0002613511883797866,,0.0018583905564641956,기존안 (대치+선형)
ELEC_2-17-3,8,block_6h,pchip,0.042993018221573816,0.029712059052267675,0.020897831536837216,0.00021685262317648133,,0.0018848490931352435,1안 (PCHIP)
ELEC_2-17-3,8,block_6h,stl,0.026868337978256378,0.031967068173277054,0.02012658357730574,0.0007632448854383591,,0.0011103378823610344,2안 (STL)
ELEC_2-17-3,8,block_6h,mstl,0.03226350386376904,0.032394632044294526,0.020669512806112764,0.0007930775659898062,,0.0012552079211706202,3안 (MSTL)
ELEC_2-17-3,8,block_6h,seasonal_naive,0.03140240613563589,0.034429369021795844,0.022489664614560027,0.00020424236366349617,,0.0018322393589148556,4안 (Seasonal Naive)
ELEC_2-17-3,8,block_24h,baseline,0.11005591142618103,0.029531794609463608,0.02129357597759043,0.0003195396581939952,0.20508778359711305,0.001972745392248232,기존안 (대치+선형)
ELEC_2-17-3,8,block_24h,pchip,0.10810601794969152,0.029666490679181663,0.021347216986828944,0.0002872600976136203,0.21976955345479088,0.00201876893486852,1안 (PCHIP)
ELEC_2-17-3,8,block_24h,stl,0.10722563712969116,0.03196935804518304,0.020597778920766696,0.000780557244423104,0.19642146051917936,0.001175974523130785,2안 (STL)
ELEC_2-17-3,8,block_24h,mstl,0.1071615893148919,0.03237233893119169,0.021075055514304858,0.0008828879095957747,0.18626781469127843,0.001413225872412549,3안 (MSTL)
ELEC_2-17-3,8,block_24h,seasonal_naive,0.1685845668287592,0.03450025315770718,0.022718275090644655,0.00023164440393525556,0.23085159803965438,0.002092786981912953,4안 (Seasonal Naive)
ELEC_2-17-3,9,random,baseline,0.0704138608407431,0.025480717288528677,0.031535527811253336,0.0006203026009947701,0.3014853909895545,0.005169548211104491,기존안 (대치+선형)
ELEC_2-17-3,9,random,pchip,0.07057097456983932,0.02571412349865977,0.030833718061322513,0.0005530971601066375,0.30128965057175683,0.005254854922095764,1안 (PCHIP)
ELEC_2-17-3,9,random,stl,0.07877756236661085,0.032593095709982534,0.028349787365433705,0.001921616731476376,0.3368658928810129,0.005421708656997204,2안 (STL)
ELEC_2-17-3,9,random,mstl,0.07601342481007374,0.03394076419792519,0.03172891012965772,0.0018565029220078471,0.3183916758402873,0.004812927104617892,3안 (MSTL)
ELEC_2-17-3,9,random,seasonal_naive,0.09173656478295054,0.03980795941274237,0.026404211983712608,0.00023674225247080746,0.34304014810208483,0.006173358286936104,4안 (Seasonal Naive)
ELEC_2-17-3,9,block_6h,baseline,0.019954904113894292,0.029579010633731237,0.02102269628892977,0.0002639904243420358,,0.0018871196378773547,기존안 (대치+선형)
ELEC_2-17-3,9,block_6h,pchip,0.02003735523879783,0.029713709475246656,0.020894138352693353,0.00021946013944857364,,0.0019193180482031114,1안 (PCHIP)
ELEC_2-17-3,9,block_6h,stl,0.022744020925048566,0.031969626349919615,0.020114150789101705,0.0007540158544973765,,0.0011406734854190193,2안 (STL)
ELEC_2-17-3,9,block_6h,mstl,0.034416778607014725,0.032395539040687225,0.020641315638953796,0.0008001655915168571,,0.0012814699087605463,3안 (MSTL)
ELEC_2-17-3,9,block_6h,seasonal_naive,0.09038497908632144,0.03443932427447431,0.02244430591364342,0.00022420377502251486,,0.0018075459529388604,4안 (Seasonal Naive)
ELEC_2-17-3,9,block_24h,baseline,0.1255448661234784,0.029516191794671694,0.021729717786300267,0.0002844826392142138,0.1098828078930934,0.001997925082899754,기존안 (대치+선형)
ELEC_2-17-3,9,block_24h,pchip,0.12439655226278692,0.029650890605740443,0.02155375954140581,0.00025954953849901164,0.10917227918472477,0.0020291966738263945,1안 (PCHIP)
ELEC_2-17-3,9,block_24h,stl,0.08621141206391714,0.0319816274440693,0.020367695993924243,0.0007753864637055909,0.12415617068906312,0.0011089302702740333,2안 (STL)
ELEC_2-17-3,9,block_24h,mstl,0.09456771049615109,0.03235573724574466,0.021053744347749925,0.0008723880461310756,0.12223974335046732,0.0014249928823546476,3안 (MSTL)
ELEC_2-17-3,9,block_24h,seasonal_naive,0.13209121953323574,0.03441530851028054,0.023323854926587846,0.00015298006086033797,0.21842833492933167,0.0020052513442126996,4안 (Seasonal Naive)
ELEC_3-7-2,0,random,baseline,0.028301509740780002,0.023157137090282838,0.017984186202683574,0.0004378864103192954,0.08624001760107566,0.0022673884344048822,기존안 (대치+선형)
ELEC_3-7-2,0,random,pchip,0.028751568332769064,0.023369399406775758,0.01795482515049488,0.0003964534189957461,0.08754633472898546,0.002312592072558073,1안 (PCHIP)
ELEC_3-7-2,0,random,stl,0.04890759052804056,0.03109925193229288,0.016108275719894097,0.001709617181388533,0.16782992398509888,0.0019143656889188954,2안 (STL)
ELEC_3-7-2,0,random,mstl,0.05478572090711707,0.032059748422401724,0.016604412203441547,0.001681099866654982,0.13423102849009827,0.002062758906778317,3안 (MSTL)
ELEC_3-7-2,0,random,seasonal_naive,0.09433605238795048,0.03804038890490746,0.021609736950112344,0.00016226155411241543,0.18092345922310954,0.003615588723480667,4안 (Seasonal Naive)
ELEC_3-7-2,0,block_6h,baseline,0.04958158260183918,0.026405907467526694,0.0177775260780028,0.00022669283489192937,,0.0021801874005248356,기존안 (대치+선형)
ELEC_3-7-2,0,block_6h,pchip,0.06655123658820919,0.02653606517326235,0.017776112114843076,0.00020426135482100053,,0.0022390954958497744,1안 (PCHIP)
ELEC_3-7-2,0,block_6h,stl,0.027473662847634694,0.028919394567645182,0.016160399422355826,0.0007002802272125658,,0.001188879881260152,2안 (STL)
ELEC_3-7-2,0,block_6h,mstl,0.02314822950968306,0.029007809355623783,0.016422032560850553,0.000620091866698127,,0.0012930412457917706,3안 (MSTL)
ELEC_3-7-2,0,block_6h,seasonal_naive,0.03316624790361523,0.030918175349350308,0.01614932776327459,0.00013080131348410637,,0.0011825204182616122,4안 (Seasonal Naive)
ELEC_3-7-2,0,block_24h,baseline,0.0057995739042849045,0.02640652467195868,0.017805050160476836,0.00022634639368606638,,0.0021865106414847846,기존안 (대치+선형)
ELEC_3-7-2,0,block_24h,pchip,0.006122217671157235,0.026536683085463923,0.017808283094612787,0.00020349609817822703,,0.002247575823564496,1안 (PCHIP)
ELEC_3-7-2,0,block_24h,stl,0.004408841386336577,0.028913228602103474,0.016177190811843246,0.0007051719725278622,,0.0011841924849274044,2안 (STL)
ELEC_3-7-2,0,block_24h,mstl,0.003355168620293475,0.029006701387256636,0.016430646331306253,0.0006164956474293756,,0.0012901837913346093,3안 (MSTL)
ELEC_3-7-2,0,block_24h,seasonal_naive,0.0035355339059327125,0.030910170094618748,0.01615955090049874,0.00013114282912837715,,0.001179395430092156,4안 (Seasonal Naive)
ELEC_3-7-2,1,random,baseline,0.0843789084216478,0.022811838393601517,0.023360098025935524,0.0005570565899288797,0.09207336644645495,0.00363971385303985,기존안 (대치+선형)
ELEC_3-7-2,1,random,pchip,0.08447350521196233,0.023018384385088107,0.023622998016802288,0.000517522137294069,0.0930590537607662,0.0036844063988312747,1안 (PCHIP)
ELEC_3-7-2,1,random,stl,0.0509547810608105,0.031043294071610973,0.01606960198091225,0.0017594900054371493,0.1721964467472848,0.0017691768122695128,2안 (STL)
ELEC_3-7-2,1,random,mstl,0.052580671954829995,0.03181725726623497,0.01605982262212004,0.0016697711993113947,0.13998427789166154,0.0018905139735211351,3안 (MSTL)
ELEC_3-7-2,1,random,seasonal_naive,0.11678058372089,0.03793673111928262,0.025726951148426894,0.00018964812703225586,0.1896908998200664,0.0048330569400695245,4안 (Seasonal Naive)
ELEC_3-7-2,1,block_6h,baseline,0.011250625608132179,0.026406334636351468,0.017812999828060127,0.00022881940993628073,,0.002183603435122694,기존안 (대치+선형)
ELEC_3-7-2,1,block_6h,pchip,0.012700756141120649,0.02653650065747924,0.01781640021107819,0.00020728053070009794,,0.0022442647380399583,1안 (PCHIP)
ELEC_3-7-2,1,block_6h,stl,0.008603061528365284,0.02891377144798016,0.016164427093108735,0.000703694175048103,,0.0011847839193969145,2안 (STL)
ELEC_3-7-2,1,block_6h,mstl,0.011435655302822112,0.02900628161040916,0.01643799894293584,0.0006147606493759531,,0.0012896467576978266,3안 (MSTL)
ELEC_3-7-2,1,block_6h,seasonal_naive,0.012583057392151646,0.0309128385128625,0.01614160001883775,0.00012942029786582493,,0.0011805729225261574,4안 (Seasonal Naive)
ELEC_3-7-2,1,block_24h,baseline,0.0024999999999999944,0.02640672851929401,0.01779126931680599,0.0002284209121343945,,0.0021856018847601355,기존안 (대치+선형)
ELEC_3-7-2,1,block_24h,pchip,0.0024999999999999944,0.026536886225029675,0.017792746107439267,0.0002071828484916301,,0.0022466464401957875,1안 (PCHIP)
ELEC_3-7-2,1,block_24h,stl,0.00264927987163491,0.028913331835592106,0.016168061658167872,0.00070527200669853,,0.001184480154576728,2안 (STL)
ELEC_3-7-2,1,block_24h,mstl,0.0026181299212647475,0.02900582209301877,0.016427286658893286,0.0006153026998169244,,0.0012893202724949537,3안 (MSTL)
ELEC_3-7-2,1,block_24h,seasonal_naive,0.003685138655950424,0.030910443778541186,0.016160020917155616,0.0001309375703997497,,0.0011783549690670414,4안 (Seasonal Naive)
ELEC_3-7-2,2,random,baseline,0.07757679647483826,0.022913425467120465,0.02210864143682842,0.0005298395545434555,0.09134819152727265,0.0036248952530150147,기존안 (대치+선형)
ELEC_3-7-2,2,random,pchip,0.07769033009098521,0.023121926924817775,0.022337812747276444,0.0004845410278029925,0.09199176464630736,0.003691887607878197,1안 (PCHIP)
ELEC_3-7-2,2,random,stl,0.04967322569475053,0.03105044791264552,0.01593676433217048,0.001772864401099469,0.16583353478261995,0.001716792568082326,2안 (STL)
ELEC_3-7-2,2,random,mstl,0.05468955632661193,0.03189049247767739,0.015761348366523965,0.0016755819172437705,0.13515516210592443,0.0020187494159952246,3안 (MSTL)
ELEC_3-7-2,2,random,seasonal_naive,0.06697179897927155,0.03746000793688666,0.01702796270312604,0.00021510196169127163,0.18019011027404813,0.002118201523186536,4안 (Seasonal Naive)
ELEC_3-7-2,2,block_6h,baseline,0.041464373795989926,0.02639790221279537,0.01779914654209991,0.0002272522318055358,0.18378378378384394,0.002196544046044635,기존안 (대치+선형)
ELEC_3-7-2,2,block_6h,pchip,0.04509676191413325,0.026528059918531032,0.017805649879560813,0.00020488767617681273,0.16997969122329404,0.0022585128585090875,1안 (PCHIP)
ELEC_3-7-2,2,block_6h,stl,0.0381836536043305,0.028911014066051052,0.01617141240709408,0.0007067854384656743,0.1865552255960188,0.0011917478573911788,2안 (STL)
ELEC_3-7-2,2,block_6h,mstl,0.040012839880366836,0.029000258014655046,0.016434825918454604,0.0006233740013268838,0.1614225513535279,0.00129988147448723,3안 (MSTL)
ELEC_3-7-2,2,block_6h,seasonal_naive,0.0422295315310811,0.030906475361665856,0.016161904806120075,0.000129080698005811,0.1800000000000636,0.0011851783124807724,4안 (Seasonal Naive)
ELEC_3-7-2,2,block_24h,baseline,0.0024999999999999944,0.02640672851929401,0.017791270176038532,0.0002284209121343945,,0.0021855211537807895,기존안 (대치+선형)
ELEC_3-7-2,2,block_24h,pchip,0.0024999999999999944,0.026536886225029675,0.01779274695179314,0.0002071828484916301,,0.002246562262308016,1안 (PCHIP)
ELEC_3-7-2,2,block_24h,stl,0.002647011621741248,0.02891325680141876,0.01616804353774498,0.0007052512692770408,,0.0011843020047213049,2안 (STL)
ELEC_3-7-2,2,block_24h,mstl,0.002620503707748641,0.02900588605739887,0.01642731791644501,0.0006153486718030608,,0.0012889245489133838,3안 (MSTL)
ELEC_3-7-2,2,block_24h,seasonal_naive,0.003685138655950433,0.030910443778541186,0.016160016648369194,0.00013093757039974967,,0.0011781344161387874,4안 (Seasonal Naive)
ELEC_3-7-2,3,random,baseline,0.08725495984306923,0.022726333182856915,0.02074519281994819,0.0005203093430200072,0.33743385602346543,0.0040368950628533184,기존안 (대치+선형)
ELEC_3-7-2,3,random,pchip,0.08732800356989874,0.02293411118605895,0.02045404791570982,0.00046928337175330547,0.337493087846946,0.004090939051806242,1안 (PCHIP)
ELEC_3-7-2,3,random,stl,0.09605149457680927,0.030653891495722438,0.015433460696491636,0.0017796628281899173,0.36529417300497813,0.003518051319366222,2안 (STL)
ELEC_3-7-2,3,random,mstl,0.08834226652499211,0.03140677705725374,0.018582725815908693,0.0017369363428394195,0.3520504021955594,0.0032529493938108223,3안 (MSTL)
ELEC_3-7-2,3,random,seasonal_naive,0.1154632186651708,0.03763280512341376,0.016555845902023445,0.00018340383130461792,0.37065387708074704,0.004232826820014468,4안 (Seasonal Naive)
ELEC_3-7-2,3,block_6h,baseline,0.006871842709325971,0.02640652325635216,0.017792107791827466,0.0002277367163722808,,0.0021851275669541037,기존안 (대치+선형)
ELEC_3-7-2,3,block_6h,pchip,0.006871842709322369,0.02653668096208782,0.017793686017936988,0.0002060589111857839,,0.0022460380483350084,1안 (PCHIP)
ELEC_3-7-2,3,block_6h,stl,0.01439496595002927,0.028915079410730495,0.01616996697625401,0.0007043434190210885,,0.001183177970146554,2안 (STL)
ELEC_3-7-2,3,block_6h,mstl,0.009928848838737916,0.02900907780821117,0.016427122980337064,0.0006155115193670834,,0.0012874430032538964,3안 (MSTL)
ELEC_3-7-2,3,block_6h,seasonal_naive,0.012360330811850624,0.03091578061502874,0.016164086626863413,0.00012822564738220016,,0.001182660468416863,4안 (Seasonal Naive)
ELEC_3-7-2,3,block_24h,baseline,0.002635231383473636,0.026406454835371573,0.01779091470008759,0.00022862617086302192,,0.002185686102777029,기존안 (대치+선형)
ELEC_3-7-2,3,block_24h,pchip,0.002635231383473636,0.026536582131782522,0.01779234560985149,0.00020738810722025752,,0.0022466763757310604,1안 (PCHIP)
ELEC_3-7-2,3,block_24h,stl,0.0027245364439798846,0.028913170344531284,0.016167952846068107,0.0007053867152357576,,0.0011844691017957043,2안 (STL)
ELEC_3-7-2,3,block_24h,mstl,0.0028670458990316047,0.029005114808625693,0.016427085541889527,0.0006152774688647511,,0.00128989862642781,3안 (MSTL)
ELEC_3-7-2,3,block_24h,seasonal_naive,0.0036851386559504187,0.030909485884812654,0.016159781150073608,0.00013104019976406346,,0.0011793388595614518,4안 (Seasonal Naive)
ELEC_3-7-2,4,random,baseline,0.030422010170182173,0.023009058937882368,0.01803609271142595,0.0004624157530332309,0.09904338138445826,0.002406952044123667,기존안 (대치+선형)
ELEC_3-7-2,4,random,pchip,0.030911837435422387,0.02322112610156687,0.017994322124478587,0.0004152300298744622,0.10049273462366475,0.00244368643242332,1안 (PCHIP)
ELEC_3-7-2,4,random,stl,0.051604865090112244,0.03100029483811151,0.015888309534761523,0.0017076046638977525,0.17233101548522248,0.0018928344934372454,2안 (STL)
ELEC_3-7-2,4,random,mstl,0.054312429874085806,0.03207267000665683,0.0161699403618906,0.0016829682945474261,0.14437286232337843,0.002396867203057429,3안 (MSTL)
ELEC_3-7-2,4,random,seasonal_naive,0.11600338954273509,0.03817873612770022,0.0252806980691339,0.0002281201660794784,0.18468860173607377,0.006444805830346678,4안 (Seasonal Naive)
ELEC_3-7-2,4,block_6h,baseline,0.0023570226039550876,0.02640960220047961,0.017792567261341978,0.00022770250658419845,,0.002185454977709167,기존안 (대치+선형)
ELEC_3-7-2,4,block_6h,pchip,0.0023570226039550876,0.026539759906215273,0.01779420882313326,0.00020646444294143405,,0.0022464528876240397,1안 (PCHIP)
ELEC_3-7-2,4,block_6h,stl,0.0037438665233395733,0.028914814705527134,0.01616918756018501,0.0007043883582052499,,0.00118391652833294,2안 (STL)
ELEC_3-7-2,4,block_6h,mstl,0.018764653696883304,0.029010959263918983,0.016433295110210414,0.0006126807480812795,,0.0012916091240297023,3안 (MSTL)
ELEC_3-7-2,4,block_6h,seasonal_naive,0.0033333333333332334,0.030910170094618748,0.016159510669188987,0.00013114282912837717,,0.0011796910897544644,4안 (Seasonal Naive)
ELEC_3-7-2,4,block_24h,baseline,0.002635231383473618,0.026406317993410353,0.017791090479582175,0.00022852354149870819,,0.002187629448642703,기존안 (대치+선형)
ELEC_3-7-2,4,block_24h,pchip,0.002635231383473618,0.02653647569914602,0.017792543982334433,0.0002072854778559438,,0.0022485946176319382,1안 (PCHIP)
ELEC_3-7-2,4,block_24h,stl,0.002784919693963945,0.028912735936253126,0.01616780247909903,0.0007052273555361971,,0.0011857185982691032,2안 (STL)
ELEC_3-7-2,4,block_24h,mstl,0.002780754133130256,0.029005737011810237,0.016427238890342515,0.0006153476743325423,,0.001291512276530682,3안 (MSTL)
ELEC_3-7-2,4,block_24h,seasonal_naive,0.0036324157862838544,0.030909759568735092,0.016159323332778225,0.00013124545849269086,,0.0011816966337887536,4안 (Seasonal Naive)
ELEC_3-7-2,5,random,baseline,0.07784763154421034,0.022959546095265012,0.022067121858385982,0.0005515051354441227,0.09593853580034456,0.0033339845794931877,기존안 (대치+선형)
ELEC_3-7-2,5,random,pchip,0.0779062127970973,0.023165790964170176,0.02230626336582256,0.0005090368335072828,0.09607669017171694,0.003372722020692942,1안 (PCHIP)
ELEC_3-7-2,5,random,stl,0.05088650729761275,0.030915200740616825,0.016056690627579688,0.00179617696921601,0.17526441194734824,0.0018719792033353722,2안 (STL)
ELEC_3-7-2,5,random,mstl,0.052024546908877346,0.03171337499507824,0.01600835601800192,0.0016451144161055088,0.14443426800362472,0.0018714626194525907,3안 (MSTL)
ELEC_3-7-2,5,random,seasonal_naive,0.06967956559965237,0.03752339997542243,0.017397001073599355,0.00022263966016377836,0.18979382027579414,0.0025780893642178837,4안 (Seasonal Naive)
ELEC_3-7-2,5,block_6h,baseline,0.05496176667274168,0.02639052938983086,0.017763894285252865,0.00023180287424088842,0.18584633567028386,0.002176117771926056,기존안 (대치+선형)
ELEC_3-7-2,5,block_6h,pchip,0.0552911186281697,0.026520695410958632,0.017766304052598172,0.00021107461400112255,0.18401935744398024,0.002237356099600629,1안 (PCHIP)
ELEC_3-7-2,5,block_6h,stl,0.05138247872201165,0.028897344230071825,0.016140419752771612,0.0007131883071203196,0.18719129971564064,0.001183647584045544,2안 (STL)
ELEC_3-7-2,5,block_6h,mstl,0.04262478149416685,0.028995962865491616,0.01643140692573075,0.0006167775457965781,0.1483122683566249,0.0012847641729918369,3안 (MSTL)
ELEC_3-7-2,5,block_6h,seasonal_naive,0.07443407888037365,0.030907912202258733,0.016178014291191894,0.00014007158382365654,0.19039432764657385,0.0011812320010271549,4안 (Seasonal Naive)
ELEC_3-7-2,5,block_24h,baseline,0.0030046260628866415,0.02640652325635218,0.01779284513268631,0.0002285577512868171,,0.0021858445191584863,기존안 (대치+선형)
ELEC_3-7-2,5,block_24h,pchip,0.0030046260628866415,0.026536680962087847,0.017794327584502008,0.00020735977184020956,,0.0022468210370969466,1안 (PCHIP)
ELEC_3-7-2,5,block_24h,stl,0.003226372707969666,0.028912590791288672,0.01616801956519858,0.0007048736021003071,,0.0011841892965152034,2안 (STL)
ELEC_3-7-2,5,block_24h,mstl,0.002948437333069448,0.02900578633439332,0.016427386362696538,0.0006154721254292757,,0.0012893948980159387,3안 (MSTL)
ELEC_3-7-2,5,block_24h,seasonal_naive,0.005766958865133502,0.030906339975470164,0.016165996637681,0.00012612081109081131,,0.0011779421966640058,4안 (Seasonal Naive)
ELEC_3-7-2,6,random,baseline,0.09722512420784536,0.022707118860977985,0.025400238500325984,0.0005557541318717521,0.4084119084713833,0.0038838903858633422,기존안 (대치+선형)
ELEC_3-7-2,6,random,pchip,0.09741691932602772,0.022911229142059356,0.024872438326403082,0.0004995314083944029,0.40900823856327584,0.003971576036051472,1안 (PCHIP)
ELEC_3-7-2,6,random,stl,0.10833938515997707,0.03074723032850609,0.02007705200357805,0.0017186491025345304,0.44492288086205656,0.003747554295243982,2안 (STL)
ELEC_3-7-2,6,random,mstl,0.10542505688604926,0.031492895921662364,0.02315765301866863,0.001792142080783146,0.4254004903910374,0.0034791771075829425,3안 (MSTL)
ELEC_3-7-2,6,random,seasonal_naive,0.12931790528767695,0.0375128699865049,0.018332316673284357,0.00018658435179546808,0.44364601558966416,0.0058534051195987535,4안 (Seasonal Naive)
ELEC_3-7-2,6,block_6h,baseline,0.051557571540711125,0.026400365368097263,0.017789628706552842,0.00023060019588614402,,0.002180959698731555,기존안 (대치+선형)
ELEC_3-7-2,6,block_6h,pchip,0.06109656348446878,0.026530523073832923,0.01779393396851982,0.00021249359120814558,,0.0022412967556449948,1안 (PCHIP)
ELEC_3-7-2,6,block_6h,stl,0.04317207714451619,0.028920290252284275,0.01616582456192268,0.000705701389465858,,0.0011721712495316172,2안 (STL)
ELEC_3-7-2,6,block_6h,mstl,0.032985152693018445,0.029007166680305112,0.01642008698478897,0.0006132480506028666,,0.0012879975067169314,3안 (MSTL)
ELEC_3-7-2,6,block_6h,seasonal_naive,0.1066275970114907,0.030924743763488523,0.0161940642201012,0.0001517713313555266,,0.0011674395074621202,4안 (Seasonal Naive)
ELEC_3-7-2,6,block_24h,baseline,0.0024999999999999753,0.02640672851929401,0.017791271140819458,0.0002284209121343945,,0.002184227645908865,기존안 (대치+선형)
ELEC_3-7-2,6,block_24h,pchip,0.0024999999999999753,0.026536886225029675,0.017792747936343074,0.0002071828484916301,,0.0022451912862246903,1안 (PCHIP)
ELEC_3-7-2,6,block_24h,stl,0.0026333492756893955,0.028913131853223722,0.01616800348336093,0.0007053028298521403,,0.001183786509605378,2안 (STL)
ELEC_3-7-2,6,block_24h,mstl,0.0024781738756276843,0.029005999955446015,0.01642735213622414,0.0006154001803489179,,0.0012889765379107132,3안 (MSTL)
ELEC_3-7-2,6,block_24h,seasonal_naive,0.003632415786283855,0.030910580620502403,0.016160015743579035,0.00013093757039974967,,0.0011782492282371715,4안 (Seasonal Naive)
ELEC_3-7-2,7,random,baseline,0.08176161039165786,0.02266499914967343,0.021431264386415048,0.0005023239305264716,0.352220111605568,0.0041915176474282,기존안 (대치+선형)
ELEC_3-7-2,7,random,pchip,0.08188355944384317,0.022878742965603417,0.02107457939960112,0.0004516784117716378,0.3525369517364426,0.004292213761098451,1안 (PCHIP)
ELEC_3-7-2,7,random,stl,0.09056060888638659,0.03048197590036357,0.015979336557638266,0.0017706236002718668,0.3787247870234529,0.003304305200323876,2안 (STL)
ELEC_3-7-2,7,random,mstl,0.09379615819154116,0.03146664879615533,0.017609553344844413,0.001715854250209695,0.36506545780684496,0.003825793798184818,3안 (MSTL)
ELEC_3-7-2,7,random,seasonal_naive,0.13928052403455177,0.03770252610265654,0.02181476876132441,0.00014134331465981816,0.3868751144900204,0.006141461317767494,4안 (Seasonal Naive)
ELEC_3-7-2,7,block_6h,baseline,0.012556180058208318,0.026405086415759296,0.017793502523126965,0.00022758785756461488,,0.002184258653653348,기존안 (대치+선형)
ELEC_3-7-2,7,block_6h,pchip,0.010971205215550938,0.026535244121494956,0.017794288584720337,0.00020676988806154489,,0.0022460791371953226,1안 (PCHIP)
ELEC_3-7-2,7,block_6h,stl,0.011469406991068415,0.028912885913656504,0.0161658830241516,0.0007049664354061393,,0.0011841738101032728,2안 (STL)
ELEC_3-7-2,7,block_6h,mstl,0.018686783261947233,0.02900653621461504,0.016426410625987025,0.0006169861504130072,,0.0012883958940426155,3안 (MSTL)
ELEC_3-7-2,7,block_6h,seasonal_naive,0.017258027296633806,0.030908801675006523,0.01615889541277865,0.000133092787050329,,0.0011800993133257442,4안 (Seasonal Naive)
ELEC_3-7-2,7,block_24h,baseline,0.0024999999999999753,0.02640672851929401,0.017791269340524288,0.0002284209121343945,,0.0021853231408439644,기존안 (대치+선형)
ELEC_3-7-2,7,block_24h,pchip,0.0024999999999999753,0.026536886225029675,0.017792746015162262,0.0002071828484916301,,0.0022462505471757543,1안 (PCHIP)
ELEC_3-7-2,7,block_24h,stl,0.0026618860888152685,0.02891320679320934,0.016168071622096193,0.0007052225877773486,,0.001184230706738787,2안 (STL)
ELEC_3-7-2,7,block_24h,mstl,0.0027240291229926575,0.029006067168845844,0.016427323510089298,0.0006153524987881649,,0.0012898656896915828,3안 (MSTL)
ELEC_3-7-2,7,block_24h,seasonal_naive,0.003535533905932702,0.030910170094618748,0.016159552711355607,0.00013114282912837717,,0.0011806220164183312,4안 (Seasonal Naive)
ELEC_3-7-2,8,random,baseline,0.10790636047106499,0.02268698085585882,0.02970074832224335,0.0006412406559843605,0.22182639656253117,0.004845932150986054,기존안 (대치+선형)
ELEC_3-7-2,8,random,pchip,0.10803375110381802,0.02289796967264824,0.029993237479071073,0.0005971303011403392,0.22264347331368103,0.004903579560149529,1안 (PCHIP)
ELEC_3-7-2,8,random,stl,0.05073548336820754,0.03098563878550133,0.016035974238664756,0.0017158775471536472,0.17468320337348747,0.0018705763089599259,2안 (STL)
ELEC_3-7-2,8,random,mstl,0.057259442641925826,0.03181400413372542,0.01698464058542851,0.0016588359331690995,0.14867609141833443,0.002126587133758906,3안 (MSTL)
ELEC_3-7-2,8,random,seasonal_naive,0.06857381650010211,0.0374910026411037,0.01706549138119976,0.00012334049830020128,0.18235412108781457,0.0020632611686132174,4안 (Seasonal Naive)
ELEC_3-7-2,8,block_6h,baseline,0.009718253158079657,0.026406112730468508,0.017790885994969936,0.0002272919891270264,,0.002185541902437027,기존안 (대치+선형)
ELEC_3-7-2,8,block_6h,pchip,0.009718253158079657,0.026536270436204167,0.01779256545730299,0.00020655566904304842,,0.0022465071232087297,1안 (PCHIP)
ELEC_3-7-2,8,block_6h,stl,0.008876588006111397,0.028912769526337142,0.016166591500413576,0.0007057294974885565,,0.0011843338112805801,2안 (STL)
ELEC_3-7-2,8,block_6h,mstl,0.014554119239542867,0.029006268063807412,0.01642174730937575,0.0006149697716033147,,0.001288954413473764,3안 (MSTL)
ELEC_3-7-2,8,block_6h,seasonal_naive,0.012247448713909908,0.030909964831676906,0.016155128940220028,0.00013411908069343813,,0.0011778802453771275,4안 (Seasonal Naive)
ELEC_3-7-2,8,block_24h,baseline,0.0058431772441465135,0.026406319409016853,0.017798032230293144,0.00022641481326227987,,0.0021861618908955993,기존안 (대치+선형)
ELEC_3-7-2,8,block_24h,pchip,0.006142635905095384,0.026536477822522095,0.017801970602363056,0.00020361980630086607,,0.0022471989875318954,1안 (PCHIP)
ELEC_3-7-2,8,block_24h,stl,0.004845169317068801,0.02891297838817849,0.0161719228907566,0.0007046910566343878,,0.0011839366182365696,2안 (STL)
ELEC_3-7-2,8,block_24h,mstl,0.004190013892588993,0.029006478364143468,0.016428799492922225,0.0006159748817495864,,0.0012894027220711202,3안 (MSTL)
ELEC_3-7-2,8,block_24h,seasonal_naive,0.005572252686302101,0.030906750687691806,0.016165767676263498,0.0001261664693213733,,0.001177619582571121,4안 (Seasonal Naive)
ELEC_3-7-2,9,random,baseline,0.07717530851833727,0.023028960646257722,0.022122036639211032,0.0005118120772105008,0.08483815744820719,0.003436574958674554,기존안 (대치+선형)
ELEC_3-7-2,9,random,pchip,0.07727723236076578,0.023238601382911166,0.022355581997984417,0.00046860900697986193,0.0851080182951206,0.0035130237293531374,1안 (PCHIP)
ELEC_3-7-2,9,random,stl,0.04921328845144296,0.031159233148048197,0.01584194817425978,0.0017403105262211495,0.16120851993793603,0.001775546432191133,2안 (STL)
ELEC_3-7-2,9,random,mstl,0.05238805329984629,0.03196677630498124,0.015650309915029643,0.0016454417079773578,0.12651662240293485,0.0017171352550797714,3안 (MSTL)
ELEC_3-7-2,9,random,seasonal_naive,0.08774640743610208,0.03822775976030725,0.01954525765110436,0.0002853458350630829,0.17212132168971553,0.0024765101997653582,4안 (Seasonal Naive)
ELEC_3-7-2,9,block_6h,baseline,0.005851002840046497,0.02640940248518486,0.01779577666586642,0.00022585932994592602,,0.002186475642383834,기존안 (대치+선형)
ELEC_3-7-2,9,block_6h,pchip,0.00619626626636505,0.02653956296271789,0.017797819315883586,0.00020461711438378723,,0.0022477238554644563,1안 (PCHIP)
ELEC_3-7-2,9,block_6h,stl,0.00339563909628027,0.02891406132967349,0.016169446184983675,0.0007045817714405358,,0.0011842281223660711,2안 (STL)
ELEC_3-7-2,9,block_6h,mstl,0.003039376951348617,0.029007179858736586,0.016428089734703916,0.0006146600258812831,,0.0012893623189930148,3안 (MSTL)
ELEC_3-7-2,9,block_6h,seasonal_naive,0.0033333333333332334,0.030910170094618748,0.016159546340344583,0.00013114282912837717,,0.0011792597954429773,4안 (Seasonal Naive)
ELEC_3-7-2,9,block_24h,baseline,0.0024999999999999944,0.02640672851929401,0.017791270176038532,0.0002284209121343945,,0.0021855211537807895,기존안 (대치+선형)
ELEC_3-7-2,9,block_24h,pchip,0.0024999999999999944,0.026536886225029675,0.01779274695179314,0.0002071828484916301,,0.002246562262308016,1안 (PCHIP)
ELEC_3-7-2,9,block_24h,stl,0.002647011621741248,0.02891325680141876,0.01616804353774498,0.0007052512692770408,,0.0011843020047213049,2안 (STL)
ELEC_3-7-2,9,block_24h,mstl,0.0026191243406133934,0.02900589839198488,0.01642730490378756,0.0006153382018905835,,0.0012889173029065892,3안 (MSTL)
ELEC_3-7-2,9,block_24h,seasonal_naive,0.003685138655950433,0.030910443778541186,0.016160016648369194,0.00013093757039974967,,0.0011781344161387874,4안 (Seasonal Naive)
ELEC_3-18-6,0,random,baseline,0.0638376702424478,0.026639553875722102,0.01936542244315408,0.0006454412536028417,0.10956433486914531,0.006083737633973296,기존안 (대치+선형)
ELEC_3-18-6,0,random,pchip,0.0640146005049344,0.026875919494062,0.019412355076602925,0.0005935333017161564,0.11005217102798276,0.0061836971149300535,1안 (PCHIP)
ELEC_3-18-6,0,random,stl,0.04181612055129164,0.03257363432030504,0.014519657993111031,0.0016771729350843825,0.15735352875800446,0.0036765854322903246,2안 (STL)
ELEC_3-18-6,0,random,mstl,0.047262926907786766,0.03400515917620477,0.016846806255527952,0.0014824652636794466,0.13101627810743519,0.00441872330164117,3안 (MSTL)
ELEC_3-18-6,0,random,seasonal_naive,0.09869531411025145,0.03940805588633027,0.02510514977136487,0.0002217676641837998,0.15965524117094243,0.00927426547584953,4안 (Seasonal Naive)
ELEC_3-18-6,0,block_6h,baseline,0.03398573274229016,0.03084269210175356,0.015310700344341295,0.00027329831941180825,0.16972972972971673,0.0017900527756885554,기존안 (대치+선형)
ELEC_3-18-6,0,block_6h,pchip,0.037820963925631,0.030990762140827646,0.015307261892319908,0.00023292446834620757,0.16161452871281506,0.0018748784905482374,1안 (PCHIP)
ELEC_3-18-6,0,block_6h,stl,0.03582108826511625,0.03279804542986349,0.014774970889461,0.0006387015598470632,0.18008206077861183,0.0011480686905211979,2안 (STL)
ELEC_3-18-6,0,block_6h,mstl,0.04572398661317466,0.033257572982554405,0.015272330400602692,0.0006334392504679849,0.19073194053711365,0.0015930612675614242,3안 (MSTL)
ELEC_3-18-6,0,block_6h,seasonal_naive,0.0416999866773264,0.03507351834374501,0.015495125668228032,0.00017851379691407053,0.21000000000003638,0.0026847097761814043,4안 (Seasonal Naive)
ELEC_3-18-6,0,block_24h,baseline,0.045038563722900896,0.030822576333454366,0.015319052911030055,0.0002592501161558262,0.2088859337852344,0.0018312543403816717,기존안 (대치+선형)
ELEC_3-18-6,0,block_24h,pchip,0.0450385637229122,0.03097064637252845,0.015307765854732768,0.00022593669627007904,0.20888593378525241,0.001918383062496365,1안 (PCHIP)
ELEC_3-18-6,0,block_24h,stl,0.03518395027402793,0.032792266684670675,0.014789633031046077,0.0006488334035897555,0.19670721623317966,0.0011556633470501954,2안 (STL)
ELEC_3-18-6,0,block_24h,mstl,0.040748070053184364,0.0332545765372594,0.015283161066954579,0.0006089308818857538,0.1749771529313996,0.001616251511395106,3안 (MSTL)
ELEC_3-18-6,0,block_24h,seasonal_naive,0.03914006188605874,0.035072765712958295,0.015539197546755545,0.00018220845402940132,0.18654758106179964,0.00266730929340131,4안 (Seasonal Naive)
ELEC_3-18-6,1,random,baseline,0.05770452248347916,0.0268110679245024,0.01761332712461533,0.0006155936719400293,0.11393634643705532,0.00567284349755548,기존안 (대치+선형)
ELEC_3-18-6,1,random,pchip,0.0579165086977544,0.02704461466391092,0.017643435718386634,0.0005594517949452521,0.11454192014160025,0.005730628344030375,1안 (PCHIP)
ELEC_3-18-6,1,random,stl,0.04231947220524766,0.032628385800356215,0.014838475507693545,0.001654277093289019,0.16292810933445123,0.003088812272789343,2안 (STL)
ELEC_3-18-6,1,random,mstl,0.04819291806077055,0.034182011195039774,0.017155204144536623,0.0014542226538982646,0.13793173594906896,0.0039319506388360015,3안 (MSTL)
ELEC_3-18-6,1,random,seasonal_naive,0.12317752798347932,0.039740513431111214,0.025029942113185814,0.000288540236984227,0.1704148252479212,0.012278201359463004,4안 (Seasonal Naive)
ELEC_3-18-6,1,block_6h,baseline,0.06076402938637002,0.030838836487035448,0.015540299603133623,0.0002806492528130369,0.07584279327302228,0.0017968521321826136,기존안 (대치+선형)
ELEC_3-18-6,1,block_6h,pchip,0.062486938195850106,0.030986928700488497,0.015535270739674681,0.00023746057761745906,0.0768661622577924,0.0018861418062512403,1안 (PCHIP)
ELEC_3-18-6,1,block_6h,stl,0.06506146051642421,0.03279713146337146,0.015051823128895362,0.0006575800705791308,0.08115868611839523,0.001156815420570334,2안 (STL)
ELEC_3-18-6,1,block_6h,mstl,0.07577226456462756,0.033252740808660135,0.015615522014930668,0.0006435965764328699,0.09262780927059501,0.0015933743833880243,3안 (MSTL)
ELEC_3-18-6,1,block_6h,seasonal_naive,0.09165151389911737,0.03508193412436,0.015796323667646456,0.00016076687806055402,0.11175866856758945,0.002702053594534015,4안 (Seasonal Naive)
ELEC_3-18-6,1,block_24h,baseline,0.054861371792399125,0.03080923707344849,0.015292652274146029,0.00026496128780683823,0.2092180996907747,0.001846666377263384,기존안 (대치+선형)
ELEC_3-18-6,1,block_24h,pchip,0.055200552358075756,0.030957308528061746,0.015281802818118312,0.00023159889753469982,0.21039665749469855,0.001937703606033514,1안 (PCHIP)
ELEC_3-18-6,1,block_24h,stl,0.048726842415358414,0.03277321603856794,0.014762181866943133,0.0006564482348656529,0.20516361532772434,0.001124215213754498,2안 (STL)
ELEC_3-18-6,1,block_24h,mstl,0.04222906923079504,0.0332476082418663,0.015263518480009524,0.0006431454056137814,0.16406875183409964,0.0015867086756014004,3안 (MSTL)
ELEC_3-18-6,1,block_24h,seasonal_naive,0.04829899802146074,0.03506147625115775,0.015502355872002672,0.00016476146209604196,0.19540556116278932,0.0026871754930222203,4안 (Seasonal Naive)
ELEC_3-18-6,2,random,baseline,0.06900105754016388,0.02678922990237588,0.01964874511601824,0.0006474648129714791,0.11451157042317685,0.006524142042538372,기존안 (대치+선형)
ELEC_3-18-6,2,random,pchip,0.07186501719106285,0.02704710016888312,0.01955579821472794,0.0005831525579335977,0.11399338539981307,0.006917887672411194,1안 (PCHIP)
ELEC_3-18-6,2,random,stl,0.0422420023632756,0.03263905108923524,0.014916724943639399,0.0016601751867317686,0.1668013334119215,0.0035008894611113783,2안 (STL)
ELEC_3-18-6,2,random,mstl,0.048053547311929436,0.03405652171691005,0.016604067118172614,0.0015368921854465479,0.14137980173738465,0.004081334884909582,3안 (MSTL)
ELEC_3-18-6,2,random,seasonal_naive,0.09136233468530465,0.039502818944470566,0.02321433669523526,0.0003075172478762787,0.17261988631854286,0.009017205734645706,4안 (Seasonal Naive)
ELEC_3-18-6,2,block_6h,baseline,0.11278151297813675,0.030840639472335302,0.0152221626495331,0.00026235507798377886,0.0481081081076096,0.0018413610500971345,기존안 (대치+선형)
ELEC_3-18-6,2,block_6h,pchip,0.13839636727000043,0.03098871339654168,0.015208509127025123,0.00021359751982207912,0.05897030216934113,0.001958389966738472,1안 (PCHIP)
ELEC_3-18-6,2,block_6h,stl,0.03303488552724036,0.03280288716396637,0.01478358128558731,0.000640163245482495,0.13415147932378452,0.0011459341484356678,2안 (STL)
ELEC_3-18-6,2,block_6h,mstl,0.03976820971967776,0.033260273409999375,0.015247632866425777,0.0006345380116294803,0.1032982415005059,0.00160290747631342,3안 (MSTL)
ELEC_3-18-6,2,block_6h,seasonal_naive,0.05669117117229725,0.035083165702010914,0.015502459669837022,0.00018169530720779282,0.13000000000010908,0.002683886478841546,4안 (Seasonal Naive)
ELEC_3-18-6,2,block_24h,baseline,0.0353342008134512,0.030819913577636603,0.015251201898189421,0.0002867461333078468,0.14359559328690666,0.0017866418538935447,기존안 (대치+선형)
ELEC_3-18-6,2,block_24h,pchip,0.03565639997324092,0.030967986447789024,0.01525195588601275,0.00024737028650871493,0.14184140213113267,0.0018758602305378735,1안 (PCHIP)
ELEC_3-18-6,2,block_24h,stl,0.0449212798487462,0.03280523890290809,0.01467563258639188,0.0006117782327872769,0.15749563155646493,0.0011451324692444143,2안 (STL)
ELEC_3-18-6,2,block_24h,mstl,0.042499974968276906,0.03325625702217723,0.015207754394454358,0.000646234698008805,0.16863568057452022,0.0015924088656011914,3안 (MSTL)
ELEC_3-18-6,2,block_24h,seasonal_naive,0.0906305074954843,0.03511374988034344,0.015505202622364354,0.00022124481395878595,0.17972200755610507,0.0027535591910096135,4안 (Seasonal Naive)
ELEC_3-18-6,3,random,baseline,0.09393159775898549,0.026603332541668002,0.022573825692842917,0.0006635914615882188,0.3783144814994046,0.010920443062257812,기존안 (대치+선형)
ELEC_3-18-6,3,random,pchip,0.09398698598610669,0.026838105069634462,0.02241442649138021,0.0006007724933040168,0.3780367589054986,0.010939228119129618,1안 (PCHIP)
ELEC_3-18-6,3,random,stl,0.09034153170075927,0.032346856002794,0.018148952110409334,0.0016709757448752141,0.3975562118776441,0.009481147994161332,2안 (STL)
ELEC_3-18-6,3,random,mstl,0.09031321224752593,0.03363510273213474,0.020172018583488174,0.0015810117800957283,0.3883750933124895,0.009875043369483194,3안 (MSTL)
ELEC_3-18-6,3,random,seasonal_naive,0.09954772190994987,0.03885945646380055,0.019876618591736187,0.00037854492057577156,0.39869639697927284,0.011916256647740986,4안 (Seasonal Naive)
ELEC_3-18-6,3,block_6h,baseline,0.11152875711533271,0.030831618998188943,0.015257934105035962,0.0002846083423443474,0.23375759500271767,0.0017845546296796355,기존안 (대치+선형)
ELEC_3-18-6,3,block_6h,pchip,0.1107758790414835,0.03097969458085777,0.015249300180934898,0.00024248928611685428,0.23223271081208188,0.0018701416905162471,1안 (PCHIP)
ELEC_3-18-6,3,block_6h,stl,0.1234716317567396,0.03278858296894343,0.01471923543053382,0.0006608194434419688,0.2583408959245451,0.0011494666260708497,2안 (STL)
ELEC_3-18-6,3,block_6h,mstl,0.11964909422788303,0.03324544194195013,0.015225473985435993,0.0006419057917167833,0.24919691153201762,0.001566762363869878,3안 (MSTL)
ELEC_3-18-6,3,block_6h,seasonal_naive,0.13172994260143714,0.03506777098137379,0.015465511818771427,0.0001568895985069096,0.27207535720824866,0.002569611740498301,4안 (Seasonal Naive)
ELEC_3-18-6,3,block_24h,baseline,0.08203573069773286,0.03079732899160948,0.015624951272248363,0.0003322070646813146,0.11809383492018022,0.0019618615805457873,기존안 (대치+선형)
ELEC_3-18-6,3,block_24h,pchip,0.08203573069773286,0.03094539903068357,0.015611720379971125,0.0002879930141899949,0.11809383492018022,0.0020507937582100455,1안 (PCHIP)
ELEC_3-18-6,3,block_24h,stl,0.08359103079360315,0.032768891374011296,0.015128893710151053,0.0006208150968060678,0.12506117292785907,0.0012680478661505346,2안 (STL)
ELEC_3-18-6,3,block_24h,mstl,0.08680356151287447,0.03323434867653863,0.015711729521096163,0.000684470886113787,0.14575285372713476,0.0017215451538928894,3안 (MSTL)
ELEC_3-18-6,3,block_24h,seasonal_naive,0.11045046652484401,0.03508562885731291,0.016097934593058052,0.0001363444137996911,0.1774679458236691,0.0029715666649460237,4안 (Seasonal Naive)
ELEC_3-18-6,4,random,baseline,0.07564670866714518,0.026651079145543464,0.020824658178813987,0.0006890962275806657,0.1108940083205194,0.0074474681329501635,기존안 (대치+선형)
ELEC_3-18-6,4,random,pchip,0.07825829562187983,0.026911715975128613,0.02083225833239734,0.0006238185892565937,0.11044804823049954,0.0077556376345893074,1안 (PCHIP)
ELEC_3-18-6,4,random,stl,0.043103593568503844,0.032641074938577305,0.014687533907410283,0.0017031486129894843,0.1643871197481558,0.0031686567070337013,2안 (STL)
ELEC_3-18-6,4,random,mstl,0.045774592087813155,0.0338834072313488,0.016305946440845445,0.0015244803324888675,0.14517395312520276,0.0037890243111149413,3안 (MSTL)
ELEC_3-18-6,4,random,seasonal_naive,0.057298985771925506,0.03880344020697778,0.017067468669897112,0.00015424175156047578,0.16804262270408812,0.004901022867317084,4안 (Seasonal Naive)
ELEC_3-18-6,4,block_6h,baseline,0.012909944487336551,0.030851928934135707,0.015294514028667371,0.00027089024745165094,,0.0017860741444890582,기존안 (대치+선형)
ELEC_3-18-6,4,block_6h,pchip,0.012909944487336551,0.03099999897320979,0.01528452540491482,0.00022907100824490082,,0.0018741040404011144,1안 (PCHIP)
ELEC_3-18-6,4,block_6h,stl,0.01062928830646434,0.03280772952083256,0.01476345343778683,0.0006377250492822739,,0.0011433385956363118,2안 (STL)
ELEC_3-18-6,4,block_6h,mstl,0.013612403961096116,0.03326234717999879,0.015257321858864553,0.0006324273961588736,,0.0015859819620842597,3안 (MSTL)
ELEC_3-18-6,4,block_6h,seasonal_naive,0.01054092553387303,0.035091376219684,0.015499645977035686,0.0001862003596652642,,0.0027282727048637545,4안 (Seasonal Naive)
ELEC_3-18-6,4,block_24h,baseline,0.08453220950884517,0.0308092370734485,0.01523764693860487,0.00027789340495200257,0.26909933332225006,0.0018801888320858495,기존안 (대치+선형)
ELEC_3-18-6,4,block_24h,pchip,0.08409922315070498,0.030957308528061757,0.01523006695972038,0.00024409063176646448,0.2681585740555915,0.001963503326881666,1안 (PCHIP)
ELEC_3-18-6,4,block_24h,stl,0.08176909115113737,0.03277414538232744,0.014728655579860757,0.0006877784137430512,0.2658166742341366,0.0012609216140215818,2안 (STL)
ELEC_3-18-6,4,block_24h,mstl,0.07491285994170024,0.033238200304942705,0.015223547682083814,0.0006361922042550665,0.2480160229333902,0.0016259886166262172,3안 (MSTL)
ELEC_3-18-6,4,block_24h,seasonal_naive,0.07478209084473955,0.035081728861418145,0.01549940804804309,0.0001544363863448497,0.21181037831898744,0.002690255225948013,4안 (Seasonal Naive)
ELEC_3-18-6,5,random,baseline,0.03255587671291152,0.026958713069838405,0.015643619764123547,0.0006467808218237472,0.11113800182589754,0.0027620064196821614,기존안 (대치+선형)
ELEC_3-18-6,5,random,pchip,0.03271951414265436,0.027190101247871554,0.015591325257555938,0.0005868231548127665,0.11062236459505705,0.0028253042415049556,1안 (PCHIP)
ELEC_3-18-6,5,random,stl,0.04191158925566119,0.032542677099743886,0.014852845872466774,0.0016441378545547294,0.16170510265068286,0.003424989116395216,2안 (STL)
ELEC_3-18-6,5,random,mstl,0.043037786994725075,0.034028718515577774,0.016435892648494058,0.0014951432090620216,0.1389135220936144,0.0034017143270326233,3안 (MSTL)
ELEC_3-18-6,5,random,seasonal_naive,0.05846259423002462,0.03889441958489212,0.017415081287198382,0.00015700561575724727,0.16885151789409655,0.006529583543536832,4안 (Seasonal Naive)
ELEC_3-18-6,5,block_6h,baseline,0.029360041076477928,0.0308480344858882,0.015298952936488718,0.0002700483895417235,0.15378378378387125,0.0018013423855934851,기존안 (대치+선형)
ELEC_3-18-6,5,block_6h,pchip,0.0292672096606736,0.03099610729675966,0.015288682370056086,0.0002285378168951415,0.15321165577565904,0.0018895027108439821,1안 (PCHIP)
ELEC_3-18-6,5,block_6h,stl,0.03679519316962886,0.03280714812279913,0.014764765030321822,0.0006386895178862517,0.1516800616154786,0.0011634404113284313,2안 (STL)
ELEC_3-18-6,5,block_6h,mstl,0.031718196838276376,0.03326206279785537,0.015264196688423113,0.0006314369909054011,0.1458337406594643,0.001594731087726342,3안 (MSTL)
ELEC_3-18-6,5,block_6h,seasonal_naive,0.032360813064912494,0.03507823939140708,0.015496697766582397,0.0001809769016575989,0.1600000000000818,0.002694644552052705,4안 (Seasonal Naive)
ELEC_3-18-6,5,block_24h,baseline,0.06693698786790504,0.03079794619604148,0.015273215941533295,0.00027824578086300066,0.24127361670651934,0.001838969629458509,기존안 (대치+선형)
ELEC_3-18-6,5,block_24h,pchip,0.06694862387869774,0.030946016942885155,0.015263787070342249,0.00023925271450207444,0.24141994882876147,0.0019230581424991566,1안 (PCHIP)
ELEC_3-18-6,5,block_24h,stl,0.06432472934375717,0.03278081979933739,0.014768925909769737,0.0006649134604105004,0.22446039459200723,0.0011917300093937655,2안 (STL)
ELEC_3-18-6,5,block_24h,mstl,0.06552126170730904,0.033231291943242244,0.015253758042666127,0.0006332935965428382,0.22988648366732706,0.0016650118963433824,3안 (MSTL)
ELEC_3-18-6,5,block_24h,seasonal_naive,0.07080391545984016,0.03506058677840987,0.015466619945808373,0.00015501732987649618,0.2395365896429517,0.0028739251069260785,4안 (Seasonal Naive)
ELEC_3-18-6,6,random,baseline,0.03445514753258458,0.026717862176749457,0.015291788853411302,0.0006360795615360989,0.111654853893553,0.0028773556411951784,기존안 (대치+선형)
ELEC_3-18-6,6,random,pchip,0.03474017813745165,0.026959899768468992,0.015229332178164261,0.0005765676499165275,0.11171041436109835,0.002934613382906015,1안 (PCHIP)
ELEC_3-18-6,6,random,stl,0.04330853721255437,0.03268108257715302,0.01443284326174036,0.0017312821377305462,0.1632334492236391,0.0036815946953326906,2안 (STL)
ELEC_3-18-6,6,random,mstl,0.04505627504647499,0.03390670784836956,0.01695706086820163,0.001550661203886228,0.1383744031780556,0.0031243804715375134,3안 (MSTL)
ELEC_3-18-6,6,random,seasonal_naive,0.12299792180136537,0.039581366230212585,0.031249691966407575,0.00027590692474155603,0.16133780093800593,0.014163588835688468,4안 (Seasonal Naive)
ELEC_3-18-6,6,block_6h,baseline,0.03930992584915871,0.030845959665881478,0.015307775184685485,0.0002744614522075669,0.1291891891897477,0.0018298288509857041,기존안 (대치+선형)
ELEC_3-18-6,6,block_6h,pchip,0.03918815373503448,0.030994043704104884,0.015293549611376476,0.00023330317069689303,0.12805485563975177,0.0019165813981725233,1안 (PCHIP)
ELEC_3-18-6,6,block_6h,stl,0.03392296148889599,0.03279830288166157,0.014774957542265954,0.0006356517305662128,0.13675975519905045,0.0011566147812129834,2안 (STL)
ELEC_3-18-6,6,block_6h,mstl,0.04167125716837282,0.03325960842332113,0.015289546828365558,0.0006336326710664924,0.15397586089539414,0.0016175697236805453,3안 (MSTL)
ELEC_3-18-6,6,block_6h,seasonal_naive,0.0579511288357523,0.035083165702010845,0.015539797018939013,0.0001880476882228936,0.150000000000091,0.00269215179788318,4안 (Seasonal Naive)
ELEC_3-18-6,6,block_24h,baseline,0.042204914278689415,0.030822783012002683,0.015317644812565744,0.00026505421958429815,0.20497267201817515,0.0018359307395611202,기존안 (대치+선형)
ELEC_3-18-6,6,block_24h,pchip,0.04234213110650653,0.030970853758846357,0.015306729472375673,0.0002288321749403136,0.20535108843716537,0.001924911952355668,1안 (PCHIP)
ELEC_3-18-6,6,block_24h,stl,0.03411818842749983,0.032792457911236216,0.014790237577215239,0.0006498950702610534,0.19496141065466646,0.001157626070007467,2안 (STL)
ELEC_3-18-6,6,block_24h,mstl,0.03977317730391196,0.03325415685835667,0.015282946484354739,0.0006104924218754692,0.1733838020559236,0.001619108547333048,3안 (MSTL)
ELEC_3-18-6,6,block_24h,seasonal_naive,0.03916666666666763,0.03507358676472561,0.015539715267746041,0.0001825163421223428,0.18654758106179964,0.0026679539356585513,4안 (Seasonal Naive)
ELEC_3-18-6,7,random,baseline,0.03533673002071608,0.026796884743944573,0.015789376815226054,0.0006421632111879974,0.11864087384761832,0.002641164183250666,기존안 (대치+선형)
ELEC_3-18-6,7,random,pchip,0.035458185218990995,0.02702961468849939,0.015704971897677788,0.0005817094703395983,0.11809257230317918,0.002748669044433716,1안 (PCHIP)
ELEC_3-18-6,7,random,stl,0.04501573649696346,0.03264444862892139,0.014811634640278425,0.001725540117973638,0.17436779228812116,0.0035360498043307542,2안 (STL)
ELEC_3-18-6,7,random,mstl,0.044659043525207796,0.0339503510422195,0.016269583306594677,0.0015592836800183306,0.14883007554257646,0.0030041334146985177,3안 (MSTL)
ELEC_3-18-6,7,random,seasonal_naive,0.08698249820468727,0.03926712577151832,0.021880651936204736,0.0001510409543968256,0.17644376343844825,0.008997941772429963,4안 (Seasonal Naive)
ELEC_3-18-6,7,block_6h,baseline,0.01268112025060132,0.030850081567659376,0.015300824535612493,0.00027152821377035655,,0.0017935829491849686,기존안 (대치+선형)
ELEC_3-18-6,7,block_6h,pchip,0.016318435657173207,0.030998151606733464,0.015290652740735827,0.00023042374848395434,,0.0018854949768787321,1안 (PCHIP)
ELEC_3-18-6,7,block_6h,stl,0.015393689226385676,0.03280523512728349,0.0147684760717486,0.0006346084575588271,,0.001148894364835118,2안 (STL)
ELEC_3-18-6,7,block_6h,mstl,0.02428276914371576,0.033264777842380626,0.015260861584340512,0.0006352585062230278,,0.0016074362293556632,3안 (MSTL)
ELEC_3-18-6,7,block_6h,seasonal_naive,0.03122498999200909,0.035086655172022044,0.015507919917022835,0.00018559522305171912,,0.0027232520024910167,4안 (Seasonal Naive)
ELEC_3-18-6,7,block_24h,baseline,0.05342198092522706,0.030815597393432197,0.015227307641678029,0.0002894256188123226,0.12459212885699325,0.0019072643831751224,기존안 (대치+선형)
ELEC_3-18-6,7,block_24h,pchip,0.053093966761276576,0.03096366743250628,0.015228091541972594,0.00025360181100601246,0.12184301524593137,0.0020037493876003953,1안 (PCHIP)
ELEC_3-18-6,7,block_24h,stl,0.056226230553984596,0.03278357551482104,0.014703493082676884,0.0006719056905560425,0.12518559193436662,0.0012282978330272476,2안 (STL)
ELEC_3-18-6,7,block_24h,mstl,0.05218843677968654,0.0332470839062377,0.015196827962837552,0.0006593846429037255,0.11234738900696727,0.0016958984494438445,3안 (MSTL)
ELEC_3-18-6,7,block_24h,seasonal_naive,0.08101783068491082,0.035066231509310104,0.015435991461113425,0.0001535527870211369,0.15743252522906384,0.002848988265226171,4안 (Seasonal Naive)
ELEC_3-18-6,8,random,baseline,0.03370813447066382,0.026949109207764253,0.015759720512807347,0.0006112196679363822,0.11644942028375543,0.0031194086707817537,기존안 (대치+선형)
ELEC_3-18-6,8,random,pchip,0.03391635987783918,0.02718020243092748,0.015691608857701746,0.0005477444371404731,0.11611207506946347,0.003307568034233599,1안 (PCHIP)
ELEC_3-18-6,8,random,stl,0.042161722932252094,0.03272233963128588,0.014710731299103916,0.0016111188843149396,0.16947529898926747,0.0033614874158389707,2안 (STL)
ELEC_3-18-6,8,random,mstl,0.043313128211552615,0.03407294013580024,0.01574560206524673,0.0014732386119538545,0.1451948582293487,0.0032838492600186786,3안 (MSTL)
ELEC_3-18-6,8,random,seasonal_naive,0.05641651633270324,0.038859764358210355,0.01709165430635535,0.00020468006009110017,0.16722921029133583,0.0048770097824305525,4안 (Seasonal Naive)
ELEC_3-18-6,8,block_6h,baseline,0.014529663145192866,0.030851518408252197,0.015302170192012843,0.0002687008210128725,,0.0017831954506573044,기존안 (대치+선형)
ELEC_3-18-6,8,block_6h,pchip,0.014529663145288729,0.030999588447326285,0.015291904450452545,0.00022744317718294868,,0.0018714883113440939,1안 (PCHIP)
ELEC_3-18-6,8,block_6h,stl,0.014611589154812019,0.03280784037638257,0.01476881455168301,0.0006370937699504604,,0.0011541600196459667,2안 (STL)
ELEC_3-18-6,8,block_6h,mstl,0.023526359952697362,0.03326467544057056,0.015272120439346152,0.0006322506648326989,,0.0016124084084305768,3안 (MSTL)
ELEC_3-18-6,8,block_6h,seasonal_naive,0.08175165645622162,0.03509014464203314,0.015547044922165227,0.0001956422611821161,,0.0026951123461046445,4안 (Seasonal Naive)
ELEC_3-18-6,8,block_24h,baseline,0.04523152445581768,0.030818472490224295,0.015321721508139218,0.00026536826440722765,0.19667868252993068,0.0018384794012328287,기존안 (대치+선형)
ELEC_3-18-6,8,block_24h,pchip,0.04536228761711524,0.03096654323706797,0.01531138621248833,0.00022953924423619855,0.1967381684026567,0.0019259776545409446,1안 (PCHIP)
ELEC_3-18-6,8,block_24h,stl,0.03818065150608102,0.03278780617306563,0.014788691595577406,0.0006505859668669731,0.18960323020815975,0.0011437124992107472,2안 (STL)
ELEC_3-18-6,8,block_24h,mstl,0.04254701035719424,0.03325193856007732,0.015271615834729768,0.00060837989754139,0.17142077791343463,0.00159607602498546,3안 (MSTL)
ELEC_3-18-6,8,block_24h,seasonal_naive,0.04257346591481604,0.03506866045412174,0.015538958904983394,0.00018036112547176867,0.18255136263530844,0.002608228462147699,4안 (Seasonal Naive)
ELEC_3-18-6,9,random,baseline,0.048329484772347456,0.026861076819230213,0.016628526044702056,0.0006293885614723274,0.11128821138812504,0.004247789451630624,기존안 (대치+선형)
ELEC_3-18-6,9,random,pchip,0.048407146617090314,0.027090943807200785,0.01664627087671757,0.0005688271018480723,0.11073610948575839,0.004319730344683359,1안 (PCHIP)
ELEC_3-18-6,9,random,stl,0.041821859219064096,0.032712410312737965,0.014703698428184997,0.001603717397048455,0.15919972036834568,0.0031691202501084037,2안 (STL)
ELEC_3-18-6,9,random,mstl,0.04675159296931242,0.034115639688257766,0.016200442517185797,0.0015133667266273474,0.13710074408348893,0.0044503418501014025,3안 (MSTL)
ELEC_3-18-6,9,random,seasonal_naive,0.0856098945078447,0.03948475580558941,0.02197212942440624,0.00029663247184688406,0.1637594919080606,0.007345792154585085,4안 (Seasonal Naive)
ELEC_3-18-6,9,block_6h,baseline,0.008498365855980242,0.030851518408252218,0.015300970822961632,0.00026904291889392866,,0.0017977489444042094,기존안 (대치+선형)
ELEC_3-18-6,9,block_6h,pchip,0.008498365855980242,0.030999588447326303,0.01529072390716588,0.00022779187909159414,,0.0018864898791067786,1안 (PCHIP)
ELEC_3-18-6,9,block_6h,stl,0.007605689203455702,0.032806804466744346,0.0147665319654225,0.0006374706983260831,,0.0011457854630115838,2안 (STL)
ELEC_3-18-6,9,block_6h,mstl,0.022234267036088752,0.033265265205064655,0.015261109014975899,0.0006324588370839585,,0.0015923557483663586,3안 (MSTL)
ELEC_3-18-6,9,block_6h,seasonal_naive,0.018633899812511803,0.03508316570201099,0.015497985650733657,0.00018600574050897583,,0.0026852069329379447,4안 (Seasonal Naive)
ELEC_3-18-6,9,block_24h,baseline,0.05390226462557681,0.030808826509044946,0.015294334373209737,0.000264736474323104,0.2034848094768874,0.001835104546242472,기존안 (대치+선형)
ELEC_3-18-6,9,block_24h,pchip,0.05405245627988491,0.030956897944400957,0.015284256877442077,0.000231625758002984,0.20279577731676487,0.0019214244614231824,1안 (PCHIP)
ELEC_3-18-6,9,block_24h,stl,0.04746995674891492,0.03277635221444502,0.014761258455049922,0.000656814394738109,0.2014310035174785,0.001117176044060697,2안 (STL)
ELEC_3-18-6,9,block_24h,mstl,0.042070000227494006,0.03324728817676516,0.015267436455361206,0.0006431384942584956,0.1615238043731327,0.0015833656936787843,3안 (MSTL)
ELEC_3-18-6,9,block_24h,seasonal_naive,0.04831257536368877,0.03506058677840985,0.015501846525972876,0.00016404305654585657,0.19540556116278932,0.0026956770075058367,4안 (Seasonal Naive)
ELEC_3-5-6,0,random,baseline,0.03388199334855864,0.02843834341082736,0.025416498190560854,0.0005501383502107318,0.1102007745867775,0.0015271709097314234,기존안 (대치+선형)
ELEC_3-5-6,0,random,pchip,0.03431596370402144,0.028665775902718207,0.025355719134083594,0.0005066648628288732,0.11018401156847879,0.001517917176888206,1안 (PCHIP)
ELEC_3-5-6,0,random,stl,0.046876249519353555,0.03517141867106057,0.02490917947332843,0.00181821181428466,0.17560701555624325,0.0020377883971453015,2안 (STL)
ELEC_3-5-6,0,random,mstl,0.04299212104642209,0.03633520991451011,0.025574291913360768,0.0014532477166202071,0.1445289655571096,0.0015929868339178421,3안 (MSTL)
ELEC_3-5-6,0,random,seasonal_naive,0.0645512678855677,0.04229846600168585,0.027407592451238888,0.00013153610516939432,0.1856740014158231,0.00253980987136071,4안 (Seasonal Naive)
ELEC_3-5-6,0,block_6h,baseline,0.022688979478893322,0.03267980519893808,0.025191049104137386,0.0003049239641364547,,0.0011399371117045698,기존안 (대치+선형)
ELEC_3-5-6,0,block_6h,pchip,0.027113037637828172,0.032817570063748545,0.025127470653958015,0.0002906374887979456,,0.0011563388809725517,1안 (PCHIP)
ELEC_3-5-6,0,block_6h,stl,0.0454788160782155,0.03479684488579613,0.024866966201456585,0.0007945853472780391,,0.0008848269034891221,2안 (STL)
ELEC_3-5-6,0,block_6h,mstl,0.046804322453781994,0.035201562929451424,0.025069062277559305,0.0006173548195040094,,0.000920259252120581,3안 (MSTL)
ELEC_3-5-6,0,block_6h,seasonal_naive,0.06276056794588913,0.0373307607045417,0.02540795535388647,0.00011294488260183119,,0.0010769601417419672,4안 (Seasonal Naive)
ELEC_3-5-6,0,block_24h,baseline,0.02470932549228229,0.03265010038005679,0.025167119431034928,0.0003203503529837307,0.11922348841671555,0.001140987379932068,기존안 (대치+선형)
ELEC_3-5-6,0,block_24h,pchip,0.024560071016361575,0.03278784106583425,0.025099643335731243,0.0003047553669601965,0.11975169562135517,0.0011556909333371168,1안 (PCHIP)
ELEC_3-5-6,0,block_24h,stl,0.019823453039377104,0.03477392704768145,0.02483834558005324,0.0007958933001858111,0.07962185994030938,0.0008774956200809925,2안 (STL)
ELEC_3-5-6,0,block_24h,mstl,0.024356803420411084,0.03518969373325177,0.025028732583273674,0.0006085430215933745,0.0864996492479699,0.0009223711584005478,3안 (MSTL)
ELEC_3-5-6,0,block_24h,seasonal_naive,0.03509906614775934,0.03733404491161108,0.02539875218203054,0.00010560917787931395,0.0781024967590756,0.0010963739435392306,4안 (Seasonal Naive)
ELEC_3-5-6,1,random,baseline,0.08400964053089838,0.028206543636031423,0.031153261417965677,0.0005845557871252008,0.3629390778405401,0.004181520851255893,기존안 (대치+선형)
ELEC_3-5-6,1,random,pchip,0.0841253637677872,0.028437982235745833,0.030859767239304836,0.0005480637152888812,0.3630252799885142,0.004189957249398413,1안 (PCHIP)
ELEC_3-5-6,1,random,stl,0.08958977994726733,0.03504874522087078,0.02759465977104251,0.0018643938038983073,0.38552322613348744,0.004455953119618439,2안 (STL)
ELEC_3-5-6,1,random,mstl,0.08773058785336828,0.03619790313308532,0.02885229416635856,0.0015160538154185585,0.37327455701161444,0.003829118552103772,3안 (MSTL)
ELEC_3-5-6,1,random,seasonal_naive,0.10064239090779092,0.042413584301561946,0.027303767369935443,0.00023128923944946536,0.3876726276449743,0.004731097634007142,4안 (Seasonal Naive)
ELEC_3-5-6,1,block_6h,baseline,0.05398044913563173,0.0326782740483451,0.02517587452295115,0.00029154031656272977,,0.0011270347656088253,기존안 (대치+선형)
ELEC_3-5-6,1,block_6h,pchip,0.05722203718615944,0.032816041036557116,0.025112284635761255,0.0002757515948982434,,0.0011437157669905718,1안 (PCHIP)
ELEC_3-5-6,1,block_6h,stl,0.013692061722912471,0.03478933731921528,0.024836922549108992,0.0007930638605103532,,0.0008753842927682332,2안 (STL)
ELEC_3-5-6,1,block_6h,mstl,0.021445909361333868,0.035195697626253054,0.025033269369249857,0.0006162865938204335,,0.0009131084378756205,3안 (MSTL)
ELEC_3-5-6,1,block_6h,seasonal_naive,0.025166114784222995,0.03732645018276343,0.02539558068178434,9.753093687698579e-05,,0.001084180633667997,4안 (Seasonal Naive)
ELEC_3-5-6,1,block_24h,baseline,0.02724287667449892,0.032650096133237314,0.02516441095988102,0.0003083167427872366,0.105835950950883,0.0011431119072513596,기존안 (대치+선형)
ELEC_3-5-6,1,block_24h,pchip,0.027738899343100323,0.03278783679027261,0.025101458121255596,0.00029008399337703943,0.10562181649971321,0.0011599256841506866,1안 (PCHIP)
ELEC_3-5-6,1,block_24h,stl,0.02338490980286779,0.03476993654952261,0.024838993166193098,0.0007832353660619964,0.07332526941647564,0.000880461400609378,2안 (STL)
ELEC_3-5-6,1,block_24h,mstl,0.02318799890748916,0.03518772035899175,0.025033605231160844,0.0006126589661250795,0.08157734017051385,0.0009255014850261256,3안 (MSTL)
ELEC_3-5-6,1,block_24h,seasonal_naive,0.03505947327994175,0.037333429122785595,0.025401464473618685,0.00010499340169343167,0.0781024967590756,0.001094490086234856,4안 (Seasonal Naive)
ELEC_3-5-6,2,random,baseline,0.052117415378415195,0.028213285790586302,0.025560836493787688,0.0005801810537332946,0.1188570594864249,0.002236607232602328,기존안 (대치+선형)
ELEC_3-5-6,2,random,pchip,0.05230688584720978,0.02844427368495361,0.025505679976078322,0.0005414918724842542,0.11884981585721129,0.0022252722066941066,1안 (PCHIP)
ELEC_3-5-6,2,random,stl,0.05384359778013316,0.03500316832640295,0.02477700274855226,0.0018152385001588345,0.1739588780688288,0.0022828173433343535,2안 (STL)
ELEC_3-5-6,2,random,mstl,0.04910322716257821,0.03619517834611086,0.02536561066102745,0.0014413472359537103,0.15083447472051756,0.001621430082686004,3안 (MSTL)
ELEC_3-5-6,2,random,seasonal_naive,0.12810272035207332,0.042964167932524416,0.03810057019926784,0.0002279686780094195,0.19374083089048824,0.006111483445504939,4안 (Seasonal Naive)
ELEC_3-5-6,2,block_6h,baseline,0.027360072616242875,0.032679244886583456,0.025154933785520067,0.0003018080996524599,,0.0011379263287663033,기존안 (대치+선형)
ELEC_3-5-6,2,block_6h,pchip,0.04028442307259011,0.03281698415682176,0.02507809364340332,0.0002828166999392623,,0.0011553283438623385,1안 (PCHIP)
ELEC_3-5-6,2,block_6h,stl,0.02012251808656892,0.03478955284725042,0.024832267000233433,0.00079442886311152,,0.0008737088893471245,2안 (STL)
ELEC_3-5-6,2,block_6h,mstl,0.022770954389734095,0.03520016647618078,0.02503781724636396,0.0006138408520193446,,0.0009185790408551275,3안 (MSTL)
ELEC_3-5-6,2,block_6h,seasonal_naive,0.10901070283850024,0.03734389753281888,0.025379945353677155,0.00011036375392129516,,0.0010681789335851288,4안 (Seasonal Naive)
ELEC_3-5-6,2,block_24h,baseline,0.1995957960498221,0.03263347125055572,0.02721406727080457,0.00024449994936789893,0.21707685307364633,0.0011823562840540536,기존안 (대치+선형)
ELEC_3-5-6,2,block_24h,pchip,0.2749864054571329,0.032771210520794014,0.03024557879521274,0.00034693700924072495,0.27434507186902857,0.0012466308916672109,1안 (PCHIP)
ELEC_3-5-6,2,block_24h,stl,0.09390475881379408,0.034796645870166884,0.02475227514956584,0.0008143091903391501,0.156760398316464,0.0010004404467471861,2안 (STL)
ELEC_3-5-6,2,block_24h,mstl,0.09402625255560594,0.03519761759689685,0.024847475311398193,0.0005607932778514151,0.08557913797139126,0.0009789795043961824,3안 (MSTL)
ELEC_3-5-6,2,block_24h,seasonal_naive,0.12589402509871514,0.03736319224935074,0.025471537265533317,8.20408024883576e-05,0.18807108152854923,0.0012677935210918534,4안 (Seasonal Naive)
ELEC_3-5-6,3,random,baseline,0.049722904986672894,0.02844061107761209,0.025850665944571694,0.0005596250139090822,0.09960288872020404,0.002426286774959374,기존안 (대치+선형)
ELEC_3-5-6,3,random,pchip,0.049880384755313194,0.028675599458213814,0.025809619087333674,0.0005177402088000021,0.0995441193882639,0.002432047177980068,1안 (PCHIP)
ELEC_3-5-6,3,random,stl,0.046584437024619355,0.0354323513172871,0.025062288770480712,0.0018093811097375557,0.16826365465058302,0.0020331891079002906,2안 (STL)
ELEC_3-5-6,3,random,mstl,0.044884044674176865,0.036470678042918474,0.025452392250419613,0.001444983628175139,0.13973728921052217,0.0018847744789780574,3안 (MSTL)
ELEC_3-5-6,3,random,seasonal_naive,0.10275292637617797,0.04313970195827921,0.03197410996425518,0.00017738738499039307,0.18646496290172088,0.004468711569690753,4안 (Seasonal Naive)
ELEC_3-5-6,3,block_6h,baseline,0.021708206887108783,0.03268176351835599,0.025156030990928405,0.00030576903836139415,,0.0011394155901062186,기존안 (대치+선형)
ELEC_3-5-6,3,block_6h,pchip,0.019577256862755545,0.032819530506568,0.02509779774073029,0.0002906612363061708,,0.0011589225233434863,1안 (PCHIP)
ELEC_3-5-6,3,block_6h,stl,0.01799476684908422,0.034790831772960655,0.02483612599211975,0.0007971794364488129,,0.0008774027966890197,2안 (STL)
ELEC_3-5-6,3,block_6h,mstl,0.022200092172490117,0.035199031554855896,0.025041437819035433,0.0006131749593333216,,0.0009161462962187228,3안 (MSTL)
ELEC_3-5-6,3,block_6h,seasonal_naive,0.0121969435556864,0.03731748703430346,0.02539366981294107,0.00010596289966128147,,0.001075962482498749,4안 (Seasonal Naive)
ELEC_3-5-6,3,block_24h,baseline,0.19354437549916348,0.03263778177233412,0.025908820434723857,0.0002695917875204207,0.05577907384484219,0.0011712159306184189,기존안 (대치+선형)
ELEC_3-5-6,3,block_24h,pchip,0.21804390860701467,0.03277552104257241,0.026569056650543238,0.0002883049847659831,0.054905652464282216,0.0011989097935125592,1안 (PCHIP)
ELEC_3-5-6,3,block_24h,stl,0.10089686245297215,0.0348317974892639,0.024509980852939164,0.0007733440657410896,0.15674360966773535,0.0009494827528989669,2안 (STL)
ELEC_3-5-6,3,block_24h,mstl,0.11896112724138894,0.03519363009801551,0.02456353291469988,0.0005742453471849624,0.12274134385903895,0.0009735217520429051,3안 (MSTL)
ELEC_3-5-6,3,block_24h,seasonal_naive,0.1333775968194561,0.03735108173578285,0.025125767929723365,0.00011338853283314714,0.14661660401001253,0.0012444762811891774,4안 (Seasonal Naive)
ELEC_3-5-6,4,random,baseline,0.033589838900736066,0.02836699352352979,0.02525089456478083,0.0005922443391622686,0.10921527263753159,0.0015984936318528264,기존안 (대치+선형)
ELEC_3-5-6,4,random,pchip,0.033816140692521694,0.02859992535341771,0.025154793320666082,0.0005519481425977948,0.10851282245321184,0.0016216021859843943,1안 (PCHIP)
ELEC_3-5-6,4,random,stl,0.046428247007952145,0.03521157295817713,0.024426236636967944,0.0018029254915923705,0.1710180473470693,0.0016764111387340686,2안 (STL)
ELEC_3-5-6,4,random,mstl,0.04537009717744528,0.03640099659359667,0.0255984441422051,0.0014692117987363748,0.14303408483630342,0.001644612423990166,3안 (MSTL)
ELEC_3-5-6,4,random,seasonal_naive,0.10069785983332336,0.04281805492843586,0.033746172248638656,0.00018327563580361304,0.18172513271742088,0.004411391350474636,4안 (Seasonal Naive)
ELEC_3-5-6,4,block_6h,baseline,0.01910340126628826,0.03267882326540556,0.025169844994729948,0.0003069401041603908,,0.0011450087483513283,기존안 (대치+선형)
ELEC_3-5-6,4,block_6h,pchip,0.018771512076442256,0.03281657167056929,0.02510566149247643,0.0002925495647491918,,0.0011626158390568575,1안 (PCHIP)
ELEC_3-5-6,4,block_6h,stl,0.014145945948100624,0.03478683487796218,0.024841172976887666,0.0007987802618366713,,0.0008814457977721624,2안 (STL)
ELEC_3-5-6,4,block_6h,mstl,0.016446991910210467,0.035193876785799376,0.025033497847699464,0.0006162037420265503,,0.0009203304992146943,3안 (MSTL)
ELEC_3-5-6,4,block_6h,seasonal_naive,0.01364225462008521,0.03732521860511249,0.02538244922016245,0.00010329772235645506,,0.0010843736524080994,4안 (Seasonal Naive)
ELEC_3-5-6,4,block_24h,baseline,0.044713594750961615,0.03265216433432706,0.025256154589473716,0.00029065532583891793,0.12180730446625589,0.0011680209559868926,기존안 (대치+선형)
ELEC_3-5-6,4,block_24h,pchip,0.048304754633340115,0.03278991068226119,0.02521664620886395,0.0002660265080490969,0.11940476981021646,0.0011840145151402748,1안 (PCHIP)
ELEC_3-5-6,4,block_24h,stl,0.04720408196567879,0.03477801919973415,0.0248441570150827,0.0007694797592084166,0.15190085216974392,0.000891022309602918,2안 (STL)
ELEC_3-5-6,4,block_24h,mstl,0.0775325440667884,0.035202233965454396,0.025138188446407448,0.0006215457370232477,0.12420316439443413,0.0009461733670854677,3안 (MSTL)
ELEC_3-5-6,4,block_24h,seasonal_naive,0.04810033238251673,0.037331992282192805,0.025400263159430385,0.0001224159878100334,0.1877942136133636,0.0010841581817027102,4안 (Seasonal Naive)
ELEC_3-5-6,5,random,baseline,0.03549854443157506,0.028215138532999704,0.025353113791054805,0.0005998318676115872,0.11548180022872434,0.001733255123743449,기존안 (대치+선형)
ELEC_3-5-6,5,random,pchip,0.03574922600945215,0.02845126585538366,0.025261269464580113,0.0005590852978722703,0.11539631853309618,0.0017644812111121677,1안 (PCHIP)
ELEC_3-5-6,5,random,stl,0.048238621065297624,0.035120965477380084,0.024720022736422497,0.0018361097808236864,0.1717499041787046,0.00203228074292372,2안 (STL)
ELEC_3-5-6,5,random,mstl,0.04692561488837158,0.036190236644537147,0.025889842403727763,0.0014957728361988396,0.14601357732228842,0.0017096188043284055,3안 (MSTL)
ELEC_3-5-6,5,random,seasonal_naive,0.06520522133279989,0.042031504440591796,0.02697905186964609,0.0001735863547648358,0.1812316014888776,0.0029357799738100043,4안 (Seasonal Naive)
ELEC_3-5-6,5,block_6h,baseline,0.025725216943334184,0.03267657646833971,0.02516704094463934,0.0003115881068606103,0.10486486486454205,0.0011449117710937706,기존안 (대치+선형)
ELEC_3-5-6,5,block_6h,pchip,0.0292351114817743,0.032814315738578015,0.025099804446110992,0.000298979024959403,0.11071573159639761,0.0011626487012105224,1안 (PCHIP)
ELEC_3-5-6,5,block_6h,stl,0.024898129603517293,0.034789550965324344,0.024847201619245494,0.0007970271883034078,0.088001308187963,0.0008776383883586369,2안 (STL)
ELEC_3-5-6,5,block_6h,mstl,0.03303078101147362,0.03519721443348782,0.02505663104432802,0.0006108518690431464,0.07256248781146837,0.0009136910971769829,3안 (MSTL)
ELEC_3-5-6,5,block_6h,seasonal_naive,0.09243616415908747,0.037337329118680374,0.025442682244321422,0.00010459450813729851,0.0799999999999272,0.0010773650202234863,4안 (Seasonal Naive)
ELEC_3-5-6,5,block_24h,baseline,0.010178719066719162,0.03265872000800712,0.025174914024038274,0.0003110601678878056,,0.001145924109663965,기존안 (대치+선형)
ELEC_3-5-6,5,block_24h,pchip,0.010465204242297679,0.032796459986015,0.025108077881965965,0.0002962448154012621,,0.001162826468327549,1안 (PCHIP)
ELEC_3-5-6,5,block_24h,stl,0.03061620639707896,0.03478289337109152,0.02483172062118357,0.0007848241568733314,,0.0008702221329911497,2안 (STL)
ELEC_3-5-6,5,block_24h,mstl,0.06274467202831223,0.03521022756548894,0.02509951796863563,0.0006220309234244112,,0.0009294693398017584,3안 (MSTL)
ELEC_3-5-6,5,block_24h,seasonal_naive,0.0393316069928754,0.037336097541029366,0.02540358796734077,0.00013204282015892723,,0.0010788298409011299,4안 (Seasonal Naive)
ELEC_3-5-6,6,random,baseline,0.06962927638881715,0.028170369545036326,0.02771371498913031,0.0006185887279695886,0.11401651391303859,0.0030939724507131894,기존안 (대치+선형)
ELEC_3-5-6,6,random,pchip,0.06978210394026402,0.028411073215258955,0.027728541551835722,0.0005715716766248827,0.11356085968894769,0.00311506702936315,1안 (PCHIP)
ELEC_3-5-6,6,random,stl,0.04940026571370888,0.035284265724843,0.024870183628345467,0.0017721192865074499,0.18165425165256197,0.0021989485591988878,2안 (STL)
ELEC_3-5-6,6,random,mstl,0.051483282082479036,0.03640185102190754,0.0259853441769799,0.0014452947828446177,0.15444414307177615,0.0022824846754194716,3안 (MSTL)
ELEC_3-5-6,6,random,seasonal_naive,0.1008512582547062,0.04263622617246605,0.031722561964077065,0.00020167375943293871,0.19117445124142637,0.0052376919375185516,4안 (Seasonal Naive)
ELEC_3-5-6,6,block_6h,baseline,0.02669480497426075,0.032674523838921415,0.025166381261553874,0.00030979311622708513,,0.001142579238156638,기존안 (대치+선형)
ELEC_3-5-6,6,block_6h,pchip,0.027172061498408385,0.032812263109159724,0.02509872340830318,0.00029523369755711634,,0.0011604434081154968,1안 (PCHIP)
ELEC_3-5-6,6,block_6h,stl,0.019565015703616778,0.03478560465287515,0.02483915868865733,0.0007993533785285483,,0.0008745896260997643,2안 (STL)
ELEC_3-5-6,6,block_6h,mstl,0.02356231959400495,0.03519556828730176,0.025050274917698963,0.0006150411431304642,,0.0009212888660855567,3안 (MSTL)
ELEC_3-5-6,6,block_6h,seasonal_naive,0.024267032964293167,0.037323576501577874,0.025392882078734885,0.00010375466922643849,,0.0010905398183528314,4안 (Seasonal Naive)
ELEC_3-5-6,6,block_24h,baseline,0.05638036192441262,0.03264763439354186,0.025287292455477162,0.00027802719543600654,0.07613224616460541,0.0011500161354260907,기존안 (대치+선형)
ELEC_3-5-6,6,block_24h,pchip,0.047711259121805086,0.032785373663780155,0.025183197417494106,0.0002603657493098889,0.08337222637794037,0.0011625054085392383,1안 (PCHIP)
ELEC_3-5-6,6,block_24h,stl,0.021151381595752645,0.03476710697713879,0.024839235974447118,0.0007920983434326973,0.06825293745711195,0.000865576544539004,2안 (STL)
ELEC_3-5-6,6,block_24h,mstl,0.027480988158693608,0.035187547686879136,0.025044872460475983,0.0006283895405765012,0.07056988796767989,0.0009232457661947358,3안 (MSTL)
ELEC_3-5-6,6,block_24h,seasonal_naive,0.03512873151393411,0.03732993965277451,0.025393143261239478,0.00010751270638866719,0.0781024967590756,0.0010980667058395621,4안 (Seasonal Naive)
ELEC_3-5-6,7,random,baseline,0.05770765105001383,0.028295789275170832,0.026361288174142454,0.000598345249283891,0.11322829474066431,0.002606836730051132,기존안 (대치+선형)
ELEC_3-5-6,7,random,pchip,0.05792791969322281,0.02853272912589595,0.026338802508113168,0.0005555126956560848,0.11351648188166749,0.0026072447141782806,1안 (PCHIP)
ELEC_3-5-6,7,random,stl,0.045919055166636136,0.035022488273549764,0.02429146899323968,0.0017669055613022677,0.1682971872182751,0.0015723586665543632,2안 (STL)
ELEC_3-5-6,7,random,mstl,0.04842608620999508,0.036409775639777445,0.025082361163628226,0.0013797750126224924,0.14175886951107397,0.0016756818348268032,3안 (MSTL)
ELEC_3-5-6,7,random,seasonal_naive,0.06440594677026307,0.04233076070453536,0.02634926733771197,0.00014382062209422841,0.17520650522978792,0.0022562380915034375,4안 (Seasonal Naive)
ELEC_3-5-6,7,block_6h,baseline,0.02634234080158063,0.03267908400481814,0.025170622676250125,0.0003064144013913509,,0.0011326418570141161,기존안 (대치+선형)
ELEC_3-5-6,7,block_6h,pchip,0.025294109091170774,0.0328168454494354,0.025107802411177448,0.0002910282396300958,,0.0011515671440900377,1안 (PCHIP)
ELEC_3-5-6,7,block_6h,stl,0.014255620177718538,0.034788941640328495,0.02484345483423098,0.0007984358741958788,,0.000868385686148665,2안 (STL)
ELEC_3-5-6,7,block_6h,mstl,0.01343445475417695,0.035195078524226805,0.02503621729358295,0.0006152274293060908,,0.0009123113120143023,3안 (MSTL)
ELEC_3-5-6,7,block_6h,seasonal_naive,0.013743685418768184,0.037325218605112544,0.02538309466240529,0.00010478096286950387,,0.0010803595441573055,4안 (Seasonal Naive)
ELEC_3-5-6,7,block_24h,baseline,0.04206476488041025,0.03264414492353077,0.025191891277901505,0.0003309809947193486,0.16852299546352237,0.0011512689792602115,기존안 (대치+선형)
ELEC_3-5-6,7,block_24h,pchip,0.04206476488041025,0.03278188419376908,0.025126602897080928,0.0003166382952676351,0.16852299546352237,0.0011664436368175046,1안 (PCHIP)
ELEC_3-5-6,7,block_24h,stl,0.029318935405987755,0.03478544336217872,0.02484819787824166,0.0008051394243089791,0.11476729685821359,0.0008868336841036939,2안 (STL)
ELEC_3-5-6,7,block_24h,mstl,0.02908845823263761,0.035182855082758556,0.02504140431399646,0.0006093720430012043,0.09781668994163725,0.0009105525607321363,3안 (MSTL)
ELEC_3-5-6,7,block_24h,seasonal_naive,0.02929732638541444,0.03732131860921771,0.025386340996450693,0.00010077841766116565,0.11322543883775477,0.0010734642997808352,4안 (Seasonal Naive)
ELEC_3-5-6,8,random,baseline,0.05093987691119258,0.028312999106680073,0.025935421584120488,0.0005699752789774017,0.11203687942984533,0.0018864852794887588,기존안 (대치+선형)
ELEC_3-5-6,8,random,pchip,0.0512122389887318,0.02855498247139408,0.0259285351865136,0.000519432513677321,0.11229204424840307,0.0018799755873852853,1안 (PCHIP)
ELEC_3-5-6,8,random,stl,0.08853532076107015,0.035507275374299326,0.030212832310075252,0.001820222202188575,0.3762218991361696,0.0036401187786655465,2안 (STL)
ELEC_3-5-6,8,random,mstl,0.050493815412369136,0.03664379355208854,0.026356271625428786,0.0014223561071686958,0.15225450637344098,0.0017326870003413486,3안 (MSTL)
ELEC_3-5-6,8,random,seasonal_naive,0.11421752393122227,0.04292332060710309,0.03774645229924318,0.00018717247000349553,0.1871308368721127,0.00481363182455663,4안 (Seasonal Naive)
ELEC_3-5-6,8,block_6h,baseline,0.0357817038489392,0.032673885859507625,0.02516859381828577,0.0003006107570685202,,0.00113442018899379,기존안 (대치+선형)
ELEC_3-5-6,8,block_6h,pchip,0.03467027016003916,0.032811644350894245,0.025100294420188664,0.0002853415309186666,,0.0011514279922172355,1안 (PCHIP)
ELEC_3-5-6,8,block_6h,stl,0.02970467133760438,0.0347867585031423,0.0248368132890739,0.0007911941822936229,,0.0008606804539464941,2안 (STL)
ELEC_3-5-6,8,block_6h,mstl,0.04348746323148474,0.03519417374053615,0.02504066558632387,0.0006140059721155383,,0.0009053682050672585,3안 (MSTL)
ELEC_3-5-6,8,block_6h,seasonal_naive,0.09108908947961297,0.037337739644564,0.02539361824782703,0.00010694276389189594,,0.001110628818030368,4안 (Seasonal Naive)
ELEC_3-5-6,8,block_24h,baseline,0.0660891291250446,0.032643118608821665,0.02525170758914221,0.0002778249325844677,0.08433746126233252,0.0011531100010565565,기존안 (대치+선형)
ELEC_3-5-6,8,block_24h,pchip,0.06814040533596571,0.03278085787905996,0.025192533787695377,0.00024867672511650994,0.08225764325660295,0.001169063219648936,1안 (PCHIP)
ELEC_3-5-6,8,block_24h,stl,0.04539495976659096,0.0347784565491212,0.024878152703498402,0.0007599769454076374,0.09805723885200959,0.0008649800915954131,2안 (STL)
ELEC_3-5-6,8,block_24h,mstl,0.051652544031871826,0.03518513306604059,0.02506482604813739,0.0006259746434546382,0.07846420566477652,0.0009094741647300841,3안 (MSTL)
ELEC_3-5-6,8,block_24h,seasonal_naive,0.05639231689520076,0.037293744954032086,0.02542773781542003,0.00014595400396342026,0.0807512338782088,0.0010506703932597894,4안 (Seasonal Naive)
ELEC_3-5-6,9,random,baseline,0.03412938990076146,0.02840436066464719,0.025568481981998462,0.0005618538900361051,0.11407239921321176,0.0016616855002830055,기존안 (대치+선형)
ELEC_3-5-6,9,random,pchip,0.03432121982139525,0.028637832402987687,0.025494617331245098,0.0005178631951943416,0.11327223032012179,0.0016674054354686163,1안 (PCHIP)
ELEC_3-5-6,9,random,stl,0.04692738610538984,0.0352852854869054,0.024562104204498007,0.0018269053508376677,0.1755829393697373,0.002061668889115187,2안 (STL)
ELEC_3-5-6,9,random,mstl,0.046097950738461846,0.03646873969073673,0.02515125286743059,0.0014273631126694342,0.15005285465892632,0.0017675543494064527,3안 (MSTL)
ELEC_3-5-6,9,random,seasonal_naive,0.10246837258252484,0.042925989025349005,0.03112634894026125,0.00021359434855706564,0.1857804029172758,0.004453852365876143,4안 (Seasonal Naive)
ELEC_3-5-6,9,block_6h,baseline,0.023041938523722855,0.03267555015363056,0.025176306275029044,0.0003067074960621556,0.11108108108109532,0.0011437099900416525,기존안 (대치+선형)
ELEC_3-5-6,9,block_6h,pchip,0.022432785774826047,0.03281328942386886,0.02511247591520192,0.0002938195938918411,0.11288377151499493,0.0011564029368488216,1안 (PCHIP)
ELEC_3-5-6,9,block_6h,stl,0.020749452875845027,0.03478528559379596,0.024839025788230856,0.000797586341834912,0.10850906197278509,0.0008778647937314199,2안 (STL)
ELEC_3-5-6,9,block_6h,mstl,0.01966508060724599,0.03519454971236278,0.025037988909252223,0.0006127390424269339,0.08804079780273394,0.0009134984941416846,3안 (MSTL)
ELEC_3-5-6,9,block_6h,seasonal_naive,0.024267032964273648,0.03732255018686869,0.025377536815442893,0.00010252311685462261,0.1100000000000137,0.0010843739006716202,4안 (Seasonal Naive)
ELEC_3-5-6,9,block_24h,baseline,0.0421399556486502,0.032649209491702365,0.025168476544132786,0.00033657846540341814,0.1264785563172117,0.0011062172871091347,기존안 (대치+선형)
ELEC_3-5-6,9,block_24h,pchip,0.04248554145927907,0.03278701028835968,0.0251044088209751,0.0003210490504392377,0.12684764124985207,0.001123147242726219,1안 (PCHIP)
ELEC_3-5-6,9,block_24h,stl,0.029149234358717566,0.034783163368870426,0.024825423689163125,0.000809639855335667,0.07967826580002778,0.0008466364957100403,2안 (STL)
ELEC_3-5-6,9,block_24h,mstl,0.026568915723175223,0.03518943440198691,0.0250332273298074,0.0006304361879952355,0.07195502290878047,0.0008890396952948576,3안 (MSTL)
ELEC_3-5-6,9,block_24h,seasonal_naive,0.035658488158903406,0.03733780806554461,0.025404321133870277,0.00011052575818549279,0.08689073598495256,0.001075684596053672,4안 (Seasonal Naive)
ELEC_3-1-1,0,random,baseline,0.06324790009372565,0.029975842832528386,0.055584027337064565,0.001102315567157838,0.10260834247507558,0.028838196979432573,기존안 (대치+선형)
ELEC_3-1-1,0,random,pchip,0.047936931971386626,0.03039591666243995,0.053662831073925665,0.0010259123315173742,0.10158069827130416,0.03205577478264365,1안 (PCHIP)
ELEC_3-1-1,0,random,stl,0.05644746772360267,0.03929071035202086,0.010410065424168927,0.002430545660396175,0.20221903913871203,0.004199011329831359,2안 (STL)
ELEC_3-1-1,0,random,mstl,0.06836446525734377,0.040825468332528696,0.02243336213897657,0.002510521531387052,0.16289184662568568,0.006628984632675916,3안 (MSTL)
ELEC_3-1-1,0,random,seasonal_naive,0.22633966444990947,0.0486350356474204,0.036750011952128146,0.0003234088659101489,0.20875565796207032,0.014301847000343204,4안 (Seasonal Naive)
ELEC_3-1-1,0,block_6h,baseline,0.06304225647335167,0.03431562484330198,0.04821478155342539,0.0006529464383577412,,0.021778684927572622,기존안 (대치+선형)
ELEC_3-1-1,0,block_6h,pchip,0.08292403215260434,0.03462826278135422,0.04692473909854276,0.0006321827064429744,,0.02412910912368349,1안 (PCHIP)
ELEC_3-1-1,0,block_6h,stl,0.0370390569453422,0.03772321275167018,0.009668949506002781,0.0009671520494551721,,0.0015728835369537286,2안 (STL)
ELEC_3-1-1,0,block_6h,mstl,0.03911238570562856,0.03801530290481135,0.019446160694265142,0.0010171304402906143,,0.004135663173164494,3안 (MSTL)
ELEC_3-1-1,0,block_6h,seasonal_naive,0.05897268670984327,0.04041668377201638,0.010390181313127968,0.00014790707947439868,,0.0019450500858253505,4안 (Seasonal Naive)
ELEC_3-1-1,0,block_24h,baseline,0.06737625239633237,0.034284357870769874,0.04821744531250812,0.0006704867455726469,0.2696933399657835,0.021660078772475888,기존안 (대치+선형)
ELEC_3-1-1,0,block_24h,pchip,0.06758569098058749,0.03459723979118941,0.0469329318989623,0.0006589895974918328,0.27050605503125186,0.023979087771651475,1안 (PCHIP)
ELEC_3-1-1,0,block_24h,stl,0.060274694540902125,0.037727137559243014,0.009676421166392082,0.0009845112186360385,0.2061311133839164,0.0016281770671796592,2안 (STL)
ELEC_3-1-1,0,block_24h,mstl,0.05537546181299287,0.03800361927043611,0.019426723016164875,0.0010327271717853195,0.196307325631712,0.004192680982221253,3안 (MSTL)
ELEC_3-1-1,0,block_24h,seasonal_naive,0.1067187372905508,0.04042571534145685,0.010408231180838612,0.00014879022532108985,0.20530465167648382,0.001973860411602746,4안 (Seasonal Naive)
ELEC_3-1-1,1,random,baseline,0.035330080616896534,0.030023862838941744,0.04883930932263979,0.0010145962363191153,0.10843635051337866,0.023348487893560255,기존안 (대치+선형)
ELEC_3-1-1,1,random,pchip,0.03531862642754696,0.030472230108151872,0.04744990675636403,0.0009216756290044803,0.10780664944682718,0.02564016742730213,1안 (PCHIP)
ELEC_3-1-1,1,random,stl,0.055999801028750094,0.03908821912267602,0.010607920802161426,0.002438102047059711,0.2104407222629324,0.0026488589050432942,2안 (STL)
ELEC_3-1-1,1,random,mstl,0.06042025875271409,0.040673446497175386,0.018256505814705695,0.002415996678906674,0.16727292968411114,0.008108772563446776,3안 (MSTL)
ELEC_3-1-1,1,random,seasonal_naive,0.07596720769781821,0.04717335823866224,0.013301563424478564,0.00014257583416100338,0.21148852510636232,0.004108520157297235,4안 (Seasonal Naive)
ELEC_3-1-1,1,block_6h,baseline,0.014389477303580596,0.03431555642232119,0.048226888896154445,0.0006528191043434819,,0.021750661367467283,기존안 (대치+선형)
ELEC_3-1-1,1,block_6h,pchip,0.020320410991340878,0.03462843763497115,0.046942137498196645,0.000639099928391463,,0.02407929698805411,1안 (PCHIP)
ELEC_3-1-1,1,block_6h,stl,0.012441313755083665,0.0377163573310209,0.009697693611615845,0.0009720590243483897,,0.0015709206370160267,2안 (STL)
ELEC_3-1-1,1,block_6h,mstl,0.011844334043397934,0.03800960854066686,0.01946157208460041,0.0010077605622640742,,0.004150407617007912,3안 (MSTL)
ELEC_3-1-1,1,block_6h,seasonal_naive,0.014326441064749484,0.040397320634503645,0.010422380766676736,0.00015167569240692955,,0.0019214427548773783,4안 (Seasonal Naive)
ELEC_3-1-1,1,block_24h,baseline,0.028625940062195585,0.03429236170989474,0.04823212028923653,0.0006525126533223215,0.14999999999997732,0.0217944914392757,기존안 (대치+선형)
ELEC_3-1-1,1,block_24h,pchip,0.028625940062195585,0.03460524292254469,0.04694628282442224,0.0006413724173024932,0.14999999999997732,0.02411853486407023,1안 (PCHIP)
ELEC_3-1-1,1,block_24h,stl,0.04089621801358782,0.03771630108278161,0.009708403154834556,0.0009666027073783765,0.14248602147472694,0.001590431179849472,2안 (STL)
ELEC_3-1-1,1,block_24h,mstl,0.04449118942820116,0.038012400512550275,0.019470505139972418,0.001020527783482172,0.14903007936526952,0.004174281111990585,3안 (MSTL)
ELEC_3-1-1,1,block_24h,seasonal_naive,0.07739688480667486,0.04042899954852609,0.010455206854596241,0.00014625180323623308,0.1399999999999864,0.001987451079530911,4안 (Seasonal Naive)
ELEC_3-1-1,2,random,baseline,0.036838477312653876,0.030004816185489093,0.04906415566656127,0.0010755836691457845,0.11885028939994487,0.02307816604518176,기존안 (대치+선형)
ELEC_3-1-1,2,random,pchip,0.03590584404069856,0.03044494683860427,0.04769627491093935,0.0009922822496759858,0.11190842816305041,0.02544668625785218,1안 (PCHIP)
ELEC_3-1-1,2,random,stl,0.05631247426507902,0.03911171393391882,0.010661066928089569,0.0025045397039972334,0.2087613239199859,0.004417578922504162,2안 (STL)
ELEC_3-1-1,2,random,mstl,0.06430705199685671,0.040593405510483495,0.019796523288508165,0.0024750709766710776,0.16796180254228296,0.005212644607486716,3안 (MSTL)
ELEC_3-1-1,2,random,seasonal_naive,0.22552216980502612,0.04810395199593147,0.03692932169242048,0.00031984707222282386,0.21258928605517138,0.016569806569689094,4안 (Seasonal Naive)
ELEC_3-1-1,2,block_6h,baseline,0.10656456261820371,0.03430118801639331,0.048219862967906375,0.0006540427162659655,0.1846906283377244,0.021767707850960716,기존안 (대치+선형)
ELEC_3-1-1,2,block_6h,pchip,0.11919207958830054,0.03461406922904326,0.04693002984527685,0.0006284570328521355,0.17896587594908953,0.024074992739149925,1안 (PCHIP)
ELEC_3-1-1,2,block_6h,stl,0.09092342087270416,0.0377193139833723,0.009674606984335058,0.0009732366031781004,0.2123226172946597,0.0015392810471476226,2안 (STL)
ELEC_3-1-1,2,block_6h,mstl,0.08134999051203998,0.03800380501898544,0.01945108859703843,0.0010137546235182786,0.21979756553388882,0.004170878468123251,3안 (MSTL)
ELEC_3-1-1,2,block_6h,seasonal_naive,0.08281505499201113,0.040388254854573064,0.010433547490938588,0.0001488875946765203,0.10037429949939464,0.0018399978372108938,4안 (Seasonal Naive)
ELEC_3-1-1,2,block_24h,baseline,0.045818336104345436,0.034273072655788835,0.048227322222568016,0.0006693775321504873,0.15879544346624191,0.021630848574060946,기존안 (대치+선형)
ELEC_3-1-1,2,block_24h,pchip,0.047353212624377944,0.03458595669951712,0.046940805280849894,0.0006507428417198012,0.16137051662486776,0.023928502617338032,1안 (PCHIP)
ELEC_3-1-1,2,block_24h,stl,0.04163217243006205,0.03769417477234755,0.009689824683340401,0.0009632214234355014,0.15906698146908935,0.0015924396658621998,2안 (STL)
ELEC_3-1-1,2,block_24h,mstl,0.03602349223638675,0.037990343618226216,0.01946667661083034,0.001023948356623984,0.11724231506813515,0.00415146639699826,3안 (MSTL)
ELEC_3-1-1,2,block_24h,seasonal_naive,0.06017336066178683,0.04039410484841525,0.010472837538292406,0.0001452032172548396,0.17916472867170077,0.0019225222456878965,4안 (Seasonal Naive)
ELEC_3-1-1,3,random,baseline,0.05756721671524769,0.029869238737484996,0.04963815430141978,0.0010918792704875278,0.10496841556390094,0.022304884639999023,기존안 (대치+선형)
ELEC_3-1-1,3,random,pchip,0.05946113652105533,0.030336330213194915,0.04820079769409662,0.000987609216237574,0.10383651831978057,0.024707411163694015,1안 (PCHIP)
ELEC_3-1-1,3,random,stl,0.061436691938307704,0.039426956426774136,0.011140851230026066,0.00245411009143034,0.2069416014654009,0.0038515693929642714,2안 (STL)
ELEC_3-1-1,3,random,mstl,0.06625298877173076,0.04080389652918873,0.018373933208629994,0.0024989790412646754,0.16822432623230418,0.008375019749607526,3안 (MSTL)
ELEC_3-1-1,3,random,seasonal_naive,0.07709500709558906,0.047548886790734206,0.01295451645050882,0.00016192341399462695,0.21031566268389998,0.004651056746522553,4안 (Seasonal Naive)
ELEC_3-1-1,3,block_6h,baseline,0.028449681621606274,0.03430819469465105,0.04822498710949178,0.0006531917136572121,,0.021729353335552704,기존안 (대치+선형)
ELEC_3-1-1,3,block_6h,pchip,0.03015129401451701,0.03462118099426201,0.04693823541378599,0.0006410878219163976,,0.024045740156244277,1안 (PCHIP)
ELEC_3-1-1,3,block_6h,stl,0.028785604245558333,0.03771032377399784,0.009695002298242095,0.0009723052096900198,,0.001567427252535114,2안 (STL)
ELEC_3-1-1,3,block_6h,mstl,0.02591481633574376,0.03800613367090056,0.019460032643518633,0.001005866242538764,,0.00415428953303798,3안 (MSTL)
ELEC_3-1-1,3,block_6h,seasonal_naive,0.0353247718487332,0.04039287327076432,0.010417052081744793,0.00015030175828291466,,0.0019008256332038176,4안 (Seasonal Naive)
ELEC_3-1-1,3,block_24h,baseline,0.10347661090233602,0.03426116174273675,0.04822088946250062,0.0007012752884148776,0.2592103421396996,0.021205449700631762,기존안 (대치+선형)
ELEC_3-1-1,3,block_24h,pchip,0.10787554761668264,0.034574042955386707,0.04694175266256673,0.0006895080584240027,0.2680103058915455,0.023526130317782168,1안 (PCHIP)
ELEC_3-1-1,3,block_24h,stl,0.10479698412214722,0.03769569244823201,0.009702641018095431,0.001040295835868349,0.25576156397944705,0.001667386672215776,2안 (STL)
ELEC_3-1-1,3,block_24h,mstl,0.09175536450602165,0.037982783452138014,0.019399041095633493,0.0010534337426783109,0.22520526930784976,0.003934426926763046,3안 (MSTL)
ELEC_3-1-1,3,block_24h,seasonal_naive,0.10976616560266357,0.04039595221489168,0.010477435389597996,0.00015318691790391226,0.23024831316273878,0.0020346778203444993,4안 (Seasonal Naive)
ELEC_3-1-1,4,random,baseline,0.042539039913810764,0.030045406769326512,0.04909664371843805,0.001040430166250231,0.0967250426056022,0.022293388264657543,기존안 (대치+선형)
ELEC_3-1-1,4,random,pchip,0.0425384690303315,0.030494748149763787,0.04775898126909282,0.0009419241622775345,0.09565312107711621,0.024338505417124456,1안 (PCHIP)
ELEC_3-1-1,4,random,stl,0.05697745171375744,0.0394974582259306,0.010735476434519185,0.0024562424885283445,0.20525386490673536,0.0033742172410726745,2안 (STL)
ELEC_3-1-1,4,random,mstl,0.06364457840542313,0.04096993476878043,0.018092468891490143,0.002489038630049495,0.1653910031852508,0.006204190021115719,3안 (MSTL)
ELEC_3-1-1,4,random,seasonal_naive,0.09361746306475821,0.04816074140983264,0.014671767705812893,0.00015020909385331206,0.21389344626736512,0.005710543659067646,4안 (Seasonal Naive)
ELEC_3-1-1,4,block_6h,baseline,0.13733658047404787,0.03428887223988352,0.048227766822009174,0.0006687274803388234,0.2888303442426122,0.021854784951823913,기존안 (대치+선형)
ELEC_3-1-1,4,block_6h,pchip,0.13558767553310605,0.034601753452533475,0.046941553724084345,0.0006526926238913211,0.28609909775808984,0.024183241437627512,1안 (PCHIP)
ELEC_3-1-1,4,block_6h,stl,0.13664153186862477,0.03768982107655378,0.00967917749685151,0.0010010836463005286,0.2876598188305202,0.001619863814357636,2안 (STL)
ELEC_3-1-1,4,block_6h,mstl,0.11671114964541017,0.03798287960289825,0.01944729477677904,0.0010187017419500777,0.2503745134627916,0.0041870629349876065,3안 (MSTL)
ELEC_3-1-1,4,block_6h,seasonal_naive,0.13749747472431395,0.04036064698889717,0.010391623576449266,0.00015411187076810269,0.2924038303443507,0.0019284794986733633,4안 (Seasonal Naive)
ELEC_3-1-1,4,block_24h,baseline,0.06300580767486955,0.03425644777310727,0.048250187697923226,0.0006685139286525424,0.2696458680817366,0.021802157302043712,기존안 (대치+선형)
ELEC_3-1-1,4,block_24h,pchip,0.06444212097566719,0.03456933252460513,0.04696484953577498,0.0006608644311397141,0.27297443410258104,0.02410347821967973,1안 (PCHIP)
ELEC_3-1-1,4,block_24h,stl,0.06406008925514102,0.037673554010636885,0.009757294774675324,0.0010076048984349207,0.2712645917768596,0.001569876101733092,2안 (STL)
ELEC_3-1-1,4,block_24h,mstl,0.0666330292083014,0.03797270336183397,0.01948275437541812,0.0010253150534907374,0.25526032166319906,0.004167176668348316,3안 (MSTL)
ELEC_3-1-1,4,block_24h,seasonal_naive,0.08803408430828617,0.04040190484020475,0.01046940160808604,0.000166179252986007,0.2199545407578001,0.0019502206346293516,4안 (Seasonal Naive)
ELEC_3-1-1,5,random,baseline,0.1109230361051974,0.029853962014707785,0.06258881239238473,0.0011829908446177443,0.2370489872318281,0.03289652700987955,기존안 (대치+선형)
ELEC_3-1-1,5,random,pchip,0.09693925836640746,0.030261714138441476,0.060289093476138186,0.0011023085557288225,0.23732791559714092,0.03701716338324157,1안 (PCHIP)
ELEC_3-1-1,5,random,stl,0.07326969459177385,0.03889227013987518,0.01041524941030153,0.0024301934891689096,0.29640794681909977,0.004257093295651937,2안 (STL)
ELEC_3-1-1,5,random,mstl,0.08808268193538957,0.04060885384483711,0.022035014141161862,0.002521736935085917,0.2714529792049271,0.008762103431255608,3안 (MSTL)
ELEC_3-1-1,5,random,seasonal_naive,0.09067014792333133,0.04714381748028658,0.012845022338270095,0.00018583306819402356,0.30300833638488783,0.006530951208919777,4안 (Seasonal Naive)
ELEC_3-1-1,5,block_6h,baseline,0.02360841708701016,0.03431310990996068,0.04822431632886263,0.0006528191043434467,,0.021866342429990637,기존안 (대치+선형)
ELEC_3-1-1,5,block_6h,pchip,0.02431569286372029,0.03462599943800274,0.04693851346042107,0.0006397605301156717,,0.024202085648674765,1안 (PCHIP)
ELEC_3-1-1,5,block_6h,stl,0.029650658266484685,0.03771727882285324,0.009689918177162603,0.0009698164779546279,,0.0015836143726849494,2안 (STL)
ELEC_3-1-1,5,block_6h,mstl,0.05240092295438702,0.03801204812039985,0.01946058798730033,0.0010140466747116201,,0.004183301439839027,3안 (MSTL)
ELEC_3-1-1,5,block_6h,seasonal_naive,0.04648775226991187,0.040402315366088445,0.010416160790859835,0.0001498625736374084,,0.001946169670462905,4안 (Seasonal Naive)
ELEC_3-1-1,5,block_24h,baseline,0.10849437632193747,0.03427201519773679,0.04820971103869895,0.0006359689033177741,0.12457543355121521,0.02176079641478279,기존안 (대치+선형)
ELEC_3-1-1,5,block_24h,pchip,0.09822850308399302,0.03458491690176067,0.04691297176263018,0.0006232285743539808,0.1300024864535967,0.02408891792219825,1안 (PCHIP)
ELEC_3-1-1,5,block_24h,stl,0.0680967981038519,0.03771791751848051,0.009678220202105318,0.0009576038108348331,0.18931633144006668,0.0015801548338274518,2안 (STL)
ELEC_3-1-1,5,block_24h,mstl,0.06580924535828972,0.037998165721951686,0.019447876412333517,0.0010405114829110103,0.13200419991404314,0.004180898563877711,3안 (MSTL)
ELEC_3-1-1,5,block_24h,seasonal_naive,0.11038442925622262,0.04041381009083078,0.010466970481667386,0.0001535001567116433,0.2456623699307651,0.001978238111056907,4안 (Seasonal Naive)
ELEC_3-1-1,6,random,baseline,0.035684241843409424,0.030043218303722367,0.04894651394849776,0.0010305664790001196,0.10520192454791057,0.022772104213127142,기존안 (대치+선형)
ELEC_3-1-1,6,random,pchip,0.035619953451657096,0.03048970637210645,0.04750403668202227,0.0009529887770305185,0.10384352438722903,0.025179386526032688,1안 (PCHIP)
ELEC_3-1-1,6,random,stl,0.05645944236112418,0.03935596615203435,0.010912085914762707,0.0024801416490384757,0.2031758579827899,0.0038461089610644095,2안 (STL)
ELEC_3-1-1,6,random,mstl,0.06604294385383405,0.04085317719516076,0.018170886592304137,0.0024937980181865805,0.16589898882781087,0.00788731103352136,3안 (MSTL)
ELEC_3-1-1,6,random,seasonal_naive,0.0789186416230341,0.047887382487055805,0.013340582416683152,0.0001370500659594567,0.21316303001751094,0.0058208872197860195,4안 (Seasonal Naive)
ELEC_3-1-1,6,block_6h,baseline,0.05406313737502616,0.034309398534066435,0.048227204318932466,0.0006553249622891791,,0.021788344738161824,기존안 (대치+선형)
ELEC_3-1-1,6,block_6h,pchip,0.0596346538522512,0.03462227974671639,0.04694213313893764,0.0006456376990507012,,0.02410698088004193,1안 (PCHIP)
ELEC_3-1-1,6,block_6h,stl,0.05852836055822787,0.03771900570492503,0.0097012862168579,0.0009789201698675123,,0.0015712761554868004,2안 (STL)
ELEC_3-1-1,6,block_6h,mstl,0.06316228244446657,0.038005972728592616,0.019456042917588262,0.0010124002502150667,,0.004245181284590394,3안 (MSTL)
ELEC_3-1-1,6,block_6h,seasonal_naive,0.09006170724073473,0.04039779958136812,0.010433320198636754,0.00014621182903939327,,0.0019498575152745445,4안 (Seasonal Naive)
ELEC_3-1-1,6,block_24h,baseline,0.14059159352035527,0.03424662346402933,0.04826935092823518,0.0006104967733360019,0.16007274375633304,0.021317851529261134,기존안 (대치+선형)
ELEC_3-1-1,6,block_24h,pchip,0.1488548875575213,0.03455952237091886,0.0469722360619646,0.000592973562647783,0.16855647528582066,0.02352923980676558,1안 (PCHIP)
ELEC_3-1-1,6,block_24h,stl,0.1043957516368446,0.03768944928033232,0.009647900782505213,0.0009849079926451242,0.2609817683552598,0.0016263503727754758,2안 (STL)
ELEC_3-1-1,6,block_24h,mstl,0.09320803671079453,0.03796979661884811,0.0194450205377401,0.0010569849124453228,0.20280608436378358,0.004088395304651549,3안 (MSTL)
ELEC_3-1-1,6,block_24h,seasonal_naive,0.10886408447641341,0.040395746951949835,0.010449845781169568,0.00015236861538871,0.24860862816883209,0.0019342460668400063,4안 (Seasonal Naive)
ELEC_3-1-1,7,random,baseline,0.21480190410600075,0.029822514836029126,0.05696204624352124,0.0008324285119985279,0.958887771064757,0.02919614401504933,기존안 (대치+선형)
ELEC_3-1-1,7,random,pchip,0.21482742710796654,0.030145136949004805,0.05612639770313833,0.0007075564047270035,0.9588614876110508,0.029591827920023017,1안 (PCHIP)
ELEC_3-1-1,7,random,stl,0.2194543047355903,0.038660221603692375,0.0466456569137029,0.0025863740198897468,0.9757976262571703,0.027793775088389316,2안 (STL)
ELEC_3-1-1,7,random,mstl,0.21833627721797597,0.03974305644905218,0.05264314074224733,0.0026082428607423257,0.9694597513152167,0.027337680157253796,3안 (MSTL)
ELEC_3-1-1,7,random,seasonal_naive,0.22615466232678993,0.0469240321853186,0.045013967673024464,0.00038992734794812483,0.9771364441729559,0.028691754309844497,4안 (Seasonal Naive)
ELEC_3-1-1,7,block_6h,baseline,0.014449352365495386,0.034310413753481525,0.048226286743391314,0.0006524483442075673,,0.021755185401756916,기존안 (대치+선형)
ELEC_3-1-1,7,block_6h,pchip,0.014271900816292581,0.0346233041010569,0.04694047599691219,0.0006394733890062528,,0.02408374820216097,1안 (PCHIP)
ELEC_3-1-1,7,block_6h,stl,0.016182291488456676,0.03771187931097686,0.009697552748212749,0.000971944892237087,,0.0015718114719539544,2안 (STL)
ELEC_3-1-1,7,block_6h,mstl,0.02411241430106325,0.03800407147715855,0.019461908692312874,0.0010082624813560663,,0.004155247538215057,3안 (MSTL)
ELEC_3-1-1,7,block_6h,seasonal_naive,0.02297341458677966,0.04039574695194991,0.01042368200571151,0.00015396774820996843,,0.0019265234845806667,4안 (Seasonal Naive)
ELEC_3-1-1,7,block_24h,baseline,0.09022523964905228,0.034264857891296165,0.048230417836903815,0.0006917863217898841,0.24605888415203828,0.021876221812801355,기존안 (대치+선형)
ELEC_3-1-1,7,block_24h,pchip,0.09038600153963057,0.0345777398117157,0.04694621389140235,0.0006722181249562644,0.2464097517970869,0.024179948866867473,1안 (PCHIP)
ELEC_3-1-1,7,block_24h,stl,0.09063966337307375,0.037688549819020034,0.009761146103357935,0.0010175864573077893,0.2415219201743259,0.001613143316472443,2안 (STL)
ELEC_3-1-1,7,block_24h,mstl,0.089081867308003,0.03798144995504503,0.019448551133994248,0.0010414124085190856,0.2219523788719576,0.004323933827179993,3안 (MSTL)
ELEC_3-1-1,7,block_24h,seasonal_naive,0.09955805118399963,0.04037953117954538,0.010485105280700206,0.0001536092697732062,0.24639757447240043,0.0019747795577506055,4안 (Seasonal Naive)
ELEC_3-1-1,8,random,baseline,0.0640775401320158,0.029898986224969552,0.0556581648556805,0.001113553517376555,0.11007352863241797,0.029607703835789034,기존안 (대치+선형)
ELEC_3-1-1,8,random,pchip,0.049276075840448255,0.030326499563138185,0.05380140280732158,0.0010163123989061149,0.11033588357862263,0.03285731443150475,1안 (PCHIP)
ELEC_3-1-1,8,random,stl,0.05959156219734596,0.039410918809476114,0.010835619292764373,0.0025898121365005057,0.216173605208867,0.0037975505125223963,2안 (STL)
ELEC_3-1-1,8,random,mstl,0.06901385441771227,0.040961789598459454,0.01957629624185256,0.002572375471916863,0.1724792707898092,0.009039584266787526,3안 (MSTL)
ELEC_3-1-1,8,random,seasonal_naive,0.08041130182928044,0.04774272342880598,0.013288283802397754,0.0001597187038859472,0.22116440551661296,0.004144687469329056,4안 (Seasonal Naive)
ELEC_3-1-1,8,block_6h,baseline,0.07455725171830228,0.03431379781819813,0.04823051652765344,0.0006495168537585029,,0.021880400787939847,기존안 (대치+선형)
ELEC_3-1-1,8,block_6h,pchip,0.07872183664813147,0.034626723379606004,0.04694369844069409,0.0006301294663529994,,0.024227761150148464,1안 (PCHIP)
ELEC_3-1-1,8,block_6h,stl,0.029788407336677595,0.0377182071636839,0.009696951332782698,0.0009731853320923641,,0.0015747427934930114,2안 (STL)
ELEC_3-1-1,8,block_6h,mstl,0.027705769105908093,0.03800934810572981,0.019462495458453542,0.0010116767631001837,,0.004178948542633232,3안 (MSTL)
ELEC_3-1-1,8,block_6h,seasonal_naive,0.05177408189002431,0.040406010099041274,0.010421222525089532,0.00015273619583821958,,0.0019317402948972884,4안 (Seasonal Naive)
ELEC_3-1-1,8,block_24h,baseline,0.031825373621210816,0.034289901385805795,0.04823600127727886,0.0006579622079568202,0.16599999999996273,0.02179055767050775,기존안 (대치+선형)
ELEC_3-1-1,8,block_24h,pchip,0.03231601298526454,0.034602784013994914,0.046949915685529316,0.0006463697353971577,0.167919999999961,0.024108625987723675,1안 (PCHIP)
ELEC_3-1-1,8,block_24h,stl,0.041485074881126606,0.0377158772078778,0.009712617772617388,0.0009696396057682418,0.15529199990849418,0.0015951860492801062,2안 (STL)
ELEC_3-1-1,8,block_24h,mstl,0.0425386001997582,0.03801015719996095,0.01947488543518098,0.0010133570352639553,0.1570929333255851,0.0041836309432427,3안 (MSTL)
ELEC_3-1-1,8,block_24h,seasonal_naive,0.07749551958375055,0.040427973233816965,0.010460878058546013,0.0001480991317938624,0.1399999999999864,0.001983205171570246,4안 (Seasonal Naive)
ELEC_3-1-1,9,random,baseline,0.03476923183291108,0.03004956236645826,0.04879138501828105,0.0010466869188511755,0.10614914525999512,0.02236309963321048,기존안 (대치+선형)
ELEC_3-1-1,9,random,pchip,0.03465527213221744,0.030479273756321576,0.048016693286525844,0.0010949013167186141,0.10481954398378965,0.025950738874272683,1안 (PCHIP)
ELEC_3-1-1,9,random,stl,0.058534933774615994,0.039463269368066364,0.010738479817207306,0.002501084024212392,0.21156887638857663,0.00425296710061962,2안 (STL)
ELEC_3-1-1,9,random,mstl,0.06721345784931888,0.04094868348744188,0.018877415594756548,0.0024763232205769706,0.1716753909482454,0.008322314112888751,3안 (MSTL)
ELEC_3-1-1,9,random,seasonal_naive,0.09933015738051335,0.0479937257961722,0.015089931209632063,0.00017525383700710097,0.21297268743058992,0.007524430397755855,4안 (Seasonal Naive)
ELEC_3-1-1,9,block_6h,baseline,0.05468102975463119,0.03430919881877171,0.04822586936962276,0.000656364902651199,0.23216216216268226,0.02184842541788512,기존안 (대치+선형)
ELEC_3-1-1,9,block_6h,pchip,0.05449875282133692,0.03462208280321903,0.04693928439802925,0.0006446515231360852,0.23120032377204275,0.024183947250805526,1안 (PCHIP)
ELEC_3-1-1,9,block_6h,stl,0.04712319538177688,0.0377135822402394,0.009689519112292863,0.000978144510360217,0.18196417167534146,0.001557243657894336,2안 (STL)
ELEC_3-1-1,9,block_6h,mstl,0.046468264290342606,0.03800647676506941,0.019460885669071944,0.0010084576778370137,0.19587376136659782,0.0041447434407355654,3안 (MSTL)
ELEC_3-1-1,9,block_6h,seasonal_naive,0.063639610306781,0.0404117574614126,0.010412341840153052,0.00015253093710952106,0.2000000000007276,0.0018483275961721501,4안 (Seasonal Naive)
ELEC_3-1-1,9,block_24h,baseline,0.10351291403320241,0.03426344228480084,0.0482442047082613,0.0006588154521049273,0.16632461610691035,0.021613371687847716,기존안 (대치+선형)
ELEC_3-1-1,9,block_24h,pchip,0.1075646539541443,0.03457633482176413,0.046954815531223146,0.0006104265539586726,0.1616732754497749,0.02390502025512542,1안 (PCHIP)
ELEC_3-1-1,9,block_24h,stl,0.07982982282240822,0.037695783857011236,0.009753727507044932,0.0009820717078368039,0.22695413441876205,0.001604698330272658,2안 (STL)
ELEC_3-1-1,9,block_24h,mstl,0.07432763577835658,0.037982730805646625,0.01947643634047824,0.0010493255300179699,0.19523316256969728,0.004181445783575377,3안 (MSTL)
ELEC_3-1-1,9,block_24h,seasonal_naive,0.08822713742255457,0.04040436799550667,0.010532618913362659,0.0001452298548746026,0.23961775115101205,0.0019790807820212475,4안 (Seasonal Naive)
ELEC_1-7-4,0,random,baseline,0.036716141877529924,0.02904716942412729,0.023946267946083847,0.0006663317712545377,0.11562490308235425,0.0013011174769275158,기존안 (대치+선형)
ELEC_1-7-4,0,random,pchip,0.036547701962507,0.029326098696738013,0.023912493149091628,0.0006135118255544523,0.11407040417419316,0.0013215686307012087,1안 (PCHIP)
ELEC_1-7-4,0,random,stl,0.10198018432918242,0.0386901128051883,0.028446729128510338,0.0023789872806615465,0.3621577939422804,0.004032651812050814,2안 (STL)
ELEC_1-7-4,0,random,mstl,0.06160903217571027,0.04009326509319886,0.02450877379299648,0.0020062270746491395,0.180199465840179,0.0021266253929340673,3안 (MSTL)
ELEC_1-7-4,0,random,seasonal_naive,0.1103882706120595,0.04744307374423273,0.029056708315956664,0.00018106852266700334,0.2307542311919352,0.0034015951537590405,4안 (Seasonal Naive)
ELEC_1-7-4,0,block_6h,baseline,0.13903733808348656,0.03321780709658865,0.023807794565823368,0.00033851458399320524,0.30660644693909106,0.0012119633457158274,기존안 (대치+선형)
ELEC_1-7-4,0,block_6h,pchip,0.14024813305886843,0.03338674274066435,0.023794004691356254,0.00031001925385608473,0.3086838336912735,0.001233266432176916,1안 (PCHIP)
ELEC_1-7-4,0,block_6h,stl,0.13375394657518455,0.03598772330052125,0.02356338654100389,0.0009509928985512457,0.2965059499632334,0.0010126651463857606,2안 (STL)
ELEC_1-7-4,0,block_6h,mstl,0.13875257248949352,0.03648062308872388,0.023842449410191077,0.000795314193010945,0.3047428427717441,0.0011375201246074385,3안 (MSTL)
ELEC_1-7-4,0,block_6h,seasonal_naive,0.14551632210850654,0.03874026711562325,0.02396592218267985,0.0001212556257143437,0.3162051775124046,0.0013574943575729304,4안 (Seasonal Naive)
ELEC_1-7-4,0,block_24h,baseline,0.05287636486829264,0.03320570767831498,0.02381955743555293,0.0003368853463883213,0.23617673437749295,0.0012116092468367201,기존안 (대치+선형)
ELEC_1-7-4,0,block_24h,pchip,0.05595956635253637,0.033374634187465266,0.023799991304445194,0.00030662471436775497,0.2450897245129191,0.001232950935000976,1안 (PCHIP)
ELEC_1-7-4,0,block_24h,stl,0.04223981711556203,0.03599782155782329,0.023598317200455167,0.0009454007380528883,0.1984782813635414,0.0010218397961987424,2안 (STL)
ELEC_1-7-4,0,block_24h,mstl,0.04367002165044671,0.03649165581826664,0.023876368584891592,0.0007945751272660179,0.2027636413937006,0.0011525869700056424,3안 (MSTL)
ELEC_1-7-4,0,block_24h,seasonal_naive,0.053019912401952064,0.038778377601822775,0.024054908264152252,0.0001390800990558961,0.12301761391492878,0.0013673802601387175,4안 (Seasonal Naive)
ELEC_1-7-4,1,random,baseline,0.0391800636659572,0.029028945495939148,0.023651746967095755,0.0006812048102163631,0.12044708429542304,0.0014979815443956213,기존안 (대치+선형)
ELEC_1-7-4,1,random,pchip,0.03907082271890119,0.02932167790849558,0.023619222322858954,0.0006257365898863546,0.11923253430246707,0.0015273798659635185,1안 (PCHIP)
ELEC_1-7-4,1,random,stl,0.06397905541840043,0.038230950281948305,0.024129117325599518,0.002400415269874359,0.24028991659296386,0.0017257563666410736,2안 (STL)
ELEC_1-7-4,1,random,mstl,0.06349014977428509,0.039726885826855886,0.02556771476512688,0.00203274855992831,0.19739798259434121,0.001983616709677727,3안 (MSTL)
ELEC_1-7-4,1,random,seasonal_naive,0.08740804522227169,0.04728697127697078,0.025968138824530692,0.00012552329481984453,0.25022210051286825,0.002696377978762543,4안 (Seasonal Naive)
ELEC_1-7-4,1,block_6h,baseline,0.03813910431128453,0.03322778133929009,0.02386044408227455,0.00032158978907920736,,0.0012225305347018933,기존안 (대치+선형)
ELEC_1-7-4,1,block_6h,pchip,0.03872917484540575,0.033396696868956244,0.02384728518412288,0.00029425265288460527,,0.001244730899020552,1안 (PCHIP)
ELEC_1-7-4,1,block_6h,stl,0.045138971110727275,0.03599725077011322,0.02362044223930852,0.0009349620095898586,,0.001023871471277249,2안 (STL)
ELEC_1-7-4,1,block_6h,mstl,0.04256494789854643,0.036492141170401955,0.023885028012628172,0.000793948021654397,,0.0011632234091286664,3안 (MSTL)
ELEC_1-7-4,1,block_6h,seasonal_naive,0.07203394261654708,0.03876428287981723,0.02404315879260949,0.00012175565495719974,,0.0013791728064518338,4안 (Seasonal Naive)
ELEC_1-7-4,1,block_24h,baseline,0.11722977813349782,0.03318785404919537,0.023900273288371028,0.0003731583115502102,0.3765552156347203,0.001288548939057721,기존안 (대치+선형)
ELEC_1-7-4,1,block_24h,pchip,0.11689923459656344,0.03335678268165441,0.023878809368846614,0.00033916809165292173,0.3754962367887168,0.0013102823001012176,1안 (PCHIP)
ELEC_1-7-4,1,block_24h,stl,0.12402725426732096,0.03597926520050016,0.023614901210514887,0.0009619673128468334,0.37624854810335995,0.0010425754413182498,2안 (STL)
ELEC_1-7-4,1,block_24h,mstl,0.1237611942192343,0.03647878876796498,0.02398266799314069,0.0008247660742716108,0.3849394446960611,0.0011964547613892984,3안 (MSTL)
ELEC_1-7-4,1,block_24h,seasonal_naive,0.17321109471778673,0.038764488142759054,0.024047989486322897,0.0001444604671395579,0.37848889832312244,0.0014749816114477676,4안 (Seasonal Naive)
ELEC_1-7-4,2,random,baseline,0.03701569582518083,0.029037436539632096,0.024093180698957654,0.0006862237507936448,0.11961314016583081,0.001560266153097567,기존안 (대치+선형)
ELEC_1-7-4,2,random,pchip,0.03684207989231772,0.029320518673436522,0.024045291185339,0.0006337159064118746,0.11844321974058619,0.0015813756420703928,1안 (PCHIP)
ELEC_1-7-4,2,random,stl,0.06382876889355915,0.038200335416781285,0.024334723033519735,0.0023849412978619046,0.23458121828116724,0.0019127216327665675,2안 (STL)
ELEC_1-7-4,2,random,mstl,0.06941987720828562,0.040071113852646986,0.026354458379943636,0.00194516880026876,0.18260389831428775,0.0024828109136613152,3안 (MSTL)
ELEC_1-7-4,2,random,seasonal_naive,0.22765106606809624,0.04855857520159867,0.052899944575049394,0.00042316957433891723,0.2438082755927929,0.016511811358152384,4안 (Seasonal Naive)
ELEC_1-7-4,2,block_6h,baseline,0.029514337127878636,0.03323549299546837,0.023859679298065234,0.00031999039068614254,,0.0012234887060638133,기존안 (대치+선형)
ELEC_1-7-4,2,block_6h,pchip,0.028603777706708768,0.03340443059180814,0.02384612463878367,0.0002918364524591762,,0.001246144413064254,1안 (PCHIP)
ELEC_1-7-4,2,block_6h,stl,0.025362266209353983,0.03600579669156366,0.02361245909256101,0.0009247504347163942,,0.001020205204904867,2안 (STL)
ELEC_1-7-4,2,block_6h,mstl,0.03146374788699931,0.03650061700384295,0.02388832742491158,0.0007911679406688429,,0.0011563053150742686,3안 (MSTL)
ELEC_1-7-4,2,block_6h,seasonal_naive,0.03218867985972716,0.03875607236214405,0.024018273555426257,0.0001372601204089742,,0.0013940503493629075,4안 (Seasonal Naive)
ELEC_1-7-4,2,block_24h,baseline,0.1351149290837207,0.033164655089949244,0.024043312271472973,0.00038854491925339313,0.338507514973017,0.001340066533661699,기존안 (대치+선형)
ELEC_1-7-4,2,block_24h,pchip,0.1335384839620405,0.03333358159909953,0.02401820396789111,0.0003658482545997974,0.3356468163162232,0.0013634993927273964,1안 (PCHIP)
ELEC_1-7-4,2,block_24h,stl,0.12090274035313445,0.03595594202152906,0.023824670382755618,0.0010094565436679285,0.3032964348783432,0.0010896400080817603,2안 (STL)
ELEC_1-7-4,2,block_24h,mstl,0.12550591748416837,0.03645603045373196,0.024076207716584152,0.0008189745134596511,0.3112933558331006,0.00128134189343454,3안 (MSTL)
ELEC_1-7-4,2,block_24h,seasonal_naive,0.12178045161298393,0.038723367133412706,0.02426217898755941,0.00011646134202736296,0.27465432820183516,0.0014385747512760672,4안 (Seasonal Naive)
ELEC_1-7-4,3,random,baseline,0.1443587288145397,0.02869125032509207,0.042124301897051214,0.0008009885377271165,0.6268282820766268,0.005146697272489398,기존안 (대치+선형)
ELEC_1-7-4,3,random,pchip,0.14429709208225192,0.02897506854194757,0.04169435980113599,0.0007499601900779352,0.6264768839551732,0.005180855540443119,1안 (PCHIP)
ELEC_1-7-4,3,random,stl,0.15465229155238483,0.037872219358681986,0.03656513310343757,0.002405197642020697,0.6582944149463021,0.005238076672915537,2안 (STL)
ELEC_1-7-4,3,random,mstl,0.15030968385211246,0.039214196005365035,0.040761884979330976,0.0021210769803788666,0.642811581586045,0.005273581012674944,3안 (MSTL)
ELEC_1-7-4,3,random,seasonal_naive,0.16537775100137472,0.04716299246010582,0.03424107617759177,0.0003943577271767485,0.6618937958824146,0.006429210425264231,4안 (Seasonal Naive)
ELEC_1-7-4,3,block_6h,baseline,0.07850326593693556,0.03323333496075564,0.023852374049690685,0.00030539598723326516,,0.0012466553502791244,기존안 (대치+선형)
ELEC_1-7-4,3,block_6h,pchip,0.08982232624196175,0.03340232244944808,0.02383326217280052,0.00027382254439826313,,0.0012711553466278058,1안 (PCHIP)
ELEC_1-7-4,3,block_6h,stl,0.03601926498659276,0.03600835503219941,0.023609492998234026,0.0009329518190444582,,0.0010244649253994265,2안 (STL)
ELEC_1-7-4,3,block_6h,mstl,0.03085794123874023,0.03650560106440271,0.023882203134205374,0.0007906839306777801,,0.0011630608469507253,3안 (MSTL)
ELEC_1-7-4,3,block_6h,seasonal_naive,0.04755114205898548,0.038763872353933526,0.024038134889495754,0.00011841052716336171,,0.0013794384662476622,4안 (Seasonal Naive)
ELEC_1-7-4,3,block_24h,baseline,0.11725514554631702,0.03318785121798239,0.02387339762663794,0.00037897825857267215,0.36130745129609826,0.0012981616591435374,기존안 (대치+선형)
ELEC_1-7-4,3,block_24h,pchip,0.11746924013813219,0.03335677843490227,0.023860980847501836,0.0003418765652118855,0.36178564159995663,0.0013223274533521456,1안 (PCHIP)
ELEC_1-7-4,3,block_24h,stl,0.1228329039543358,0.03598028923312754,0.023583269240431998,0.0009402862321791127,0.3647274160667434,0.0010473938742058264,2안 (STL)
ELEC_1-7-4,3,block_24h,mstl,0.12222472004233811,0.036480283947574764,0.02396294026748484,0.0008351823717393224,0.37910469823215925,0.0012005197609410434,3안 (MSTL)
ELEC_1-7-4,3,block_24h,seasonal_naive,0.17332131368582024,0.03876448814275908,0.024040276953342602,0.0001480524948905382,0.37848889832312244,0.0014757387043663472,4안 (Seasonal Naive)
ELEC_1-7-4,4,random,baseline,0.07034514670336925,0.028910981616351705,0.024088213737056583,0.000667115004051141,0.17244050029023014,0.002073950663765034,기존안 (대치+선형)
ELEC_1-7-4,4,random,pchip,0.0725113472878886,0.02921728389859733,0.02407653607920698,0.00062530841774561,0.17258363072198826,0.002163931713552336,1안 (PCHIP)
ELEC_1-7-4,4,random,stl,0.06797512406408056,0.03806689236644756,0.024041885572518476,0.0022633554379755784,0.25713716441036516,0.0018506489041645313,2안 (STL)
ELEC_1-7-4,4,random,mstl,0.06477068944127418,0.03965080766066225,0.024114243831952573,0.0019847510362871823,0.2182093824537753,0.0018083788973409787,3안 (MSTL)
ELEC_1-7-4,4,random,seasonal_naive,0.09134106292303514,0.04711424251142115,0.026232180316642033,0.00025049804753196625,0.2614756706001331,0.002424246132734953,4안 (Seasonal Naive)
ELEC_1-7-4,4,block_6h,baseline,0.028173902263565177,0.0332336234384037,0.023862176350217187,0.00032063176565664625,,0.0012311572360584888,기존안 (대치+선형)
ELEC_1-7-4,4,block_6h,pchip,0.022653730435708973,0.03340254994755398,0.023845280360739105,0.00029194831885285145,,0.0012528833720171217,1안 (PCHIP)
ELEC_1-7-4,4,block_6h,stl,0.03456235037555509,0.03601199412874722,0.023611919247094847,0.0009223668253350609,,0.0010209566445605889,2안 (STL)
ELEC_1-7-4,4,block_6h,mstl,0.04414490676057775,0.03650321987002961,0.023891383087486208,0.0007963109892832024,,0.001154938613376899,3안 (MSTL)
ELEC_1-7-4,4,block_6h,seasonal_naive,0.10305068871411191,0.03877331444925787,0.02405671099379272,0.00014191441742628512,,0.0013863899272460456,4안 (Seasonal Naive)
ELEC_1-7-4,4,block_24h,baseline,0.14707432569859857,0.03317986719734849,0.0242385267409122,0.0003777383343667377,0.3074206033244987,0.001327393302317792,기존안 (대치+선형)
ELEC_1-7-4,4,block_24h,pchip,0.15323345902124358,0.0333488050308121,0.02431405865707695,0.000333457666334215,0.3150659408706951,0.0013618062984174228,1안 (PCHIP)
ELEC_1-7-4,4,block_24h,stl,0.13710356493618137,0.035999600757359425,0.023805376422787253,0.0009899586148926264,0.3077086889939078,0.0011184776674342256,2안 (STL)
ELEC_1-7-4,4,block_24h,mstl,0.14008674923362108,0.036467518865536265,0.02410335933855956,0.0008459180095892598,0.3213531311292318,0.0012652492153034656,3안 (MSTL)
ELEC_1-7-4,4,block_24h,seasonal_naive,0.16173514204662132,0.03874457763740169,0.024020214971171423,0.0001350859805769192,0.3048999836011863,0.0014477259677141419,4안 (Seasonal Naive)
ELEC_1-7-4,5,random,baseline,0.12331936965495295,0.028649332700042593,0.02796758636777812,0.0007058909096645731,0.4414227943064775,0.0036798081099749247,기존안 (대치+선형)
ELEC_1-7-4,5,random,pchip,0.12325382730886886,0.02893393774714102,0.02787716623205274,0.0006518622428339013,0.44115190117054126,0.003730538089074087,1안 (PCHIP)
ELEC_1-7-4,5,random,stl,0.1139660167307721,0.037722702705188654,0.024843599104895257,0.0023782040327911774,0.4897703352107568,0.0030496216877985427,2안 (STL)
ELEC_1-7-4,5,random,mstl,0.11205369180047478,0.03930314802930068,0.026899586382391785,0.002064894798153434,0.46255091986327457,0.003062533539156864,3안 (MSTL)
ELEC_1-7-4,5,random,seasonal_naive,0.15947713524990015,0.04683443491121957,0.027375768272909228,0.00027206844843173157,0.4853635207961912,0.007233854581089494,4안 (Seasonal Naive)
ELEC_1-7-4,5,block_6h,baseline,0.04552001836635392,0.03323074975721805,0.02385513010925456,0.00032120812383493045,0.23378378378417958,0.0012279056022022061,기존안 (대치+선형)
ELEC_1-7-4,5,block_6h,pchip,0.045678087153224314,0.03339967626636833,0.023836929593873707,0.0002914535516951506,0.22045684352500336,0.0012497940307762967,1안 (PCHIP)
ELEC_1-7-4,5,block_6h,stl,0.05421885649298892,0.03600886258948332,0.02361388028425192,0.000921538327764605,0.22723544502279816,0.0010288644776680345,2안 (STL)
ELEC_1-7-4,5,block_6h,mstl,0.05342168451333764,0.03650296786856208,0.02389130651656904,0.0007869491455476549,0.22448083467292904,0.0011668746665546292,3안 (MSTL)
ELEC_1-7-4,5,block_6h,seasonal_naive,0.06934214687568818,0.03875833025450418,0.02402941173261701,0.0001375337987138229,0.2300000000000182,0.0013926104847796772,4안 (Seasonal Naive)
ELEC_1-7-4,5,block_24h,baseline,0.20133534101156464,0.03318521677429448,0.02410021400829843,0.0002766722868702779,0.10631282121657354,0.0012312330847549235,기존안 (대치+선형)
ELEC_1-7-4,5,block_24h,pchip,0.20324768399427162,0.03335416097768433,0.024066200194408357,0.00022954335290350727,0.10287912489315133,0.001244852064463342,1안 (PCHIP)
ELEC_1-7-4,5,block_24h,stl,0.15209813763448687,0.03604337394155336,0.02350072814853301,0.0009259354182388803,0.29107665920693004,0.0011041004346676875,2안 (STL)
ELEC_1-7-4,5,block_24h,mstl,0.13556019644944656,0.0364820816619394,0.023747405127397064,0.0008734654939256873,0.2294478832641287,0.0012257017098792344,3안 (MSTL)
ELEC_1-7-4,5,block_24h,seasonal_naive,0.15880072340227924,0.03874669868780058,0.02402323034798288,0.00014062796624984906,0.31559467676119196,0.0014314631931100497,4안 (Seasonal Naive)
ELEC_1-7-4,6,random,baseline,0.036135728286113125,0.029029633126794345,0.02391715372195495,0.0006963519720031862,0.10636069635316742,0.0016598713927866715,기존안 (대치+선형)
ELEC_1-7-4,6,random,pchip,0.03584551292911384,0.029323203866175918,0.023869920020110763,0.0006436690224177566,0.10454325195156451,0.0016245863734429822,1안 (PCHIP)
ELEC_1-7-4,6,random,stl,0.06289448288732628,0.03817888187771761,0.024378780096380673,0.0024647514997265924,0.2257684156529062,0.002212885664097275,2안 (STL)
ELEC_1-7-4,6,random,mstl,0.05582454566805471,0.03973232943733502,0.0245090849370731,0.002026456053152711,0.17347899654559415,0.0021401927800069886,3안 (MSTL)
ELEC_1-7-4,6,random,seasonal_naive,0.08629654855359671,0.04742059061000285,0.02645386170486893,0.00012796304947495935,0.22352244645473343,0.0027886931771300416,4안 (Seasonal Naive)
ELEC_1-7-4,6,block_6h,baseline,0.01955587974065354,0.033240008780188575,0.02386449587926906,0.0003199612754627436,,0.0012325886105301054,기존안 (대치+선형)
ELEC_1-7-4,6,block_6h,pchip,0.020828208123420972,0.033408946376528345,0.023851329195644717,0.0002899575986976034,,0.0012551579814013003,1안 (PCHIP)
ELEC_1-7-4,6,block_6h,stl,0.015080463139224128,0.036009127976077034,0.02361617004680834,0.0009218842126814356,,0.0010236007663945168,2안 (STL)
ELEC_1-7-4,6,block_6h,mstl,0.009146752812492973,0.036504240512788715,0.02389051463142436,0.0007860948527977313,,0.0011561533094631704,3안 (MSTL)
ELEC_1-7-4,6,block_6h,seasonal_naive,0.01870828693392696,0.038763051302166264,0.024030603472186194,0.00013229970113383768,,0.0013762195667845756,4안 (Seasonal Naive)
ELEC_1-7-4,6,block_24h,baseline,0.2306585192236088,0.033220755575360646,0.025524505426472097,0.00023350810745293539,0.11726126718855136,0.0012452612011805142,기존안 (대치+선형)
ELEC_1-7-4,6,block_24h,pchip,0.24517592452684187,0.033389713934142154,0.025999596620841572,0.00022457317409112703,0.13177562247448335,0.0012737092222288027,1안 (PCHIP)
ELEC_1-7-4,6,block_24h,stl,0.08364299351253601,0.036036325086868215,0.02345612526816427,0.0009463382119338108,0.30550922523018625,0.0010134216164403576,2안 (STL)
ELEC_1-7-4,6,block_24h,mstl,0.12613889651052132,0.0365225561691129,0.023835779627638366,0.0008498391945967674,0.16468224696395745,0.0011664834906982557,3안 (MSTL)
ELEC_1-7-4,6,block_24h,seasonal_naive,0.16911123886694096,0.038811698619379525,0.02408479735605708,0.00015102501916221093,0.30149626863361434,0.0013580923705570624,4안 (Seasonal Naive)
ELEC_1-7-4,7,random,baseline,0.03523238120697039,0.029171712714079,0.023779672236707575,0.0006744055852411728,0.10966399640006315,0.0015192727371361459,기존안 (대치+선형)
ELEC_1-7-4,7,random,pchip,0.03500350699636624,0.029457997095670138,0.02372600076222595,0.0006191600583685643,0.10799920537618256,0.0015340456706973704,1안 (PCHIP)
ELEC_1-7-4,7,random,stl,0.06335363768154148,0.038408311859300874,0.02412752421441956,0.0023870585886013812,0.23135113963502407,0.0024917726617929015,2안 (STL)
ELEC_1-7-4,7,random,mstl,0.055817733789253504,0.039852970061837655,0.024357827602639336,0.0019763436773509698,0.1784028692963136,0.001649769450067784,3안 (MSTL)
ELEC_1-7-4,7,random,seasonal_naive,0.11021534581822198,0.04732166071414065,0.02844301202413191,0.00020881628227490377,0.23537055592658185,0.003090509942054176,4안 (Seasonal Naive)
ELEC_1-7-4,7,block_6h,baseline,0.041820436977076825,0.03323506027899639,0.023862073630266458,0.00032125026899392124,0.21891891891919918,0.0012346615953406914,기존안 (대치+선형)
ELEC_1-7-4,7,block_6h,pchip,0.04229687262596611,0.033403986788146676,0.02384798694448439,0.00029283246650962675,0.219976211907317,0.001258671588816207,1안 (PCHIP)
ELEC_1-7-4,7,block_6h,stl,0.04366179577196099,0.036009960730384344,0.02361267138732249,0.000927781539696073,0.21616361689094798,0.0010324628823710214,2안 (STL)
ELEC_1-7-4,7,block_6h,mstl,0.04038429293108572,0.03650024471028501,0.023891389566977693,0.0007874554578079987,0.205596900042623,0.0011607937510254018,3안 (MSTL)
ELEC_1-7-4,7,block_6h,seasonal_naive,0.04203173404308352,0.038759151306271486,0.02402729231755965,0.00012326831707422107,0.21000000000003638,0.0013731883690549784,4안 (Seasonal Naive)
ELEC_1-7-4,7,block_24h,baseline,0.12921553266787972,0.03316534348879497,0.024014240429574122,0.00038479083523915896,0.32472983356374996,0.001345705714861145,기존안 (대치+선형)
ELEC_1-7-4,7,block_24h,pchip,0.1299575361919368,0.03333421127371872,0.024003619450589084,0.0003581537616462276,0.3255669922698158,0.001372301268133258,1안 (PCHIP)
ELEC_1-7-4,7,block_24h,stl,0.12167889321330604,0.03595492747216407,0.023835879437695134,0.0009937054478341013,0.2944600451957795,0.0011098273441391138,2안 (STL)
ELEC_1-7-4,7,block_24h,mstl,0.12452718166041755,0.036457431052584297,0.02407122709417298,0.0008230094627379916,0.3054787080857277,0.0012743259871070833,3안 (MSTL)
ELEC_1-7-4,7,block_24h,seasonal_naive,0.12179787445691631,0.03872343555439332,0.02426348629361112,0.00011472472311614453,0.27465432820183516,0.0014354022096928487,4안 (Seasonal Naive)
ELEC_1-7-4,8,random,baseline,0.1035656046881418,0.02859708448436569,0.028309396831797715,0.0008035925292527961,0.41772269204195606,0.0029066267160410275,기존안 (대치+선형)
ELEC_1-7-4,8,random,pchip,0.10358353148719526,0.028892308266656373,0.028011296898392646,0.0007441995441854685,0.4170059584955659,0.002964910681958144,1안 (PCHIP)
ELEC_1-7-4,8,random,stl,0.11640215753866054,0.03770689208730385,0.025422607215461624,0.0024618373819546083,0.4676701182173249,0.0038664266876069497,2안 (STL)
ELEC_1-7-4,8,random,mstl,0.11147946905658858,0.03926948774018608,0.02735540139721292,0.0021930701316502945,0.4420638226896659,0.003448791721530786,3안 (MSTL)
ELEC_1-7-4,8,random,seasonal_naive,0.131259924301732,0.04679040601019852,0.02599580878284658,0.00026381741993403607,0.47069170476421535,0.004292901340591793,4안 (Seasonal Naive)
ELEC_1-7-4,8,block_6h,baseline,0.01587553633600451,0.033238207644104394,0.023864321265074328,0.0003202212746731167,,0.001229835075969743,기존안 (대치+선형)
ELEC_1-7-4,8,block_6h,pchip,0.017527694977797863,0.03340707333460524,0.02385241037986,0.00029020155800490424,,0.0012526607781047083,1안 (PCHIP)
ELEC_1-7-4,8,block_6h,stl,0.0128382622409913,0.03600376290871895,0.023613820380721465,0.0009261014656550497,,0.0010230568053503086,2안 (STL)
ELEC_1-7-4,8,block_6h,mstl,0.015370788544117671,0.03650207564661492,0.023885566366812282,0.0007849775706117531,,0.0011582128111768952,3안 (MSTL)
ELEC_1-7-4,8,block_6h,seasonal_naive,0.022173557826054745,0.038759972358038616,0.02402277505011953,0.00012741578171696655,,0.001377743020836375,4안 (Seasonal Naive)
ELEC_1-7-4,8,block_24h,baseline,0.11725514554631702,0.03318785121798239,0.02387339762663794,0.00037897825857267215,0.36130745129609826,0.0012981616591435374,기존안 (대치+선형)
ELEC_1-7-4,8,block_24h,pchip,0.11746924013813219,0.03335677843490227,0.023860980847501836,0.0003418765652118855,0.36178564159995663,0.0013223274533521456,1안 (PCHIP)
ELEC_1-7-4,8,block_24h,stl,0.1228329039543358,0.03598028923312754,0.023583269240431998,0.0009402862321791127,0.3647274160667434,0.0010473938742058264,2안 (STL)
ELEC_1-7-4,8,block_24h,mstl,0.12222472004233811,0.036480283947574764,0.02396294026748484,0.0008351823717393224,0.37910469823215925,0.0012005197609410434,3안 (MSTL)
ELEC_1-7-4,8,block_24h,seasonal_naive,0.17332131368582024,0.03876448814275908,0.024040276953342602,0.0001480524948905382,0.37848889832312244,0.0014757387043663472,4안 (Seasonal Naive)
ELEC_1-7-4,9,random,baseline,0.08156106257424828,0.028717828455011838,0.02584001549881907,0.0007081990113548431,0.33086519764449274,0.0025360670921154016,기존안 (대치+선형)
ELEC_1-7-4,9,random,pchip,0.08146107523500255,0.02900458989868139,0.025661017937198043,0.0006480335610980776,0.33012523835566415,0.002570236518918634,1안 (PCHIP)
ELEC_1-7-4,9,random,stl,0.09497826710026952,0.03798639425298017,0.024246097915456514,0.0024132056109121363,0.38416621831277553,0.0028784277073085063,2안 (STL)
ELEC_1-7-4,9,random,mstl,0.09508517085953293,0.03964008431156251,0.026628184228927914,0.002023402788638725,0.35411514785523596,0.003138418537528831,3안 (MSTL)
ELEC_1-7-4,9,random,seasonal_naive,0.14753737667813718,0.047344958058038164,0.03117804307505199,0.00017283177242126223,0.3719128972522027,0.0066172793467172975,4안 (Seasonal Naive)
ELEC_1-7-4,9,block_6h,baseline,0.0104083299974365,0.0332391655378328,0.02385569387123043,0.0003182554258722446,,0.0012289758566624842,기존안 (대치+선형)
ELEC_1-7-4,9,block_6h,pchip,0.0104083299974365,0.033408092046983084,0.023841345503105408,0.00028975486560823757,,0.0012515805673358749,1안 (PCHIP)
ELEC_1-7-4,9,block_6h,stl,0.013143014525981756,0.03600791383818018,0.023610310685661655,0.0009245677212241599,,0.0010261355923091298,2안 (STL)
ELEC_1-7-4,9,block_6h,mstl,0.016472603002684407,0.03650400985777623,0.023888989456087778,0.0007884317314547809,,0.0011593166879652061,3안 (MSTL)
ELEC_1-7-4,9,block_6h,seasonal_naive,0.021984843263785456,0.038759561832155176,0.024024091501184987,0.00012843996158451717,,0.0013792904674733153,4안 (Seasonal Naive)
ELEC_1-7-4,9,block_24h,baseline,0.05339068396362366,0.033182718228830024,0.023783123354600772,0.0003473034659307284,0.1577913683742331,0.0012157319788895782,기존안 (대치+선형)
ELEC_1-7-4,9,block_24h,pchip,0.056464239257190255,0.03335164473798031,0.02376920322315185,0.0003188777689963789,0.17477334401013672,0.0012359765756101426,1안 (PCHIP)
ELEC_1-7-4,9,block_24h,stl,0.054209617181147314,0.035977598154116365,0.02355741922953479,0.0009425757672437847,0.1534727392033535,0.001022566658956503,2안 (STL)
ELEC_1-7-4,9,block_24h,mstl,0.05468131874311279,0.03647524857459477,0.02384824658956252,0.000797750771858167,0.15379764915487554,0.001173120244373549,3안 (MSTL)
ELEC_1-7-4,9,block_24h,seasonal_naive,0.0842779791984745,0.038792403902847584,0.024045094083907512,0.00012138218195730831,0.22754120505971542,0.0014249115219873154,4안 (Seasonal Naive)
ELEC_3-8-1,0,random,baseline,0.033082805714193426,0.02427090984133111,0.037800867017924386,0.0006463946842841646,0.12094156576183414,0.016975766023270222,기존안 (대치+선형)
ELEC_3-8-1,0,random,pchip,0.0332201595382298,0.02452363531968653,0.037332942811273875,0.0005942762248988878,0.12074505649728304,0.018755034854655572,1안 (PCHIP)
ELEC_3-8-1,0,random,stl,0.03514349856843945,0.028222766084387757,0.00842037902076046,0.0011901112727116135,0.13714965449691643,0.0023024343868273123,2안 (STL)
ELEC_3-8-1,0,random,mstl,0.050590659512455186,0.029212107223913118,0.01464667769622592,0.0010030740767704494,0.1285508307235736,0.005754907739570547,3안 (MSTL)
ELEC_3-8-1,0,random,seasonal_naive,0.06317164215477451,0.032969094243114824,0.01091464078001243,0.0001549340011138625,0.13869376458236887,0.005795577640868466,4안 (Seasonal Naive)
ELEC_3-8-1,0,block_6h,baseline,0.05835070526397877,0.02792326421616961,0.036914601981751935,0.0003528689697602855,0.11275478412930791,0.015891134491580194,기존안 (대치+선형)
ELEC_3-8-1,0,block_6h,pchip,0.05964878050471169,0.02809890636700621,0.03650484619904057,0.0003294380514495334,0.10801073547186461,0.01771840950546477,1안 (PCHIP)
ELEC_3-8-1,0,block_6h,stl,0.05878074844246521,0.029498150278222956,0.00834180126743683,0.0004834693418884603,0.12119217873016928,0.0011239997976696392,2안 (STL)
ELEC_3-8-1,0,block_6h,mstl,0.05684616742113384,0.02975818777118115,0.014528796138723902,0.0004115180402011906,0.11263471196462992,0.0030327046311904304,3안 (MSTL)
ELEC_3-8-1,0,block_6h,seasonal_naive,0.06032320356947895,0.031247348687063775,0.00862659748364742,0.00013158427624157724,0.11932099563773493,0.002285365190760169,4안 (Seasonal Naive)
ELEC_3-8-1,0,block_24h,baseline,0.037671574291167575,0.027883856562551497,0.036923455523052526,0.00036194325147732436,0.12766380305757974,0.01583369017184111,기존안 (대치+선형)
ELEC_3-8-1,0,block_24h,pchip,0.03751828253575139,0.028059500128927266,0.03651220252829513,0.0003340851532540244,0.1272854548126881,0.017668613465354865,1안 (PCHIP)
ELEC_3-8-1,0,block_24h,stl,0.0375056508842303,0.029459131255359507,0.008338307980254483,0.0004958058698190027,0.12695996151071057,0.0011081369824283982,2안 (STL)
ELEC_3-8-1,0,block_24h,mstl,0.03805999674445868,0.029728070409529423,0.014533416753221402,0.0004154222556896166,0.12341818065583601,0.00296379025095439,3안 (MSTL)
ELEC_3-8-1,0,block_24h,seasonal_naive,0.04430795012685503,0.031244064479994456,0.008632161085166042,0.00014277087695174946,0.11445523142256338,0.0022567647720317385,4안 (Seasonal Naive)
ELEC_3-8-1,1,random,baseline,0.03421954267730133,0.024182595478265918,0.03783921300735421,0.000678111125639701,0.12219809263990229,0.018205809535077333,기존안 (대치+선형)
ELEC_3-8-1,1,random,pchip,0.0343694161077006,0.024422644517876454,0.03738992337386174,0.0006230697028948506,0.12183408243206081,0.02015574173356316,1안 (PCHIP)
ELEC_3-8-1,1,random,stl,0.03608441718568025,0.028194021515479187,0.008393126964234986,0.0012128509463851045,0.13720078742219208,0.0029165336151905086,2안 (STL)
ELEC_3-8-1,1,random,mstl,0.041412374810155264,0.029072355016027302,0.014408714515039242,0.0009936377971408131,0.12908307479505438,0.005313116168450427,3안 (MSTL)
ELEC_3-8-1,1,random,seasonal_naive,0.04458646597378426,0.03281908124313023,0.009161278525436866,0.0001571159074769803,0.13772800684127318,0.004557752326506903,4안 (Seasonal Naive)
ELEC_3-8-1,1,block_6h,baseline,0.026606708564071043,0.027932295785609997,0.03691694962847741,0.0003481717395386848,0.10153846153882393,0.015877843683070658,기존안 (대치+선형)
ELEC_3-8-1,1,block_6h,pchip,0.02941838241965613,0.0281079379364466,0.03650630860113873,0.0003243296699086441,0.10405119907147302,0.017708275311938304,1안 (PCHIP)
ELEC_3-8-1,1,block_6h,stl,0.02962588840644245,0.02950862086482792,0.008333305958071488,0.0004771011572362039,0.10548112233818359,0.0010964879118661175,2안 (STL)
ELEC_3-8-1,1,block_6h,mstl,0.02481822523805258,0.02976238465838315,0.014533944720259127,0.00040353583709867185,0.07670831446680854,0.002994450424148032,3안 (MSTL)
ELEC_3-8-1,1,block_6h,seasonal_naive,0.04804511768470964,0.03126541182594456,0.008621753590838615,0.00014554186978824334,0.11000000000058209,0.0022477341406050844,4안 (Seasonal Naive)
ELEC_3-8-1,1,block_24h,baseline,0.02502278655033098,0.02791382636766495,0.0369179387863848,0.00035443142405781934,0.08572089210709449,0.01584695832151317,기존안 (대치+선형)
ELEC_3-8-1,1,block_24h,pchip,0.024681965856041325,0.028089470641810305,0.036507707663258164,0.0003285344040307434,0.08434866528183406,0.017681617939983685,1안 (PCHIP)
ELEC_3-8-1,1,block_24h,stl,0.022145509509714757,0.02949279992805192,0.008328231466055677,0.0004730640800724176,0.08524749274640792,0.0011367885551357704,2안 (STL)
ELEC_3-8-1,1,block_24h,mstl,0.03358420518149707,0.029768903901358654,0.0145234502865636,0.00041315852031008034,0.09062929954471616,0.003031695864714301,3안 (MSTL)
ELEC_3-8-1,1,block_24h,seasonal_naive,0.0304480431774074,0.031264590774177224,0.008629685700301138,0.00014728656898154973,0.0997496867162905,0.002315402288149304,4안 (Seasonal Naive)
ELEC_3-8-1,2,random,baseline,0.05057828811159779,0.024364774540884256,0.048045467947307866,0.0007037618744050271,0.07449470061639377,0.023326822041962014,기존안 (대치+선형)
ELEC_3-8-1,2,random,pchip,0.03709146458472878,0.024595605220017185,0.04715560492112537,0.0006576557589528986,0.0741711532007561,0.026189241961987353,1안 (PCHIP)
ELEC_3-8-1,2,random,stl,0.027321913383129563,0.028428044126773633,0.008456171144684102,0.0011337645728029982,0.10256769529489902,0.0023104471770519774,2안 (STL)
ELEC_3-8-1,2,random,mstl,0.04159895087056081,0.029402430032489983,0.017181290657882004,0.000976148935217868,0.08955417829045885,0.004835838857109476,3안 (MSTL)
ELEC_3-8-1,2,random,seasonal_naive,0.03671338841999258,0.03294442847960458,0.009110085194298992,0.00014787108962848052,0.10146115610016675,0.0037510447944935077,4안 (Seasonal Naive)
ELEC_3-8-1,2,block_6h,baseline,0.010230085759845568,0.027939890514457638,0.036916047741654585,0.00034643074762170283,,0.015865016565260293,기존안 (대치+선형)
ELEC_3-8-1,2,block_6h,pchip,0.011183515323757234,0.028115532665294242,0.03650548898937411,0.0003235558681752232,,0.017696345932701862,1안 (PCHIP)
ELEC_3-8-1,2,block_6h,stl,0.011715044371992249,0.02951048590521371,0.008336104761483769,0.0004748460739358252,,0.0011043176170091318,2안 (STL)
ELEC_3-8-1,2,block_6h,mstl,0.011934716092217374,0.029768091598482555,0.014534221323024028,0.0004021959470276294,,0.003001045333199892,3안 (MSTL)
ELEC_3-8-1,2,block_6h,seasonal_naive,0.014907119850095176,0.031258843411806035,0.008616772346393513,0.00014194984203725583,,0.002260629825948768,4안 (Seasonal Naive)
ELEC_3-8-1,2,block_24h,baseline,0.019381603435325048,0.027913207747626463,0.03691694719101045,0.0003545042312833071,0.06635107624649159,0.015712759451621205,기존안 (대치+선형)
ELEC_3-8-1,2,block_24h,pchip,0.019263450402961204,0.028088850606232653,0.036506461029253534,0.00032767203050839777,0.06607148637123188,0.017556817410246506,1안 (PCHIP)
ELEC_3-8-1,2,block_24h,stl,0.018424975244146612,0.029492195312103748,0.008331464593931127,0.0004828567724789304,0.06532369826146331,0.001122003277796657,2안 (STL)
ELEC_3-8-1,2,block_24h,mstl,0.03193314936082844,0.029766042347188083,0.014526534682621781,0.00040461827580941717,0.06591195615194212,0.0029669812194289547,3안 (MSTL)
ELEC_3-8-1,2,block_24h,seasonal_naive,0.019808107206674107,0.03123646975114671,0.008610688650880067,0.00013692100318593283,0.06429100507328954,0.0022620097974328512,4안 (Seasonal Naive)
ELEC_3-8-1,3,random,baseline,0.02626929538066338,0.02418804200762265,0.03748216749086506,0.0006712340839033266,0.0778284963414143,0.016805317124155228,기존안 (대치+선형)
ELEC_3-8-1,3,random,pchip,0.026580771803147753,0.024444308598073578,0.03705573686270088,0.0006186043212401181,0.07790938450931068,0.018752562215787805,1안 (PCHIP)
ELEC_3-8-1,3,random,stl,0.029380939155402897,0.028199939313278116,0.008258837606084785,0.0012131107396239412,0.10367942004074757,0.00254083259763771,2안 (STL)
ELEC_3-8-1,3,random,mstl,0.037309562897881135,0.029138858049239647,0.014661368923980187,0.0010226073296562676,0.09753155446973757,0.004457154722802059,3안 (MSTL)
ELEC_3-8-1,3,random,seasonal_naive,0.05918724883583226,0.0329097732529282,0.010680856333330253,0.00011732330249877058,0.10780852562328647,0.006485632104194505,4안 (Seasonal Naive)
ELEC_3-8-1,3,block_6h,baseline,0.0367045259092362,0.027932295785610035,0.03691571720313839,0.00034933487233417617,0.14317821063276823,0.015909551973927072,기존안 (대치+선형)
ELEC_3-8-1,3,block_6h,pchip,0.0367045259092362,0.028107937936446642,0.036505016622618215,0.0003248419693933163,0.14317821063276823,0.017748051523442387,1안 (PCHIP)
ELEC_3-8-1,3,block_6h,stl,0.0333046444236409,0.029505146297325067,0.0083285645036594,0.0004780805557504278,0.12193014004607197,0.0011038098167401866,2안 (STL)
ELEC_3-8-1,3,block_6h,mstl,0.029439626434926515,0.029763556772036775,0.014530345990682505,0.00040688867493125585,0.10666387447263097,0.003006923330202027,3안 (MSTL)
ELEC_3-8-1,3,block_6h,seasonal_naive,0.029533408577774627,0.031259527621612146,0.008614813106661396,0.00014133406585138398,0.07905694150413754,0.0022625458024331246,4안 (Seasonal Naive)
ELEC_3-8-1,3,block_24h,baseline,0.019057661043383207,0.027922853690285916,0.03691880813890383,0.0003517717541705436,0.0651920240520239,0.015869236847655177,기존안 (대치+선형)
ELEC_3-8-1,3,block_24h,pchip,0.019057661043383207,0.028098495841122516,0.03650886205987145,0.0003247466927584809,0.0651920240520239,0.017706213057583242,1안 (PCHIP)
ELEC_3-8-1,3,block_24h,stl,0.015282438170816502,0.029500481878133315,0.008340273184547576,0.0004790525139658047,0.06386201979593333,0.0011163009211666575,2안 (STL)
ELEC_3-8-1,3,block_24h,mstl,0.018088604241892896,0.029766939661997303,0.014535337864543831,0.0004082897770898378,0.06547668837022295,0.0030284996204790193,3안 (MSTL)
ELEC_3-8-1,3,block_24h,seasonal_naive,0.025454207248836947,0.031273417080675874,0.008621571970854428,0.00014851812135334338,0.0699999999999932,0.0022666539247818696,4안 (Seasonal Naive)
ELEC_3-8-1,4,random,baseline,0.025467896615905507,0.02420422861965509,0.037538551569947544,0.0006592032375129843,0.0790762001492421,0.015553092479777542,기존안 (대치+선형)
ELEC_3-8-1,4,random,pchip,0.025741968181144534,0.024457395695440486,0.03709150142148025,0.0006097956327654193,0.07885635059581875,0.017376097449523953,1안 (PCHIP)
ELEC_3-8-1,4,random,stl,0.02858357521977154,0.028265193910236595,0.008440287344560165,0.001167846188042391,0.10590117301415075,0.0021990867447293505,2안 (STL)
ELEC_3-8-1,4,random,mstl,0.030847282345710787,0.029095014908966103,0.014268985087089948,0.0009640839095378884,0.10149596793204466,0.004405047075788371,3안 (MSTL)
ELEC_3-8-1,4,random,seasonal_naive,0.04385139121180162,0.03285791014962456,0.009431123640269651,0.00014107765557902336,0.10531630700063556,0.003880421614267604,4안 (Seasonal Naive)
ELEC_3-8-1,4,block_6h,baseline,0.016834738144881737,0.02793947998857389,0.03691499744422392,0.00034785183179041133,0.047863407428068376,0.015883669941006873,기존안 (대치+선형)
ELEC_3-8-1,4,block_6h,pchip,0.018623637186369158,0.028115122139410493,0.03650516599573471,0.00032404792159709415,0.05155378308125827,0.017726356285111877,1안 (PCHIP)
ELEC_3-8-1,4,block_6h,stl,0.0166604032539495,0.02950902621916056,0.008331844009035647,0.00047588788777441933,0.04707001290565183,0.00110172482675297,2안 (STL)
ELEC_3-8-1,4,block_6h,mstl,0.01983255075851418,0.029768720485109756,0.014528115067738104,0.00040510274158097356,0.05057393101247053,0.0029953389224386395,3안 (MSTL)
ELEC_3-8-1,4,block_6h,seasonal_naive,0.02783882181417698,0.0312625381447588,0.008610550910479993,0.00014492609360235246,0.05099019513605983,0.002256238156061685,4안 (Seasonal Naive)
ELEC_3-8-1,4,block_24h,baseline,0.028903575326708713,0.027914027383787295,0.03691914333547509,0.00035416593321512175,0.0902773504263214,0.015857397526577333,기존안 (대치+선형)
ELEC_3-8-1,4,block_24h,pchip,0.028903575326708713,0.028089669534623895,0.036508749808633036,0.00032546111177766626,0.0902773504263214,0.017695957274850294,1안 (PCHIP)
ELEC_3-8-1,4,block_24h,stl,0.02398314824862172,0.02949390696621802,0.0083308063961452,0.0004707681540432854,0.08755595432135228,0.0011365867213294356,2안 (STL)
ELEC_3-8-1,4,block_24h,mstl,0.034742996198537685,0.02976884374816426,0.014524321992709933,0.0004145723759693279,0.09251002455396819,0.003033133201029825,3안 (MSTL)
ELEC_3-8-1,4,block_24h,seasonal_naive,0.030459444804160636,0.03126418024829357,0.008629687014938348,0.00014718393961723602,0.0997496867162905,0.0023142512330797116,4안 (Seasonal Naive)
ELEC_3-8-1,5,random,baseline,0.024936336670516073,0.024329397880129097,0.037486263896306056,0.0006445974859677252,0.074628181605895,0.016684649812781505,기존안 (대치+선형)
ELEC_3-8-1,5,random,pchip,0.02521904654903907,0.02457251417250504,0.03705682436455804,0.0005931677675368882,0.07401826238220736,0.018694454531124616,1안 (PCHIP)
ELEC_3-8-1,5,random,stl,0.02705609349002406,0.028287890053002394,0.008453283242877334,0.0011580607234151906,0.09843724760151909,0.0021045772890163628,2안 (STL)
ELEC_3-8-1,5,random,mstl,0.03699682331106542,0.029315881002484064,0.01426658647201989,0.0009429394393289611,0.0868076467892986,0.00296847376091558,3안 (MSTL)
ELEC_3-8-1,5,random,seasonal_naive,0.03864217012372794,0.03284723647665097,0.009233898727195225,0.00018650000343932845,0.10084774635528512,0.0036876142506413467,4안 (Seasonal Naive)
ELEC_3-8-1,5,block_6h,baseline,0.028543207856214496,0.027937621526803375,0.03691579407214996,0.00034815340167196015,0.06817698147849366,0.015889796880429907,기존안 (대치+선형)
ELEC_3-8-1,5,block_6h,pchip,0.029934916741321187,0.02811327330414343,0.03650562536319012,0.0003241956784971696,0.07147651908714174,0.017732244973924227,1안 (PCHIP)
ELEC_3-8-1,5,block_6h,stl,0.021049977448297303,0.029510288619008413,0.008328997018183267,0.00047626953925129095,0.04369343360955072,0.001097870368661713,2안 (STL)
ELEC_3-8-1,5,block_6h,mstl,0.01822072897411354,0.029768942382081446,0.014530401081261345,0.0004031255535792889,0.039281885973042205,0.002995498003478425,3안 (MSTL)
ELEC_3-8-1,5,block_6h,seasonal_naive,0.027131367660190392,0.03126233288181711,0.008619316360877195,0.00014389979995920777,0.04242640687083265,0.0022766112511046765,4안 (Seasonal Naive)
ELEC_3-8-1,5,block_24h,baseline,0.02086664004258183,0.027922237901460426,0.03691890696609451,0.00035259278908507727,0.07852812659592542,0.015881455365210684,기존안 (대치+선형)
ELEC_3-8-1,5,block_24h,pchip,0.02086664004258183,0.028097880052297033,0.036508935597692305,0.00032556076875088415,0.07852812659592542,0.01771848473465254,1안 (PCHIP)
ELEC_3-8-1,5,block_24h,stl,0.017233107298131052,0.029499145520325905,0.008342582703375867,0.0004808091841190892,0.07594691358109346,0.0011135551794371201,2안 (STL)
ELEC_3-8-1,5,block_24h,mstl,0.019509589328018745,0.029765319208368245,0.014535803623926915,0.0004087115050710246,0.07523114230187475,0.0030297273093988775,3안 (MSTL)
ELEC_3-8-1,5,block_24h,seasonal_naive,0.0241091269024842,0.03127054339949028,0.008626211408591896,0.00014543924042393171,0.06683312551922155,0.0022501008359110397,4안 (Seasonal Naive)
ELEC_3-8-1,6,random,baseline,0.03425334077931721,0.024188023624182407,0.038318716023580585,0.0006817080701423551,0.0817300962211638,0.017063032767752673,기존안 (대치+선형)
ELEC_3-8-1,6,random,pchip,0.034500936832625825,0.024438393532292033,0.037897115279331324,0.0006294272705030147,0.08141075798965068,0.01882878162551227,1안 (PCHIP)
ELEC_3-8-1,6,random,stl,0.03553062641752386,0.02820052763707282,0.008528754112131796,0.0011749185225278852,0.10295790112360084,0.0027945676771374828,2안 (STL)
ELEC_3-8-1,6,random,mstl,0.03847563326687103,0.02914439875372517,0.014533657820109248,0.0009817298785248663,0.09264086537482176,0.0037982992816223415,3안 (MSTL)
ELEC_3-8-1,6,random,seasonal_naive,0.03826803419903368,0.032736326067082266,0.009356845675592985,0.00017371951505740877,0.10434215306667725,0.00398020312990921,4안 (Seasonal Naive)
ELEC_3-8-1,6,block_6h,baseline,0.019949805520527438,0.02793970104097278,0.036915634514140136,0.00034861120373966937,0.05280588545321143,0.015896084421500922,기존안 (대치+선형)
ELEC_3-8-1,6,block_6h,pchip,0.019102725364151512,0.02811530546736037,0.0365055407362728,0.00032421505128082907,0.05012633559795507,0.01774468163918108,1안 (PCHIP)
ELEC_3-8-1,6,block_6h,stl,0.019041850564356415,0.029508817715626114,0.008332437212119344,0.00047783510100340586,0.0499841558043964,0.0011000589290132146,2안 (STL)
ELEC_3-8-1,6,block_6h,mstl,0.021340906882440665,0.029768196951393926,0.014527451919817719,0.0004046894749349798,0.05186092402156019,0.0029971298220941023,3안 (MSTL)
ELEC_3-8-1,6,block_6h,seasonal_naive,0.026404965862965337,0.03125986972651503,0.00861032518301693,0.0001436945412305847,0.05099019513605983,0.002246931152844467,4안 (Seasonal Naive)
ELEC_3-8-1,6,block_24h,baseline,0.018287090026094074,0.027922993324940224,0.0369199895420453,0.0003521444407505874,0.06591836734693568,0.01588683853891526,기존안 (대치+선형)
ELEC_3-8-1,6,block_24h,pchip,0.01877252126721252,0.02809860646273404,0.03651036426952173,0.00032627244375683137,0.06784103562128266,0.017729995980717783,1안 (PCHIP)
ELEC_3-8-1,6,block_24h,stl,0.014188970263440792,0.02950066530513868,0.008340815001330026,0.000478448730928598,0.06559610554025723,0.0011099439131728728,2안 (STL)
ELEC_3-8-1,6,block_24h,mstl,0.016779179291356174,0.029765793623450616,0.014537233644550798,0.00040689850995900514,0.0720655436270673,0.003025441852514965,3안 (MSTL)
ELEC_3-8-1,6,block_24h,seasonal_naive,0.024790791301074342,0.03127177497714125,0.008618638687870201,0.00015067333800393063,0.0699999999999932,0.002272210295890975,4안 (Seasonal Naive)
ELEC_3-8-1,7,random,baseline,0.057149006942204636,0.023817074064780227,0.03935255230561404,0.0006276375296287576,0.226537020922172,0.01811708150614899,기존안 (대치+선형)
ELEC_3-8-1,7,random,pchip,0.057227304750985586,0.024073864395284746,0.03881729132884144,0.0005743590770307739,0.2263314960665393,0.020081385072907354,1안 (PCHIP)
ELEC_3-8-1,7,random,stl,0.05891271083665256,0.027924617481920176,0.008558090398634605,0.0012934074110505425,0.23782565656543564,0.005075572878617485,2안 (STL)
ELEC_3-8-1,7,random,mstl,0.07579434944032341,0.028891117832851528,0.02702674029456986,0.0010483581599024495,0.2546775163055913,0.010030653017813584,3안 (MSTL)
ELEC_3-8-1,7,random,seasonal_naive,0.18793423563032982,0.033170696662481715,0.03694191299799226,0.00021491382361592368,0.7778235166648786,0.02481676021011514,4안 (Seasonal Naive)
ELEC_3-8-1,7,block_6h,baseline,0.02189073329535712,0.02793804314798121,0.03691764554012549,0.00034689098149377263,0.09054054054088222,0.01585281990496845,기존안 (대치+선형)
ELEC_3-8-1,7,block_6h,pchip,0.03052864386149535,0.02811368529881781,0.036508334704130105,0.0003241341709698788,0.09888011352265061,0.017702599316860246,1안 (PCHIP)
ELEC_3-8-1,7,block_6h,stl,0.01695440842884388,0.029510077862749683,0.008334658046698943,0.00047702932632964686,0.07177008359497454,0.0010989824532303683,2안 (STL)
ELEC_3-8-1,7,block_6h,mstl,0.017939855343670385,0.029771047376901286,0.014533374248386032,0.0004040245870396893,0.07303641661054672,0.0029860995125564616,3안 (MSTL)
ELEC_3-8-1,7,block_6h,seasonal_naive,0.03045944480417554,0.031263359196526244,0.008617501129360895,0.0001436945412305795,0.07000000000016371,0.0022311864531783243,4안 (Seasonal Naive)
ELEC_3-8-1,7,block_24h,baseline,0.025303710751154684,0.02791546422438009,0.0369183946408644,0.00035390359858791494,0.07884584115010239,0.015711033771906746,기존안 (대치+선형)
ELEC_3-8-1,7,block_24h,pchip,0.02530371075115972,0.028091106375216696,0.03650771233119025,0.0003259749059668202,0.07884584115010952,0.01755574242433977,1안 (PCHIP)
ELEC_3-8-1,7,block_24h,stl,0.02370460000195953,0.02949564292792663,0.008329841879789635,0.000491556700595144,0.07597455536579384,0.0011207553081561406,2안 (STL)
ELEC_3-8-1,7,block_24h,mstl,0.03354747554649858,0.029769520228285346,0.014527377796291414,0.00039683327331186617,0.06873482075233538,0.002964501137297959,3안 (MSTL)
ELEC_3-8-1,7,block_24h,seasonal_naive,0.021083722597913246,0.03123688494209723,0.00860824377538229,0.0001311197093419871,0.07024718997741664,0.002279858539199542,4안 (Seasonal Naive)
ELEC_3-8-1,8,random,baseline,0.025271311679346466,0.024250888019898626,0.03747956313578264,0.0006790374730135351,0.07669187924035424,0.01803237773759958,기존안 (대치+선형)
ELEC_3-8-1,8,random,pchip,0.025539187169405873,0.024499576909283234,0.03705721165909418,0.0006248052661529131,0.07635957265976229,0.02005333394267461,1안 (PCHIP)
ELEC_3-8-1,8,random,stl,0.02899175925442912,0.028286641541581097,0.008418995085352812,0.0011926200973130978,0.10626917725529947,0.002086225269365194,2안 (STL)
ELEC_3-8-1,8,random,mstl,0.04824638929556146,0.02929766021254531,0.014528586914848282,0.0010476363052992843,0.09253497547374502,0.007768640223502099,3안 (MSTL)
ELEC_3-8-1,8,random,seasonal_naive,0.03843521170574118,0.03271378135396968,0.009074317933411385,0.00014470922063362595,0.10502494270037292,0.003927545098757923,4안 (Seasonal Naive)
ELEC_3-8-1,8,block_6h,baseline,0.040395938308591076,0.027936217972093093,0.03691531952549252,0.0003493820263665298,0.15953777279877115,0.015892440496288573,기존안 (대치+선형)
ELEC_3-8-1,8,block_6h,pchip,0.03969615441677136,0.028111871210119183,0.03650465444800451,0.0003260514454280829,0.1557343721843224,0.017730078013533324,1안 (PCHIP)
ELEC_3-8-1,8,block_6h,stl,0.038175919255686724,0.029506107508674852,0.00833659073588283,0.00047852884157264733,0.15223084460125777,0.0011092013844490323,2안 (STL)
ELEC_3-8-1,8,block_6h,mstl,0.03939587842367134,0.02976705102603404,0.014530077741402227,0.000407171693843046,0.14779289831734563,0.0030166536628766227,3안 (MSTL)
ELEC_3-8-1,8,block_6h,seasonal_naive,0.03593976442140804,0.031255353941794954,0.008616678732210208,0.00013958936665803154,0.1414213562372935,0.0022776037931807602,4안 (Seasonal Naive)
ELEC_3-8-1,8,block_24h,baseline,0.02044863202573665,0.0279220326385186,0.03692015275456768,0.00035524160512729534,0.06988499130365175,0.015867404311751154,기존안 (대치+선형)
ELEC_3-8-1,8,block_24h,pchip,0.02061254706014638,0.028097674789355206,0.036510434333469136,0.0003278035631450859,0.07076978710546637,0.017701733964646027,1안 (PCHIP)
ELEC_3-8-1,8,block_24h,stl,0.01588641471419557,0.02949951402976825,0.00834579420510647,0.0004833219495989979,0.06627756787616526,0.0011107154704365074,2안 (STL)
ELEC_3-8-1,8,block_24h,mstl,0.018206820404945756,0.029766406689569005,0.014537160636359061,0.0004066931144085374,0.06689315003103909,0.0030279895963361003,3안 (MSTL)
ELEC_3-8-1,8,block_24h,seasonal_naive,0.025413251136629296,0.03127218550302491,0.008623889409375826,0.0001475944570745199,0.0699999999999932,0.002263139653004953,4안 (Seasonal Naive)
ELEC_3-8-1,9,random,baseline,0.02495719611643977,0.024279523953931795,0.037524991156528645,0.0006345320236329172,0.07614169499064964,0.016465874010900716,기존안 (대치+선형)
ELEC_3-8-1,9,random,pchip,0.025257131750334026,0.02452640848915862,0.03708963474123769,0.0005894067171609387,0.07598731171231247,0.018272102527492784,1안 (PCHIP)
ELEC_3-8-1,9,random,stl,0.02777567824991942,0.028324094477579012,0.008436681921550632,0.0011292358870313528,0.10379564689593844,0.0022128078175258636,2안 (STL)
ELEC_3-8-1,9,random,mstl,0.03765019410446804,0.029252898952321645,0.01439074644692797,0.0009737899174682223,0.09043935779534533,0.005307402587982568,3안 (MSTL)
ELEC_3-8-1,9,random,seasonal_naive,0.037228397810738896,0.03269520505773585,0.009002373382819583,0.00015006579779855046,0.10431916245026847,0.0037035151308028036,4안 (Seasonal Naive)
ELEC_3-8-1,9,block_6h,baseline,0.02680986327396853,0.027937887813863044,0.03691948003709178,0.00034539174355170904,,0.015880842935463657,기존안 (대치+선형)
ELEC_3-8-1,9,block_6h,pchip,0.028559442413322696,0.028113554910875974,0.036508832076795505,0.0003218824492892033,,0.017713489295258844,1안 (PCHIP)
ELEC_3-8-1,9,block_6h,stl,0.016834620069045587,0.029511350627072302,0.008335292046187673,0.00047430661760512294,,0.0011149079712332588,2안 (STL)
ELEC_3-8-1,9,block_6h,mstl,0.013822243937030968,0.029769376487248853,0.01453549122592672,0.00040382807735136344,,0.0030068944490898586,3안 (MSTL)
ELEC_3-8-1,9,block_6h,seasonal_naive,0.023006976934277026,0.03126116972514679,0.008617596792087779,0.00014307876504469376,,0.0022780330557568007,4안 (Seasonal Naive)
ELEC_3-8-1,9,block_24h,baseline,0.019982032158800383,0.027920393366196953,0.036918993693048345,0.00035204434883292395,0.05929173725752838,0.015824406246159883,기존안 (대치+선형)
ELEC_3-8-1,9,block_24h,pchip,0.020806867657790364,0.02809603693257273,0.03650907365797234,0.00032649512049038785,0.05896910947842178,0.01765527739854722,1안 (PCHIP)
ELEC_3-8-1,9,block_24h,stl,0.014738380835551854,0.02949949442830066,0.008336082960601851,0.00047765007469257486,0.04747383611631394,0.00110610473450512,2안 (STL)
ELEC_3-8-1,9,block_24h,mstl,0.01666184846915841,0.0297651664661857,0.014533576376993073,0.0004083827411977493,0.04824008074534711,0.0029839744412196723,3안 (MSTL)
ELEC_3-8-1,9,block_24h,seasonal_naive,0.028050054466179558,0.03127588023597779,0.008624137262673403,0.0001453366110596517,0.07280109889279364,0.002223075519416695,4안 (Seasonal Naive)
